week,game,method,coal,size,excess,viol
0,hindsight,Dual (Theorem 3),012,3,-0.23374237859788582,False
0,hindsight,Dual (Theorem 3),013,3,-0.07943484222980235,False
0,hindsight,Dual (Theorem 3),023,3,-0.1510652895288782,False
0,hindsight,Dual (Theorem 3),123,3,-0.12946733689445455,False
0,hindsight,Dual (Theorem 3),01,2,-0.588230062664412,False
0,hindsight,Dual (Theorem 3),02,2,-0.07579652472442566,False
0,hindsight,Dual (Theorem 3),03,2,-0.028024771385448677,False
0,hindsight,Dual (Theorem 3),12,2,-0.0575544307075444,False
0,hindsight,Dual (Theorem 3),13,2,-0.018798453906154755,False
0,hindsight,Dual (Theorem 3),23,2,-0.6104012586206986,False
0,hindsight,Dual (Theorem 3),0,1,-0.2792260335189325,False
0,hindsight,Dual (Theorem 3),1,1,-0.3328214403603903,False
0,hindsight,Dual (Theorem 3),2,1,-0.971877607447925,False
0,hindsight,Dual (Theorem 3),3,1,-0.2192896330134646,False
0,hindsight,Location-based,012,3,0.08905705089791427,True
0,hindsight,Location-based,013,3,0.2510359663541184,True
0,hindsight,Location-based,023,3,-0.5151326619369154,False
0,hindsight,Location-based,123,3,-0.4186702025661395,False
0,hindsight,Location-based,01,2,0.0650401754153096,True
0,hindsight,Location-based,02,2,-0.11706446763666278,False
0,hindsight,Location-based,03,2,-0.06162133520956514,False
0,hindsight,Location-based,12,2,-0.023957866883428824,False
0,hindsight,Location-based,13,2,0.022469489006081922,True
0,hindsight,Location-based,23,2,-1.2636714967004208,False
0,hindsight,Location-based,0,1,0.009976832152751691,True
0,hindsight,Location-based,1,1,0.03124593204764725,True
0,hindsight,Location-based,2,1,-1.3023484160318466,False
0,hindsight,Location-based,3,1,-0.5420890625092656,False
0,hindsight,Work-proportional,012,3,0.300164342256644,True
0,hindsight,Work-proportional,013,3,0.2643275381981658,True
0,hindsight,Work-proportional,023,3,-0.6892767771561719,False
0,hindsight,Work-proportional,123,3,-0.468924950549666,False
0,hindsight,Work-proportional,01,2,0.28943903861808895,True
0,hindsight,Work-proportional,02,2,-0.08010129149718725,False
0,hindsight,Work-proportional,03,2,-0.22247387858477152,False
0,hindsight,Work-proportional,12,2,0.13689467649177578,True
0,hindsight,Work-proportional,13,2,-0.014493687133395383,False
0,hindsight,Work-proportional,23,2,-1.488070359903202,False
0,hindsight,Work-proportional,0,1,0.06023158013627683,True
0,hindsight,Work-proportional,1,1,0.20539004726690147,True
0,hindsight,Work-proportional,2,1,-1.3156399878758962,False
0,hindsight,Work-proportional,3,1,-0.7531963538679971,False
0,online,Dual (Theorem 3),012,3,-0.25062160927965405,False
0,online,Dual (Theorem 3),013,3,-0.08150037081102912,False
0,online,Dual (Theorem 3),023,3,-0.18489302247367867,False
0,online,Dual (Theorem 3),123,3,-0.14005986484218447,False
0,online,Dual (Theorem 3),01,2,-0.5831976318860896,False
0,online,Dual (Theorem 3),02,2,-0.16630726993847222,False
0,online,Dual (Theorem 3),03,2,-0.04690339480760297,False
0,online,Dual (Theorem 3),12,2,-0.12853927372596052,False
0,online,Dual (Theorem 3),13,2,-0.029648874351356547,False
0,online,Dual (Theorem 3),23,2,-0.6676868188070291,False
0,online,Dual (Theorem 3),0,1,-0.27790448644526755,False
0,online,Dual (Theorem 3),1,1,-0.3295293065396867,False
0,online,Dual (Theorem 3),2,1,-1.00938421007488,False
0,online,Dual (Theorem 3),3,1,-0.2091349951082937,False
0,online,Location-based,012,3,0.046309393162452306,True
0,online,Location-based,013,3,0.22270697419348373,True
0,online,Location-based,023,3,-0.5124936965679723,False
0,online,Location-based,123,3,-0.41359753819451495,False
0,online,Location-based,01,2,0.017940715560530895,True
0,online,Location-based,02,2,-0.1969769415906577,False
0,online,Location-based,03,2,-0.0702967238973824,False
0,online,Location-based,12,2,-0.10514594463618288,False
0,online,Location-based,13,2,0.0010207973008267146,True
0,online,Location-based,23,2,-1.2688251662536514,False
0,online,Location-based,0,1,-0.004366813092939181,False
0,online,Location-based,1,1,-0.0019286324453946513,False
0,online,Location-based,2,1,-1.3135915550793942,False
0,online,Location-based,3,1,-0.5060659975504018,False
0,online,Work-proportional,012,3,0.2832851115748758,True
0,online,Work-proportional,013,3,0.2622620096169399,True
0,online,Work-proportional,023,3,-0.7231045101009732,False
0,online,Work-proportional,123,3,-0.4795174784973968,False
0,online,Work-proportional,01,2,0.29447146939641144,True
0,online,Work-proportional,02,2,-0.17061203671123426,False
0,online,Work-proportional,03,2,-0.24135250200692582,False
0,online,Work-proportional,12,2,0.06590983347335966,True
0,online,Work-proportional,13,2,-0.025344107578597175,False
0,online,Work-proportional,23,2,-1.5453559200895333,False
0,online,Work-proportional,0,1,0.06155312720994166,True
0,online,Work-proportional,1,1,0.20868218108760517,True
0,online,Work-proportional,2,1,-1.3531465905028515,False
0,online,Work-proportional,3,1,-0.7430417159628262,False
1,hindsight,Dual (Theorem 3),012,3,-0.6240240762056297,False
1,hindsight,Dual (Theorem 3),013,3,-0.2262880305942243,False
1,hindsight,Dual (Theorem 3),023,3,-0.4480350011408678,False
1,hindsight,Dual (Theorem 3),123,3,-0.4446894427239876,False
1,hindsight,Dual (Theorem 3),01,2,-1.6221431907615111,False
1,hindsight,Dual (Theorem 3),02,2,-0.19626943634804705,False
1,hindsight,Dual (Theorem 3),03,2,-0.19349723926236084,False
1,hindsight,Dual (Theorem 3),12,2,-0.31773330141868694,False
1,hindsight,Dual (Theorem 3),13,2,-0.17614239197736659,False
1,hindsight,Dual (Theorem 3),23,2,-1.6965385263776813,False
1,hindsight,Dual (Theorem 3),0,1,-1.2065013462382026,False
1,hindsight,Dual (Theorem 3),1,1,-0.6361955803857127,False
1,hindsight,Dual (Theorem 3),2,1,-1.3123378543617008,False
1,hindsight,Dual (Theorem 3),3,1,-1.021334334466272,False
1,hindsight,Location-based,012,3,0.43988885731604555,True
1,hindsight,Location-based,013,3,0.7165184333663808,True
1,hindsight,Location-based,023,3,-1.1792004047116027,False
1,hindsight,Location-based,123,3,-1.7202434366355348,False
1,hindsight,Location-based,01,2,0.3845762067207703,True
1,hindsight,Location-based,02,2,0.1364780936028933,True
1,hindsight,Location-based,03,2,0.01814382112751023,True
1,hindsight,Location-based,12,2,-0.529374361808558,False
1,hindsight,Location-based,13,2,-0.5088899219283078,False
1,hindsight,Location-based,23,2,-3.7032579238599634,False
1,hindsight,Location-based,0,1,0.06905264767334396,True
1,hindsight,Location-based,1,1,0.09496982318502223,True
1,hindsight,Location-based,2,1,-2.2551443183223068,False
1,hindsight,Location-based,3,1,-2.085247267987948,False
1,hindsight,Work-proportional,012,3,0.763084221090824,True
1,hindsight,Work-proportional,013,3,0.6505434291158663,True
1,hindsight,Work-proportional,023,3,-1.197331186542078,False
1,hindsight,Work-proportional,123,3,-1.9593330143294327,False
1,hindsight,Work-proportional,01,2,0.6417965662450706,True
1,hindsight,Work-proportional,02,2,0.44154267554723337,True
1,hindsight,Work-proportional,03,2,-0.06596196495344397,False
1,hindsight,Work-proportional,12,2,-0.4452685757276411,False
1,hindsight,Work-proportional,13,2,-0.8139545038726839,False
1,hindsight,Work-proportional,23,2,-3.9604782833842993,False
1,hindsight,Work-proportional,0,1,0.30814222536720526,True
1,hindsight,Work-proportional,1,1,0.11310060501546149,True
1,hindsight,Work-proportional,2,1,-2.1891693140718282,False
1,hindsight,Work-proportional,3,1,-2.408442631762763,False
1,online,Dual (Theorem 3),012,3,-0.7749813739408413,False
1,online,Dual (Theorem 3),013,3,-0.29894834185691277,False
1,online,Dual (Theorem 3),023,3,-0.5506012335803856,False
1,online,Dual (Theorem 3),123,3,-0.5170387853908789,False
1,online,Dual (Theorem 3),01,2,-1.6461357035731763,False
1,online,Dual (Theorem 3),02,2,-0.3963167079131886,False
1,online,Dual (Theorem 3),03,2,-0.3230140488466011,False
1,online,Dual (Theorem 3),12,2,-0.5036058539135899,False
1,online,Dual (Theorem 3),13,2,-0.35309565074244365,False
1,online,Dual (Theorem 3),23,2,-1.8066499362148694,False
1,online,Dual (Theorem 3),0,1,-1.2276217626185277,False
1,online,Dual (Theorem 3),1,1,-0.67162370789421,False
1,online,Dual (Theorem 3),2,1,-1.3904111757967539,False
1,online,Dual (Theorem 3),3,1,-1.087852825541873,False
1,online,Location-based,012,3,0.155845468332509,True
1,online,Location-based,013,3,0.6845140518643467,True
1,online,Location-based,023,3,-1.2185667247581407,False
1,online,Location-based,123,3,-1.7633625302078464,False
1,online,Location-based,01,2,0.2681535324214708,True
1,online,Location-based,02,2,-0.13345535681755605,False
1,online,Location-based,03,2,-0.007517146303059441,False
1,online,Location-based,12,2,-0.8191027564571689,False
1,online,Location-based,13,2,-0.6159570018381135,False
1,online,Location-based,23,2,-3.7209391722095546,False
1,online,Location-based,0,1,0.0187019821984018,True
1,online,Location-based,1,1,-0.0036582167164924684,False
1,online,Location-based,2,1,-2.3738735695180506,False
1,online,Location-based,3,1,-2.0186796678152605,False
1,online,Work-proportional,012,3,0.6121269233556133,True
1,online,Work-proportional,013,3,0.5778831178531787,True
1,online,Work-proportional,023,3,-1.2998974189815957,False
1,online,Work-proportional,123,3,-2.031682356996324,False
1,online,Work-proportional,01,2,0.6178040534334057,True
1,online,Work-proportional,02,2,0.2414954039820918,True
1,online,Work-proportional,03,2,-0.19547877453768425,False
1,online,Work-proportional,12,2,-0.6311411282225432,False
1,online,Work-proportional,13,2,-0.9909077626377609,False
1,online,Work-proportional,23,2,-4.070589693221488,False
1,online,Work-proportional,0,1,0.28702180898688,True
1,online,Work-proportional,1,1,0.07767247750696393,True
1,online,Work-proportional,2,1,-2.2672426355068813,False
1,online,Work-proportional,3,1,-2.474961122838364,False
2,hindsight,Dual (Theorem 3),012,3,-0.8756279181406665,False
2,hindsight,Dual (Theorem 3),013,3,-0.17771308162722343,False
2,hindsight,Dual (Theorem 3),023,3,-0.32502744856969024,False
2,hindsight,Dual (Theorem 3),123,3,-0.35332874287960436,False
2,hindsight,Dual (Theorem 3),01,2,-2.2808777665425226,False
2,hindsight,Dual (Theorem 3),02,2,-0.19606825356851743,False
2,hindsight,Dual (Theorem 3),03,2,-0.20636645589975045,False
2,hindsight,Dual (Theorem 3),12,2,-0.09975167774425131,False
2,hindsight,Dual (Theorem 3),13,2,-0.2308336526291388,False
2,hindsight,Dual (Theorem 3),23,2,-1.4137831915562007,False
2,hindsight,Dual (Theorem 3),0,1,-1.7180089624724941,False
2,hindsight,Dual (Theorem 3),1,1,-0.9196136906066378,False
2,hindsight,Dual (Theorem 3),2,1,-0.625895983529968,False
2,hindsight,Dual (Theorem 3),3,1,-1.171407933773371,False
2,hindsight,Location-based,012,3,0.8364573622977747,True
2,hindsight,Location-based,013,3,0.9193357092999164,True
2,hindsight,Location-based,023,3,-1.36952195545335,False
2,hindsight,Location-based,123,3,-2.1179683073615303,False
2,hindsight,Location-based,01,2,0.5282563048230601,True
2,hindsight,Location-based,02,2,0.47152251998626515,True
2,hindsight,Location-based,03,2,-0.1538121718562695,False
2,hindsight,Location-based,12,2,-0.15230596178773403,False
2,hindsight,Location-based,13,2,-0.8984244261839232,False
2,hindsight,Location-based,23,2,-4.222917262921785,False
2,hindsight,Location-based,0,1,0.04663060200942981,True
2,hindsight,Location-based,1,1,0.12488081627702075,True
2,hindsight,Location-based,2,1,-1.7229447744571094,False
2,hindsight,Location-based,3,1,-2.8834932142118137,False
2,hindsight,Work-proportional,012,3,1.3828643166857724,True
2,hindsight,Work-proportional,013,3,0.9249554834200011,True
2,hindsight,Work-proportional,023,3,-1.5747786842508695,False
2,hindsight,Work-proportional,123,3,-2.464738307072059,False
2,hindsight,Work-proportional,01,2,1.0802830333311308,True
2,hindsight,Work-proportional,02,2,0.812672745576732,True
2,hindsight,Work-proportional,03,2,-0.3534491265337154,False
2,hindsight,Work-proportional,12,2,0.04733099288972342,True
2,hindsight,Work-proportional,13,2,-1.2395746517743786,False
2,hindsight,Work-proportional,23,2,-4.7749439914298435,False
2,hindsight,Work-proportional,0,1,0.39340060171997004,True
2,hindsight,Work-proportional,1,1,0.3301375450745514,True
2,hindsight,Work-proportional,2,1,-1.7285645485771826,False
2,hindsight,Work-proportional,3,1,-3.4299001685998,False
2,online,Dual (Theorem 3),012,3,-0.8538482823399558,False
2,online,Dual (Theorem 3),013,3,-0.21370609461980283,False
2,online,Dual (Theorem 3),023,3,-0.35603169064132345,False
2,online,Dual (Theorem 3),123,3,-0.377756070751186,False
2,online,Dual (Theorem 3),01,2,-2.238594843501631,False
2,online,Dual (Theorem 3),02,2,-0.29505030485731276,False
2,online,Dual (Theorem 3),03,2,-0.30293056104601046,False
2,online,Dual (Theorem 3),12,2,-0.2273519037916789,False
2,online,Dual (Theorem 3),13,2,-0.3373979696194498,False
2,online,Dual (Theorem 3),23,2,-1.4506604513631967,False
2,online,Dual (Theorem 3),0,1,-1.716896845791922,False
2,online,Dual (Theorem 3),1,1,-0.9043551339676674,False
2,online,Dual (Theorem 3),2,1,-0.661079704106807,False
2,online,Dual (Theorem 3),3,1,-1.1794147064785845,False
2,online,Location-based,012,3,0.836095294303056,True
2,online,Location-based,013,3,0.7875610568863847,True
2,online,Location-based,023,3,-1.3197954078127,False
2,online,Location-based,123,3,-2.1052030817289813,False
2,online,Location-based,01,2,0.4526158846475583,True
2,online,Location-based,02,2,0.43112955461431346,True
2,online,Location-based,03,2,-0.2654271267112085,False
2,online,Location-based,12,2,-0.26485533812647155,False
2,online,Location-based,13,2,-1.0635778290910674,False
2,online,Location-based,23,2,-4.141871179512377,False
2,online,Location-based,0,1,0.010550165185882199,True
2,online,Location-based,1,1,0.05940858320371789,True
2,online,Location-based,2,1,-1.6623468556129852,False
2,online,Location-based,3,1,-2.8693582831215867,False
2,online,Work-proportional,012,3,1.4046439524864835,True
2,online,Work-proportional,013,3,0.8889624704274226,True
2,online,Work-proportional,023,3,-1.6057829263225027,False
2,online,Work-proportional,123,3,-2.4891656349436406,False
2,online,Work-proportional,01,2,1.1225659563720223,True
2,online,Work-proportional,02,2,0.7136906942879371,True
2,online,Work-proportional,03,2,-0.4500132316799754,False
2,online,Work-proportional,12,2,-0.08026923315770418,False
2,online,Work-proportional,13,2,-1.3461389687646896,False
2,online,Work-proportional,23,2,-4.81182125123684,False
2,online,Work-proportional,0,1,0.39451271840054214,True
2,online,Work-proportional,1,1,0.34539610171352186,True
2,online,Work-proportional,2,1,-1.7637482691540216,False
2,online,Work-proportional,3,1,-3.4379069413050134,False
3,hindsight,Dual (Theorem 3),012,3,-0.606115863462,False
3,hindsight,Dual (Theorem 3),013,3,-0.12092321741101841,False
3,hindsight,Dual (Theorem 3),023,3,-0.20171377873421692,False
3,hindsight,Dual (Theorem 3),123,3,-0.16242117632094555,False
3,hindsight,Dual (Theorem 3),01,2,-1.3287852731304854,False
3,hindsight,Dual (Theorem 3),02,2,-0.16914666065418682,False
3,hindsight,Dual (Theorem 3),03,2,-0.14333336915947004,False
3,hindsight,Dual (Theorem 3),12,2,-0.09652382679378113,False
3,hindsight,Dual (Theorem 3),13,2,-0.09601922437547805,False
3,hindsight,Dual (Theorem 3),23,2,-0.7290327734346089,False
3,hindsight,Dual (Theorem 3),0,1,-0.8863188547479739,False
3,hindsight,Dual (Theorem 3),1,1,-0.5798400241532773,False
3,hindsight,Dual (Theorem 3),2,1,-2.1122799844846405,False
3,hindsight,Dual (Theorem 3),3,1,-0.7968413270525412,False
3,hindsight,Location-based,012,3,0.43471811331423715,True
3,hindsight,Location-based,013,3,0.38074137968579236,True
3,hindsight,Location-based,023,3,-0.8411800010600259,False
3,hindsight,Location-based,123,3,-1.0654535278681854,False
3,hindsight,Location-based,01,2,0.2137133007425629,True
3,hindsight,Location-based,02,2,0.23222109379624178,True
3,hindsight,Location-based,03,2,-0.281134994388468,False
3,hindsight,Location-based,12,2,0.041277798435216395,True
3,hindsight,Location-based,13,2,-0.4973869788259071,False
3,hindsight,Location-based,23,2,-2.2715313473076577,False
3,hindsight,Location-based,0,1,0.0167134967992658,True
3,hindsight,Location-based,1,1,0.059626198172531286,True
3,hindsight,Location-based,2,1,-2.6139445815814515,False
3,hindsight,Location-based,3,1,-1.8376753038287788,False
3,hindsight,Work-proportional,012,3,0.5467546537507996,True
3,hindsight,Work-proportional,013,3,0.4517658795811239,True
3,hindsight,Work-proportional,023,3,-0.9122960090029757,False
3,hindsight,Work-proportional,123,3,-1.1773985602571244,False
3,hindsight,Work-proportional,01,2,0.3967743410744551,True
3,hindsight,Work-proportional,02,2,0.2731416262898525,True
3,hindsight,Work-proportional,03,2,-0.28122650243608804,False
3,hindsight,Work-proportional,12,2,0.041369306482837986,True
3,hindsight,Work-proportional,13,2,-0.5383075113195162,False
3,hindsight,Work-proportional,23,2,-2.4545923876395483,False
3,hindsight,Work-proportional,0,1,0.12865852918820636,True
3,hindsight,Work-proportional,1,1,0.13074220611548298,True
3,hindsight,Work-proportional,2,1,-2.6849690814767815,False
3,hindsight,Work-proportional,3,1,-1.9497118442653394,False
3,online,Dual (Theorem 3),012,3,-0.5357862513725797,False
3,online,Dual (Theorem 3),013,3,-0.11904118638231087,False
3,online,Dual (Theorem 3),023,3,-0.2274771910577873,False
3,online,Dual (Theorem 3),123,3,-0.11493560547814319,False
3,online,Dual (Theorem 3),01,2,-1.2848085688683488,False
3,online,Dual (Theorem 3),02,2,-0.24026099136724677,False
3,online,Dual (Theorem 3),03,2,-0.258735830793976,False
3,online,Dual (Theorem 3),12,2,-0.11779819684587411,False
3,online,Dual (Theorem 3),13,2,-0.17068108351418676,False
3,online,Dual (Theorem 3),23,2,-0.7811702114030123,False
3,online,Dual (Theorem 3),0,1,-0.8686276248973369,False
3,online,Dual (Theorem 3),1,1,-0.5531433905491246,False
3,online,Dual (Theorem 3),2,1,-0.3906474940201967,False
3,online,Dual (Theorem 3),3,1,-0.8704095167130652,False
3,online,Location-based,012,3,0.49723163723294717,True
3,online,Location-based,013,3,0.32773269763561097,True
3,online,Location-based,023,3,-0.8200787624937549,False
3,online,Location-based,123,3,-1.00212580666562,False
3,online,Location-based,01,2,0.19498320375509837,True
3,online,Location-based,02,2,0.2001553258023111,True
3,online,Location-based,03,2,-0.4045635182120231,False
3,online,Location-based,12,2,0.02802949057217452,True
3,online,Location-based,13,2,-0.6110974006837431,False
3,online,Location-based,23,2,-2.260961984026458,False
3,online,Location-based,0,1,0.018562576290141408,True
3,online,Location-based,1,1,0.03945818088684433,True
3,online,Location-based,2,1,-0.8374213780381171,False
3,online,Location-based,3,1,-1.9034274053185907,False
3,online,Work-proportional,012,3,0.6170842658402199,True
3,online,Work-proportional,013,3,0.4536479106098319,True
3,online,Work-proportional,023,3,-0.9380594213265456,False
3,online,Work-proportional,123,3,-1.1299129894143216,False
3,online,Work-proportional,01,2,0.4407510453365917,True
3,online,Work-proportional,02,2,0.20202729557679266,True
3,online,Work-proportional,03,2,-0.3966289640705938,False
3,online,Work-proportional,12,2,0.020094936430745447,True
3,online,Work-proportional,13,2,-0.6129693704582242,False
3,online,Work-proportional,23,2,-2.5067298256079513,False
3,online,Work-proportional,0,1,0.14634975903884337,True
3,online,Work-proportional,1,1,0.15743883971963568,True
3,online,Work-proportional,2,1,-0.9633365910123376,False
3,online,Work-proportional,3,1,-2.023280033925863,False
4,hindsight,Dual (Theorem 3),012,3,-0.5332132051251863,False
4,hindsight,Dual (Theorem 3),013,3,-0.08861489893261898,False
4,hindsight,Dual (Theorem 3),023,3,-0.20425625186479968,False
4,hindsight,Dual (Theorem 3),123,3,-0.222622706833425,False
4,hindsight,Dual (Theorem 3),01,2,-0.9382670798368492,False
4,hindsight,Dual (Theorem 3),02,2,-0.23990512384556467,False
4,hindsight,Dual (Theorem 3),03,2,-0.4308709995956155,False
4,hindsight,Dual (Theorem 3),12,2,-0.16218033656769393,False
4,hindsight,Dual (Theorem 3),13,2,-0.4374715389316566,False
4,hindsight,Dual (Theorem 3),23,2,-1.0033690640371198,False
4,hindsight,Dual (Theorem 3),0,1,-0.7346399634504487,False
4,hindsight,Dual (Theorem 3),1,1,-0.3692278351972027,False
4,hindsight,Dual (Theorem 3),2,1,-0.43322156236437437,False
4,hindsight,Dual (Theorem 3),3,1,-1.337295407129656,False
4,hindsight,Location-based,012,3,0.38838759494746733,True
4,hindsight,Location-based,013,3,0.14118187715241137,True
4,hindsight,Location-based,023,3,-0.6112223403086929,False
4,hindsight,Location-based,123,3,-0.9670541945472135,False
4,hindsight,Location-based,01,2,0.21313049632083403,True
4,hindsight,Location-based,02,2,0.2747295877831952,True
4,hindsight,Location-based,03,2,-0.608040311954479,False
4,hindsight,Location-based,12,2,0.014988975791170311,True
4,hindsight,Location-based,13,2,-0.9521062505604156,False
4,hindsight,Location-based,23,2,-2.1547666401948025,False
4,hindsight,Location-based,0,1,0.009791524263340803,True
4,hindsight,Location-based,1,1,0.03773825324669111,True
4,hindsight,Location-based,2,1,-0.6630183384494039,False
4,hindsight,Location-based,3,1,-2.258896207202309,False
4,hindsight,Work-proportional,012,3,0.3602710849884343,True
4,hindsight,Work-proportional,013,3,0.24944544703515326,True
4,hindsight,Work-proportional,023,3,-0.6034291910693454,False
4,hindsight,Work-proportional,123,3,-1.054994403710238,False
4,hindsight,Work-proportional,01,2,0.293277556244532,True
4,hindsight,Work-proportional,02,2,0.25440622706349897,True
4,hindsight,Work-proportional,03,2,-0.49198359283240034,False
4,hindsight,Work-proportional,12,2,-0.10106774333089774,False
4,hindsight,Work-proportional,13,2,-0.9317828898407088,False
4,hindsight,Work-proportional,23,2,-2.23491370011849,False
4,hindsight,Work-proportional,0,1,0.09773173342637569,True
4,hindsight,Work-proportional,1,1,0.02994510400735423,True
4,hindsight,Work-proportional,2,1,-0.7712819083321351,False
4,hindsight,Work-proportional,3,1,-2.2307796972432654,False
4,online,Dual (Theorem 3),012,3,-0.5599701712043293,False
4,online,Dual (Theorem 3),013,3,-0.17513774609085941,False
4,online,Dual (Theorem 3),023,3,-0.20409922411472703,False
4,online,Dual (Theorem 3),123,3,-0.2136713476957417,False
4,online,Dual (Theorem 3),01,2,-0.9305024002867986,False
4,online,Dual (Theorem 3),02,2,-0.2768631865784798,False
4,online,Dual (Theorem 3),03,2,-0.5754561672596803,False
4,online,Dual (Theorem 3),12,2,-0.24689250982939726,False
4,online,Dual (Theorem 3),13,2,-0.6162143356903291,False
4,online,Dual (Theorem 3),23,2,-1.100635733039959,False
4,online,Dual (Theorem 3),0,1,-0.732633007715479,False
4,online,Dual (Theorem 3),1,1,-0.3847200556708232,False
4,online,Dual (Theorem 3),2,1,-0.4513596235021643,False
4,online,Dual (Theorem 3),3,1,-1.3936540473603467,False
4,online,Location-based,012,3,0.3714929277221797,True
4,online,Location-based,013,3,0.024384508161495955,True
4,online,Location-based,023,3,-0.6007624972030112,False
4,online,Location-based,123,3,-0.9479934277862898,False
4,online,Location-based,01,2,0.2004829528920551,True
4,online,Location-based,02,2,0.25793663925973437,True
4,online,Location-based,03,2,-0.7725971860956196,False
4,online,Location-based,12,2,-0.04975149099344711,False
4,online,Location-based,13,2,-1.1510141615285325,False
4,online,Location-based,23,2,-2.231621086218802,False
4,online,Location-based,0,1,0.0016890723750798975,True
4,online,Location-based,1,1,0.01194321741747173,True
4,online,Location-based,2,1,-0.650881877754509,False
4,online,Location-based,3,1,-2.325117146286845,False
4,online,Work-proportional,012,3,0.33351411890929117,True
4,online,Work-proportional,013,3,0.1629225998769126,True
4,online,Work-proportional,023,3,-0.6032721633192726,False
4,online,Work-proportional,123,3,-1.0460430445725546,False
4,online,Work-proportional,01,2,0.30104223579458256,True
4,online,Work-proportional,02,2,0.21744816433058384,True
4,online,Work-proportional,03,2,-0.6365687604964652,False
4,online,Work-proportional,12,2,-0.18577991659260107,False
4,online,Work-proportional,13,2,-1.1105256865993813,False
4,online,Work-proportional,23,2,-2.3321803691213288,False
4,online,Work-proportional,0,1,0.09973868916134529,True
4,online,Work-proportional,1,1,0.014452883533733751,True
4,online,Work-proportional,2,1,-0.789419969469925,False
4,online,Work-proportional,3,1,-2.287138337473956,False
5,hindsight,Dual (Theorem 3),012,3,-0.6532329033537461,False
5,hindsight,Dual (Theorem 3),013,3,-0.1676409391877245,False
5,hindsight,Dual (Theorem 3),023,3,-0.3243371056433251,False
5,hindsight,Dual (Theorem 3),123,3,-0.2722061675311904,False
5,hindsight,Dual (Theorem 3),01,2,-1.3070186202728693,False
5,hindsight,Dual (Theorem 3),02,2,-0.2205025855734658,False
5,hindsight,Dual (Theorem 3),03,2,-0.22472503857360637,False
5,hindsight,Dual (Theorem 3),12,2,-0.20702301170734505,False
5,hindsight,Dual (Theorem 3),13,2,-0.15530223780003105,False
5,hindsight,Dual (Theorem 3),23,2,-1.153618315023612,False
5,hindsight,Dual (Theorem 3),0,1,-0.9449767661091781,False
5,hindsight,Dual (Theorem 3),1,1,-0.5799288101917699,False
5,hindsight,Dual (Theorem 3),2,1,-0.9812454373171238,False
5,hindsight,Dual (Theorem 3),3,1,-1.0725257961905283,False
5,hindsight,Location-based,012,3,0.40512237395250805,True
5,hindsight,Location-based,013,3,0.3591091378988116,True
5,hindsight,Location-based,023,3,-0.9402964078858167,False
5,hindsight,Location-based,123,3,-1.241352219681489,False
5,hindsight,Location-based,01,2,0.27808673411992085,True
5,hindsight,Location-based,02,2,0.2218933894902967,True
5,hindsight,Location-based,03,2,-0.3139342637295619,False
5,hindsight,Location-based,12,2,-0.11781378655138952,False
5,hindsight,Location-based,13,2,-0.5976982128637938,False
5,hindsight,Location-based,23,2,-2.738723669416402,False
5,hindsight,Location-based,0,1,0.024169286041120397,True
5,hindsight,Location-based,1,1,0.03603049205072173,True
5,hindsight,Location-based,2,1,-1.5079955144036599,False
5,hindsight,Location-based,3,1,-2.1308810734967825,False
5,hindsight,Work-proportional,012,3,0.4239897158671506,True
5,hindsight,Work-proportional,013,3,0.41274796995827634,True
5,hindsight,Work-proportional,023,3,-0.8840468976141045,False
5,hindsight,Work-proportional,123,3,-1.3701079039273067,False
5,hindsight,Work-proportional,01,2,0.3505929080940275,True
5,hindsight,Work-proportional,02,2,0.297010241676651,True
5,hindsight,Work-proportional,03,2,-0.20404592139838518,False
5,hindsight,Work-proportional,12,2,-0.22770212888256536,False
5,hindsight,Work-proportional,13,2,-0.6728150650501474,False
5,hindsight,Work-proportional,23,2,-2.8112298433905076,False
5,hindsight,Work-proportional,0,1,0.15292497028693888,True
5,hindsight,Work-proportional,1,1,-0.020219018220990148,False
5,hindsight,Work-proportional,2,1,-1.561634346463124,False
5,hindsight,Work-proportional,3,1,-2.149748415411424,False
5,online,Dual (Theorem 3),012,3,-0.6573235827608569,False
5,online,Dual (Theorem 3),013,3,-0.05597610748454218,False
5,online,Dual (Theorem 3),023,3,-0.33260061102119787,False
5,online,Dual (Theorem 3),123,3,-0.27928662926727643,False
5,online,Dual (Theorem 3),01,2,-1.2700772255313346,False
5,online,Dual (Theorem 3),02,2,-0.2717021642784021,False
5,online,Dual (Theorem 3),03,2,-0.3082035758894439,False
5,online,Dual (Theorem 3),12,2,-0.27219931560023913,False
5,online,Dual (Theorem 3),13,2,-0.2304004958468937,False
5,online,Dual (Theorem 3),23,2,-1.2440449056167524,False
5,online,Dual (Theorem 3),0,1,-0.926610992230856,False
5,online,Dual (Theorem 3),1,1,-0.5519170520495781,False
5,online,Dual (Theorem 3),2,1,-1.0034178297250103,False
5,online,Dual (Theorem 3),3,1,-1.1083843442196537,False
5,online,Location-based,012,3,0.31101432296768694,True
5,online,Location-based,013,3,0.4854490072215898,True
5,online,Location-based,023,3,-0.8960961462406973,False
5,online,Location-based,123,3,-1.2255541144824509,False
5,online,Location-based,01,2,0.2396857949033403,True
5,online,Location-based,02,2,0.1331402062306417,True
5,online,Location-based,03,2,-0.3302739964028121,False
5,online,Location-based,12,2,-0.2501288950868703,False
5,online,Location-based,13,2,-0.6352428663559371,False
5,online,Location-based,23,2,-2.7538079260514268,False
5,online,Location-based,0,1,0.019656492984319013,True
5,online,Location-based,1,1,0.011578483169921938,True
5,online,Location-based,2,1,-1.5448429444311413,False
5,online,Location-based,3,1,-2.076722249948197,False
5,online,Work-proportional,012,3,0.4198990364600397,True
5,online,Work-proportional,013,3,0.5244128016614591,True
5,online,Work-proportional,023,3,-0.8923104029919768,False
5,online,Work-proportional,123,3,-1.3771883656633928,False
5,online,Work-proportional,01,2,0.387534302835562,True
5,online,Work-proportional,02,2,0.24581066297171483,True
5,online,Work-proportional,03,2,-0.2875244587142225,False
5,online,Work-proportional,12,2,-0.29287843277545966,False
5,online,Work-proportional,13,2,-0.7479133230970096,False
5,online,Work-proportional,23,2,-2.901656433983648,False
5,online,Work-proportional,0,1,0.17129074416526108,True
5,online,Work-proportional,1,1,0.0077927399212016635,True
5,online,Work-proportional,2,1,-1.5838067388710104,False
5,online,Work-proportional,3,1,-2.1856069634405495,False
6,hindsight,Dual (Theorem 3),012,3,-0.6307763095627834,False
6,hindsight,Dual (Theorem 3),013,3,-0.2422966613862172,False
6,hindsight,Dual (Theorem 3),023,3,-0.24655417991682116,False
6,hindsight,Dual (Theorem 3),123,3,-0.23888687052738078,False
6,hindsight,Dual (Theorem 3),01,2,-1.691891594218197,False
6,hindsight,Dual (Theorem 3),02,2,-0.3695932041800465,False
6,hindsight,Dual (Theorem 3),03,2,-0.25447338542823994,False
6,hindsight,Dual (Theorem 3),12,2,-0.20989338197146656,False
6,hindsight,Dual (Theorem 3),13,2,-0.23255481814374246,False
6,hindsight,Dual (Theorem 3),23,2,-1.1195674560750604,False
6,hindsight,Dual (Theorem 3),0,1,-1.2488351862913531,False
6,hindsight,Dual (Theorem 3),1,1,-0.7018642558075923,False
6,hindsight,Dual (Theorem 3),2,1,-1.18126544387309,False
6,hindsight,Dual (Theorem 3),3,1,-1.0792537044110122,False
6,hindsight,Location-based,012,3,0.46560073464974905,True
6,hindsight,Location-based,013,3,0.713596753767419,True
6,hindsight,Location-based,023,3,-1.035261404441202,False
6,hindsight,Location-based,123,3,-1.50245010536917,False
6,hindsight,Location-based,01,2,0.3603788651479723,True
6,hindsight,Location-based,02,2,-0.061923384491894495,False
6,hindsight,Location-based,03,2,-0.08728719479898417,False
6,hindsight,Location-based,12,2,-0.37707957260072256,False
6,hindsight,Location-based,13,2,-0.5402246378318947,False
6,hindsight,Location-based,23,2,-3.17183791544123,False
6,hindsight,Location-based,0,1,0.014728048550435496,True
6,hindsight,Location-based,1,1,0.08684296871678832,True
6,hindsight,Location-based,2,1,-2.1371588590267265,False
6,hindsight,Location-based,3,1,-2.1756307486235453,False
6,hindsight,Work-proportional,012,3,0.6752114526397792,True
6,hindsight,Work-proportional,013,3,0.710324500358595,True
6,hindsight,Work-proportional,023,3,-1.075062226659052,False
6,hindsight,Work-proportional,123,3,-1.6689877477324773,False
6,hindsight,Work-proportional,01,2,0.5667173297291621,True
6,hindsight,Work-proportional,02,2,0.10788651128026916,True
6,hindsight,Work-proportional,03,2,-0.13036027042567477,False
6,hindsight,Work-proportional,12,2,-0.33400649697401597,False
6,hindsight,Work-proportional,13,2,-0.7100345336040421,False
6,hindsight,Work-proportional,23,2,-3.3781763800224036,False
6,hindsight,Work-proportional,0,1,0.1812656909137589,True
6,hindsight,Work-proportional,1,1,0.12664379093465472,True
6,hindsight,Work-proportional,2,1,-2.1338866056178865,False
6,hindsight,Work-proportional,3,1,-2.385241466613559,False
6,online,Dual (Theorem 3),012,3,-0.6643393488862759,False
6,online,Dual (Theorem 3),013,3,-0.25488667163442824,False
6,online,Dual (Theorem 3),023,3,-0.2494519405420612,False
6,online,Dual (Theorem 3),123,3,-0.2738355312635612,False
6,online,Dual (Theorem 3),01,2,-1.6900861061089856,False
6,online,Dual (Theorem 3),02,2,-0.6137473511860627,False
6,online,Dual (Theorem 3),03,2,-0.3547909347148017,False
6,online,Dual (Theorem 3),12,2,-0.46028848186535876,False
6,online,Dual (Theorem 3),13,2,-0.37925124323976656,False
6,online,Dual (Theorem 3),23,2,-1.2414751238269064,False
6,online,Dual (Theorem 3),0,1,-1.2425965927420464,False
6,online,Dual (Theorem 3),1,1,-0.7006299016379937,False
6,online,Dual (Theorem 3),2,1,-1.2404574900881808,False
6,online,Dual (Theorem 3),3,1,-1.0905544247907417,False
6,online,Location-based,012,3,0.42528403672406534,True
6,online,Location-based,013,3,0.670488280823254,True
6,online,Location-based,023,3,-1.0174152010375979,False
6,online,Location-based,123,3,-1.520870608835999,False
6,online,Location-based,01,2,0.32491223195902175,True
6,online,Location-based,02,2,-0.2920872260712746,False
6,online,Location-based,03,2,-0.1973792427526726,False
6,online,Location-based,12,2,-0.6177001738274717,False
6,online,Location-based,13,2,-0.7009113683545385,False
6,online,Location-based,23,2,-3.2564734618948976,False
6,online,Location-based,0,1,0.004438484830407707,True
6,online,Location-based,1,1,0.06733335885755953,True
6,online,Location-based,2,1,-2.165832442545847,False
6,online,Location-based,3,1,-2.1801778104010667,False
6,online,Work-proportional,012,3,0.641648413316287,True
6,online,Work-proportional,013,3,0.6977344901103841,True
6,online,Work-proportional,023,3,-1.077959987284292,False
6,online,Work-proportional,123,3,-1.7039364084686568,False
6,online,Work-proportional,01,2,0.5685228178383737,True
6,online,Work-proportional,02,2,-0.13626763572574685,False
6,online,Work-proportional,03,2,-0.23067781971223655,False
6,online,Work-proportional,12,2,-0.5844015968679079,False
6,online,Work-proportional,13,2,-0.8567309587000667,False
6,online,Work-proportional,23,2,-3.5000840477742496,False
6,online,Work-proportional,0,1,0.18750428446306558,True
6,online,Work-proportional,1,1,0.12787814510425344,True
6,online,Work-proportional,2,1,-2.1930786518329772,False
6,online,Work-proportional,3,1,-2.3965421869932886,False
7,hindsight,Dual (Theorem 3),012,3,-0.8579319767693998,False
7,hindsight,Dual (Theorem 3),013,3,-0.13573577047967889,False
7,hindsight,Dual (Theorem 3),023,3,-0.2753648873372909,False
7,hindsight,Dual (Theorem 3),123,3,-0.32416531374059065,False
7,hindsight,Dual (Theorem 3),01,2,-1.8437659330148102,False
7,hindsight,Dual (Theorem 3),02,2,-0.33320069906346916,False
7,hindsight,Dual (Theorem 3),03,2,-0.21549377420287374,False
7,hindsight,Dual (Theorem 3),12,2,-0.1858918589541767,False
7,hindsight,Dual (Theorem 3),13,2,-0.25256881452958924,False
7,hindsight,Dual (Theorem 3),23,2,-1.1356621360616366,False
7,hindsight,Dual (Theorem 3),0,1,-1.2611317382116651,False
7,hindsight,Dual (Theorem 3),1,1,-0.8155918035517382,False
7,hindsight,Dual (Theorem 3),2,1,-0.7755252777103012,False
7,hindsight,Dual (Theorem 3),3,1,-3.4715013445282197,False
7,hindsight,Location-based,012,3,0.6794429749686113,True
7,hindsight,Location-based,013,3,0.5218486284514652,True
7,hindsight,Location-based,023,3,-1.184700386337361,False
7,hindsight,Location-based,123,3,-1.609789165409678,False
7,hindsight,Location-based,01,2,0.3511934176543457,True
7,hindsight,Location-based,02,2,0.29483875367447243,True
7,hindsight,Location-based,03,2,-0.4672448742717994,False
7,hindsight,Location-based,12,2,0.06585924111474806,True
7,hindsight,Location-based,13,2,-0.8806082672675317,False
7,hindsight,Location-based,23,2,-3.330621486730793,False
7,hindsight,Location-based,0,1,0.024492113457421222,True
7,hindsight,Location-based,1,1,0.09374369544833117,True
7,hindsight,Location-based,2,1,-1.433109676641446,False
7,hindsight,Location-based,3,1,-5.008876296266232,False
7,hindsight,Work-proportional,012,3,0.8228943742937624,True
7,hindsight,Work-proportional,013,3,0.6195685947256251,True
7,hindsight,Work-proportional,023,3,-1.276694381160901,False
7,hindsight,Work-proportional,123,3,-1.7589665361854485,False
7,hindsight,Work-proportional,01,2,0.5923647832536567,True
7,hindsight,Work-proportional,02,2,0.34629615817608317,True
7,hindsight,Work-proportional,03,2,-0.4615189028211797,False
7,hindsight,Work-proportional,12,2,0.060133269664128575,True
7,hindsight,Work-proportional,13,2,-0.9320656717691422,False
7,hindsight,Work-proportional,23,2,-3.5717928523301037,False
7,hindsight,Work-proportional,0,1,0.17366948423319184,True
7,hindsight,Work-proportional,1,1,0.1857376902718716,True
7,hindsight,Work-proportional,2,1,-1.5308296429156059,False
7,hindsight,Work-proportional,3,1,-5.152327695591382,False
7,online,Dual (Theorem 3),012,3,-0.8288547638021853,False
7,online,Dual (Theorem 3),013,3,-0.2229194781730497,False
7,online,Dual (Theorem 3),023,3,-0.3824814365309135,False
7,online,Dual (Theorem 3),123,3,-0.400455704038265,False
7,online,Dual (Theorem 3),01,2,-1.8093270163684987,False
7,online,Dual (Theorem 3),02,2,-0.448883803891444,False
7,online,Dual (Theorem 3),03,2,-0.33288471295656397,False
7,online,Dual (Theorem 3),12,2,-0.3326510644280025,False
7,online,Dual (Theorem 3),13,2,-0.3689264982719398,False
7,online,Dual (Theorem 3),23,2,-1.189702039889946,False
7,online,Dual (Theorem 3),0,1,-1.250460138202566,False
7,online,Dual (Theorem 3),1,1,-0.8118454404809344,False
7,online,Dual (Theorem 3),2,1,-0.7922722067392443,False
7,online,Dual (Theorem 3),3,1,-0.9544659536504754,False
7,online,Location-based,012,3,0.6062196516483576,True
7,online,Location-based,013,3,0.45932137728257905,True
7,online,Location-based,023,3,-1.234478490427854,False
7,online,Location-based,123,3,-1.6657739210475002,False
7,online,Location-based,01,2,0.3079882545376742,True
7,online,Location-based,02,2,0.1341935576621598,True
7,online,Location-based,03,2,-0.5026409113978745,False
7,online,Location-based,12,2,-0.16289486598669334,False
7,online,Location-based,13,2,-0.9520038598255449,False
7,online,Location-based,23,2,-3.3070173107961205,False
7,online,Location-based,0,1,0.014858078806667785,True
7,online,Location-based,1,1,0.04015161341600482,True
7,online,Location-based,2,1,-1.474513062194874,False
7,online,Location-based,3,1,-2.3895403691010197,False
7,online,Work-proportional,012,3,0.8519715872609768,True
7,online,Work-proportional,013,3,0.5323848870322538,True
7,online,Work-proportional,023,3,-1.3838109303545245,False
7,online,Work-proportional,123,3,-1.8352569264831224,False
7,online,Work-proportional,01,2,0.626803699899968,True
7,online,Work-proportional,02,2,0.2306130533481081,True
7,online,Work-proportional,03,2,-0.5789098415748697,False
7,online,Work-proportional,12,2,-0.08662593580969724,False
7,online,Work-proportional,13,2,-1.0484233555114928,False
7,online,Work-proportional,23,2,-3.625832756158414,False
7,online,Work-proportional,0,1,0.1843410842422909,True
7,online,Work-proportional,1,1,0.18948405334267548,True
7,online,Work-proportional,2,1,-1.547576571944549,False
7,online,Work-proportional,3,1,-2.635292304713638,False
8,hindsight,Dual (Theorem 3),012,3,-0.91555351813535,False
8,hindsight,Dual (Theorem 3),013,3,-0.11459459983075204,False
8,hindsight,Dual (Theorem 3),023,3,-0.2732529446639047,False
8,hindsight,Dual (Theorem 3),123,3,-0.26539183739812344,False
8,hindsight,Dual (Theorem 3),01,2,-2.038370335736606,False
8,hindsight,Dual (Theorem 3),02,2,-0.4047216252319944,False
8,hindsight,Dual (Theorem 3),03,2,-0.36332274059778147,False
8,hindsight,Dual (Theorem 3),12,2,-0.2379469259636462,False
8,hindsight,Dual (Theorem 3),13,2,-0.28648580120105027,False
8,hindsight,Dual (Theorem 3),23,2,-1.1608474517354583,False
8,hindsight,Dual (Theorem 3),0,1,-1.7331839670793239,False
8,hindsight,Dual (Theorem 3),1,1,-0.827097120903841,False
8,hindsight,Dual (Theorem 3),2,1,-0.6043051163335964,False
8,hindsight,Dual (Theorem 3),3,1,-1.1363951609155487,False
8,hindsight,Location-based,012,3,0.974941731758052,True
8,hindsight,Location-based,013,3,0.6978723106599993,True
8,hindsight,Location-based,023,3,-1.204001693877614,False
8,hindsight,Location-based,123,3,-2.0376052485685676,False
8,hindsight,Location-based,01,2,0.6645918246475477,True
8,hindsight,Location-based,02,2,0.5550248754476984,True
8,hindsight,Location-based,03,2,-0.4816045793207393,False
8,hindsight,Location-based,12,2,-0.11966508724068792,False
8,hindsight,Location-based,13,2,-1.2462323018807435,False
8,hindsight,Location-based,23,2,-3.8638096121196117,False
8,hindsight,Location-based,0,1,0.039029444091120497,True
8,hindsight,Location-based,1,1,0.1036516283098683,True
8,hindsight,Location-based,2,1,-1.4167720268243478,False
8,hindsight,Location-based,3,1,-3.026890410808951,False
8,hindsight,Work-proportional,012,3,1.2032415356149964,True
8,hindsight,Work-proportional,013,3,0.834200995451849,True
8,hindsight,Work-proportional,023,3,-1.2163054448170088,False
8,hindsight,Work-proportional,123,3,-2.389929986277987,False
8,hindsight,Work-proportional,01,2,1.029220313296348,True
8,hindsight,Work-proportional,02,2,0.7710209283652542,True
8,hindsight,Work-proportional,03,2,-0.35757964546827825,False
8,hindsight,Work-proportional,12,2,-0.24369002109315607,False
8,hindsight,Work-proportional,13,2,-1.462228354798306,False
8,hindsight,Work-proportional,23,2,-4.228438100768419,False
8,hindsight,Work-proportional,0,1,0.3913541818005325,True
8,hindsight,Work-proportional,1,1,0.1159553792492567,True
8,hindsight,Work-proportional,2,1,-1.553100711616204,False
8,hindsight,Work-proportional,3,1,-3.2551902146659017,False
8,online,Dual (Theorem 3),012,3,-0.8314737942177481,False
8,online,Dual (Theorem 3),013,3,-0.11402354358724187,False
8,online,Dual (Theorem 3),023,3,-0.3050049308665779,False
8,online,Dual (Theorem 3),123,3,-0.2604031584940856,False
8,online,Dual (Theorem 3),01,2,-1.9673653609817525,False
8,online,Dual (Theorem 3),02,2,-0.3998913900564789,False
8,online,Dual (Theorem 3),03,2,-0.48895696333297645,False
8,online,Dual (Theorem 3),12,2,-0.2413146766269394,False
8,online,Dual (Theorem 3),13,2,-0.3402687000388722,False
8,online,Dual (Theorem 3),23,2,-1.1779730477149366,False
8,online,Dual (Theorem 3),0,1,-1.7110266417502873,False
8,online,Dual (Theorem 3),1,1,-0.7881113645630159,False
8,online,Dual (Theorem 3),2,1,-0.6252799476775519,False
8,online,Dual (Theorem 3),3,1,-1.153272827684237,False
8,online,Location-based,012,3,0.9469258589422644,True
8,online,Location-based,013,3,0.704470157950861,True
8,online,Location-based,023,3,-1.1645753784271693,False
8,online,Location-based,123,3,-1.9977260656316282,False
8,online,Location-based,01,2,0.6295279937163695,True
8,online,Location-based,02,2,0.5189378155429485,True
8,online,Location-based,03,2,-0.5300337093554588,False
8,online,Location-based,12,2,-0.2002379306044637,False
8,online,Location-based,13,2,-1.2590979056383063,False
8,online,Location-based,23,2,-3.774866402413065,False
8,online,Location-based,0,1,0.026296265387249496,True
8,online,Location-based,1,1,0.07145908299756942,True
8,online,Location-based,2,1,-1.4437736492156614,False
8,online,Location-based,3,1,-2.9316724808442562,False
8,online,Work-proportional,012,3,1.2873212595325978,True
8,online,Work-proportional,013,3,0.8347720516953587,True
8,online,Work-proportional,023,3,-1.2480574310196824,False
8,online,Work-proportional,123,3,-2.384941307373948,False
8,online,Work-proportional,01,2,1.1002252880512011,True
8,online,Work-proportional,02,2,0.7758511635407694,True
8,online,Work-proportional,03,2,-0.48321386820347323,False
8,online,Work-proportional,12,2,-0.24705777175644972,False
8,online,Work-proportional,13,2,-1.5160112536361279,False
8,online,Work-proportional,23,2,-4.245563696747897,False
8,online,Work-proportional,0,1,0.41351150712956886,True
8,online,Work-proportional,1,1,0.15494113559008182,True
8,online,Work-proportional,2,1,-1.5740755429601598,False
8,online,Work-proportional,3,1,-3.27206788143459,False
9,hindsight,Dual (Theorem 3),012,3,-1.293859290681542,False
9,hindsight,Dual (Theorem 3),013,3,-0.18414373841465959,False
9,hindsight,Dual (Theorem 3),023,3,-0.4001690559325466,False
9,hindsight,Dual (Theorem 3),123,3,-0.35298236189642473,False
9,hindsight,Dual (Theorem 3),01,2,-2.602253111575884,False
9,hindsight,Dual (Theorem 3),02,2,-0.3634311964436121,False
9,hindsight,Dual (Theorem 3),03,2,-0.23899625677940506,False
9,hindsight,Dual (Theorem 3),12,2,-0.30678630821376207,False
9,hindsight,Dual (Theorem 3),13,2,-0.22189174968349068,False
9,hindsight,Dual (Theorem 3),23,2,-1.5057007822066106,False
9,hindsight,Dual (Theorem 3),0,1,-1.771788837524367,False
9,hindsight,Dual (Theorem 3),1,1,-1.2179702200134397,False
9,hindsight,Dual (Theorem 3),2,1,-0.8886809477581514,False
9,hindsight,Dual (Theorem 3),3,1,-1.243410426906233,False
9,hindsight,Location-based,012,3,0.8360679174628702,True
9,hindsight,Location-based,013,3,0.7523440988276755,True
9,hindsight,Location-based,023,3,-1.6637496217492598,False
9,hindsight,Location-based,123,3,-2.155816841466457,False
9,hindsight,Location-based,01,2,0.46416193381086335,True
9,hindsight,Location-based,02,2,0.5029154458840863,True
9,hindsight,Location-based,03,2,-0.566088985353784,False
9,hindsight,Location-based,12,2,0.02030642036061736,True
9,hindsight,Location-based,13,2,-1.0882383920111884,False
9,hindsight,Location-based,23,2,-4.5721158275933576,False
9,hindsight,Location-based,0,1,0.031045642045666205,True
9,hindsight,Location-based,1,1,0.04561034580327461,True
9,hindsight,Location-based,2,1,-1.8251687850004863,False
9,hindsight,Location-based,3,1,-3.373337635050645,False
9,hindsight,Work-proportional,012,3,1.0377407179257634,True
9,hindsight,Work-proportional,013,3,0.8716115921300467,True
9,hindsight,Work-proportional,023,3,-1.731577614503296,False
9,hindsight,Work-proportional,123,3,-2.40892914247767,False
9,hindsight,Work-proportional,01,2,0.7851022275761225,True
9,hindsight,Work-proportional,02,2,0.6367602535929384,True
9,hindsight,Work-proportional,03,2,-0.5146494848054539,False
9,hindsight,Work-proportional,12,2,-0.031133080187707662,False
9,hindsight,Work-proportional,13,2,-1.2220831997200357,False
9,hindsight,Work-proportional,23,2,-4.893056121358612,False
9,hindsight,Work-proportional,0,1,0.28415794305688435,True
9,hindsight,Work-proportional,1,1,0.11343833855731555,True
9,hindsight,Work-proportional,2,1,-1.9444362783028524,False
9,hindsight,Work-proportional,3,1,-3.575010435513533,False
9,online,Dual (Theorem 3),012,3,-1.145429977314082,False
9,online,Dual (Theorem 3),013,3,0.057572269272264,True
9,online,Dual (Theorem 3),023,3,-0.41822101193591,False
9,online,Dual (Theorem 3),123,3,-0.3416806725033741,False
9,online,Dual (Theorem 3),01,2,-2.4941390849307883,False
9,online,Dual (Theorem 3),02,2,-0.4177553949166175,False
9,online,Dual (Theorem 3),03,2,-0.26457558816943694,False
9,online,Dual (Theorem 3),12,2,-0.39492794354135663,False
9,online,Dual (Theorem 3),13,2,-0.22453844051929117,False
9,online,Dual (Theorem 3),23,2,-1.4808670381384594,False
9,online,Dual (Theorem 3),0,1,-1.7376850243388609,False
9,online,Dual (Theorem 3),1,1,-1.167876179812975,False
9,online,Dual (Theorem 3),2,1,-0.9118405988407603,False
9,online,Dual (Theorem 3),3,1,-1.1409191918701111,False
9,online,Location-based,012,3,0.7459293408971428,True
9,online,Location-based,013,3,1.1405494669589928,True
9,online,Location-based,023,3,-1.630651312355904,False
9,online,Location-based,123,3,-2.103586887981315,False
9,online,Location-based,01,2,0.4801974309671593,True
9,online,Location-based,02,2,0.2611736228746069,True
9,online,Location-based,03,2,-0.39402869090270887,False
9,online,Location-based,12,2,-0.2654748408080787,False
9,online,Location-based,13,2,-0.9034674583105096,False
9,online,Location-based,23,2,-4.455203554036402,False
9,online,Location-based,0,1,0.024221191139086107,True
9,online,Location-based,1,1,0.04455412060702546,True
9,online,Location-based,2,1,-1.994817796527483,False
9,online,Location-based,3,1,-3.03227851008133,False
9,online,Work-proportional,012,3,1.1861700312932235,True
9,online,Work-proportional,013,3,1.1133275998169707,True
9,online,Work-proportional,023,3,-1.7496295705066593,False
9,online,Work-proportional,123,3,-2.39762745308462,False
9,online,Work-proportional,01,2,0.8932162542212183,True
9,online,Work-proportional,02,2,0.5824360551199328,True
9,online,Work-proportional,03,2,-0.5402288161954858,False
9,online,Work-proportional,12,2,-0.11927471551530244,False
9,online,Work-proportional,13,2,-1.2247298905558357,False
9,online,Work-proportional,23,2,-4.8682223772904605,False
9,online,Work-proportional,0,1,0.3182617562423904,True
9,online,Work-proportional,1,1,0.16353237875778015,True
9,online,Work-proportional,2,1,-1.9675959293854612,False
9,online,Work-proportional,3,1,-3.472519200477411,False
10,hindsight,Dual (Theorem 3),012,3,-0.8029871624872238,False
10,hindsight,Dual (Theorem 3),013,3,-0.25774551209259244,False
10,hindsight,Dual (Theorem 3),023,3,-0.26948060449402833,False
10,hindsight,Dual (Theorem 3),123,3,-0.23182938617481774,False
10,hindsight,Dual (Theorem 3),01,2,-1.7370804976081398,False
10,hindsight,Dual (Theorem 3),02,2,-0.15267699426619114,False
10,hindsight,Dual (Theorem 3),03,2,-0.10428120002093921,False
10,hindsight,Dual (Theorem 3),12,2,-0.13169356598920823,False
10,hindsight,Dual (Theorem 3),13,2,-0.09154736757728177,False
10,hindsight,Dual (Theorem 3),23,2,-1.1146296013713153,False
10,hindsight,Dual (Theorem 3),0,1,-1.2234516344601931,False
10,hindsight,Dual (Theorem 3),1,1,-0.7706897866245963,False
10,hindsight,Dual (Theorem 3),2,1,-0.9881230509254981,False
10,hindsight,Dual (Theorem 3),3,1,-0.7719914743905374,False
10,hindsight,Location-based,012,3,0.41267112657822524,True
10,hindsight,Location-based,013,3,0.5809639662101509,True
10,hindsight,Location-based,023,3,-1.0904371842259832,False
10,hindsight,Location-based,123,3,-1.4652405738110574,False
10,hindsight,Location-based,01,2,0.3172872697600532,True
10,hindsight,Location-based,02,2,0.24202471506730389,True
10,hindsight,Location-based,03,2,-0.08652830145014989,False
10,hindsight,Location-based,12,2,-0.14944646455999822,False
10,hindsight,Location-based,13,2,-0.48624907691077723,False
10,hindsight,Location-based,23,2,-3.1689973687395088,False
10,hindsight,Location-based,0,1,0.009959553176045799,True
10,hindsight,Location-based,1,1,0.05026679310735771,True
10,hindsight,Location-based,2,1,-1.8268325292282421,False
10,hindsight,Location-based,3,1,-1.987649763455987,False
10,hindsight,Work-proportional,012,3,0.6044761582667673,True
10,hindsight,Work-proportional,013,3,0.5429220252326561,True
10,hindsight,Work-proportional,023,3,-1.0874401290140356,False
10,hindsight,Work-proportional,123,3,-1.6220007197340491,False
10,hindsight,Work-proportional,01,2,0.4710503604710993,True
10,hindsight,Work-proportional,02,2,0.4368268019677924,True
10,hindsight,Work-proportional,03,2,-0.12157318721569821,False
10,hindsight,Work-proportional,12,2,-0.11440157879444879,False
10,hindsight,Work-proportional,13,2,-0.6810511638112646,False
10,hindsight,Work-proportional,23,2,-3.3227604594505538,False
10,hindsight,Work-proportional,0,1,0.16671969909903836,True
10,hindsight,Work-proportional,1,1,0.04726973789541128,True
10,hindsight,Work-proportional,2,1,-1.7887905882507462,False
10,hindsight,Work-proportional,3,1,-2.179454795144528,False
10,online,Dual (Theorem 3),012,3,-0.7577292731976621,False
10,online,Dual (Theorem 3),013,3,-0.13608171380734935,False
10,online,Dual (Theorem 3),023,3,-0.2874661503510145,False
10,online,Dual (Theorem 3),123,3,-0.22570717791461226,False
10,online,Dual (Theorem 3),01,2,-1.670513803818602,False
10,online,Dual (Theorem 3),02,2,-0.15390778270388805,False
10,online,Dual (Theorem 3),03,2,-0.14498379265035743,False
10,online,Dual (Theorem 3),12,2,-0.17635198033808708,False
10,online,Dual (Theorem 3),13,2,-0.07211165899699701,False
10,online,Dual (Theorem 3),23,2,-1.1124385604655807,False
10,online,Dual (Theorem 3),0,1,-1.2025280241151488,False
10,online,Dual (Theorem 3),1,1,-0.7580288961190015,False
10,online,Dual (Theorem 3),2,1,-1.0351567504877004,False
10,online,Dual (Theorem 3),3,1,-0.7364292714439751,False
10,online,Location-based,012,3,0.39412034424361475,True
10,online,Location-based,013,3,0.7082905878612913,True
10,online,Location-based,023,3,-1.0797853222470057,False
10,online,Location-based,123,3,-1.429609925128534,False
10,online,Location-based,01,2,0.3257081152913138,True
10,online,Location-based,02,2,0.20562266284139608,True
10,online,Location-based,03,2,-0.09293066287770957,False
10,online,Location-based,12,2,-0.2284051101107334,False
10,online,Location-based,13,2,-0.43164210454228,False
10,online,Location-based,23,2,-3.1086604795754957,False
10,online,Location-based,0,1,0.0013747230987744968,True
10,online,Location-based,1,1,0.034290275776991175,True
10,online,Location-based,2,1,-1.8795290521563395,False
10,online,Location-based,3,1,-1.8882788888852506,False
10,online,Work-proportional,012,3,0.6497340475563287,True
10,online,Work-proportional,013,3,0.6645858235178992,True
10,online,Work-proportional,023,3,-1.1054256748710216,False
10,online,Work-proportional,123,3,-1.6158785114738432,False
10,online,Work-proportional,01,2,0.5376170542606368,True
10,online,Work-proportional,02,2,0.43559601353009547,True
10,online,Work-proportional,03,2,-0.16227577984511643,False
10,online,Work-proportional,12,2,-0.15905999314332764,False
10,online,Work-proportional,13,2,-0.6616154552309803,False
10,online,Work-proportional,23,2,-3.3205694185448196,False
10,online,Work-proportional,0,1,0.1876433094440827,True
10,online,Work-proportional,1,1,0.05993062840100605,True
10,online,Work-proportional,2,1,-1.8358242878129485,False
10,online,Work-proportional,3,1,-2.1438925921979655,False
11,hindsight,Dual (Theorem 3),012,3,-0.6580952362410102,False
11,hindsight,Dual (Theorem 3),013,3,-0.22960105601296865,False
11,hindsight,Dual (Theorem 3),023,3,-0.22060833214803832,False
11,hindsight,Dual (Theorem 3),123,3,-0.23139459118362282,False
11,hindsight,Dual (Theorem 3),01,2,-1.6470137763098465,False
11,hindsight,Dual (Theorem 3),02,2,-0.18104706723135777,False
11,hindsight,Dual (Theorem 3),03,2,-0.14187953309403012,False
11,hindsight,Dual (Theorem 3),12,2,-0.13569604253418133,False
11,hindsight,Dual (Theorem 3),13,2,-0.11501285216123858,False
11,hindsight,Dual (Theorem 3),23,2,-0.8629705577865554,False
11,hindsight,Dual (Theorem 3),0,1,-1.3403654649193817,False
11,hindsight,Dual (Theorem 3),1,1,-0.6719658257311206,False
11,hindsight,Dual (Theorem 3),2,1,-0.9401960161389662,False
11,hindsight,Dual (Theorem 3),3,1,-0.6135256900561448,False
11,hindsight,Location-based,012,3,0.6100989158608634,True
11,hindsight,Location-based,013,3,0.6124610606353276,True
11,hindsight,Location-based,023,3,-0.9818635612822373,False
11,hindsight,Location-based,123,3,-1.5803956307995946,False
11,hindsight,Location-based,01,2,0.46324249244032384,True
11,hindsight,Location-based,02,2,0.3258918557363173,True
11,hindsight,Location-based,03,2,-0.061072645579932416,False
11,hindsight,Location-based,12,2,-0.21650293004827947,False
11,hindsight,Location-based,13,2,-0.6219517751289136,False
11,hindsight,Location-based,23,2,-2.9732268265367265,False
11,hindsight,Location-based,0,1,0.008635574696590001,True
11,hindsight,Location-based,1,1,0.089289403403078,True
11,hindsight,Location-based,2,1,-1.7822581327872629,False
11,hindsight,Location-based,3,1,-1.8817198421580188,False
11,hindsight,Work-proportional,012,3,0.7477681029841816,True
11,hindsight,Work-proportional,013,3,0.575445606306431,True
11,hindsight,Work-proportional,023,3,-0.8944960082314748,False
11,hindsight,Work-proportional,123,3,-1.7684169166447763,False
11,hindsight,Work-proportional,01,2,0.5638962252347446,True
11,hindsight,Work-proportional,02,2,0.5509285959103973,True
11,hindsight,Work-proportional,03,2,-0.010720546858067115,False
11,hindsight,Work-proportional,12,2,-0.2668550287701441,False
11,hindsight,Work-proportional,13,2,-0.8469885153029932,False
11,hindsight,Work-proportional,23,2,-3.0738805593311462,False
11,hindsight,Work-proportional,0,1,0.19665686054177278,True
11,hindsight,Work-proportional,1,1,0.001921850352316068,True
11,hindsight,Work-proportional,2,1,-1.7452426784583657,False
11,hindsight,Work-proportional,3,1,-2.019389029281336,False
11,online,Dual (Theorem 3),012,3,-0.6234148779522601,False
11,online,Dual (Theorem 3),013,3,-0.12799238928992018,False
11,online,Dual (Theorem 3),023,3,-0.18065438040650506,False
11,online,Dual (Theorem 3),123,3,-0.1652321723463377,False
11,online,Dual (Theorem 3),01,2,-1.5730442534675237,False
11,online,Dual (Theorem 3),02,2,-0.153883663163372,False
11,online,Dual (Theorem 3),03,2,-0.23720370948947567,False
11,online,Dual (Theorem 3),12,2,-0.18718036785868297,False
11,online,Dual (Theorem 3),13,2,-0.16761381043930035,False
11,online,Dual (Theorem 3),23,2,-0.8127643282570345,False
11,online,Dual (Theorem 3),0,1,-1.3182050477443645,False
11,online,Dual (Theorem 3),1,1,-0.6401051349248639,False
11,online,Dual (Theorem 3),2,1,-0.9455846791074765,False
11,online,Dual (Theorem 3),3,1,-0.6354678294495426,False
11,online,Location-based,012,3,0.4593113175865948,True
11,online,Location-based,013,3,0.7870550490751909,True
11,online,Location-based,023,3,-0.8624235136890857,False
11,online,Location-based,123,3,-1.4812366729677198,False
11,online,Location-based,01,2,0.4247293804364412,True
11,online,Location-based,02,2,0.24707339909290105,True
11,online,Location-based,03,2,-0.003925404406946553,False
11,online,Location-based,12,2,-0.420458672941211,False
11,online,Location-based,13,2,-0.568570872695572,False
11,online,Location-based,23,2,-2.810537962160998,False
11,online,Location-based,0,1,-0.0022005471229815943,False
11,online,Location-based,1,1,0.04166399835771806,True
11,online,Location-based,2,1,-1.8606321174725864,False
11,online,Location-based,3,1,-1.7181940249883965,False
11,online,Work-proportional,012,3,0.7824484612729314,True
11,online,Work-proportional,013,3,0.6770542730294797,True
11,online,Work-proportional,023,3,-0.8545420564899411,False
11,online,Work-proportional,123,3,-1.702254497807492,False
11,online,Work-proportional,01,2,0.6378657480770673,True
11,online,Work-proportional,02,2,0.5780919999783831,True
11,online,Work-proportional,03,2,-0.10604472325351244,False
11,online,Work-proportional,12,2,-0.31833935409464575,False
11,online,Work-proportional,13,2,-0.8995894735810546,False
11,online,Work-proportional,23,2,-3.023674329801625,False
11,online,Work-proportional,0,1,0.2188172777167898,True
11,online,Work-proportional,1,1,0.03378254115857282,True
11,online,Work-proportional,2,1,-1.750631341426876,False
11,online,Work-proportional,3,1,-2.0413311686747337,False
12,hindsight,Dual (Theorem 3),012,3,-0.47142329389415605,False
12,hindsight,Dual (Theorem 3),013,3,-0.23283438220609276,False
12,hindsight,Dual (Theorem 3),023,3,-0.338306944953608,False
12,hindsight,Dual (Theorem 3),123,3,-0.27334577053458764,False
12,hindsight,Dual (Theorem 3),01,2,-1.2554196162130187,False
12,hindsight,Dual (Theorem 3),02,2,-0.13198553640487287,False
12,hindsight,Dual (Theorem 3),03,2,-0.11559970912279538,False
12,hindsight,Dual (Theorem 3),12,2,-0.08382588298223337,False
12,hindsight,Dual (Theorem 3),13,2,-0.06603639926807836,False
12,hindsight,Dual (Theorem 3),23,2,-1.1636364737772822,False
12,hindsight,Dual (Theorem 3),0,1,-0.9183442378325513,False
12,hindsight,Dual (Theorem 3),1,1,-0.5135288892972102,False
12,hindsight,Dual (Theorem 3),2,1,-0.8139604139682204,False
12,hindsight,Dual (Theorem 3),3,1,-0.79439337280821,False
12,hindsight,Location-based,012,3,0.39244665841819004,True
12,hindsight,Location-based,013,3,0.42219612623668445,True
12,hindsight,Location-based,023,3,-0.9259536319565338,False
12,hindsight,Location-based,123,3,-1.204599544286785,False
12,hindsight,Location-based,01,2,0.2634808445421045,True
12,hindsight,Location-based,02,2,0.14423772890454756,True
12,hindsight,Location-based,03,2,-0.048215887682943936,False
12,hindsight,Location-based,12,2,-0.1512097044220848,False
12,hindsight,Location-based,13,2,-0.3422596645774987,False
12,hindsight,Location-based,23,2,-2.682536934532405,False
12,hindsight,Location-based,0,1,0.01290953591964629,True
12,hindsight,Location-based,1,1,0.07411779770571547,True
12,hindsight,Location-based,2,1,-1.4689909224109976,False
12,hindsight,Location-based,3,1,-1.658263325120556,False
12,hindsight,Work-proportional,012,3,0.48281920421504787,True
12,hindsight,Work-proportional,013,3,0.45273645472620516,True
12,hindsight,Work-proportional,023,3,-0.9273626540666906,False
12,hindsight,Work-proportional,123,3,-1.3241033964630142,False
12,hindsight,Work-proportional,01,2,0.3843937188284856,True
12,hindsight,Work-proportional,02,2,0.23320125259125113,True
12,hindsight,Work-proportional,03,2,-0.019084581303577375,False
12,hindsight,Work-proportional,12,2,-0.18034101080145382,False
12,hindsight,Work-proportional,13,2,-0.4312231882642048,False
12,hindsight,Work-proportional,23,2,-2.803449808818789,False
12,hindsight,Work-proportional,0,1,0.1324133880958732,True
12,hindsight,Work-proportional,1,1,0.07552681981586978,True
12,hindsight,Work-proportional,2,1,-1.4995312509005208,False
12,hindsight,Work-proportional,3,1,-1.7486358709174163,False
12,online,Dual (Theorem 3),012,3,-0.3964829624940951,False
12,online,Dual (Theorem 3),013,3,-0.14138561552177875,False
12,online,Dual (Theorem 3),023,3,-0.40168467843639943,False
12,online,Dual (Theorem 3),123,3,-0.3284464490256598,False
12,online,Dual (Theorem 3),01,2,-1.2001026428362493,False
12,online,Dual (Theorem 3),02,2,-0.1651004384535384,False
12,online,Dual (Theorem 3),03,2,-0.21128050543644905,False
12,online,Dual (Theorem 3),12,2,-0.17064866063624318,False
12,online,Dual (Theorem 3),13,2,-0.0715700869203637,False
12,online,Dual (Theorem 3),23,2,-1.2589162069001936,False
12,online,Dual (Theorem 3),0,1,-0.901047065191516,False
12,online,Dual (Theorem 3),1,1,-0.4950111749671109,False
12,online,Dual (Theorem 3),2,1,-0.8289026723126875,False
12,online,Dual (Theorem 3),3,1,-0.8470540666360575,False
12,online,Location-based,012,3,0.39043926809568263,True
12,online,Location-based,013,3,0.5404785022205725,True
12,online,Location-based,023,3,-0.9686448818117963,False
12,online,Location-based,123,3,-1.2302725939824009,False
12,online,Location-based,01,2,0.2686837054958825,True
12,online,Location-based,02,2,0.05486158876084524,True
12,online,Location-based,03,2,-0.09637659106949159,False
12,online,Location-based,12,2,-0.2855525750032035,False
12,online,Location-based,13,2,-0.29153211413475044,False
12,online,Location-based,23,2,-2.7277025552323284,False
12,online,Location-based,0,1,0.0007790797652219017,True
12,online,Location-based,1,1,0.07194902840828299,True
12,online,Location-based,2,1,-1.5107667900550417,False
12,online,Location-based,3,1,-1.633976297225838,False
12,online,Work-proportional,012,3,0.5577595356151089,True
12,online,Work-proportional,013,3,0.5441852214105192,True
12,online,Work-proportional,023,3,-0.9907403875494816,False
12,online,Work-proportional,123,3,-1.3792040749540866,False
12,online,Work-proportional,01,2,0.43971069220525516,True
12,online,Work-proportional,02,2,0.20008635054258572,True
12,online,Work-proportional,03,2,-0.11476537761723105,False
12,online,Work-proportional,12,2,-0.2671637884554636,False
12,online,Work-proportional,13,2,-0.43675687591649015,False
12,online,Work-proportional,23,2,-2.8987295419417003,False
12,online,Work-proportional,0,1,0.14971056073690847,True
12,online,Work-proportional,1,1,0.09404453414596908,True
12,online,Work-proportional,2,1,-1.514473509244988,False
12,online,Work-proportional,3,1,-1.801296564745264,False
13,hindsight,Dual (Theorem 3),012,3,-0.3290713579596558,False
13,hindsight,Dual (Theorem 3),013,3,-0.1801991767518547,False
13,hindsight,Dual (Theorem 3),023,3,-0.2681282589376901,False
13,hindsight,Dual (Theorem 3),123,3,-0.22396108467245712,False
13,hindsight,Dual (Theorem 3),01,2,-0.8082223597112236,False
13,hindsight,Dual (Theorem 3),02,2,-0.14279409369623502,False
13,hindsight,Dual (Theorem 3),03,2,-0.09372753386200106,False
13,hindsight,Dual (Theorem 3),12,2,-0.058250742576154924,False
13,hindsight,Dual (Theorem 3),13,2,-0.05113974282082623,False
13,hindsight,Dual (Theorem 3),23,2,-0.8956779144934472,False
13,hindsight,Dual (Theorem 3),0,1,-0.6593942945457556,False
13,hindsight,Dual (Theorem 3),1,1,-0.3258640307619229,False
13,hindsight,Dual (Theorem 3),2,1,-0.5582274516520086,False
13,hindsight,Dual (Theorem 3),3,1,-0.6520957883389602,False
13,hindsight,Location-based,012,3,0.2565790656064083,True
13,hindsight,Location-based,013,3,0.28780221886115753,True
13,hindsight,Location-based,023,3,-0.648023513195487,False
13,hindsight,Location-based,123,3,-0.8977176495937371,False
13,hindsight,Location-based,01,2,0.24542945946785283,True
13,hindsight,Location-based,02,2,0.06296107561203251,True
13,hindsight,Location-based,03,2,-0.005621392506785505,False
13,hindsight,Location-based,12,2,-0.14635688393137058,False
13,hindsight,Location-based,13,2,-0.25689491212909377,False
13,hindsight,Location-based,23,2,-1.9493297336725237,False
13,hindsight,Location-based,0,1,0.014362270375524108,True
13,hindsight,Location-based,1,1,0.05403122349587369,True
13,hindsight,Location-based,2,1,-1.026228847265021,False
13,hindsight,Location-based,3,1,-1.2377462119050244,False
13,hindsight,Work-proportional,012,3,0.28574910909932394,True
13,hindsight,Work-proportional,013,3,0.258406913340157,True
13,hindsight,Work-proportional,023,3,-0.5703942594293807,False
13,hindsight,Work-proportional,123,3,-0.9751216413317452,False
13,hindsight,Work-proportional,01,2,0.24520419743976352,True
13,hindsight,Work-proportional,02,2,0.16976037287105,True
13,hindsight,Work-proportional,03,2,0.042612555738315905,True
13,hindsight,Work-proportional,12,2,-0.19459083217646744,False
13,hindsight,Work-proportional,13,2,-0.3636942093881068,False
13,hindsight,Work-proportional,23,2,-1.9491044716444301,False
13,hindsight,Work-proportional,0,1,0.0917662621135367,True
13,hindsight,Work-proportional,1,1,-0.02359803027022822,False
13,hindsight,Work-proportional,2,1,-0.996833541744016,False
13,hindsight,Work-proportional,3,1,-1.2669162553979356,False
13,online,Dual (Theorem 3),012,3,-0.29624410763467046,False
13,online,Dual (Theorem 3),013,3,-0.17596282635545157,False
13,online,Dual (Theorem 3),023,3,-0.30111272766383834,False
13,online,Dual (Theorem 3),123,3,-0.27452328239263935,False
13,online,Dual (Theorem 3),01,2,-0.7920952807974514,False
13,online,Dual (Theorem 3),02,2,-0.21818952606290065,False
13,online,Dual (Theorem 3),03,2,-0.17711052999895316,False
13,online,Dual (Theorem 3),12,2,-0.20915103182036043,False
13,online,Dual (Theorem 3),13,2,-0.12217972366116414,False
13,online,Dual (Theorem 3),23,2,-0.9971148473291498,False
13,online,Dual (Theorem 3),0,1,-0.6514881511580973,False
13,online,Dual (Theorem 3),1,1,-0.32651396282885586,False
13,online,Dual (Theorem 3),2,1,-0.5965000439743586,False
13,online,Dual (Theorem 3),3,1,-0.6653410460242033,False
13,online,Location-based,012,3,0.24062951843407854,True
13,online,Location-based,013,3,0.3100586760730857,True
13,online,Location-based,023,3,-0.6679075586821215,False
13,online,Location-based,123,3,-0.9306235798716296,False
13,online,Location-based,01,2,0.23079984769983042,True
13,online,Location-based,02,2,-0.04811073101243907,False
13,online,Location-based,03,2,-0.057883858588703374,False
13,online,Location-based,12,2,-0.3283777032306059,False
13,online,Location-based,13,2,-0.29225851871162134,False
13,online,Location-based,23,2,-2.020009975826427,False
13,online,Location-based,0,1,0.004612146320897098,True
13,online,Location-based,1,1,0.040280868189431496,True
13,online,Location-based,2,1,-1.0825215464028914,False
13,online,Location-based,3,1,-1.202214672092948,False
13,online,Work-proportional,012,3,0.3185763594243094,True
13,online,Work-proportional,013,3,0.2626432637365601,True
13,online,Work-proportional,023,3,-0.603378728155529,False
13,online,Work-proportional,123,3,-1.0256838390519276,False
13,online,Work-proportional,01,2,0.2613312763535357,True
13,online,Work-proportional,02,2,0.09436494050438449,True
13,online,Work-proportional,03,2,-0.0407704403986362,False
13,online,Work-proportional,12,2,-0.34549112142067295,False
13,online,Work-proportional,13,2,-0.43473419022844495,False
13,online,Work-proportional,23,2,-2.0505414044801324,False
13,online,Work-proportional,0,1,0.09967240550119506,True
13,online,Work-proportional,1,1,-0.0242479623371612,False
13,online,Work-proportional,2,1,-1.0351061340663659,False
13,online,Work-proportional,3,1,-1.2801615130831787,False
14,hindsight,Dual (Theorem 3),012,3,-0.31689265421239854,False
14,hindsight,Dual (Theorem 3),013,3,-0.07781746876667828,False
14,hindsight,Dual (Theorem 3),023,3,-0.1353053074332775,False
14,hindsight,Dual (Theorem 3),123,3,-0.11286795915478476,False
14,hindsight,Dual (Theorem 3),01,2,-0.5862991856760955,False
14,hindsight,Dual (Theorem 3),02,2,-0.07873721049532176,False
14,hindsight,Dual (Theorem 3),03,2,-0.18899529360760925,False
14,hindsight,Dual (Theorem 3),12,2,-0.08733513142268012,False
14,hindsight,Dual (Theorem 3),13,2,-0.1688963251061304,False
14,hindsight,Dual (Theorem 3),23,2,-0.5841991837850911,False
14,hindsight,Dual (Theorem 3),0,1,-0.32874574122951816,False
14,hindsight,Dual (Theorem 3),1,1,-0.28455010937007297,False
14,hindsight,Dual (Theorem 3),2,1,-0.1849701081470198,False
14,hindsight,Dual (Theorem 3),3,1,-0.9505558164805634,False
14,hindsight,Location-based,012,3,0.1851496027085418,True
14,hindsight,Location-based,013,3,0.07753694742343153,True
14,hindsight,Location-based,023,3,-0.4515720775603378,False
14,hindsight,Location-based,123,3,-0.4539978621387748,False
14,hindsight,Location-based,01,2,0.07109748743495468,True
14,hindsight,Location-based,02,2,0.1070382762985583,True
14,hindsight,Location-based,03,2,-0.3499076475445596,False
14,hindsight,Location-based,12,2,0.07357722251427024,True
14,hindsight,Location-based,13,2,-0.3546718119000105,False
14,hindsight,Location-based,23,2,-1.2415958568961414,False
14,hindsight,Location-based,0,1,0.012384161754471802,True
14,hindsight,Location-based,1,1,0.031716660756987286,True
14,hindsight,Location-based,2,1,-0.34032452433712973,False
14,hindsight,Location-based,3,1,-1.4525980734015038,False
14,hindsight,Work-proportional,012,3,0.17302124743564057,True
14,hindsight,Work-proportional,013,3,0.16059595336750687,True
14,hindsight,Work-proportional,023,3,-0.4895006305488767,False
14,hindsight,Work-proportional,123,3,-0.48699995982141564,False
14,hindsight,Work-proportional,01,2,0.14202813810613063,True
14,hindsight,Work-proportional,02,2,0.05698136803712009,True
14,hindsight,Work-proportional,03,2,-0.30477719458902136,False
14,hindsight,Work-proportional,12,2,0.0284467695587301,True
14,hindsight,Work-proportional,13,2,-0.30461490363857413,False
14,hindsight,Work-proportional,23,2,-1.3125265075673191,False
14,hindsight,Work-proportional,0,1,0.04538625943711074,True
14,hindsight,Work-proportional,1,1,0.06964521374552432,True
14,hindsight,Work-proportional,2,1,-0.4233835302812069,False
14,hindsight,Work-proportional,3,1,-1.4404697181286046,False
14,online,Dual (Theorem 3),012,3,-0.26600483307119155,False
14,online,Dual (Theorem 3),013,3,-0.02009838211674264,False
14,online,Dual (Theorem 3),023,3,-0.16023520355409393,False
14,online,Dual (Theorem 3),123,3,-0.14868511986553767,False
14,online,Dual (Theorem 3),01,2,-0.5594279247665694,False
14,online,Dual (Theorem 3),02,2,-0.10111473689127704,False
14,online,Dual (Theorem 3),03,2,-0.28279260115419447,False
14,online,Dual (Theorem 3),12,2,-0.05421458213545377,False
14,online,Dual (Theorem 3),13,2,-0.2349712019392569,False
14,online,Dual (Theorem 3),23,2,-0.6348219957532342,False
14,online,Dual (Theorem 3),0,1,-0.31927816703543,False
14,online,Dual (Theorem 3),1,1,-0.2727635774909224,False
14,online,Dual (Theorem 3),2,1,-0.21591401218520884,False
14,online,Dual (Theorem 3),3,1,-1.0368468023250674,False
14,online,Location-based,012,3,0.23254073010354592,True
14,online,Location-based,013,3,0.10566684090911893,True
14,online,Location-based,023,3,-0.45493849604766745,False
14,online,Location-based,123,3,-0.47829261357257014,False
14,online,Location-based,01,2,0.0648828614340319,True
14,online,Location-based,02,2,0.10272753378988925,True
14,online,Location-based,03,2,-0.4517306706219041,False
14,online,Location-based,12,2,0.11472348733225352,True
14,online,Location-based,13,2,-0.43881347262042536,False
14,online,Location-based,23,2,-1.2591327819538378,False
14,online,Location-based,0,1,0.010329326671600199,True
14,online,Location-based,1,1,0.021939715002648796,True
14,online,Location-based,2,1,-0.34167923521107274,False
14,online,Location-based,3,1,-1.5353923654998072,False
14,online,Work-proportional,012,3,0.22390906857684767,True
14,online,Work-proportional,013,3,0.2183150400174425,True
14,online,Work-proportional,023,3,-0.5144305266696934,False
14,online,Work-proportional,123,3,-0.5228171205321686,False
14,online,Work-proportional,01,2,0.16889939901565681,True
14,online,Work-proportional,02,2,0.03460384164116481,True
14,online,Work-proportional,03,2,-0.39857450213560675,False
14,online,Work-proportional,12,2,0.061567318845956454,True
14,online,Work-proportional,13,2,-0.37068978047170065,False
14,online,Work-proportional,23,2,-1.3631493195354625,False
14,online,Work-proportional,0,1,0.05485383363119896,True
14,online,Work-proportional,1,1,0.08143174562467492,True
14,online,Work-proportional,2,1,-0.45432743431939593,False
14,online,Work-proportional,3,1,-1.5267607039731086,False
15,hindsight,Dual (Theorem 3),012,3,-0.5732261083877177,False
15,hindsight,Dual (Theorem 3),013,3,-0.10963770436596287,False
15,hindsight,Dual (Theorem 3),023,3,-0.31279218885496496,False
15,hindsight,Dual (Theorem 3),123,3,-0.20950318366119847,False
15,hindsight,Dual (Theorem 3),01,2,-1.0452280261917934,False
15,hindsight,Dual (Theorem 3),02,2,-0.17623658470008913,False
15,hindsight,Dual (Theorem 3),03,2,-0.23654091713746572,False
15,hindsight,Dual (Theorem 3),12,2,-0.14924965116775224,False
15,hindsight,Dual (Theorem 3),13,2,-0.14943878727676685,False
15,hindsight,Dual (Theorem 3),23,2,-1.09046961951777,False
15,hindsight,Dual (Theorem 3),0,1,-0.7239898698203953,False
15,hindsight,Dual (Theorem 3),1,1,-0.4543294109434136,False
15,hindsight,Dual (Theorem 3),2,1,-0.5909262629558428,False
15,hindsight,Dual (Theorem 3),3,1,-1.254284208942396,False
15,hindsight,Location-based,012,3,0.29894685563611056,True
15,hindsight,Location-based,013,3,0.25652574854631216,True
15,hindsight,Location-based,023,3,-0.8094219526011801,False
15,hindsight,Location-based,123,3,-0.9512098368510866,False
15,hindsight,Location-based,01,2,0.1931083907443102,True
15,hindsight,Location-based,02,2,0.19930661557752388,True
15,hindsight,Location-based,03,2,-0.3670072279714056,False
15,hindsight,Location-based,12,2,-0.018783340333812237,False
15,hindsight,Location-based,13,2,-0.5249819875543797,False
15,hindsight,Location-based,23,2,-2.328806036453874,False
15,hindsight,Location-based,0,1,0.017716783369493005,True
15,hindsight,Location-based,1,1,0.0423003528028017,True
15,hindsight,Location-based,2,1,-0.9570897158681181,False
15,hindsight,Location-based,3,1,-2.1264571729662243,False
15,hindsight,Work-proportional,012,3,0.4262628726227118,True
15,hindsight,Work-proportional,013,3,0.28412508616715604,True
15,hindsight,Work-proportional,023,3,-0.8467805510559474,False
15,hindsight,Work-proportional,123,3,-1.068766593003757,False
15,hindsight,Work-proportional,01,2,0.34802374535175273,True
15,hindsight,Work-proportional,02,2,0.28926403410935536,True
15,hindsight,Work-proportional,03,2,-0.3767664888053317,False
15,hindsight,Work-proportional,12,2,-0.00902407949988382,False
15,hindsight,Work-proportional,13,2,-0.6149394060862088,False
15,hindsight,Work-proportional,23,2,-2.483721391061314,False
15,hindsight,Work-proportional,0,1,0.1352735395221658,True
15,hindsight,Work-proportional,1,1,0.07965895125757144,True
15,hindsight,Work-proportional,2,1,-0.9846890534889594,False
15,hindsight,Work-proportional,3,1,-2.253773189952823,False
15,online,Dual (Theorem 3),012,3,-0.5187106440077355,False
15,online,Dual (Theorem 3),013,3,-0.09515784208581968,False
15,online,Dual (Theorem 3),023,3,-0.3705272028426845,False
15,online,Dual (Theorem 3),123,3,-0.28028287378743677,False
15,online,Dual (Theorem 3),01,2,-1.002779452199359,False
15,online,Dual (Theorem 3),02,2,-0.23483569053997788,False
15,online,Dual (Theorem 3),03,2,-0.3834550282660265,False
15,online,Dual (Theorem 3),12,2,-0.1959373710869724,False
15,online,Dual (Theorem 3),13,2,-0.23307519137911692,False
15,online,Dual (Theorem 3),23,2,-1.1369450587767194,False
15,online,Dual (Theorem 3),0,1,-0.7023816319187242,False
15,online,Dual (Theorem 3),1,1,-0.4321886820623164,False
15,online,Dual (Theorem 3),2,1,-0.616245132713457,False
15,online,Dual (Theorem 3),3,1,-1.1422950455835297,False
15,online,Location-based,012,3,0.3514600066175926,True
15,online,Location-based,013,3,0.19109808569691245,True
15,online,Location-based,023,3,-0.8188104298565402,False
15,online,Location-based,123,3,-0.9884262251816351,False
15,online,Location-based,01,2,0.15364712620869891,True
15,online,Location-based,02,2,0.1870517330714926,True
15,online,Location-based,03,2,-0.5454823274971523,False
15,online,Location-based,12,2,-0.03391007185584449,False
15,online,Location-based,13,2,-0.6549626149905852,False
15,online,Location-based,23,2,-2.2933716371847748,False
15,online,Location-based,0,1,0.005761719475476101,True
15,online,Location-based,1,1,0.016094544951541223,True
15,online,Location-based,2,1,-0.9025010604961868,False
15,online,Location-based,3,1,-2.0124656962088556,False
15,online,Work-proportional,012,3,0.4807783370026939,True
15,online,Work-proportional,013,3,0.29860494844729923,True
15,online,Work-proportional,023,3,-0.9045155650436674,False
15,online,Work-proportional,123,3,-1.1395462831299956,False
15,online,Work-proportional,01,2,0.39047231934418714,True
15,online,Work-proportional,02,2,0.23066492826946672,True
15,online,Work-proportional,03,2,-0.5236805999338927,False
15,online,Work-proportional,12,2,-0.05571179941910398,False
15,online,Work-proportional,13,2,-0.6985758101885591,False
15,online,Work-proportional,23,2,-2.530196830320263,False
15,online,Work-proportional,0,1,0.15688177742383702,True
15,online,Work-proportional,1,1,0.10179968013866858,True
15,online,Work-proportional,2,1,-1.0100079232465737,False
15,online,Work-proportional,3,1,-2.1417840265939567,False
16,hindsight,Dual (Theorem 3),012,3,-1.0517533612340653,False
16,hindsight,Dual (Theorem 3),013,3,-0.2387333515242127,False
16,hindsight,Dual (Theorem 3),023,3,-0.29184753092141325,False
16,hindsight,Dual (Theorem 3),123,3,-0.30243394198061413,False
16,hindsight,Dual (Theorem 3),01,2,-2.2074797053176893,False
16,hindsight,Dual (Theorem 3),02,2,-0.29035094046655074,False
16,hindsight,Dual (Theorem 3),03,2,-0.22761186273807743,False
16,hindsight,Dual (Theorem 3),12,2,-0.1117634110727046,False
16,hindsight,Dual (Theorem 3),13,2,-0.14199689874576737,False
16,hindsight,Dual (Theorem 3),23,2,-1.1725421723818705,False
16,hindsight,Dual (Theorem 3),0,1,-1.625693916312632,False
16,hindsight,Dual (Theorem 3),1,1,-0.8714569369008915,False
16,hindsight,Dual (Theorem 3),2,1,-0.6707563628707434,False
16,hindsight,Dual (Theorem 3),3,1,-1.0407745956311483,False
16,hindsight,Location-based,012,3,0.6140702031816063,True
16,hindsight,Location-based,013,3,0.6914481641265042,True
16,hindsight,Location-based,023,3,-1.2387072422013476,False
16,hindsight,Location-based,123,3,-1.9515793107670651,False
16,hindsight,Location-based,01,2,0.3885253747486977,True
16,hindsight,Location-based,02,2,0.4286129126691849,True
16,hindsight,Location-based,03,2,-0.2442900583672971,False
16,hindsight,Location-based,12,2,-0.0950852154434847,False
16,hindsight,Location-based,13,2,-0.8609607518815023,False
16,hindsight,Location-based,23,2,-3.768547252448257,False
16,hindsight,Location-based,0,1,0.0234514524738193,True
16,hindsight,Location-based,1,1,0.0754027743790443,True
16,hindsight,Location-based,2,1,-1.6009378785214592,False
16,hindsight,Location-based,3,1,-2.706598160046819,False
16,hindsight,Work-proportional,012,3,1.0195625329211102,True
16,hindsight,Work-proportional,013,3,0.6459428241730993,True
16,hindsight,Work-proportional,023,3,-1.3639633025648665,False
16,hindsight,Work-proportional,123,3,-2.186310240189636,False
16,hindsight,Work-proportional,01,2,0.748512364534794,True
16,hindsight,Work-proportional,02,2,0.708849182045167,True
16,hindsight,Work-proportional,03,2,-0.415051458684224,False
16,hindsight,Work-proportional,12,2,0.07567618487344574,True
16,hindsight,Work-proportional,13,2,-1.1411970212574811,False
16,hindsight,Work-proportional,23,2,-4.12853424223435,False
16,hindsight,Work-proportional,0,1,0.25818238189639336,True
16,hindsight,Work-proportional,1,1,0.20065883474256663,True
16,hindsight,Work-proportional,2,1,-1.5554325385680512,False
16,hindsight,Work-proportional,3,1,-3.11209048978632,False
16,online,Dual (Theorem 3),012,3,-1.0229206623678482,False
16,online,Dual (Theorem 3),013,3,-0.35993490905593006,False
16,online,Dual (Theorem 3),023,3,-0.36189963581053064,False
16,online,Dual (Theorem 3),123,3,-0.442701411637322,False
16,online,Dual (Theorem 3),01,2,-2.1998226511983936,False
16,online,Dual (Theorem 3),02,2,-0.30333200302153385,False
16,online,Dual (Theorem 3),03,2,-0.47541484869483863,False
16,online,Dual (Theorem 3),12,2,-0.3491033163808295,False
16,online,Dual (Theorem 3),13,2,-0.43220200366184525,False
16,online,Dual (Theorem 3),23,2,-1.3995743846910145,False
16,online,Dual (Theorem 3),0,1,-1.6264560036058229,False
16,online,Dual (Theorem 3),1,1,-0.8574952059942826,False
16,online,Dual (Theorem 3),2,1,-0.7105482729950199,False
16,online,Dual (Theorem 3),3,1,-1.1616811343314755,False
16,online,Location-based,012,3,0.6476887241443527,True
16,online,Location-based,013,3,0.5214378604952841,True
16,online,Location-based,023,3,-1.2875060758487331,False
16,online,Location-based,123,3,-2.0690771276625233,False
16,online,Location-based,01,2,0.3521595048650177,True
16,online,Location-based,02,2,0.44167094345246083,True
16,online,Location-based,03,2,-0.519648519181831,False
16,online,Location-based,12,2,-0.30486964589383336,False
16,online,Location-based,13,2,-1.1772049501358364,False
16,online,Location-based,23,2,-3.9515565407544218,False
16,online,Location-based,0,1,-8.028758061789931e-05,False
16,online,Location-based,1,1,0.06811123404392372,True
16,online,Location-based,2,1,-1.5919210425462302,False
16,online,Location-based,3,1,-2.8322905208436726,False
16,online,Work-proportional,012,3,1.0483952317873275,True
16,online,Work-proportional,013,3,0.5247412666413815,True
16,online,Work-proportional,023,3,-1.4340154074539848,False
16,online,Work-proportional,123,3,-2.3265777098463434,False
16,online,Work-proportional,01,2,0.7561694186540899,True
16,online,Work-proportional,02,2,0.6958681194901837,True
16,online,Work-proportional,03,2,-0.6628544446409852,False
16,online,Work-proportional,12,2,-0.16166372043467891,False
16,online,Work-proportional,13,2,-1.431402126173559,False
16,online,Work-proportional,23,2,-4.355566454543494,False
16,online,Work-proportional,0,1,0.25742029460320254,True
16,online,Work-proportional,1,1,0.21462056564917553,True
16,online,Work-proportional,2,1,-1.5952244486923277,False
16,online,Work-proportional,3,1,-3.2329970284866474,False
17,hindsight,Dual (Theorem 3),012,3,-0.8304530753840613,False
17,hindsight,Dual (Theorem 3),013,3,-0.13834913319340858,False
17,hindsight,Dual (Theorem 3),023,3,-0.3964498666202605,False
17,hindsight,Dual (Theorem 3),123,3,-0.3934831185252303,False
17,hindsight,Dual (Theorem 3),01,2,-1.5377907444842527,False
17,hindsight,Dual (Theorem 3),02,2,-0.2859465115837534,False
17,hindsight,Dual (Theorem 3),03,2,-0.42775859270015304,False
17,hindsight,Dual (Theorem 3),12,2,-0.15956607851677473,False
17,hindsight,Dual (Theorem 3),13,2,-0.402188212268769,False
17,hindsight,Dual (Theorem 3),23,2,-1.483680931715158,False
17,hindsight,Dual (Theorem 3),0,1,-1.0348180740263349,False
17,hindsight,Dual (Theorem 3),1,1,-0.6537705209223442,False
17,hindsight,Dual (Theorem 3),2,1,-0.39922292190909214,False
17,hindsight,Dual (Theorem 3),3,1,-1.5876241528502466,False
17,hindsight,Location-based,012,3,0.583324552424652,True
17,hindsight,Location-based,013,3,0.273357372029998,True
17,hindsight,Location-based,023,3,-1.1706379785350611,False
17,hindsight,Location-based,123,3,-1.4447791396425504,False
17,hindsight,Location-based,01,2,0.28769338854786747,True
17,hindsight,Location-based,02,2,0.3536430043101594,True
17,hindsight,Location-based,03,2,-0.7902401993915469,False
17,hindsight,Location-based,12,2,0.20291552817461866,True
17,hindsight,Location-based,13,2,-1.0417777281626819,False
17,hindsight,Location-based,23,2,-3.3091650647472783,False
17,hindsight,Location-based,0,1,0.016477947090984796,True
17,hindsight,Location-based,1,1,0.12041759099245625,True
17,hindsight,Location-based,2,1,-0.810929427132499,False
17,hindsight,Location-based,3,1,-3.00140178065896,False
17,hindsight,Work-proportional,012,3,0.5535837912125869,True
17,hindsight,Work-proportional,013,3,0.4069677828410181,True
17,hindsight,Work-proportional,023,3,-1.1535540476372388,False
17,hindsight,Work-proportional,123,3,-1.5657327201393296,False
17,hindsight,Work-proportional,01,2,0.3915630381468233,True
17,hindsight,Work-proportional,02,2,0.34098617399591735,True
17,hindsight,Work-proportional,03,2,-0.6395458576827038,False
17,hindsight,Work-proportional,12,2,0.052221186465775116,True
17,hindsight,Work-proportional,13,2,-1.0291208978484403,False
17,hindsight,Work-proportional,23,2,-3.4130347143462347,False
17,hindsight,Work-proportional,0,1,0.13743152758776345,True
17,hindsight,Work-proportional,1,1,0.10333366009463335,True
17,hindsight,Work-proportional,2,1,-0.9445398379435198,False
17,hindsight,Work-proportional,3,1,-2.9716610194468958,False
17,online,Dual (Theorem 3),012,3,-0.7496228043764999,False
17,online,Dual (Theorem 3),013,3,-0.05939382135231175,False
17,online,Dual (Theorem 3),023,3,-0.4196742449575148,False
17,online,Dual (Theorem 3),123,3,-0.37607876236169613,False
17,online,Dual (Theorem 3),01,2,-1.4897573384068603,False
17,online,Dual (Theorem 3),02,2,-0.28272384230274417,False
17,online,Dual (Theorem 3),03,2,-0.5543308590318616,False
17,online,Dual (Theorem 3),12,2,-0.14272910447138742,False
17,online,Dual (Theorem 3),13,2,-0.5697232872650071,False
17,online,Dual (Theorem 3),23,2,-1.478888354534095,False
17,online,Dual (Theorem 3),0,1,-1.0212230200600414,False
17,online,Dual (Theorem 3),1,1,-0.6372999121153394,False
17,online,Dual (Theorem 3),2,1,-0.43497646318103556,False
17,online,Dual (Theorem 3),3,1,-1.5719926623364295,False
17,online,Location-based,012,3,0.637684962842326,True
17,online,Location-based,013,3,0.2881325645038586,True
17,online,Location-based,023,3,-1.1290104315016016,False
17,online,Location-based,123,3,-1.4015767288926102,False
17,online,Location-based,01,2,0.24507681466813747,True
17,online,Location-based,02,2,0.39524773837199667,True
17,online,Location-based,03,2,-0.9161406597197763,False
17,online,Location-based,12,2,0.21908069621652593,True
17,online,Location-based,13,2,-1.2476948679397493,False
17,online,Location-based,23,2,-3.2137225076090945,False
17,online,Location-based,0,1,0.004274946470871302,True
17,online,Location-based,1,1,0.07203627442874572,True
17,online,Location-based,2,1,-0.7825028490372073,False
17,online,Location-based,3,1,-2.959300429555257,False
17,online,Work-proportional,012,3,0.6344140622201482,True
17,online,Work-proportional,013,3,0.4859230946821149,True
17,online,Work-proportional,023,3,-1.1767784259744931,False
17,online,Work-proportional,123,3,-1.5483283639757954,False
17,online,Work-proportional,01,2,0.4395964442242156,True
17,online,Work-proportional,02,2,0.3442088432769266,True
17,online,Work-proportional,03,2,-0.7661181240144124,False
17,online,Work-proportional,12,2,0.06905816051116243,True
17,online,Work-proportional,13,2,-1.1966559728446786,False
17,online,Work-proportional,23,2,-3.408242137165172,False
17,online,Work-proportional,0,1,0.15102658155405704,True
17,online,Work-proportional,1,1,0.11980426890163809,True
17,online,Work-proportional,2,1,-0.9802933792154632,False
17,online,Work-proportional,3,1,-2.9560295289330787,False
18,hindsight,Dual (Theorem 3),012,3,-0.8151551572487263,False
18,hindsight,Dual (Theorem 3),013,3,-0.12947603220854687,False
18,hindsight,Dual (Theorem 3),023,3,-0.24654864488597816,False
18,hindsight,Dual (Theorem 3),123,3,-0.22212818410443536,False
18,hindsight,Dual (Theorem 3),01,2,-1.8192397256534665,False
18,hindsight,Dual (Theorem 3),02,2,-0.15013330975766337,False
18,hindsight,Dual (Theorem 3),03,2,-0.16451326756535467,False
18,hindsight,Dual (Theorem 3),12,2,-0.17478527559257895,False
18,hindsight,Dual (Theorem 3),13,2,-0.13116200829473978,False
18,hindsight,Dual (Theorem 3),23,2,-0.9040358657031282,False
18,hindsight,Dual (Theorem 3),0,1,-1.386467600788475,False
18,hindsight,Dual (Theorem 3),1,1,-0.804246556191081,False
18,hindsight,Dual (Theorem 3),2,1,-0.3081814753005345,False
18,hindsight,Dual (Theorem 3),3,1,-0.8232344569237311,False
18,hindsight,Location-based,012,3,0.9587210155736976,True
18,hindsight,Location-based,013,3,0.44333405800365044,True
18,hindsight,Location-based,023,3,-1.1841146616144549,False
18,hindsight,Location-based,123,3,-1.631248430410583,False
18,hindsight,Location-based,01,2,0.5274465373811552,True
18,hindsight,Location-based,02,2,0.6861768463362852,True
18,hindsight,Location-based,03,2,-0.5292691940816328,False
18,hindsight,Location-based,12,2,0.18997065092369825,True
18,hindsight,Location-based,13,2,-0.9674721643886897,False
18,hindsight,Location-based,23,2,-3.250722128737751,False
18,hindsight,Location-based,0,1,0.0226526455176716,True
18,hindsight,Location-based,1,1,0.13331946053739419,True
18,hindsight,Location-based,2,1,-0.8809915655127325,False
18,hindsight,Location-based,3,1,-2.597110629746156,False
18,hindsight,Work-proportional,012,3,0.9792987705641103,True
18,hindsight,Work-proportional,013,3,0.6445066591861965,True
18,hindsight,Work-proportional,023,3,-1.1090431665306184,False
18,hindsight,Work-proportional,123,3,-1.928070281667332,False
18,hindsight,Work-proportional,01,2,0.7491968935540989,True
18,hindsight,Work-proportional,02,2,0.7818260964105188,True
18,hindsight,Work-proportional,03,2,-0.25302509781526616,False
18,hindsight,Work-proportional,12,2,-0.08627344534265324,False
18,hindsight,Work-proportional,13,2,-1.0631214144629082,False
18,hindsight,Work-proportional,23,2,-3.4724724849106794,False
18,hindsight,Work-proportional,0,1,0.31947449677443596,True
18,hindsight,Work-proportional,1,1,0.05824796545357347,True
18,hindsight,Work-proportional,2,1,-1.0821641666952633,False
18,hindsight,Work-proportional,3,1,-2.6176883847365535,False
18,online,Dual (Theorem 3),012,3,-0.8179284115065151,False
18,online,Dual (Theorem 3),013,3,-0.10352200701994896,False
18,online,Dual (Theorem 3),023,3,-0.24156756103599175,False
18,online,Dual (Theorem 3),123,3,-0.19990213471824259,False
18,online,Dual (Theorem 3),01,2,-1.8150075079754049,False
18,online,Dual (Theorem 3),02,2,-0.2497417140206697,False
18,online,Dual (Theorem 3),03,2,-0.2148348606112287,False
18,online,Dual (Theorem 3),12,2,-0.23583270187569827,False
18,online,Dual (Theorem 3),13,2,-0.18706349416069834,False
18,online,Dual (Theorem 3),23,2,-0.9287764970838976,False
18,online,Dual (Theorem 3),0,1,-1.3828599570988156,False
18,online,Dual (Theorem 3),1,1,-0.8094649738612301,False
18,online,Dual (Theorem 3),2,1,-0.3441267788389788,False
18,online,Dual (Theorem 3),3,1,-0.8558392224586222,False
18,online,Location-based,012,3,0.8916241420562079,True
18,online,Location-based,013,3,0.4890518706304414,True
18,online,Location-based,023,3,-1.1557523397048644,False
18,online,Location-based,123,3,-1.5878437872624387,False
18,online,Location-based,01,2,0.487118923237694,True
18,online,Location-based,02,2,0.545626060873166,True
18,online,Location-based,03,2,-0.5364457616297251,False
18,online,Location-based,12,2,0.08577819914281282,True
18,online,Location-based,13,2,-0.9824312690545192,False
18,online,Location-based,23,2,-3.2309029282969823,False
18,online,Location-based,0,1,0.005081695445396411,True
18,online,Location-based,1,1,0.10471980480765697,True
18,online,Location-based,2,1,-0.936700656489355,False
18,online,Location-based,3,1,-2.5653917760213303,False
18,online,Work-proportional,012,3,0.9765255163063218,True
18,online,Work-proportional,013,3,0.6704606843747936,True
18,online,Work-proportional,023,3,-1.104062082680632,False
18,online,Work-proportional,123,3,-1.9058442322811393,False
18,online,Work-proportional,01,2,0.7534291112321605,True
18,online,Work-proportional,02,2,0.6822176921475125,True
18,online,Work-proportional,03,2,-0.30334669086114063,False
18,online,Work-proportional,12,2,-0.14732087162577256,False
18,online,Work-proportional,13,2,-1.1190229003288659,False
18,online,Work-proportional,23,2,-3.4972131162914493,False
18,online,Work-proportional,0,1,0.32308214046409545,True
18,online,Work-proportional,1,1,0.05302954778342439,True
18,online,Work-proportional,2,1,-1.1181094702337075,False
18,online,Work-proportional,3,1,-2.6502931502714446,False
19,hindsight,Dual (Theorem 3),012,3,-0.8968354379528736,False
19,hindsight,Dual (Theorem 3),013,3,-0.14139946826889505,False
19,hindsight,Dual (Theorem 3),023,3,-0.35157794942923193,False
19,hindsight,Dual (Theorem 3),123,3,-0.3953716356913022,False
19,hindsight,Dual (Theorem 3),01,2,-1.905072703873902,False
19,hindsight,Dual (Theorem 3),02,2,-0.2973362692235144,False
19,hindsight,Dual (Theorem 3),03,2,-0.21468480407608004,False
19,hindsight,Dual (Theorem 3),12,2,-0.16611653075711263,False
19,hindsight,Dual (Theorem 3),13,2,-0.2647402506486358,False
19,hindsight,Dual (Theorem 3),23,2,-1.3607163724106615,False
19,hindsight,Dual (Theorem 3),0,1,-1.556530233951364,False
19,hindsight,Dual (Theorem 3),1,1,-0.7301443015550129,False
19,hindsight,Dual (Theorem 3),2,1,-0.45493871429193344,False
19,hindsight,Dual (Theorem 3),3,1,-1.2692263375231523,False
19,hindsight,Location-based,012,3,0.8622201452359703,True
19,hindsight,Location-based,013,3,0.5298366155809071,True
19,hindsight,Location-based,023,3,-1.206864594404931,False
19,hindsight,Location-based,123,3,-1.9703766577542519,False
19,hindsight,Location-based,01,2,0.5252189631647449,True
19,hindsight,Location-based,02,2,0.6064326689896311,True
19,hindsight,Location-based,03,2,-0.3987353652019765,False
19,hindsight,Location-based,12,2,0.01793403036878294,True
19,hindsight,Location-based,13,2,-1.1685091888617825,False
19,hindsight,Location-based,23,2,-3.7910080394493093,False
19,hindsight,Location-based,0,1,0.0184747881115844,True
19,hindsight,Location-based,1,1,0.12514234342068553,True
19,hindsight,Location-based,2,1,-1.1261747981417363,False
19,hindsight,Location-based,3,1,-3.028281920711997,False
19,hindsight,Work-proportional,012,3,0.8827706637606514,True
19,hindsight,Work-proportional,013,3,0.6883225227135346,True
19,hindsight,Work-proportional,023,3,-1.1800315328018023,False
19,hindsight,Work-proportional,123,3,-2.176246145014697,False
19,hindsight,Work-proportional,01,2,0.7042553888220565,True
19,hindsight,Work-proportional,02,2,0.6538162491174437,True
19,hindsight,Work-proportional,03,2,-0.21341639646621724,False
19,hindsight,Work-proportional,12,2,-0.16738493836697899,False
19,hindsight,Work-proportional,13,2,-1.2158927689895975,False
19,hindsight,Work-proportional,23,2,-3.970044465106623,False
19,hindsight,Work-proportional,0,1,0.22434427537202725,True
19,hindsight,Work-proportional,1,1,0.09830928181755416,True
19,hindsight,Work-proportional,2,1,-1.2846607052743666,False
19,hindsight,Work-proportional,3,1,-3.048832439236681,False
19,online,Dual (Theorem 3),012,3,-0.9447316008134361,False
19,online,Dual (Theorem 3),013,3,-0.17680469998813209,False
19,online,Dual (Theorem 3),023,3,-0.4102310333837176,False
19,online,Dual (Theorem 3),123,3,-0.3997087349708499,False
19,online,Dual (Theorem 3),01,2,-1.9091782778416122,False
19,online,Dual (Theorem 3),02,2,-0.46731439242468165,False
19,online,Dual (Theorem 3),03,2,-0.30260920721668283,False
19,online,Dual (Theorem 3),12,2,-0.2704866903062273,False
19,online,Dual (Theorem 3),13,2,-0.3582435208839856,False
19,online,Dual (Theorem 3),23,2,-1.4172552118229014,False
19,online,Dual (Theorem 3),0,1,-1.5496430749604158,False
19,online,Dual (Theorem 3),1,1,-0.7252830852614968,False
19,online,Dual (Theorem 3),2,1,-0.48245454709804303,False
19,online,Dual (Theorem 3),3,1,-1.3028224802940223,False
19,online,Location-based,012,3,0.8570593085068341,True
19,online,Location-based,013,3,0.39046770355317584,True
19,online,Location-based,023,3,-1.226516828564307,False
19,online,Location-based,123,3,-1.952486252651851,False
19,online,Location-based,01,2,0.4598850350199698,True
19,online,Location-based,02,2,0.5181907217150026,True
19,online,Location-based,03,2,-0.5516225988559609,False
19,online,Location-based,12,2,-0.021473298666953244,False
19,online,Location-based,13,2,-1.3437486350236743,False
19,online,Location-based,23,2,-3.7863185246844875,False
19,online,Location-based,0,1,0.003134442720580388,True
19,online,Location-based,1,1,0.09100270991908921,True
19,online,Location-based,2,1,-1.049726950639355,False
19,online,Location-based,3,1,-3.1046133896142964,False
19,online,Work-proportional,012,3,0.8348745009000889,True
19,online,Work-proportional,013,3,0.6529172909942971,True
19,online,Work-proportional,023,3,-1.238684616756288,False
19,online,Work-proportional,123,3,-2.1805832442942448,False
19,online,Work-proportional,01,2,0.7001498148543458,True
19,online,Work-proportional,02,2,0.4838381259162765,True
19,online,Work-proportional,03,2,-0.3013407996068205,False
19,online,Work-proportional,12,2,-0.2717550979160932,False
19,online,Work-proportional,13,2,-1.3093960392249482,False
19,online,Work-proportional,23,2,-4.026583304518864,False
19,online,Work-proportional,0,1,0.2312314343629754,True
19,online,Work-proportional,1,1,0.10317049811107026,True
19,online,Work-proportional,2,1,-1.3121765380804762,False
19,online,Work-proportional,3,1,-3.082428582007551,False
20,hindsight,Dual (Theorem 3),012,3,-0.4912220352519554,False
20,hindsight,Dual (Theorem 3),013,3,-0.18380445314454796,False
20,hindsight,Dual (Theorem 3),023,3,-0.2535056154273674,False
20,hindsight,Dual (Theorem 3),123,3,-0.18477174180045974,False
20,hindsight,Dual (Theorem 3),01,2,-1.2196698067478513,False
20,hindsight,Dual (Theorem 3),02,2,-0.22053349836667413,False
20,hindsight,Dual (Theorem 3),03,2,-0.11202717277074203,False
20,hindsight,Dual (Theorem 3),12,2,-0.09862968628269231,False
20,hindsight,Dual (Theorem 3),13,2,-0.07807803341679076,False
20,hindsight,Dual (Theorem 3),23,2,-0.8625347018873297,False
20,hindsight,Dual (Theorem 3),0,1,-1.0851554367727434,False
20,hindsight,Dual (Theorem 3),1,1,-0.46374359941456733,False
20,hindsight,Dual (Theorem 3),2,1,-0.4516882051074331,False
20,hindsight,Dual (Theorem 3),3,1,-0.6322716170089779,False
20,hindsight,Location-based,012,3,0.4524800746349842,True
20,hindsight,Location-based,013,3,0.5125876714795718,True
20,hindsight,Location-based,023,3,-0.7793821636372202,False
20,hindsight,Location-based,123,3,-1.2989894281016667,False
20,hindsight,Location-based,01,2,0.420424427763208,True
20,hindsight,Location-based,02,2,0.19729206331041294,True
20,hindsight,Location-based,03,2,0.058488403643525366,True
20,hindsight,Location-based,12,2,-0.26914526269695993,False
20,hindsight,Location-based,13,2,-0.49590359509387794,False
20,hindsight,Location-based,23,2,-2.5026289363983896,False
20,hindsight,Location-based,0,1,0.0290622495284637,True
20,hindsight,Location-based,1,1,0.06213294879528497,True
20,hindsight,Location-based,2,1,-1.1480803297315532,False
20,hindsight,Location-based,3,1,-1.5759737268959175,False
20,hindsight,Work-proportional,012,3,0.576023938499229,True
20,hindsight,Work-proportional,013,3,0.5041140413409271,True
20,hindsight,Work-proportional,023,3,-0.7007048757570185,False
20,hindsight,Work-proportional,123,3,-1.492736949707453,False
20,hindsight,Work-proportional,01,2,0.5354946614888031,True
20,hindsight,Work-proportional,02,2,0.3995132150548544,True
20,hindsight,Work-proportional,03,2,0.12869206138507705,True
20,hindsight,Work-proportional,12,2,-0.3393489204385065,False
20,hindsight,Work-proportional,13,2,-0.6981247468383143,False
20,hindsight,Work-proportional,23,2,-2.61769917012398,False
20,hindsight,Work-proportional,0,1,0.2228097711342551,True
20,hindsight,Work-proportional,1,1,-0.016544339084911486,False
20,hindsight,Work-proportional,2,1,-1.1396066995929033,False
20,hindsight,Work-proportional,3,1,-1.6995175907601574,False
20,online,Dual (Theorem 3),012,3,-0.4887307907882834,False
20,online,Dual (Theorem 3),013,3,-0.11163006835954903,False
20,online,Dual (Theorem 3),023,3,-0.3441908036669492,False
20,online,Dual (Theorem 3),123,3,-0.25159914418414075,False
20,online,Dual (Theorem 3),01,2,-1.1847495368195722,False
20,online,Dual (Theorem 3),02,2,-0.2954250386985451,False
20,online,Dual (Theorem 3),03,2,-0.16913070069912983,False
20,online,Dual (Theorem 3),12,2,-0.14318303995267279,False
20,online,Dual (Theorem 3),13,2,-0.07826113578361893,False
20,online,Dual (Theorem 3),23,2,-0.8814007787722691,False
20,online,Dual (Theorem 3),0,1,-1.0656818453388541,False
20,online,Dual (Theorem 3),1,1,-0.44913724321519366,False
20,online,Dual (Theorem 3),2,1,-0.46801272366938007,False
20,online,Dual (Theorem 3),3,1,-0.6553550531985528,False
20,online,Location-based,012,3,0.4768614250401584,True
20,online,Location-based,013,3,0.48649323827657787,True
20,online,Location-based,023,3,-0.8353082981069591,False
20,online,Location-based,123,3,-1.3241971722086854,False
20,online,Location-based,01,2,0.3789659856449922,True
20,online,Location-based,02,2,0.17904968268988175,True
20,online,Location-based,03,2,-0.06212488850301767,False
20,online,Location-based,12,2,-0.2501888521487805,False
20,online,Location-based,13,2,-0.5527358571720415,False
20,online,Location-based,23,2,-2.4451163012368293,False
20,online,Location-based,0,1,0.006916182685695382,True
20,online,Location-based,1,1,0.041980251224821186,True
20,online,Location-based,2,1,-1.0661360303055027,False
20,online,Location-based,3,1,-1.6209472690269902,False
20,online,Work-proportional,012,3,0.5785151829629014,True
20,online,Work-proportional,013,3,0.5762884261259256,True
20,online,Work-proportional,023,3,-0.7913900639965998,False
20,online,Work-proportional,123,3,-1.5595643520911349,False
20,online,Work-proportional,01,2,0.5704149314170824,True
20,online,Work-proportional,02,2,0.32462167472298353,True
20,online,Work-proportional,03,2,0.07158853345668881,True
20,online,Work-proportional,12,2,-0.383902274108487,False
20,online,Work-proportional,13,2,-0.6983078492051429,False
20,online,Work-proportional,23,2,-2.636565247008919,False
20,online,Work-proportional,0,1,0.24228336256814448,True
20,online,Work-proportional,1,1,-0.0019379828855377035,False
20,online,Work-proportional,2,1,-1.15593121815485,False
20,online,Work-proportional,3,1,-1.7226010269497327,False
21,hindsight,Dual (Theorem 3),012,3,-0.26429823831053734,False
21,hindsight,Dual (Theorem 3),013,3,-0.06937053356973721,False
21,hindsight,Dual (Theorem 3),023,3,-0.15052488951806708,False
21,hindsight,Dual (Theorem 3),123,3,-0.1284752421545039,False
21,hindsight,Dual (Theorem 3),01,2,-0.6658990435575713,False
21,hindsight,Dual (Theorem 3),02,2,-0.1199087998602873,False
21,hindsight,Dual (Theorem 3),03,2,-0.22378656314617218,False
21,hindsight,Dual (Theorem 3),12,2,-0.06240250454536622,False
21,hindsight,Dual (Theorem 3),13,2,-0.1769888872671297,False
21,hindsight,Dual (Theorem 3),23,2,-0.6082279812321651,False
21,hindsight,Dual (Theorem 3),0,1,-0.6009254921542803,False
21,hindsight,Dual (Theorem 3),1,1,-0.2237396028356645,False
21,hindsight,Dual (Theorem 3),2,1,-0.27397009874295497,False
21,hindsight,Dual (Theorem 3),3,1,-0.7340603610893588,False
21,hindsight,Location-based,012,3,0.33385466997946445,True
21,hindsight,Location-based,013,3,0.2103436050576779,True
21,hindsight,Location-based,023,3,-0.41524633913257647,False
21,hindsight,Location-based,123,3,-0.7416208394574144,False
21,hindsight,Location-based,01,2,0.21196800335984634,True
21,hindsight,Location-based,02,2,0.2135226588152061,True
21,hindsight,Location-based,03,2,-0.20879387413326556,False
21,hindsight,Location-based,12,2,-0.07739519355827373,False
21,hindsight,Location-based,13,2,-0.510420345942624,False
21,hindsight,Location-based,23,2,-1.4860950281495835,False
21,hindsight,Location-based,0,1,0.012220105148629007,True
21,hindsight,Location-based,1,1,0.04098184677884398,True
21,hindsight,Location-based,2,1,-0.5536842373703709,False
21,hindsight,Location-based,3,1,-1.3322132693793614,False
21,hindsight,Work-proportional,012,3,0.3551580469775315,True
21,hindsight,Work-proportional,013,3,0.25631435639884725,True
21,hindsight,Work-proportional,023,3,-0.37364265491277693,False
21,hindsight,Work-proportional,123,3,-0.8504986520164683,False
21,hindsight,Work-proportional,01,2,0.2792421316990886,True
21,hindsight,Work-proportional,02,2,0.2764297200330787,True
21,hindsight,Work-proportional,03,2,-0.12121943857229067,False
21,hindsight,Work-proportional,12,2,-0.1649696291192546,False
21,hindsight,Work-proportional,13,2,-0.5733274071605026,False
21,hindsight,Work-proportional,23,2,-1.5533691564888317,False
21,hindsight,Work-proportional,0,1,0.12109791770767687,True
21,hindsight,Work-proportional,1,1,-0.00062183744096167,False
21,hindsight,Work-proportional,2,1,-0.5996549887115461,False
21,hindsight,Work-proportional,3,1,-1.3535166463774346,False
21,online,Dual (Theorem 3),012,3,-0.22589722928775535,False
21,online,Dual (Theorem 3),013,3,-0.021587755871699255,False
21,online,Dual (Theorem 3),023,3,-0.21257227314650295,False
21,online,Dual (Theorem 3),123,3,-0.14320661411731317,False
21,online,Dual (Theorem 3),01,2,-0.6276890863414976,False
21,online,Dual (Theorem 3),02,2,-0.11438894029831048,False
21,online,Dual (Theorem 3),03,2,-0.42330017392185115,False
21,online,Dual (Theorem 3),12,2,-0.02821689841699926,False
21,online,Dual (Theorem 3),13,2,-0.22078102137041244,False
21,online,Dual (Theorem 3),23,2,-0.7614543279436305,False
21,online,Dual (Theorem 3),0,1,-0.5877466671302768,False
21,online,Dual (Theorem 3),1,1,-0.21381268219465258,False
21,online,Dual (Theorem 3),2,1,-0.3004815567125527,False
21,online,Dual (Theorem 3),3,1,-0.8122964634839995,False
21,online,Location-based,012,3,0.3474707455673838,True
21,online,Location-based,013,3,0.2353531452922759,True
21,online,Location-based,023,3,-0.45149431734466616,False
21,online,Location-based,123,3,-0.7345934459382852,False
21,online,Location-based,01,2,0.20261978967762395,True
21,online,Location-based,02,2,0.22005699035867243,True
21,online,Location-based,03,2,-0.40528131695603187,False
21,online,Location-based,12,2,-0.04623575538282543,False
21,online,Location-based,13,2,-0.5552269520274022,False
21,online,Location-based,23,2,-1.591763203962759,False
21,online,Location-based,0,1,0.003640164690688494,True
21,online,Location-based,1,1,0.02510936200350361,True
21,online,Location-based,2,1,-0.5574224578765351,False
21,online,Location-based,3,1,-1.3856644383391457,False
21,online,Work-proportional,012,3,0.3935590560003135,True
21,online,Work-proportional,013,3,0.30409713409688477,True
21,online,Work-proportional,023,3,-0.4356900385412128,False
21,online,Work-proportional,123,3,-0.8652300239792772,False
21,online,Work-proportional,01,2,0.3174520889151624,True
21,online,Work-proportional,02,2,0.2819495795950555,True
21,online,Work-proportional,03,2,-0.32073304934796987,False
21,online,Work-proportional,12,2,-0.13078402299088743,False
21,online,Work-proportional,13,2,-0.6171195412637853,False
21,online,Work-proportional,23,2,-1.7065955032002975,False
21,online,Work-proportional,0,1,0.13427674273168033,True
21,online,Work-proportional,1,1,0.009305083200050246,True
21,online,Work-proportional,2,1,-0.6261664466811439,False
21,online,Work-proportional,3,1,-1.4317527487720754,False
22,hindsight,Dual (Theorem 3),012,3,-0.2825357797612972,False
22,hindsight,Dual (Theorem 3),013,3,-0.03393468187436999,False
22,hindsight,Dual (Theorem 3),023,3,-0.17389532568689248,False
22,hindsight,Dual (Theorem 3),123,3,-0.21641968775422038,False
22,hindsight,Dual (Theorem 3),01,2,-0.5268422776544066,False
22,hindsight,Dual (Theorem 3),02,2,-0.18117478583866806,False
22,hindsight,Dual (Theorem 3),03,2,-0.23203955635824258,False
22,hindsight,Dual (Theorem 3),12,2,-0.0768917097149493,False
22,hindsight,Dual (Theorem 3),13,2,-0.3014678302035503,False
22,hindsight,Dual (Theorem 3),23,2,-0.7531927771931342,False
22,hindsight,Dual (Theorem 3),0,1,-0.4995355563595374,False
22,hindsight,Dual (Theorem 3),1,1,-0.16899858705301812,False
22,hindsight,Dual (Theorem 3),2,1,-0.13088580733220578,False
22,hindsight,Dual (Theorem 3),3,1,-1.2096322248811904,False
22,hindsight,Location-based,012,3,0.3217895150492222,True
22,hindsight,Location-based,013,3,0.090328744150591,True
22,hindsight,Location-based,023,3,-0.3959860619957035,False
22,hindsight,Location-based,123,3,-0.7229176722808905,False
22,hindsight,Location-based,01,2,0.20174644318107413,True
22,hindsight,Location-based,02,2,0.20105977266304062,True
22,hindsight,Location-based,03,2,-0.3298668666420922,False
22,hindsight,Location-based,12,2,0.020935600568900092,True
22,hindsight,Location-based,13,2,-0.6837023887052593,False
22,hindsight,Location-based,23,2,-1.481781498028615,False
22,hindsight,Location-based,0,1,0.006962428167132599,True
22,hindsight,Location-based,1,1,0.05309214925579259,True
22,hindsight,Location-based,2,1,-0.2551492333571671,False
22,hindsight,Location-based,3,1,-1.81395751969171,False
22,hindsight,Work-proportional,012,3,0.26445763722700516,True
22,hindsight,Work-proportional,013,3,0.16351577247758886,True
22,hindsight,Work-proportional,023,3,-0.3493657694261574,False
22,hindsight,Work-proportional,123,3,-0.7853931153552092,False
22,hindsight,Work-proportional,01,2,0.21760159368585222,True
22,hindsight,Work-proportional,02,2,0.19034818741036705,True
22,hindsight,Work-proportional,03,2,-0.21005954574555086,False
22,hindsight,Work-proportional,12,2,-0.09887172032763836,False
22,hindsight,Work-proportional,13,2,-0.6729908034525829,False
22,hindsight,Work-proportional,23,2,-1.4976366485333903,False
22,hindsight,Work-proportional,0,1,0.06943787124145412,True
22,hindsight,Work-proportional,1,1,0.006471856686249167,True
22,hindsight,Work-proportional,2,1,-0.3283362616841622,False
22,hindsight,Work-proportional,3,1,-1.75662564186949,False
22,online,Dual (Theorem 3),012,3,-0.255470111216708,False
22,online,Dual (Theorem 3),013,3,-0.015932225061368044,False
22,online,Dual (Theorem 3),023,3,-0.20760792493334357,False
22,online,Dual (Theorem 3),123,3,-0.23224915208348973,False
22,online,Dual (Theorem 3),01,2,-0.5023274690183402,False
22,online,Dual (Theorem 3),02,2,-0.15524896305896102,False
22,online,Dual (Theorem 3),03,2,-0.40776011993448025,False
22,online,Dual (Theorem 3),12,2,-0.09341321702648764,False
22,online,Dual (Theorem 3),13,2,-0.441457156029915,False
22,online,Dual (Theorem 3),23,2,-0.8669842951836682,False
22,online,Dual (Theorem 3),0,1,-0.49219510375417985,False
22,online,Dual (Theorem 3),1,1,-0.17919290967856918,False
22,online,Dual (Theorem 3),2,1,-0.15489266117542566,False
22,online,Dual (Theorem 3),3,1,-1.3458321040364953,False
22,online,Location-based,012,3,0.34505172649062904,True
22,online,Location-based,013,3,0.10092694454532558,True
22,online,Location-based,023,3,-0.4287849938290602,False
22,online,Location-based,123,3,-0.7284530905017967,False
22,online,Location-based,01,2,0.2150535382956882,True
22,online,Location-based,02,2,0.2240958057526572,True
22,online,Location-based,03,2,-0.5120780192235055,False
22,online,Location-based,12,2,0.010904682262539933,True
22,online,Location-based,13,2,-0.8208019248415309,False
22,online,Location-based,23,2,-1.5843653024976943,False
22,online,Location-based,0,1,0.0040088346641296985,True
22,online,Location-based,1,1,0.04198415921714971,True
22,online,Location-based,2,1,-0.271751830782117,False
22,online,Location-based,3,1,-1.9463539417438303,False
22,online,Work-proportional,012,3,0.2915233057715944,True
22,online,Work-proportional,013,3,0.1815182292905908,True
22,online,Work-proportional,023,3,-0.38307836867260847,False
22,online,Work-proportional,123,3,-0.8012225796844787,False
22,online,Work-proportional,01,2,0.24211640232191853,True
22,online,Work-proportional,02,2,0.21627401019007414,True
22,online,Work-proportional,03,2,-0.38578010932178874,False
22,online,Work-proportional,12,2,-0.11539322763917681,False
22,online,Work-proportional,13,2,-0.8129801292789477,False
22,online,Work-proportional,23,2,-1.6114281665239243,False
22,online,Work-proportional,0,1,0.07677832384681163,True
22,online,Work-proportional,1,1,-0.003722465939301922,False
22,online,Work-proportional,2,1,-0.352343115527382,False
22,online,Work-proportional,3,1,-1.8928255210247953,False
23,hindsight,Dual (Theorem 3),012,3,-0.6135999849783876,False
23,hindsight,Dual (Theorem 3),013,3,-0.13084819794204616,False
23,hindsight,Dual (Theorem 3),023,3,-0.196636687842624,False
23,hindsight,Dual (Theorem 3),123,3,-0.20789357888155102,False
23,hindsight,Dual (Theorem 3),01,2,-1.265896022750469,False
23,hindsight,Dual (Theorem 3),02,2,-0.17240302465947943,False
23,hindsight,Dual (Theorem 3),03,2,-0.12439851172223926,False
23,hindsight,Dual (Theorem 3),12,2,-0.09353079035677792,False
23,hindsight,Dual (Theorem 3),13,2,-0.11674573420033729,False
23,hindsight,Dual (Theorem 3),23,2,-0.7958968110117297,False
23,hindsight,Dual (Theorem 3),0,1,-0.9022494615625665,False
23,hindsight,Dual (Theorem 3),1,1,-0.5293419405806299,False
23,hindsight,Dual (Theorem 3),2,1,-0.3940464931981813,False
23,hindsight,Dual (Theorem 3),3,1,-0.7294972854892658,False
23,hindsight,Location-based,012,3,0.4955540753090306,True
23,hindsight,Location-based,013,3,0.2832649203605442,True
23,hindsight,Location-based,023,3,-0.7944546172868097,False
23,hindsight,Location-based,123,3,-1.1333428280273785,False
23,hindsight,Location-based,01,2,0.25737115583954134,True
23,hindsight,Location-based,02,2,0.3389331061837547,True
23,hindsight,Location-based,03,2,-0.3081033228638326,False
23,hindsight,Location-based,12,2,0.09017402078481407,True
23,hindsight,Location-based,13,2,-0.6280818650435729,False
23,hindsight,Location-based,23,2,-2.3191639896017415,False
23,hindsight,Location-based,0,1,0.0231997875832598,True
23,hindsight,Location-based,1,1,0.06847598886355416,True
23,hindsight,Location-based,2,1,-0.8081596115007734,False
23,hindsight,Location-based,3,1,-1.8386513457766855,False
23,hindsight,Work-proportional,012,3,0.5470603072549289,True
23,hindsight,Work-proportional,013,3,0.4080877074127054,True
23,hindsight,Work-proportional,023,3,-0.8297859505387151,False
23,hindsight,Work-proportional,123,3,-1.2743405137735397,False
23,hindsight,Work-proportional,01,2,0.4337001748376033,True
23,hindsight,Work-proportional,02,2,0.35510800487775007,True
23,hindsight,Work-proportional,03,2,-0.218611869063575,False
23,hindsight,Work-proportional,12,2,0.0006825669845538229,True
23,hindsight,Work-proportional,13,2,-0.6442567637375707,False
23,hindsight,Work-proportional,23,2,-2.495493008599806,False
23,hindsight,Work-proportional,0,1,0.1641974733294186,True
23,hindsight,Work-proportional,1,1,0.10380732211545735,True
23,hindsight,Work-proportional,2,1,-0.9329823985529369,False
23,hindsight,Work-proportional,3,1,-1.8901575777225865,False
23,online,Dual (Theorem 3),012,3,-0.5190061563102832,False
23,online,Dual (Theorem 3),013,3,-0.033705432472624475,False
23,online,Dual (Theorem 3),023,3,-0.2266353451070917,False
23,online,Dual (Theorem 3),123,3,-0.18955593405493776,False
23,online,Dual (Theorem 3),01,2,-1.1986455897431236,False
23,online,Dual (Theorem 3),02,2,-0.20007081358551604,False
23,online,Dual (Theorem 3),03,2,-0.20098824698239004,False
23,online,Dual (Theorem 3),12,2,-0.1415117929126919,False
23,online,Dual (Theorem 3),13,2,-0.12810419561340325,False
23,online,Dual (Theorem 3),23,2,-0.8300089360995733,False
23,online,Dual (Theorem 3),0,1,-0.877157084451556,False
23,online,Dual (Theorem 3),1,1,-0.5218295641200397,False
23,online,Dual (Theorem 3),2,1,-0.4342385711365382,False
23,online,Dual (Theorem 3),3,1,-0.747704219908619,False
23,online,Location-based,012,3,0.43068240829072946,True
23,online,Location-based,013,3,0.46256483386827485,True
23,online,Location-based,023,3,-0.7818199311577732,False
23,online,Location-based,123,3,-1.08033017894618,False
23,online,Location-based,01,2,0.2473132411987924,True
23,online,Location-based,02,2,0.1944331649648191,True
23,online,Location-based,03,2,-0.2599025666921684,False
23,online,Location-based,12,2,-0.08259747320291755,False
23,online,Location-based,13,2,-0.5226081741637425,False
23,online,Location-based,23,2,-2.275967767041493,False
23,online,Location-based,0,1,0.013617160439682502,True
23,online,Location-based,1,1,0.033355021930637774,True
23,online,Location-based,2,1,-0.9305088374774415,False
23,online,Location-based,3,1,-1.6973927845096357,False
23,online,Work-proportional,012,3,0.6416541359230334,True
23,online,Work-proportional,013,3,0.5052304728821269,True
23,online,Work-proportional,023,3,-0.8597846078031828,False
23,online,Work-proportional,123,3,-1.2560028689469265,False
23,online,Work-proportional,01,2,0.5009506078449486,True
23,online,Work-proportional,02,2,0.32744021595171346,True
23,online,Work-proportional,03,2,-0.2952016043237258,False
23,online,Work-proportional,12,2,-0.04729843557136015,False
23,online,Work-proportional,13,2,-0.6556152251506369,False
23,online,Work-proportional,23,2,-2.5296051336876495,False
23,online,Work-proportional,0,1,0.18928985044042904,True
23,online,Work-proportional,1,1,0.11131969857604751,True
23,online,Work-proportional,2,1,-0.9731744764912937,False
23,online,Work-proportional,3,1,-1.9083645121419397,False
24,hindsight,Dual (Theorem 3),012,3,-0.4490428095349892,False
24,hindsight,Dual (Theorem 3),013,3,-0.10964948336059033,False
24,hindsight,Dual (Theorem 3),023,3,-0.24367537853229804,False
24,hindsight,Dual (Theorem 3),123,3,-0.23222944644728738,False
24,hindsight,Dual (Theorem 3),01,2,-1.1145980621014688,False
24,hindsight,Dual (Theorem 3),02,2,-0.19356111341065851,False
24,hindsight,Dual (Theorem 3),03,2,-0.29951562517007435,False
24,hindsight,Dual (Theorem 3),12,2,-0.08126224019846551,False
24,hindsight,Dual (Theorem 3),13,2,-0.2220051047092051,False
24,hindsight,Dual (Theorem 3),23,2,-1.0172981990969072,False
24,hindsight,Dual (Theorem 3),0,1,-1.0307509365166694,False
24,hindsight,Dual (Theorem 3),1,1,-0.37355018629650133,False
24,hindsight,Dual (Theorem 3),2,1,-0.26489037522013703,False
24,hindsight,Dual (Theorem 3),3,1,-1.1281530853182749,False
24,hindsight,Location-based,012,3,0.671678641146531,True
24,hindsight,Location-based,013,3,0.35939023519646884,True
24,hindsight,Location-based,023,3,-0.7702239798892516,False
24,hindsight,Location-based,123,3,-1.2954420143289127,False
24,hindsight,Location-based,01,2,0.4751631071371101,True
24,hindsight,Location-based,02,2,0.4006117359139081,True
24,hindsight,Location-based,03,2,-0.357024507969969,False
24,hindsight,Location-based,12,2,-0.02375335739857065,False
24,hindsight,Location-based,13,2,-0.8161779540337717,False
24,hindsight,Location-based,23,2,-2.607059368335486,False
24,hindsight,Location-based,0,1,0.032461631364956,True
24,hindsight,Location-based,1,1,0.1529984150604522,True
24,hindsight,Location-based,2,1,-0.7339300937771958,False
24,hindsight,Location-based,3,1,-2.2488745359997946,False
24,hindsight,Work-proportional,012,3,0.662615522485619,True
24,hindsight,Work-proportional,013,3,0.4419885090528579,True
24,hindsight,Work-proportional,023,3,-0.6717579208413387,False
24,hindsight,Work-proportional,123,3,-1.467443228572313,False
24,hindsight,Work-proportional,01,2,0.5486982623325909,True
24,hindsight,Work-proportional,02,2,0.4900146763009121,True
24,hindsight,Work-proportional,03,2,-0.17596017506566342,False
24,hindsight,Work-proportional,12,2,-0.20481769030287977,False
24,hindsight,Work-proportional,13,2,-0.9055808944207788,False
24,hindsight,Work-proportional,23,2,-2.6805945235309703,False
24,hindsight,Work-proportional,0,1,0.20446284560835287,True
24,hindsight,Work-proportional,1,1,0.054532356012536254,True
24,hindsight,Work-proportional,2,1,-0.8165283676335887,False
24,hindsight,Work-proportional,3,1,-2.239811417338886,False
24,online,Dual (Theorem 3),012,3,-0.400508846908622,False
24,online,Dual (Theorem 3),013,3,-0.0012501480416058364,False
24,online,Dual (Theorem 3),023,3,-0.26611066574433995,False
24,online,Dual (Theorem 3),123,3,-0.23846690635093992,False
24,online,Dual (Theorem 3),01,2,-1.059733973487638,False
24,online,Dual (Theorem 3),02,2,-0.17266038156670993,False
24,online,Dual (Theorem 3),03,2,-0.34110278284833906,False
24,online,Dual (Theorem 3),12,2,-0.09245505115978347,False
24,online,Dual (Theorem 3),13,2,-0.27588889459069676,False
24,online,Dual (Theorem 3),23,2,-1.009394696939684,False
24,online,Dual (Theorem 3),0,1,-1.0144345433857276,False
24,online,Dual (Theorem 3),1,1,-0.35045039286816304,False
24,online,Dual (Theorem 3),2,1,-0.2949589386541711,False
24,online,Dual (Theorem 3),3,1,-1.147225990017401,False
24,online,Location-based,012,3,0.7441533322820719,True
24,online,Location-based,013,3,0.37860342411408876,True
24,online,Location-based,023,3,-0.7609252609932495,False
24,online,Location-based,123,3,-1.2681680624484306,False
24,online,Location-based,01,2,0.46478177785875385,True
24,online,Location-based,02,2,0.47718720237507817,True
24,online,Location-based,03,2,-0.45606380594155027,False
24,online,Location-based,12,2,0.02250597193342352,True
24,online,Location-based,13,2,-0.9257364785324893,False
24,online,Location-based,23,2,-2.53391044828608,False
24,online,Location-based,0,1,0.015266612711758887,True
24,online,Location-based,1,1,0.14436420238074243,True
24,online,Location-based,2,1,-0.6748125108098695,False
24,online,Location-based,3,1,-2.291888169208099,False
24,online,Work-proportional,012,3,0.7111494851119864,True
24,online,Work-proportional,013,3,0.5503878443718424,True
24,online,Work-proportional,023,3,-0.694193208053381,False
24,online,Work-proportional,123,3,-1.4736806884759655,False
24,online,Work-proportional,01,2,0.6035623509464217,True
24,online,Work-proportional,02,2,0.5109154081448607,True
24,online,Work-proportional,03,2,-0.21754733274392835,False
24,online,Work-proportional,12,2,-0.21601050126419752,False
24,online,Work-proportional,13,2,-0.9594646843022709,False
24,online,Work-proportional,23,2,-2.672691021373747,False
24,online,Work-proportional,0,1,0.22077923873929456,True
24,online,Work-proportional,1,1,0.0776321494408746,True
24,online,Work-proportional,2,1,-0.8465969310676228,False
24,online,Work-proportional,3,1,-2.2588843220380124,False
25,hindsight,Dual (Theorem 3),012,3,-0.5035185912840111,False
25,hindsight,Dual (Theorem 3),013,3,-0.10316389341816712,False
25,hindsight,Dual (Theorem 3),023,3,-0.22610295128370028,False
25,hindsight,Dual (Theorem 3),123,3,-0.20923819386659925,False
25,hindsight,Dual (Theorem 3),01,2,-1.1726489627069658,False
25,hindsight,Dual (Theorem 3),02,2,-0.15162846982848233,False
25,hindsight,Dual (Theorem 3),03,2,-0.33044424166074426,False
25,hindsight,Dual (Theorem 3),12,2,-0.10771291374875269,False
25,hindsight,Dual (Theorem 3),13,2,-0.27218632210443694,False
25,hindsight,Dual (Theorem 3),23,2,-0.9343982346349211,False
25,hindsight,Dual (Theorem 3),0,1,-0.9224360097767048,False
25,hindsight,Dual (Theorem 3),1,1,-0.4905361222505858,False
25,hindsight,Dual (Theorem 3),2,1,-0.1607168886288015,False
25,hindsight,Dual (Theorem 3),3,1,-1.1624173052082778,False
25,hindsight,Location-based,012,3,0.6535574736093519,True
25,hindsight,Location-based,013,3,0.2585619939958339,True
25,hindsight,Location-based,023,3,-0.8050483671153743,False
25,hindsight,Location-based,123,3,-1.1490947303422878,False
25,hindsight,Location-based,01,2,0.34615298960039786,True
25,hindsight,Location-based,02,2,0.4265021792332059,True
25,hindsight,Location-based,03,2,-0.5476637700784179,False
25,hindsight,Location-based,12,2,0.10950661466892142,True
25,hindsight,Location-based,13,2,-0.8503169711661251,False
25,hindsight,Location-based,23,2,-2.4532001869422846,False
25,hindsight,Location-based,0,1,0.017420526698984307,True
25,hindsight,Location-based,1,1,0.08840929358108895,True
25,hindsight,Location-based,2,1,-0.5224427760428023,False
25,hindsight,Location-based,3,1,-2.3194933701016405,False
25,hindsight,Work-proportional,012,3,0.5751346719030805,True
25,hindsight,Work-proportional,013,3,0.4901842859053753,True
25,hindsight,Work-proportional,023,3,-0.7871696964804387,False
25,hindsight,Work-proportional,123,3,-1.3201728911804786,False
25,hindsight,Work-proportional,01,2,0.4993524798036628,True
25,hindsight,Work-proportional,02,2,0.3659580481618655,True
25,hindsight,Work-proportional,03,2,-0.298162807533946,False
25,hindsight,Work-proportional,12,2,-0.13999434787554565,False
25,hindsight,Work-proportional,13,2,-0.7897728400947797,False
25,hindsight,Work-proportional,23,2,-2.606399677145544,False
25,hindsight,Work-proportional,0,1,0.18849868753718,True
25,hindsight,Work-proportional,1,1,0.0705306229461582,True
25,hindsight,Work-proportional,2,1,-0.7540650679523385,False
25,hindsight,Work-proportional,3,1,-2.2410705683953642,False
25,online,Dual (Theorem 3),012,3,-0.4790017068909378,False
25,online,Dual (Theorem 3),013,3,-0.07662827548059359,False
25,online,Dual (Theorem 3),023,3,-0.24099198834226598,False
25,online,Dual (Theorem 3),123,3,-0.24683571944801042,False
25,online,Dual (Theorem 3),01,2,-1.1470795351906116,False
25,online,Dual (Theorem 3),02,2,-0.18330183355102536,False
25,online,Dual (Theorem 3),03,2,-0.38102739843748834,False
25,online,Dual (Theorem 3),12,2,-0.14738856848730064,False
25,online,Dual (Theorem 3),13,2,-0.3592703781950788,False
25,online,Dual (Theorem 3),23,2,-1.031465246283978,False
25,online,Dual (Theorem 3),0,1,-0.9088411074391692,False
25,online,Dual (Theorem 3),1,1,-0.4923026025054724,False
25,online,Dual (Theorem 3),2,1,-0.18496884094329435,False
25,online,Dual (Theorem 3),3,1,-1.2467431591974356,False
25,online,Location-based,012,3,0.6608340230658238,True
25,online,Location-based,013,3,0.2576273718069759,True
25,online,Location-based,023,3,-0.7974310786521039,False
25,online,Location-based,123,3,-1.1644880063824914,False
25,online,Location-based,01,2,0.3270118420537158,True
25,online,Location-based,02,2,0.40009480609589443,True
25,online,Location-based,03,2,-0.603210841459761,False
25,online,Location-based,12,2,0.0747948745349758,True
25,online,Location-based,13,2,-0.9426670178419947,False
25,online,Location-based,23,2,-2.5055566235283013,False
25,online,Location-based,0,1,0.008811179495316193,True
25,online,Location-based,1,1,0.06413648780436942,True
25,online,Location-based,2,1,-0.5192244882308599,False
25,online,Location-based,3,1,-2.3865788891541935,False
25,online,Work-proportional,012,3,0.5996515562961537,True
25,online,Work-proportional,013,3,0.5167199038429484,True
25,online,Work-proportional,023,3,-0.8020587335390048,False
25,online,Work-proportional,123,3,-1.3577704167618898,False
25,online,Work-proportional,01,2,0.5249219073200172,True
25,online,Work-proportional,02,2,0.33428468443932235,True
25,online,Work-proportional,03,2,-0.34874596431069027,False
25,online,Work-proportional,12,2,-0.1796700026140936,False
25,online,Work-proportional,13,2,-0.8768568961854215,False
25,online,Work-proportional,23,2,-2.7034666887946015,False
25,online,Work-proportional,0,1,0.2020935898747156,True
25,online,Work-proportional,1,1,0.06876414269127151,True
25,online,Work-proportional,2,1,-0.7783170202668314,False
25,online,Work-proportional,3,1,-2.3253964223845225,False
26,hindsight,Dual (Theorem 3),012,3,-0.4045183844205691,False
26,hindsight,Dual (Theorem 3),013,3,-0.09249025631783048,False
26,hindsight,Dual (Theorem 3),023,3,-0.12582778012632412,False
26,hindsight,Dual (Theorem 3),123,3,-0.14345972888248681,False
26,hindsight,Dual (Theorem 3),01,2,-0.7650411720352264,False
26,hindsight,Dual (Theorem 3),02,2,-0.14777723055080605,False
26,hindsight,Dual (Theorem 3),03,2,-0.20172848670781263,False
26,hindsight,Dual (Theorem 3),12,2,-0.12536878621302228,False
26,hindsight,Dual (Theorem 3),13,2,-0.23765725880552724,False
26,hindsight,Dual (Theorem 3),23,2,-0.6022118556876004,False
26,hindsight,Dual (Theorem 3),0,1,-0.4339388991242226,False
26,hindsight,Dual (Theorem 3),1,1,-0.3876602341034713,False
26,hindsight,Dual (Theorem 3),2,1,-0.29242687916408616,False
26,hindsight,Dual (Theorem 3),3,1,-0.8129259529598365,False
26,hindsight,Location-based,012,3,0.29891142601546683,True
26,hindsight,Location-based,013,3,0.124999885405354,True
26,hindsight,Location-based,023,3,-0.5856538592438194,False
26,hindsight,Location-based,123,3,-0.6045536019242115,False
26,hindsight,Location-based,01,2,0.15587878012399387,True
26,hindsight,Location-based,02,2,0.09582650076773447,True
26,hindsight,Location-based,03,2,-0.44406442410212343,False
26,hindsight,Location-based,12,2,0.11696715118128864,True
26,hindsight,Location-based,13,2,-0.4812609901240674,False
26,hindsight,Location-based,23,2,-1.5231318078468206,False
26,hindsight,Location-based,0,1,0.027154973917502295,True
26,hindsight,Location-based,1,1,0.07216584501402401,True
26,hindsight,Location-based,2,1,-0.5099170208872705,False
26,hindsight,Location-based,3,1,-1.5163557633958722,False
26,hindsight,Work-proportional,012,3,0.33067511812732975,True
26,hindsight,Work-proportional,013,3,0.21929235659179147,True
26,hindsight,Work-proportional,023,3,-0.6690590665523433,False
26,hindsight,Work-proportional,123,3,-0.6472045579140047,False
26,hindsight,Work-proportional,01,2,0.2819349434222998,True
26,hindsight,Work-proportional,02,2,0.044184985571079194,True
26,hindsight,Work-proportional,03,2,-0.43317716022420427,False
26,hindsight,Work-proportional,12,2,0.10607988730336404,True
26,hindsight,Work-proportional,13,2,-0.4296194749274178,False
26,hindsight,Work-proportional,23,2,-1.649187971145132,False
26,hindsight,Work-proportional,0,1,0.06980592990728993,True
26,hindsight,Work-proportional,1,1,0.15557105232254226,True
26,hindsight,Work-proportional,2,1,-0.6042094920737134,False
26,hindsight,Work-proportional,3,1,-1.5481194555077407,False
26,online,Dual (Theorem 3),012,3,-0.30933888946040633,False
26,online,Dual (Theorem 3),013,3,0.0024190219477573383,True
26,online,Dual (Theorem 3),023,3,-0.12404591736277393,False
26,online,Dual (Theorem 3),123,3,-0.08656287982684452,False
26,online,Dual (Theorem 3),01,2,-0.6977392694271234,False
26,online,Dual (Theorem 3),02,2,-0.11699327382686364,False
26,online,Dual (Theorem 3),03,2,-0.2678545764980831,False
26,online,Dual (Theorem 3),12,2,-0.027845011564102573,False
26,online,Dual (Theorem 3),13,2,-0.3189112104459475,False
26,online,Dual (Theorem 3),23,2,-0.6193963663960109,False
26,online,Dual (Theorem 3),0,1,-0.4300229350366518,False
26,online,Dual (Theorem 3),1,1,-0.3453636214094229,False
26,online,Dual (Theorem 3),2,1,-0.19759847424205212,False
26,online,Dual (Theorem 3),3,1,-0.8418191195234423,False
26,online,Location-based,012,3,0.3676329792569639,True
26,online,Location-based,013,3,0.19886366009578338,True
26,online,Location-based,023,3,-0.5587092881163662,False
26,online,Location-based,123,3,-0.5253160159386643,False
26,online,Location-based,01,2,0.17567723743827823,True
26,online,Location-based,02,2,0.12531522413691965,True
26,online,Location-based,03,2,-0.506073309103644,False
26,online,Location-based,12,2,0.21037372104145313,True
26,online,Location-based,13,2,-0.5612197084097361,False
26,online,Location-based,23,2,-1.492812873261418,False
26,online,Location-based,0,1,0.008730201075162897,True
26,online,Location-based,1,1,0.08929974934416418,True
26,online,Location-based,2,1,-0.3940431123900835,False
26,online,Location-based,3,1,-1.518790988240818,False
26,online,Work-proportional,012,3,0.4258546130874925,True
26,online,Work-proportional,013,3,0.31420163485737906,True
26,online,Work-proportional,023,3,-0.6672772037887928,False
26,online,Work-proportional,123,3,-0.5903077088583624,False
26,online,Work-proportional,01,2,0.3492368460304027,True
26,online,Work-proportional,02,2,0.07496894229502171,True
26,online,Work-proportional,03,2,-0.49930325001447495,False
26,online,Work-proportional,12,2,0.20360366195228385,True
26,online,Work-proportional,13,2,-0.5108734265678383,False
26,online,Work-proportional,23,2,-1.6663724818535428,False
26,online,Work-proportional,0,1,0.07372189399486082,True
26,online,Work-proportional,1,1,0.1978676650165907,True
26,online,Work-proportional,2,1,-0.5093810871516794,False
26,online,Work-proportional,3,1,-1.5770126220713467,False
27,hindsight,Dual (Theorem 3),012,3,-0.38329320885488327,False
27,hindsight,Dual (Theorem 3),013,3,-0.11606176356372577,False
27,hindsight,Dual (Theorem 3),023,3,-0.18494633297202645,False
27,hindsight,Dual (Theorem 3),123,3,-0.14016824663334848,False
27,hindsight,Dual (Theorem 3),01,2,-0.9782220563380563,False
27,hindsight,Dual (Theorem 3),02,2,-0.13784071064035996,False
27,hindsight,Dual (Theorem 3),03,2,-0.08969667913035595,False
27,hindsight,Dual (Theorem 3),12,2,-0.08218779560421519,False
27,hindsight,Dual (Theorem 3),13,2,-0.08190381848612827,False
27,hindsight,Dual (Theorem 3),23,2,-0.6892593060007686,False
27,hindsight,Dual (Theorem 3),0,1,-0.7538971989138731,False
27,hindsight,Dual (Theorem 3),1,1,-0.43813179547836156,False
27,hindsight,Dual (Theorem 3),2,1,-0.3692051184888854,False
27,hindsight,Dual (Theorem 3),3,1,-0.5377560640505932,False
27,hindsight,Location-based,012,3,0.4067310267612376,True
27,hindsight,Location-based,013,3,0.3959284912045149,True
27,hindsight,Location-based,023,3,-0.7174768697095342,False
27,hindsight,Location-based,123,3,-0.909652200280203,False
27,hindsight,Location-based,01,2,0.32379243404630553,True
27,hindsight,Location-based,02,2,0.1196529882382531,True
27,hindsight,Location-based,03,2,-0.110236961099623,False
27,hindsight,Location-based,12,2,-0.06164751363494836,False
27,hindsight,Location-based,13,2,-0.33939751736474166,False
27,hindsight,Location-based,23,2,-1.9912737963851304,False
27,hindsight,Location-based,0,1,0.01558675473298099,True
27,hindsight,Location-based,1,1,0.09439874125914616,True
27,hindsight,Location-based,2,1,-0.8811953732571264,False
27,hindsight,Location-based,3,1,-1.3277802996667143,False
27,hindsight,Work-proportional,012,3,0.500686430568035,True
27,hindsight,Work-proportional,013,3,0.4389741607647557,True
27,hindsight,Work-proportional,023,3,-0.7255394406471196,False
27,hindsight,Work-proportional,123,3,-1.0385907027096701,False
27,hindsight,Work-proportional,01,2,0.46079350741334846,True
27,hindsight,Work-proportional,02,2,0.20554582110746988,True
27,hindsight,Work-proportional,03,2,-0.07525386247696275,False
27,hindsight,Work-proportional,12,2,-0.09663061225761349,False
27,hindsight,Work-proportional,13,2,-0.4252903502339631,False
27,hindsight,Work-proportional,23,2,-2.128274869752178,False
27,hindsight,Work-proportional,0,1,0.14452525716244333,True
27,hindsight,Work-proportional,1,1,0.10246131219672672,True
27,hindsight,Work-proportional,2,1,-0.9242410428173718,False
27,hindsight,Work-proportional,3,1,-1.4217357034735163,False
27,online,Dual (Theorem 3),012,3,-0.34756922121345,False
27,online,Dual (Theorem 3),013,3,-0.1360741866502786,False
27,online,Dual (Theorem 3),023,3,-0.1800224310743186,False
27,online,Dual (Theorem 3),123,3,-0.12793405515525436,False
27,online,Dual (Theorem 3),01,2,-0.956840004986607,False
27,online,Dual (Theorem 3),02,2,-0.20444064148316055,False
27,online,Dual (Theorem 3),03,2,-0.1997111804624745,False
27,online,Dual (Theorem 3),12,2,-0.1012802248579554,False
27,online,Dual (Theorem 3),13,2,-0.16637650385696778,False
27,online,Dual (Theorem 3),23,2,-0.706257430964202,False
27,online,Dual (Theorem 3),0,1,-0.7661140112250517,False
27,online,Dual (Theorem 3),1,1,-0.4173766188021779,False
27,online,Dual (Theorem 3),2,1,-0.3629962375602891,False
27,online,Dual (Theorem 3),3,1,-0.5726333980171225,False
27,online,Location-based,012,3,0.4360491609747974,True
27,online,Location-based,013,3,0.37295508821143253,True
27,online,Location-based,023,3,-0.723913346307139,False
27,online,Location-based,123,3,-0.8766907969724085,False
27,online,Location-based,01,2,0.3358076520633566,True
27,online,Location-based,02,2,0.0352868254722718,True
27,online,Location-based,03,2,-0.23457282083357844,False
27,online,Location-based,12,2,-0.06641858448685656,False
27,online,Location-based,13,2,-0.40610397081240546,False
27,online,Location-based,23,2,-1.9989050880141708,False
27,online,Location-based,0,1,-0.01735726940790308,False
27,online,Location-based,1,1,0.12651429643063705,True
27,online,Location-based,2,1,-0.8720255124220053,False
27,online,Location-based,3,1,-1.3562517802053753,False
27,online,Work-proportional,012,3,0.536410418209468,True
27,online,Work-proportional,013,3,0.4189617376782029,True
27,online,Work-proportional,023,3,-0.7206155387494118,False
27,online,Work-proportional,123,3,-1.026356511231576,False
27,online,Work-proportional,01,2,0.48217555876479756,True
27,online,Work-proportional,02,2,0.1389458902646694,True
27,online,Work-proportional,03,2,-0.1852683638090813,False
27,online,Work-proportional,12,2,-0.11572304151135371,False
27,online,Work-proportional,13,2,-0.5097630356048026,False
27,online,Work-proportional,23,2,-2.1452729947156115,False
27,online,Work-proportional,0,1,0.1323084448512647,True
27,online,Work-proportional,1,1,0.12321648887291037,True
27,online,Work-proportional,2,1,-0.9180321618887756,False
27,online,Work-proportional,3,1,-1.4566130374400459,False
28,hindsight,Dual (Theorem 3),012,3,-0.5357298606213734,False
28,hindsight,Dual (Theorem 3),013,3,-0.0817458562269926,False
28,hindsight,Dual (Theorem 3),023,3,-0.28211925444674524,False
28,hindsight,Dual (Theorem 3),123,3,-0.1695493214472208,False
28,hindsight,Dual (Theorem 3),01,2,-1.1778420156512728,False
28,hindsight,Dual (Theorem 3),02,2,-0.18475530163897091,False
28,hindsight,Dual (Theorem 3),03,2,-0.26042520820433923,False
28,hindsight,Dual (Theorem 3),12,2,-0.21847014270759257,False
28,hindsight,Dual (Theorem 3),13,2,-0.17987566778083863,False
28,hindsight,Dual (Theorem 3),23,2,-0.887151241184716,False
28,hindsight,Dual (Theorem 3),0,1,-0.7470192775157124,False
28,hindsight,Dual (Theorem 3),1,1,-0.6501164698115145,False
28,hindsight,Dual (Theorem 3),2,1,-0.2497602375100727,False
28,hindsight,Dual (Theorem 3),3,1,-1.001432998464685,False
28,hindsight,Location-based,012,3,0.6680142870692185,True
28,hindsight,Location-based,013,3,0.260807750569076,True
28,hindsight,Location-based,023,3,-1.0434927616581975,False
28,hindsight,Location-based,123,3,-0.9544735687224271,False
28,hindsight,Location-based,01,2,0.36845573883538674,True
28,hindsight,Location-based,02,2,0.2576153388401681,True
28,hindsight,Location-based,03,2,-0.6792451086197238,False
28,hindsight,Location-based,12,2,0.20034975770779262,True
28,hindsight,Location-based,13,2,-0.6222463082599767,False
28,hindsight,Location-based,23,2,-2.4334489956713754,False
28,hindsight,Location-based,0,1,0.0379049697594942,True
28,hindsight,Location-based,1,1,0.11125703739993842,True
28,hindsight,Location-based,2,1,-0.5923138443061404,False
28,hindsight,Location-based,3,1,-2.2051771461552763,False
28,hindsight,Work-proportional,012,3,0.6882653671684222,True
28,hindsight,Work-proportional,013,3,0.42774928750649677,True
28,hindsight,Work-proportional,023,3,-1.117889579112319,False
28,hindsight,Work-proportional,123,3,-1.0672693683049261,False
28,hindsight,Work-proportional,01,2,0.5556483558720099,True
28,hindsight,Work-proportional,02,2,0.20346960148524929,True
28,hindsight,Work-proportional,03,2,-0.5867003891364257,False
28,hindsight,Work-proportional,12,2,0.10780503822449594,True
28,hindsight,Work-proportional,13,2,-0.5681005709050564,False
28,hindsight,Work-proportional,23,2,-2.6206416127079972,False
28,hindsight,Work-proportional,0,1,0.15070076934199483,True
28,hindsight,Work-proportional,1,1,0.18565385485406105,True
28,hindsight,Work-proportional,2,1,-0.7592553812435597,False
28,hindsight,Work-proportional,3,1,-2.2254282262544787,False
28,online,Dual (Theorem 3),012,3,-0.4669841523459859,False
28,online,Dual (Theorem 3),013,3,-0.028203617893513222,False
28,online,Dual (Theorem 3),023,3,-0.333518851724385,False
28,online,Dual (Theorem 3),123,3,-0.14405582905232794,False
28,online,Dual (Theorem 3),01,2,-1.1343490516834065,False
28,online,Dual (Theorem 3),02,2,-0.17499168550277933,False
28,online,Dual (Theorem 3),03,2,-0.3594887844608956,False
28,online,Dual (Theorem 3),12,2,-0.18593116390527809,False
28,online,Dual (Theorem 3),13,2,-0.2876524076634537,False
28,online,Dual (Theorem 3),23,2,-0.8604152639555487,False
28,online,Dual (Theorem 3),0,1,-0.7531307596265926,False
28,online,Dual (Theorem 3),1,1,-0.6220424032111314,False
28,online,Dual (Theorem 3),2,1,-0.2358610655261435,False
28,online,Dual (Theorem 3),3,1,-1.0464706313067547,False
28,online,Location-based,012,3,0.7230614092800043,True
28,online,Location-based,013,3,0.3138133137606509,True
28,online,Location-based,023,3,-1.098183672345956,False
28,online,Location-based,123,3,-0.9114535017109016,False
28,online,Location-based,01,2,0.3977134415967448,True
28,online,Location-based,02,2,0.2503890555016366,True
28,online,Location-based,03,2,-0.7821366734283055,False
28,online,Location-based,12,2,0.23671672506213493,True
28,online,Location-based,13,2,-0.7130331486678667,False
28,online,Location-based,23,2,-2.3924777572356972,False
28,online,Location-based,0,1,0.01426691303198463,True
28,online,Location-based,1,1,0.1426224174104428,True
28,online,Location-based,2,1,-0.5778779971803047,False
28,online,Location-based,3,1,-2.2365161929327417,False
28,online,Work-proportional,012,3,0.7570110754438095,True
28,online,Work-proportional,013,3,0.4812915258399757,True
28,online,Work-proportional,023,3,-1.1692891763899578,False
28,online,Work-proportional,123,3,-1.0417758759100324,False
28,online,Work-proportional,01,2,0.5991413198398762,True
28,online,Work-proportional,02,2,0.21323321762144087,True
28,online,Work-proportional,03,2,-0.6857639653929817,False
28,online,Work-proportional,12,2,0.14034401702681043,True
28,online,Work-proportional,13,2,-0.6758773107876719,False
28,online,Work-proportional,23,2,-2.5939056354788295,False
28,online,Work-proportional,0,1,0.14458928723111458,True
28,online,Work-proportional,1,1,0.2137279214544442,True
28,online,Work-proportional,2,1,-0.7453562092596306,False
28,online,Work-proportional,3,1,-2.2704658590965483,False
29,hindsight,Dual (Theorem 3),012,3,-0.3938091956657628,False
29,hindsight,Dual (Theorem 3),013,3,-0.13335151107793708,False
29,hindsight,Dual (Theorem 3),023,3,-0.2002845112375784,False
29,hindsight,Dual (Theorem 3),123,3,-0.11875809148767935,False
29,hindsight,Dual (Theorem 3),01,2,-1.0728269559001327,False
29,hindsight,Dual (Theorem 3),02,2,-0.1531241905489258,False
29,hindsight,Dual (Theorem 3),03,2,-0.11780669288136592,False
29,hindsight,Dual (Theorem 3),12,2,-0.15528782765378701,False
29,hindsight,Dual (Theorem 3),13,2,-0.08647824595175813,False
29,hindsight,Dual (Theorem 3),23,2,-0.6909356148492991,False
29,hindsight,Dual (Theorem 3),0,1,-0.6081877392938021,False
29,hindsight,Dual (Theorem 3),1,1,-0.7106534449347525,False
29,hindsight,Dual (Theorem 3),2,1,-0.3503819685030716,False
29,hindsight,Dual (Theorem 3),3,1,-1.0922300685076172,False
29,hindsight,Location-based,012,3,0.5539064911809874,True
29,hindsight,Location-based,013,3,0.371890586046816,True
29,hindsight,Location-based,023,3,-1.012203245657751,False
29,hindsight,Location-based,123,3,-0.7597971410390079,False
29,hindsight,Location-based,01,2,0.3801308280713702,True
29,hindsight,Location-based,02,2,-0.0173272381223486,False
29,hindsight,Location-based,03,2,-0.42448333017678586,False
29,hindsight,Location-based,12,2,0.1513888096416336,True
29,hindsight,Location-based,13,2,-0.22227519837833487,False
29,hindsight,Location-based,23,2,-2.1438933988208015,False
29,hindsight,Location-based,0,1,0.03285131025752763,True
29,hindsight,Location-based,1,1,0.1012652894854209,True
29,hindsight,Location-based,2,1,-0.8556240656278242,False
29,hindsight,Location-based,3,1,-2.039945755354367,False
29,hindsight,Work-proportional,012,3,0.5840745780390963,True
29,hindsight,Work-proportional,013,3,0.5221545218830279,True
29,hindsight,Work-proportional,023,3,-1.1176650955110756,False
29,hindsight,Work-proportional,123,3,-0.8347673138799969,False
29,hindsight,Work-proportional,01,2,0.5605628507656883,True
29,hindsight,Work-proportional,02,2,-0.09262100111756699,False
29,hindsight,Work-proportional,03,2,-0.3796812441939008,False
29,hindsight,Work-proportional,12,2,0.10658672365875121,True
29,hindsight,Work-proportional,13,2,-0.14698143538311426,False
29,hindsight,Work-proportional,23,2,-2.324325421515117,False
29,hindsight,Work-proportional,0,1,0.10782148309851869,True
29,hindsight,Work-proportional,1,1,0.20672713933874776,True
29,hindsight,Work-proportional,2,1,-1.0058880014640337,False
29,hindsight,Work-proportional,3,1,-2.070113842212473,False
29,online,Dual (Theorem 3),012,3,-0.3319915421563697,False
29,online,Dual (Theorem 3),013,3,-0.08636385115750267,False
29,online,Dual (Theorem 3),023,3,-0.2805675080824557,False
29,online,Dual (Theorem 3),123,3,-0.09392794610204724,False
29,online,Dual (Theorem 3),01,2,-1.0183814449639583,False
29,online,Dual (Theorem 3),02,2,-0.23162711332221875,False
29,online,Dual (Theorem 3),03,2,-0.14787695107535903,False
29,online,Dual (Theorem 3),12,2,-0.07880621572242341,False
29,online,Dual (Theorem 3),13,2,0.005054863604430526,True
29,online,Dual (Theorem 3),23,2,-0.6467305631847804,False
29,online,Dual (Theorem 3),0,1,-0.6502590128109133,False
29,online,Dual (Theorem 3),1,1,-0.6722146015067119,False
29,online,Dual (Theorem 3),2,1,-0.35029059712976873,False
29,online,Dual (Theorem 3),3,1,-0.5144206618834377,False
29,online,Location-based,012,3,0.5929177204077103,True
29,online,Location-based,013,3,0.39984322294271646,True
29,online,Location-based,023,3,-1.0510464830652264,False
29,online,Location-based,123,3,-0.7345653077835683,False
29,online,Location-based,01,2,0.3927348917003377,True
29,online,Location-based,02,2,-0.07719682574091147,False
29,online,Location-based,03,2,-0.4321488519579124,False
29,online,Location-based,12,2,0.20546568516013242,True
29,online,Location-based,13,2,-0.14937542397687453,False
29,online,Location-based,23,2,-2.057846899849074,False
29,online,Location-based,0,1,-0.009621651129389674,False
29,online,Location-based,1,1,0.09826437347606043,True
29,online,Location-based,2,1,-0.836497671229985,False
29,online,Location-based,3,1,-1.4393299244475148,False
29,online,Work-proportional,012,3,0.6458922315484892,True
29,online,Work-proportional,013,3,0.5691421818034623,True
29,online,Work-proportional,023,3,-1.1979480923559533,False
29,online,Work-proportional,123,3,-0.8099371684943657,False
29,online,Work-proportional,01,2,0.6150083617018627,True
29,online,Work-proportional,02,2,-0.17112392389086017,False
29,online,Work-proportional,03,2,-0.4097515023878944,False
29,online,Work-proportional,12,2,0.18306833559011437,True
29,online,Work-proportional,13,2,-0.05544832582692516,False
29,online,Work-proportional,23,2,-2.2801203698505987,False
29,online,Work-proportional,0,1,0.06575020958140754,True
29,online,Work-proportional,1,1,0.24516598276678825,True
29,online,Work-proportional,2,1,-1.0057966300907308,False
29,online,Work-proportional,3,1,-1.4923044355882937,False
30,hindsight,Dual (Theorem 3),012,3,-0.37012146943317714,False
30,hindsight,Dual (Theorem 3),013,3,-0.09607256856244639,False
30,hindsight,Dual (Theorem 3),023,3,-0.26283793651702547,False
30,hindsight,Dual (Theorem 3),123,3,-0.18485866308806465,False
30,hindsight,Dual (Theorem 3),01,2,-0.8641590790592241,False
30,hindsight,Dual (Theorem 3),02,2,-0.15721346470786446,False
30,hindsight,Dual (Theorem 3),03,2,-0.14838103262052416,False
30,hindsight,Dual (Theorem 3),12,2,-0.09571509021693592,False
30,hindsight,Dual (Theorem 3),13,2,-0.10197352792288594,False
30,hindsight,Dual (Theorem 3),23,2,-0.8772185689781944,False
30,hindsight,Dual (Theorem 3),0,1,-0.5786469064834404,False
30,hindsight,Dual (Theorem 3),1,1,-0.4371752657907748,False
30,hindsight,Dual (Theorem 3),2,1,-0.48626068314262993,False
30,hindsight,Dual (Theorem 3),3,1,-0.6917768883306392,False
30,hindsight,Location-based,012,3,0.37700095552252866,True
30,hindsight,Location-based,013,3,0.33266504823462295,True
30,hindsight,Location-based,023,3,-0.810752707281654,False
30,hindsight,Location-based,123,3,-0.8128039340762112,False
30,hindsight,Location-based,01,2,0.3117009626935512,True
30,hindsight,Location-based,02,2,0.04199418948321276,True
30,hindsight,Location-based,03,2,-0.26755818658808295,False
30,hindsight,Location-based,12,2,0.023462063750623097,True
30,hindsight,Location-based,13,2,-0.3011811821139627,False
30,hindsight,Location-based,23,2,-2.053078610730969,False
30,hindsight,Location-based,0,1,0.04929836450470626,True
30,hindsight,Location-based,1,1,0.11073950497385376,True
30,hindsight,Location-based,2,1,-0.9149982999396995,False
30,hindsight,Location-based,3,1,-1.438899313286345,False
30,hindsight,Work-proportional,012,3,0.5094827132821962,True
30,hindsight,Work-proportional,013,3,0.3472491877602364,True
30,hindsight,Work-proportional,023,3,-0.8524622501132115,False
30,hindsight,Work-proportional,123,3,-0.9181602885299238,False
30,hindsight,Work-proportional,01,2,0.4587668599788284,True
30,hindsight,Work-proportional,02,2,0.13276640441131904,True
30,hindsight,Work-proportional,03,2,-0.294683589894031,False
30,hindsight,Work-proportional,12,2,0.050587467056574464,True
30,hindsight,Work-proportional,13,2,-0.39195339704206544,False
30,hindsight,Work-proportional,23,2,-2.200144508016243,False
30,hindsight,Work-proportional,0,1,0.1546547189584223,True
30,hindsight,Work-proportional,1,1,0.15244904780541502,True
30,hindsight,Work-proportional,2,1,-0.9295824394653094,False
30,hindsight,Work-proportional,3,1,-1.5713810710460088,False
30,online,Dual (Theorem 3),012,3,-0.3703476649784958,False
30,online,Dual (Theorem 3),013,3,-0.08813929042177726,False
30,online,Dual (Theorem 3),023,3,-0.30453649235756597,False
30,online,Dual (Theorem 3),123,3,-0.21269576634362064,False
30,online,Dual (Theorem 3),01,2,-0.8541377759895714,False
30,online,Dual (Theorem 3),02,2,-0.2198649681094531,False
30,online,Dual (Theorem 3),03,2,-0.20215675328994598,False
30,online,Dual (Theorem 3),12,2,-0.14700665518600897,False
30,online,Dual (Theorem 3),13,2,-0.10754083890054433,False
30,online,Dual (Theorem 3),23,2,-0.9332232742094835,False
30,online,Dual (Theorem 3),0,1,-0.5888608383229407,False
30,online,Dual (Theorem 3),1,1,-0.4482213924304282,False
30,online,Dual (Theorem 3),2,1,-0.5556264795566705,False
30,online,Dual (Theorem 3),3,1,-0.751462643584619,False
30,online,Location-based,012,3,0.36710971323582386,True
30,online,Location-based,013,3,0.318599096174895,True
30,online,Location-based,023,3,-0.8379357626947268,False
30,online,Location-based,123,3,-0.8234922608174386,False
30,online,Location-based,01,2,0.2900579888214163,True
30,online,Location-based,02,2,-0.01580686023229827,False
30,online,Location-based,03,2,-0.328817637030439,False
30,online,Location-based,12,2,-0.020345771445511973,False
30,online,Location-based,13,2,-0.31159894677769495,False
30,online,Location-based,23,2,-2.0774190390204677,False
30,online,Location-based,0,1,0.021935656150882,True
30,online,Location-based,1,1,0.08517787790673681,True
30,online,Location-based,2,1,-0.9623648661533384,False
30,online,Location-based,3,1,-1.4889200217989347,False
30,online,Work-proportional,012,3,0.5092565177368775,True
30,online,Work-proportional,013,3,0.3551824659009064,True
30,online,Work-proportional,023,3,-0.894160805953752,False
30,online,Work-proportional,123,3,-0.9459973917854789,False
30,online,Work-proportional,01,2,0.46878816304848114,True
30,online,Work-proportional,02,2,0.07011490100973017,True
30,online,Work-proportional,03,2,-0.3484593105634528,False
30,online,Work-proportional,12,2,-0.0007040979124985913,False
30,online,Work-proportional,13,2,-0.39752070801972383,False
30,online,Work-proportional,23,2,-2.2561492132475327,False
30,online,Work-proportional,0,1,0.14444078711892205,True
30,online,Work-proportional,1,1,0.1414029211657617,True
30,online,Work-proportional,2,1,-0.99894823587935,False
30,online,Work-proportional,3,1,-1.6310668262999883,False
31,hindsight,Dual (Theorem 3),012,3,-0.21763167791196908,False
31,hindsight,Dual (Theorem 3),013,3,-0.02893465411930818,False
31,hindsight,Dual (Theorem 3),023,3,-0.15431140409549804,False
31,hindsight,Dual (Theorem 3),123,3,-0.13912462668836456,False
31,hindsight,Dual (Theorem 3),01,2,-0.4079173475142975,False
31,hindsight,Dual (Theorem 3),02,2,-0.11612933160709898,False
31,hindsight,Dual (Theorem 3),03,2,-0.2510101334631344,False
31,hindsight,Dual (Theorem 3),12,2,-0.07093704081912333,False
31,hindsight,Dual (Theorem 3),13,2,-0.2018895111157053,False
31,hindsight,Dual (Theorem 3),23,2,-0.7255325593089084,False
31,hindsight,Dual (Theorem 3),0,1,-0.357777455925703,False
31,hindsight,Dual (Theorem 3),1,1,-0.1411128524230017,False
31,hindsight,Dual (Theorem 3),2,1,-0.16841223504915526,False
31,hindsight,Dual (Theorem 3),3,1,-1.0609814182687987,False
31,hindsight,Location-based,012,3,0.23142227263695614,True
31,hindsight,Location-based,013,3,0.06605957023701137,True
31,hindsight,Location-based,023,3,-0.3273324063738141,False
31,hindsight,Location-based,123,3,-0.5101517993152931,False
31,hindsight,Location-based,01,2,0.13613082739094717,True
31,hindsight,Location-based,02,2,0.15990361666351,True
31,hindsight,Location-based,03,2,-0.329036911385131,False
31,hindsight,Location-based,12,2,0.007089737102873306,True
31,hindsight,Location-based,13,2,-0.47792245938631417,False
31,hindsight,Location-based,23,2,-1.2695807342141527,False
31,hindsight,Location-based,0,1,0.013249716701225503,True
31,hindsight,Location-based,1,1,0.03190814985531448,True
31,hindsight,Location-based,2,1,-0.26340645940547475,False
31,hindsight,Location-based,3,1,-1.5100353688177237,False
31,hindsight,Work-proportional,012,3,0.23620144227699913,True
31,hindsight,Work-proportional,013,3,0.11811672575772891,True
31,hindsight,Work-proportional,023,3,-0.32463846934461293,False
31,hindsight,Work-proportional,123,3,-0.569682061505274,False
31,hindsight,Work-proportional,01,2,0.19296715255171415,True
31,hindsight,Work-proportional,02,2,0.16737672333276066,True
31,hindsight,Work-proportional,03,2,-0.27428581883520586,False
31,hindsight,Work-proportional,12,2,-0.047661355447058185,False
31,hindsight,Work-proportional,13,2,-0.4853955660555712,False
31,hindsight,Work-proportional,23,2,-1.3264170593749263,False
31,hindsight,Work-proportional,0,1,0.07277997889120011,True
31,hindsight,Work-proportional,1,1,0.029214212826106867,True
31,hindsight,Work-proportional,2,1,-0.31546361492619873,False
31,hindsight,Work-proportional,3,1,-1.5148145384577731,False
31,online,Dual (Theorem 3),012,3,-0.17301611810846984,False
31,online,Dual (Theorem 3),013,3,0.042215824269842495,True
31,online,Dual (Theorem 3),023,3,-0.19930717217974214,False
31,online,Dual (Theorem 3),123,3,-0.1898591614451779,False
31,online,Dual (Theorem 3),01,2,-0.37439685687765784,False
31,online,Dual (Theorem 3),02,2,-0.07606209724869828,False
31,online,Dual (Theorem 3),03,2,-0.33959296949348994,False
31,online,Dual (Theorem 3),12,2,-0.05754553605005008,False
31,online,Dual (Theorem 3),13,2,-0.24644822460241045,False
31,online,Dual (Theorem 3),23,2,-0.8268225496604003,False
31,online,Dual (Theorem 3),0,1,-0.3468773678550456,False
31,online,Dual (Theorem 3),1,1,-0.12884860255727343,False
31,online,Dual (Theorem 3),2,1,-0.22149448589421972,False
31,online,Dual (Theorem 3),3,1,-1.1116429947020487,False
31,online,Location-based,012,3,0.2667451155429791,True
31,online,Location-based,013,3,0.11186812281551894,True
31,online,Location-based,023,3,-0.3577100109088138,False
31,online,Location-based,123,3,-0.5408698549132502,False
31,online,Location-based,01,2,0.1350166753194738,True
31,online,Location-based,02,2,0.20529629767368507,True
31,online,Location-based,03,2,-0.42834350967687906,False
31,online,Location-based,12,2,0.031205004133332825,True
31,online,Location-based,13,2,-0.5278066195248,False
31,online,Location-based,23,2,-1.336236081857538,False
31,online,Location-based,0,1,0.004133325613020489,True
31,online,Location-based,1,1,0.029554236171792148,True
31,online,Location-based,2,1,-0.2911467844399024,False
31,online,Location-based,3,1,-1.551404228353504,False
31,online,Work-proportional,012,3,0.2808170020804984,True
31,online,Work-proportional,013,3,0.1892672041468797,True
31,online,Work-proportional,023,3,-0.3696342374288566,False
31,online,Work-proportional,123,3,-0.6204165962620873,False
31,online,Work-proportional,01,2,0.2264876431883538,True
31,online,Work-proportional,02,2,0.20744395769116142,True
31,online,Work-proportional,03,2,-0.3628686548655613,False
31,online,Work-proportional,12,2,-0.03426985067798494,False
31,online,Work-proportional,13,2,-0.5299542795422761,False
31,online,Work-proportional,23,2,-1.427707049726418,False
31,online,Work-proportional,0,1,0.08368006696185748,True
31,online,Work-proportional,1,1,0.04147846269183514,True
31,online,Work-proportional,2,1,-0.36854586577126314,False
31,online,Work-proportional,3,1,-1.5654761148910232,False
32,hindsight,Dual (Theorem 3),012,3,-0.4814642981185454,False
32,hindsight,Dual (Theorem 3),013,3,-0.05446088420281714,False
32,hindsight,Dual (Theorem 3),023,3,-0.17300464483767364,False
32,hindsight,Dual (Theorem 3),123,3,-0.17552641892878373,False
32,hindsight,Dual (Theorem 3),01,2,-0.7942765447403188,False
32,hindsight,Dual (Theorem 3),02,2,-0.24939951186972464,False
32,hindsight,Dual (Theorem 3),03,2,-0.3505783656999093,False
32,hindsight,Dual (Theorem 3),12,2,-0.16040992984637792,False
32,hindsight,Dual (Theorem 3),13,2,-0.33554271213430664,False
32,hindsight,Dual (Theorem 3),23,2,-0.8567618076144603,False
32,hindsight,Dual (Theorem 3),0,1,-0.6103517466858286,False
32,hindsight,Dual (Theorem 3),1,1,-0.3177314852944778,False
32,hindsight,Dual (Theorem 3),2,1,-0.117534513582226,False
32,hindsight,Dual (Theorem 3),3,1,-1.3659726523179976,False
32,hindsight,Location-based,012,3,0.3922683596226615,True
32,hindsight,Location-based,013,3,0.06909174600939827,True
32,hindsight,Location-based,023,3,-0.5415197076044462,False
32,hindsight,Location-based,123,3,-0.8042966441154329,False
32,hindsight,Location-based,01,2,0.2030087432131033,True
32,hindsight,Location-based,02,2,0.25581808310470955,True
32,hindsight,Location-based,03,2,-0.5955407982544665,False
32,hindsight,Location-based,12,2,0.08455250270817949,True
32,hindsight,Location-based,13,2,-0.8407603071087406,False
32,hindsight,Location-based,23,2,-1.8540470955678825,False
32,hindsight,Location-based,0,1,0.0184184785008209,True
32,hindsight,Location-based,1,1,0.050783577472294894,True
32,hindsight,Location-based,2,1,-0.2410871437944413,False
32,hindsight,Location-based,3,1,-2.2397053100592044,False
32,hindsight,Work-proportional,012,3,0.393349035775175,True
32,hindsight,Work-proportional,013,3,0.1717894956583732,True
32,hindsight,Work-proportional,023,3,-0.5612151134733545,False
32,hindsight,Work-proportional,123,3,-0.8883796640479971,False
32,hindsight,Work-proportional,01,2,0.3067871690145864,True
32,hindsight,Work-proportional,02,2,0.23720335338830933,True
32,hindsight,Work-proportional,03,2,-0.5125384544744052,False
32,hindsight,Work-proportional,12,2,0.0015501589281234907,True
32,hindsight,Work-proportional,13,2,-0.822145577392335,False
32,hindsight,Work-proportional,23,2,-1.9578255213693603,False
32,hindsight,Work-proportional,0,1,0.10250149843339042,True
32,hindsight,Work-proportional,1,1,0.07047898334120856,True
32,hindsight,Work-proportional,2,1,-0.343784893443411,False
32,hindsight,Work-proportional,3,1,-2.2407859862117125,False
32,online,Dual (Theorem 3),012,3,-0.4098402125372655,False
32,online,Dual (Theorem 3),013,3,-0.0336959328900579,False
32,online,Dual (Theorem 3),023,3,-0.17170315644482592,False
32,online,Dual (Theorem 3),123,3,-0.18359945590704063,False
32,online,Dual (Theorem 3),01,2,-0.7556233892206345,False
32,online,Dual (Theorem 3),02,2,-0.2482982335794891,False
32,online,Dual (Theorem 3),03,2,-0.46581115821666286,False
32,online,Dual (Theorem 3),12,2,-0.15021557653623308,False
32,online,Dual (Theorem 3),13,2,-0.43851883524384716,False
32,online,Dual (Theorem 3),23,2,-0.9100052086109702,False
32,online,Dual (Theorem 3),0,1,-0.6077826779819548,False
32,online,Dual (Theorem 3),1,1,-0.29318754651236456,False
32,online,Dual (Theorem 3),2,1,-0.13096779071767795,False
32,online,Dual (Theorem 3),3,1,-1.4285495533654144,False
32,online,Location-based,012,3,0.4505531933950703,True
32,online,Location-based,013,3,0.06913803702227317,True
32,online,Location-based,023,3,-0.5274117364463886,False
32,online,Location-based,123,3,-0.7911182517501296,False
32,online,Location-based,01,2,0.20760398662402724,True
32,online,Location-based,02,2,0.2563865923512786,True
32,online,Location-based,03,2,-0.7186857683058998,False
32,online,Location-based,12,2,0.10265903355300887,True
32,online,Location-based,13,2,-0.9432036611746097,False
32,online,Location-based,23,2,-1.8732325844556268,False
32,online,Location-based,0,1,-0.00026388213886101297,False
32,online,Location-based,1,1,0.06252103348920351,True
32,online,Location-based,2,1,-0.23380176063000402,False
32,online,Location-based,3,1,-2.288942959297745,False
32,online,Work-proportional,012,3,0.46497312135645485,True
32,online,Work-proportional,013,3,0.19255444697113266,True
32,online,Work-proportional,023,3,-0.5599136250805068,False
32,online,Work-proportional,123,3,-0.8964527010262544,False
32,online,Work-proportional,01,2,0.34544032453427087,True
32,online,Work-proportional,02,2,0.23830463167854476,True
32,online,Work-proportional,03,2,-0.6277712469911589,False
32,online,Work-proportional,12,2,0.011744512238268223,True
32,online,Work-proportional,13,2,-0.9251217005018757,False
32,online,Work-proportional,23,2,-2.01106892236587,False
32,online,Work-proportional,0,1,0.1050705671372642,True
32,online,Work-proportional,1,1,0.09502292212332186,True
32,online,Work-proportional,2,1,-0.35721817057886307,False
32,online,Work-proportional,3,1,-2.303362887259129,False
33,hindsight,Dual (Theorem 3),012,3,-0.23791002654182036,False
33,hindsight,Dual (Theorem 3),013,3,-0.02336112486132358,False
33,hindsight,Dual (Theorem 3),023,3,-0.12010484475764471,False
33,hindsight,Dual (Theorem 3),123,3,-0.10667079461369156,False
33,hindsight,Dual (Theorem 3),01,2,-0.3927663914013624,False
33,hindsight,Dual (Theorem 3),02,2,-0.14534109167487436,False
33,hindsight,Dual (Theorem 3),03,2,-0.343287127126225,False
33,hindsight,Dual (Theorem 3),12,2,-0.08464483130106976,False
33,hindsight,Dual (Theorem 3),13,2,-0.2357036873113627,False
33,hindsight,Dual (Theorem 3),23,2,-0.5691902867208638,False
33,hindsight,Dual (Theorem 3),0,1,-0.3757584124212478,False
33,hindsight,Dual (Theorem 3),1,1,-0.1569674280679543,False
33,hindsight,Dual (Theorem 3),2,1,-0.06170125562388079,False
33,hindsight,Dual (Theorem 3),3,1,-1.1880335484237279,False
33,hindsight,Location-based,012,3,0.2600059786907551,True
33,hindsight,Location-based,013,3,0.029146163320118434,True
33,hindsight,Location-based,023,3,-0.28478735382618525,False
33,hindsight,Location-based,123,3,-0.4924115789591692,False
33,hindsight,Location-based,01,2,0.1576569020126553,True
33,hindsight,Location-based,02,2,0.18789240448916078,True
33,hindsight,Location-based,03,2,-0.4554623480133232,False
33,hindsight,Location-based,12,2,0.02753038958602827,True
33,hindsight,Location-based,13,2,-0.5689371834753979,False
33,hindsight,Location-based,23,2,-1.1196135801348817,False
33,hindsight,Location-based,0,1,0.0099823719242296,True
33,hindsight,Location-based,1,1,0.007715081000585988,True
33,hindsight,Location-based,2,1,-0.11420854380532303,False
33,hindsight,Location-based,3,1,-1.6859495536563034,False
33,hindsight,Work-proportional,012,3,0.2491781969582953,True
33,hindsight,Work-proportional,013,3,0.07756824807791596,True
33,hindsight,Work-proportional,023,3,-0.2611221476251685,False
33,hindsight,Work-proportional,123,3,-0.5536710881855371,False
33,hindsight,Work-proportional,01,2,0.19525120503799753,True
33,hindsight,Work-proportional,02,2,0.2007298289577223,True
33,hindsight,Work-proportional,03,2,-0.3833750570545045,False
33,hindsight,Work-proportional,12,2,-0.04455690137279511,False
33,hindsight,Work-proportional,13,2,-0.5817746079439641,False
33,hindsight,Work-proportional,23,2,-1.1572078831602286,False
33,hindsight,Work-proportional,0,1,0.07124188115059314,True
33,hindsight,Work-proportional,1,1,-0.015950125200435344,False
33,hindsight,Work-proportional,2,1,-0.1626306285631251,False
33,hindsight,Work-proportional,3,1,-1.6751217719238483,False
33,online,Dual (Theorem 3),012,3,-0.2016230504699485,False
33,online,Dual (Theorem 3),013,3,0.03039497853447304,True
33,online,Dual (Theorem 3),023,3,-0.12212482301390826,False
33,online,Dual (Theorem 3),123,3,-0.12302594288607605,False
33,online,Dual (Theorem 3),01,2,-0.3698616919946528,False
33,online,Dual (Theorem 3),02,2,-0.11946927811828748,False
33,online,Dual (Theorem 3),03,2,-0.4233273642752253,False
33,online,Dual (Theorem 3),12,2,-0.070708964951538,False
33,online,Dual (Theorem 3),13,2,-0.2827891287671902,False
33,online,Dual (Theorem 3),23,2,-0.6565592016667183,False
33,online,Dual (Theorem 3),0,1,-0.37113523689217565,False
33,online,Dual (Theorem 3),1,1,-0.15067694981004104,False
33,online,Dual (Theorem 3),2,1,-0.0824914299263203,False
33,online,Dual (Theorem 3),3,1,-1.267253231468839,False
33,online,Location-based,012,3,0.2681540268578019,True
33,online,Location-based,013,3,0.08844066977665821,True
33,online,Location-based,023,3,-0.27951515971502094,False
33,online,Location-based,123,3,-0.49345837475491283,False
33,online,Location-based,01,2,0.1579610765752875,True
33,online,Location-based,02,2,0.19291746250835481,True
33,online,Location-based,03,2,-0.5226720097341482,False
33,online,Location-based,12,2,0.02863568050738008,True
33,online,Location-based,13,2,-0.5951758693938372,False
33,online,Location-based,23,2,-1.1843819702366631,False
33,online,Location-based,0,1,-0.0007028050233433975,False
33,online,Location-based,1,1,0.006713386891066986,True
33,online,Location-based,2,1,-0.14053712116851025,False
33,online,Location-based,3,1,-1.737030308796594,False
33,online,Work-proportional,012,3,0.28546517303016716,True
33,online,Work-proportional,013,3,0.13132435147371258,True
33,online,Work-proportional,023,3,-0.26314212588143193,False
33,online,Work-proportional,123,3,-0.5700262364579216,False
33,online,Work-proportional,01,2,0.21815590444470714,True
33,online,Work-proportional,02,2,0.22660164251430923,True
33,online,Work-proportional,03,2,-0.4634152942035047,False
33,online,Work-proportional,12,2,-0.0306210350232633,False
33,online,Work-proportional,13,2,-0.6288600493997916,False
33,online,Work-proportional,23,2,-1.244576798106083,False
33,online,Work-proportional,0,1,0.07586505667966534,True
33,online,Work-proportional,1,1,-0.009659646942522082,False
33,online,Work-proportional,2,1,-0.18342080286556456,False
33,online,Work-proportional,3,1,-1.754341454968959,False
34,hindsight,Dual (Theorem 3),012,3,-0.5428049365336735,False
34,hindsight,Dual (Theorem 3),013,3,-0.1887835255622874,False
34,hindsight,Dual (Theorem 3),023,3,-0.35973835732772796,False
34,hindsight,Dual (Theorem 3),123,3,-0.29747694495615606,False
34,hindsight,Dual (Theorem 3),01,2,-1.2895006441438048,False
34,hindsight,Dual (Theorem 3),02,2,-0.16412786200949758,False
34,hindsight,Dual (Theorem 3),03,2,-0.3777790273256585,False
34,hindsight,Dual (Theorem 3),12,2,-0.13008757075273913,False
34,hindsight,Dual (Theorem 3),13,2,-0.32276018729209444,False
34,hindsight,Dual (Theorem 3),23,2,-1.3816074355099937,False
34,hindsight,Dual (Theorem 3),0,1,-0.7945696878294497,False
34,hindsight,Dual (Theorem 3),1,1,-0.6168938973516085,False
34,hindsight,Dual (Theorem 3),2,1,-0.37880678000345847,False
34,hindsight,Dual (Theorem 3),3,1,-1.6937634659936776,False
34,hindsight,Location-based,012,3,0.4525529563227805,True
34,hindsight,Location-based,013,3,0.32177340598758697,True
34,hindsight,Location-based,023,3,-1.0466368036950973,False
34,hindsight,Location-based,123,3,-1.1164933229951184,False
34,hindsight,Location-based,01,2,0.2164141802625247,True
34,hindsight,Location-based,02,2,0.14433158447958827,True
34,hindsight,Location-based,03,2,-0.5541205421431523,False
34,hindsight,Location-based,12,2,0.04625394406475358,True
34,hindsight,Location-based,13,2,-0.6312196337811813,False
34,hindsight,Location-based,23,2,-2.8875222599163246,False
34,hindsight,Location-based,0,1,0.024446690209511707,True
34,hindsight,Location-based,1,1,0.07000454901575981,True
34,hindsight,Location-based,2,1,-0.889363711553334,False
34,hindsight,Location-based,3,1,-2.689121358850133,False
34,hindsight,Work-proportional,012,3,0.4882462570703977,True
34,hindsight,Work-proportional,013,3,0.4375969534806994,True
34,hindsight,Work-proportional,023,3,-1.0884134816561022,False
34,hindsight,Work-proportional,123,3,-1.226233493274835,False
34,hindsight,Work-proportional,01,2,0.36793102850325154,True
34,hindsight,Work-proportional,02,2,0.1382482072661977,True
34,hindsight,Work-proportional,03,2,-0.4800736726110473,False
34,hindsight,Work-proportional,12,2,-0.027792925467348684,False
34,hindsight,Work-proportional,13,2,-0.6251362565677883,False
34,hindsight,Work-proportional,23,2,-3.039039108157049,False
34,hindsight,Work-proportional,0,1,0.134186860489231,True
34,hindsight,Work-proportional,1,1,0.1117812269767674,True
34,hindsight,Work-proportional,2,1,-1.005187259046444,False
34,hindsight,Work-proportional,3,1,-2.7248146595977474,False
34,online,Dual (Theorem 3),012,3,-0.44998667189657093,False
34,online,Dual (Theorem 3),013,3,-0.04658826640583791,False
34,online,Dual (Theorem 3),023,3,-0.40232465763000613,False
34,online,Dual (Theorem 3),123,3,-0.3318916108151746,False
34,online,Dual (Theorem 3),01,2,-1.2302691121970568,False
34,online,Dual (Theorem 3),02,2,-0.2261087661373251,False
34,online,Dual (Theorem 3),03,2,-0.5272503206644741,False
34,online,Dual (Theorem 3),12,2,-0.1510834942216417,False
34,online,Dual (Theorem 3),13,2,-0.433564207858139,False
34,online,Dual (Theorem 3),23,2,-1.4256591681334951,False
34,online,Dual (Theorem 3),0,1,-0.7776389874650085,False
34,online,Dual (Theorem 3),1,1,-0.5806640266543346,False
34,online,Dual (Theorem 3),2,1,-0.3992745393012065,False
34,online,Dual (Theorem 3),3,1,-1.784394308635918,False
34,online,Location-based,012,3,0.49664300264536865,True
34,online,Location-based,013,3,0.4641263459098701,True
34,online,Location-based,023,3,-1.0672972931210816,False
34,online,Location-based,123,3,-1.1242632621817417,False
34,online,Location-based,01,2,0.22707517466058913,True
34,online,Location-based,02,2,0.055548272913537255,True
34,online,Location-based,03,2,-0.6815083438398435,False
34,online,Location-based,12,2,0.003174528953729272,True
34,online,Location-based,13,2,-0.7152212469089996,False
34,online,Location-based,23,2,-2.8830034549911394,False
34,online,Location-based,0,1,0.014732663901560208,True
34,online,Location-based,1,1,0.0843086088367428,True
34,online,Location-based,2,1,-0.9099891516169129,False
34,online,Location-based,3,1,-2.731023983177856,False
34,online,Work-proportional,012,3,0.5810645217075004,True
34,online,Work-proportional,013,3,0.5797922126371491,True
34,online,Work-proportional,023,3,-1.1309997819583804,False
34,online,Work-proportional,123,3,-1.2606481591338539,False
34,online,Work-proportional,01,2,0.4271625604499997,True
34,online,Work-proportional,02,2,0.07626730313837027,True
34,online,Work-proportional,03,2,-0.6295449659498631,False
34,online,Work-proportional,12,2,-0.04878884893625113,False
34,online,Work-proportional,13,2,-0.7359402771338326,False
34,online,Work-proportional,23,2,-3.08309084078055,False
34,online,Work-proportional,0,1,0.1511175608536722,True
34,online,Work-proportional,1,1,0.14801109767404136,True
34,online,Work-proportional,2,1,-1.025655018344192,False
34,online,Work-proportional,3,1,-2.815445502239988,False
35,hindsight,Dual (Theorem 3),012,3,-0.9234675912519011,False
35,hindsight,Dual (Theorem 3),013,3,-0.15186680311574619,False
35,hindsight,Dual (Theorem 3),023,3,-0.2572508591356941,False
35,hindsight,Dual (Theorem 3),123,3,-0.18815371640369172,False
35,hindsight,Dual (Theorem 3),01,2,-1.9853821639638083,False
35,hindsight,Dual (Theorem 3),02,2,-0.2435701712340138,False
35,hindsight,Dual (Theorem 3),03,2,-0.20081651898258324,False
35,hindsight,Dual (Theorem 3),12,2,-0.22462502025530484,False
35,hindsight,Dual (Theorem 3),13,2,-0.15239463336776016,False
35,hindsight,Dual (Theorem 3),23,2,-0.8462816759909106,False
35,hindsight,Dual (Theorem 3),0,1,-1.300977837160986,False
35,hindsight,Dual (Theorem 3),1,1,-0.928935008005739,False
35,hindsight,Dual (Theorem 3),2,1,-0.37130646203006257,False
35,hindsight,Dual (Theorem 3),3,1,-0.8954924738082868,False
35,hindsight,Location-based,012,3,0.811232972118025,True
35,hindsight,Location-based,013,3,0.4590099755875252,True
35,hindsight,Location-based,023,3,-1.2627527044391407,False
35,hindsight,Location-based,123,3,-1.528229213173442,False
35,hindsight,Location-based,01,2,0.360195178109389,True
35,hindsight,Location-based,02,2,0.48562854683246537,True
35,hindsight,Location-based,03,2,-0.5954415855827588,False
35,hindsight,Location-based,12,2,0.17000004634487076,True
35,hindsight,Location-based,13,2,-0.8815933514342391,False
35,hindsight,Location-based,23,2,-3.1918590180641075,False
35,hindsight,Location-based,0,1,0.03909765960876449,True
35,hindsight,Location-based,1,1,0.07656683729770769,True
35,hindsight,Location-based,2,1,-0.9821832407333337,False
35,hindsight,Location-based,3,1,-2.6301930371782127,False
35,hindsight,Work-proportional,012,3,0.8262992151673,True
35,hindsight,Work-proportional,013,3,0.6846784539685189,True
35,hindsight,Work-proportional,023,3,-1.3411537504805113,False
35,hindsight,Work-proportional,123,3,-1.6905628885623267,False
35,hindsight,Work-proportional,01,2,0.6009298995396533,True
35,hindsight,Work-proportional,02,2,0.4222937438403652,True
35,hindsight,Work-proportional,03,2,-0.44817415324314025,False
35,hindsight,Work-proportional,12,2,0.022732614005256613,True
35,hindsight,Work-proportional,13,2,-0.8182585484421345,False
35,hindsight,Work-proportional,23,2,-3.4325937394943673,False
35,hindsight,Work-proportional,0,1,0.20143133499765362,True
35,hindsight,Work-proportional,1,1,0.154967883339083,True
35,hindsight,Work-proportional,2,1,-1.207851719114323,False
35,hindsight,Work-proportional,3,1,-2.6452592802274832,False
35,online,Dual (Theorem 3),012,3,-0.8499259202220038,False
35,online,Dual (Theorem 3),013,3,-0.06631679998912499,False
35,online,Dual (Theorem 3),023,3,-0.29127574244103904,False
35,online,Dual (Theorem 3),123,3,-0.25710393086110894,False
35,online,Dual (Theorem 3),01,2,-1.927671002835228,False
35,online,Dual (Theorem 3),02,2,-0.2758111553788347,False
35,online,Dual (Theorem 3),03,2,-0.3258840833156542,False
35,online,Dual (Theorem 3),12,2,-0.27896719916882606,False
35,online,Dual (Theorem 3),13,2,-0.24313728203925722,False
35,online,Dual (Theorem 3),23,2,-0.8833279167411305,False
35,online,Dual (Theorem 3),0,1,-1.2902289981648256,False
35,online,Dual (Theorem 3),1,1,-0.9053576912697268,False
35,online,Dual (Theorem 3),2,1,-0.38411237502818363,False
35,online,Dual (Theorem 3),3,1,-0.9932186169152697,False
35,online,Location-based,012,3,0.7859525737548951,True
35,online,Location-based,013,3,0.5966891144363935,True
35,online,Location-based,023,3,-1.2705079781968593,False
35,online,Location-based,123,3,-1.5767561035076918,False
35,online,Location-based,01,2,0.3712134055671847,True
35,online,Location-based,02,2,0.380835102842239,True
35,online,Location-based,03,2,-0.6421104046459611,False
35,online,Location-based,12,2,0.037259122161485525,True
35,online,Location-based,13,2,-0.899783540260326,False
35,online,Location-based,23,2,-3.182212325143538,False
35,online,Location-based,0,1,0.02942317448176182,True
35,online,Location-based,1,1,0.07387454448609854,True
35,online,Location-based,2,1,-1.0471182894536974,False
35,online,Location-based,3,1,-2.6290971108921637,False
35,online,Work-proportional,012,3,0.8998408861971974,True
35,online,Work-proportional,013,3,0.7702284570951401,True
35,online,Work-proportional,023,3,-1.3751786337858563,False
35,online,Work-proportional,123,3,-1.7595131030197435,False
35,online,Work-proportional,01,2,0.6586410606682336,True
35,online,Work-proportional,02,2,0.3900527596955443,True
35,online,Work-proportional,03,2,-0.5732417175762115,False
35,online,Work-proportional,12,2,-0.031609564908264165,False
35,online,Work-proportional,13,2,-0.9090011971136316,False
35,online,Work-proportional,23,2,-3.4696399802445868,False
35,online,Work-proportional,0,1,0.2121801739938138,True
35,online,Work-proportional,1,1,0.17854520007509533,True
35,online,Work-proportional,2,1,-1.220657632112444,False
35,online,Work-proportional,3,1,-2.742985423334466,False
36,hindsight,Dual (Theorem 3),012,3,-0.439838742785602,False
36,hindsight,Dual (Theorem 3),013,3,-0.10289865820029953,False
36,hindsight,Dual (Theorem 3),023,3,-0.19887049567351367,False
36,hindsight,Dual (Theorem 3),123,3,-0.24644993400238757,False
36,hindsight,Dual (Theorem 3),01,2,-1.027031460014895,False
36,hindsight,Dual (Theorem 3),02,2,-0.2818124844657409,False
36,hindsight,Dual (Theorem 3),03,2,-0.2900480125975464,False
36,hindsight,Dual (Theorem 3),12,2,-0.14878043554074982,False
36,hindsight,Dual (Theorem 3),13,2,-0.24428288108566054,False
36,hindsight,Dual (Theorem 3),23,2,-0.8735742575307808,False
36,hindsight,Dual (Theorem 3),0,1,-1.032022749922443,False
36,hindsight,Dual (Theorem 3),1,1,-0.33239645882040353,False
36,hindsight,Dual (Theorem 3),2,1,-0.4114477515867696,False
36,hindsight,Dual (Theorem 3),3,1,-1.0171651370998405,False
36,hindsight,Location-based,012,3,0.5499924514218617,True
36,hindsight,Location-based,013,3,0.35392676417676194,True
36,hindsight,Location-based,023,3,-0.6101212161698195,False
36,hindsight,Location-based,123,3,-1.2818558300906058,False
36,hindsight,Location-based,01,2,0.4196251565696297,True
36,hindsight,Location-based,02,2,0.2967679892454166,True
36,hindsight,Location-based,03,2,-0.24447331071679113,False
36,hindsight,Location-based,12,2,-0.19435513742150468,False
36,hindsight,Location-based,13,2,-0.8228633547968176,False
36,hindsight,Location-based,23,2,-2.320230874115305,False
36,hindsight,Location-based,0,1,0.003383146165775598,True
36,hindsight,Location-based,1,1,0.0788542616759027,True
36,hindsight,Location-based,2,1,-0.8682731739638307,False
36,hindsight,Location-based,3,1,-2.006996331307304,False
36,hindsight,Work-proportional,012,3,0.5132144747540277,True
36,hindsight,Work-proportional,013,3,0.40038434077988516,True
36,hindsight,Work-proportional,023,3,-0.4818065662206761,False
36,hindsight,Work-proportional,123,3,-1.419850079975041,False
36,hindsight,Work-proportional,01,2,0.42930475650491984,True
36,hindsight,Work-proportional,02,2,0.3883046625267269,True
36,hindsight,Work-proportional,03,2,-0.06970108416452347,False
36,hindsight,Work-proportional,12,2,-0.3691273639737732,False
36,hindsight,Work-proportional,13,2,-0.9144000280781288,False
36,hindsight,Work-proportional,23,2,-2.329910474050596,False
36,hindsight,Work-proportional,0,1,0.14137739605021016,True
36,hindsight,Work-proportional,1,1,-0.04946038827324167,False
36,hindsight,Work-proportional,2,1,-0.9147307505669549,False
36,hindsight,Work-proportional,3,1,-1.9702183546394707,False
36,online,Dual (Theorem 3),012,3,-0.38753248561808573,False
36,online,Dual (Theorem 3),013,3,-0.0588911582784547,False
36,online,Dual (Theorem 3),023,3,-0.1897759816100899,False
36,online,Dual (Theorem 3),123,3,-0.19517727968596565,False
36,online,Dual (Theorem 3),01,2,-0.9707878599298421,False
36,online,Dual (Theorem 3),02,2,-0.2503451936514488,False
36,online,Dual (Theorem 3),03,2,-0.3175378959711316,False
36,online,Dual (Theorem 3),12,2,-0.1495865406834349,False
36,online,Dual (Theorem 3),13,2,-0.26533053175239596,False
36,online,Dual (Theorem 3),23,2,-0.8564149315516114,False
36,online,Dual (Theorem 3),0,1,-1.0143609396080995,False
36,online,Dual (Theorem 3),1,1,-0.3147392288337989,False
36,online,Dual (Theorem 3),2,1,-0.43607203150057794,False
36,online,Dual (Theorem 3),3,1,-1.0309788913274756,False
36,online,Location-based,012,3,0.5745678056316966,True
36,online,Location-based,013,3,0.39655644737178397,True
36,online,Location-based,023,3,-0.593179280392014,False
36,online,Location-based,123,3,-1.2093218778040673,False
36,online,Location-based,01,2,0.4467600369701803,True
36,online,Location-based,02,2,0.30835179881641084,True
36,online,Location-based,03,2,-0.2654935891028155,False
36,online,Location-based,12,2,-0.20163084755175253,False
36,online,Location-based,13,2,-0.824027524220257,False
36,online,Location-based,23,2,-2.2739628284516353,False
36,online,Location-based,0,1,-0.0002163414899996989,False
36,online,Location-based,1,1,0.0886640699481237,True
36,online,Location-based,2,1,-0.8915196371508181,False
36,online,Location-based,3,1,-1.9930791825772594,False
36,online,Work-proportional,012,3,0.565520731921544,True
36,online,Work-proportional,013,3,0.44439184070173,True
36,online,Work-proportional,023,3,-0.4727120521572523,False
36,online,Work-proportional,123,3,-1.3685774256586196,False
36,online,Work-proportional,01,2,0.485548356589973,True
36,online,Work-proportional,02,2,0.419771953341019,True
36,online,Work-proportional,03,2,-0.09719096753810874,False
36,online,Work-proportional,12,2,-0.3699334691164584,False
36,online,Work-proportional,13,2,-0.9354476787448645,False
36,online,Work-proportional,23,2,-2.3127511480714276,False
36,online,Work-proportional,0,1,0.1590392063645537,True
36,online,Work-proportional,1,1,-0.0318031582866371,False
36,online,Work-proportional,2,1,-0.9393550304807633,False
36,online,Work-proportional,3,1,-1.984032108867106,False
37,hindsight,Dual (Theorem 3),012,3,-0.24300662438347143,False
37,hindsight,Dual (Theorem 3),013,3,-0.11028290623623027,False
37,hindsight,Dual (Theorem 3),023,3,-0.22513369190624521,False
37,hindsight,Dual (Theorem 3),123,3,-0.29666332855040256,False
37,hindsight,Dual (Theorem 3),01,2,-0.8730361944680477,False
37,hindsight,Dual (Theorem 3),02,2,-0.173445010152535,False
37,hindsight,Dual (Theorem 3),03,2,-0.10398203627953762,False
37,hindsight,Dual (Theorem 3),12,2,-0.1263560378547397,False
37,hindsight,Dual (Theorem 3),13,2,-0.11884513125863405,False
37,hindsight,Dual (Theorem 3),23,2,-1.0444869914755932,False
37,hindsight,Dual (Theorem 3),0,1,-1.0994142618370526,False
37,hindsight,Dual (Theorem 3),1,1,-0.29002787484004944,False
37,hindsight,Dual (Theorem 3),2,1,-0.8499938360364723,False
37,hindsight,Dual (Theorem 3),3,1,-0.6622445063013984,False
37,hindsight,Location-based,012,3,0.42155497248956886,True
37,hindsight,Location-based,013,3,0.6315943756566527,True
37,hindsight,Location-based,023,3,-0.502824067471197,False
37,hindsight,Location-based,123,3,-1.4254118317513726,False
37,hindsight,Location-based,01,2,0.5334026842978753,True
37,hindsight,Location-based,02,2,0.21342621115555316,True
37,hindsight,Location-based,03,2,0.3602048700483933,True
37,hindsight,Location-based,12,2,-0.5905429441826704,False
37,hindsight,Location-based,13,2,-0.5057163525667216,False
37,hindsight,Location-based,23,2,-2.450925870241516,False
37,hindsight,Location-based,0,1,0.029334241363918295,True
37,hindsight,Location-based,1,1,-0.012337499275097308,False
37,hindsight,Location-based,2,1,-1.591871117929355,False
37,hindsight,Location-based,3,1,-1.3268061031744383,False
37,hindsight,Work-proportional,012,3,0.679478004081737,True
37,hindsight,Work-proportional,013,3,0.5035203450240657,True
37,hindsight,Work-proportional,023,3,-0.45380034506716616,False
37,hindsight,Work-proportional,123,3,-1.6042845551149947,False
37,hindsight,Work-proportional,01,2,0.6632516852574596,True
37,hindsight,Work-proportional,02,2,0.5203729651517556,True
37,hindsight,Work-proportional,03,2,0.28115456181984033,True
37,hindsight,Work-proportional,12,2,-0.5114926359541208,False
37,hindsight,Work-proportional,13,2,-0.8126631065629275,False
37,hindsight,Work-proportional,23,2,-2.580774871201104,False
37,hindsight,Work-proportional,0,1,0.20820696472753697,True
37,hindsight,Work-proportional,1,1,-0.061361221679131606,False
37,hindsight,Work-proportional,2,1,-1.4637970872967712,False
37,hindsight,Work-proportional,3,1,-1.58472913476661,False
37,online,Dual (Theorem 3),012,3,-0.2136489953608569,False
37,online,Dual (Theorem 3),013,3,-0.053436774048559066,False
37,online,Dual (Theorem 3),023,3,-0.25052401619082687,False
37,online,Dual (Theorem 3),123,3,-0.28773405557299814,False
37,online,Dual (Theorem 3),01,2,-0.8416340478330688,False
37,online,Dual (Theorem 3),02,2,-0.16168487914198393,False
37,online,Dual (Theorem 3),03,2,-0.10634379293223817,False
37,online,Dual (Theorem 3),12,2,-0.131828067196762,False
37,online,Dual (Theorem 3),13,2,-0.07520954992820617,False
37,online,Dual (Theorem 3),23,2,-1.0231183088291576,False
37,online,Dual (Theorem 3),0,1,-1.0996279463620433,False
37,online,Dual (Theorem 3),1,1,-0.27089648940057,False
37,online,Dual (Theorem 3),2,1,-0.8676477072473583,False
37,online,Dual (Theorem 3),3,1,-0.6402174112005992,False
37,online,Location-based,012,3,0.43074724341624293,True
37,online,Location-based,013,3,0.7258363257918892,True
37,online,Location-based,023,3,-0.5711777217890806,False
37,online,Location-based,123,3,-1.3907496885923027,False
37,online,Location-based,01,2,0.5820352907844828,True
37,online,Location-based,02,2,0.16205765403686545,True
37,online,Location-based,03,2,0.3522756013099597,True
37,online,Location-based,12,2,-0.590447461438963,False
37,online,Location-based,13,2,-0.39895208310705854,False
37,online,Location-based,23,2,-2.4467876474467123,False
37,online,Location-based,0,1,0.0033876866572574993,True
37,online,Location-based,1,1,0.0497572161976807,True
37,online,Location-based,2,1,-1.6469208070878096,False
37,online,Location-based,3,1,-1.2846136499777023,False
37,online,Work-proportional,012,3,0.7088356331043515,True
37,online,Work-proportional,013,3,0.5603664772117369,True
37,online,Work-proportional,023,3,-0.47919066935174737,False
37,online,Work-proportional,123,3,-1.5953552821375911,False
37,online,Work-proportional,01,2,0.6946538318924387,True
37,online,Work-proportional,02,2,0.5321330961623068,True
37,online,Work-proportional,03,2,0.27879280516714,True
37,online,Work-proportional,12,2,-0.5169646652961433,False
37,online,Work-proportional,13,2,-0.7690275252324996,False
37,online,Work-proportional,23,2,-2.559406188554668,False
37,online,Work-proportional,0,1,0.2079932802025461,True
37,online,Work-proportional,1,1,-0.04222983623965215,False
37,online,Work-proportional,2,1,-1.4814509585076572,False
37,online,Work-proportional,3,1,-1.5627020396658107,False
38,hindsight,Dual (Theorem 3),012,3,-0.5320682788754781,False
38,hindsight,Dual (Theorem 3),013,3,-0.10320096128256662,False
38,hindsight,Dual (Theorem 3),023,3,-0.25190593021824315,False
38,hindsight,Dual (Theorem 3),123,3,-0.2303058117268666,False
38,hindsight,Dual (Theorem 3),01,2,-1.265882418684828,False
38,hindsight,Dual (Theorem 3),02,2,-0.19377324423374276,False
38,hindsight,Dual (Theorem 3),03,2,-0.091342945501653,False
38,hindsight,Dual (Theorem 3),12,2,-0.12164716612441917,False
38,hindsight,Dual (Theorem 3),13,2,-0.05322353486510378,False
38,hindsight,Dual (Theorem 3),23,2,-0.9624288714049882,False
38,hindsight,Dual (Theorem 3),0,1,-1.056773180995294,False
38,hindsight,Dual (Theorem 3),1,1,-0.531076862628767,False
38,hindsight,Dual (Theorem 3),2,1,-0.6363957759854211,False
38,hindsight,Dual (Theorem 3),3,1,-0.6885178855329754,False
38,hindsight,Location-based,012,3,0.5776219215600644,True
38,hindsight,Location-based,013,3,0.47050439981413694,True
38,hindsight,Location-based,023,3,-0.838922466377618,False
38,hindsight,Location-based,123,3,-1.3266848370997382,False
38,hindsight,Location-based,01,2,0.41751314284741825,True
38,hindsight,Location-based,02,2,0.3289004200424246,True
38,hindsight,Location-based,03,2,-0.10465412056432455,False
38,hindsight,Location-based,12,2,-0.10833599106174807,False
38,hindsight,Location-based,13,2,-0.5758971991412709,False
38,hindsight,Location-based,23,2,-2.6458244329372347,False
38,hindsight,Location-based,0,1,0.03960584437757711,True
38,hindsight,Location-based,1,1,0.05593967353060825,True
38,hindsight,Location-based,2,1,-1.210101137082125,False
38,hindsight,Location-based,3,1,-1.798208085968518,False
38,hindsight,Work-proportional,012,3,0.7360692523251942,True
38,hindsight,Work-proportional,013,3,0.4985760731009554,True
38,hindsight,Work-proportional,023,3,-0.8296215549719173,False
38,hindsight,Work-proportional,123,3,-1.5225047525573396,False
38,hindsight,Work-proportional,01,2,0.6040321468993505,True
38,hindsight,Work-proportional,02,2,0.49664866221323956,True
38,hindsight,Work-proportional,03,2,-0.06728153587182084,False
38,hindsight,Work-proportional,12,2,-0.14570857575423535,False
38,hindsight,Work-proportional,13,2,-0.7436454413120699,False
38,hindsight,Work-proportional,23,2,-2.832343436989151,False
38,hindsight,Work-proportional,0,1,0.2354257598351944,True
38,hindsight,Work-proportional,1,1,0.04663876212492313,True
38,hindsight,Work-proportional,2,1,-1.2381728103689271,False
38,hindsight,Work-proportional,3,1,-1.9566554167336319,False
38,online,Dual (Theorem 3),012,3,-0.5314675373265715,False
38,online,Dual (Theorem 3),013,3,-0.09065318473500161,False
38,online,Dual (Theorem 3),023,3,-0.31847297684146136,False
38,online,Dual (Theorem 3),123,3,-0.2590091834861452,False
38,online,Dual (Theorem 3),01,2,-1.2419992865914986,False
38,online,Dual (Theorem 3),02,2,-0.3092681248053196,False
38,online,Dual (Theorem 3),03,2,-0.18207785686096178,False
38,online,Dual (Theorem 3),12,2,-0.12401523543778104,False
38,online,Dual (Theorem 3),13,2,-0.12013415545708472,False
38,online,Dual (Theorem 3),23,2,-0.9611144856645275,False
38,online,Dual (Theorem 3),0,1,-1.0584134904824447,False
38,online,Dual (Theorem 3),1,1,-0.5144977693139113,False
38,online,Dual (Theorem 3),2,1,-0.6505666908965619,False
38,online,Dual (Theorem 3),3,1,-0.5927140746615835,False
38,online,Location-based,012,3,0.48004708886096825,True
38,online,Location-based,013,3,0.5435724664640547,True
38,online,Location-based,023,3,-0.8964683820160819,False
38,online,Location-based,123,3,-1.326754055698077,False
38,online,Location-based,01,2,0.4037409907950829,True
38,online,Location-based,02,2,0.1242510962075849,True
38,online,Location-based,03,2,-0.12584761083654072,False
38,online,Location-based,12,2,-0.18024548146218744,False
38,online,Location-based,13,2,-0.5536533764699749,False
38,online,Location-based,23,2,-2.6068547630510945,False
38,online,Location-based,0,1,0.009331381729501403,True
38,online,Location-based,1,1,0.06349763586072399,True
38,online,Location-based,2,1,-1.2847923420956036,False
38,online,Location-based,3,1,-1.6042287008491087,False
38,online,Work-proportional,012,3,0.736669993874101,True
38,online,Work-proportional,013,3,0.5111238496485204,True
38,online,Work-proportional,023,3,-0.8961886015951355,False
38,online,Work-proportional,123,3,-1.5512081243166183,False
38,online,Work-proportional,01,2,0.6279152789926801,True
38,online,Work-proportional,02,2,0.3811537816416629,True
38,online,Work-proportional,03,2,-0.15801644723112984,False
38,online,Work-proportional,12,2,-0.1480766450675972,False
38,online,Work-proportional,13,2,-0.8105560619040517,False
38,online,Work-proportional,23,2,-2.8310290512486906,False
38,online,Work-proportional,0,1,0.23378545034804377,True
38,online,Work-proportional,1,1,0.06321785543977865,True
38,online,Work-proportional,2,1,-1.252343725280068,False
38,online,Work-proportional,3,1,-1.8608516058622402,False
39,hindsight,Dual (Theorem 3),012,3,-0.46814254745944994,False
39,hindsight,Dual (Theorem 3),013,3,-0.11232075495991611,False
39,hindsight,Dual (Theorem 3),023,3,-0.3091234006840238,False
39,hindsight,Dual (Theorem 3),123,3,-0.2886553492073056,False
39,hindsight,Dual (Theorem 3),01,2,-1.099855502415447,False
39,hindsight,Dual (Theorem 3),02,2,-0.23093970247620849,False
39,hindsight,Dual (Theorem 3),03,2,-0.22585162204227016,False
39,hindsight,Dual (Theorem 3),12,2,-0.13127468749993798,False
39,hindsight,Dual (Theorem 3),13,2,-0.22084695413427102,False
39,hindsight,Dual (Theorem 3),23,2,-1.1134139091043052,False
39,hindsight,Dual (Theorem 3),0,1,-0.9478508760838457,False
39,hindsight,Dual (Theorem 3),1,1,-0.416525531511246,False
39,hindsight,Dual (Theorem 3),2,1,-0.5946897427980868,False
39,hindsight,Dual (Theorem 3),3,1,-0.9522186777971238,False
39,hindsight,Location-based,012,3,0.40218301842968296,True
39,hindsight,Location-based,013,3,0.45079970167828054,True
39,hindsight,Location-based,023,3,-0.7611564078793069,False
39,hindsight,Location-based,123,3,-1.270068364539354,False
39,hindsight,Location-based,01,2,0.33359052011188345,True
39,hindsight,Location-based,02,2,0.18735285621764192,True
39,hindsight,Location-based,03,2,-0.11476417259935556,False
39,hindsight,Location-based,12,2,-0.24236213694285302,False
39,hindsight,Location-based,13,2,-0.6391395128281221,False
39,hindsight,Location-based,23,2,-2.5468599316316363,False
39,hindsight,Location-based,0,1,0.0335621392482023,True
39,hindsight,Location-based,1,1,0.035507475684036505,True
39,hindsight,Location-based,2,1,-1.1578101994362844,False
39,hindsight,Location-based,3,1,-1.8225442436862573,False
39,hindsight,Work-proportional,012,3,0.5572396145916736,True
39,hindsight,Work-proportional,013,3,0.4201221727140194,True
39,hindsight,Work-proportional,023,3,-0.7590239201145137,False
39,hindsight,Work-proportional,123,3,-1.3965799195018627,False
39,hindsight,Work-proportional,01,2,0.4579695873096081,True
39,hindsight,Work-proportional,02,2,0.3445419401444209,True
39,hindsight,Work-proportional,03,2,-0.14330921379882855,False
39,hindsight,Work-proportional,12,2,-0.2138170957433756,False
39,hindsight,Work-proportional,13,2,-0.7963285967548965,False
39,hindsight,Work-proportional,23,2,-2.6712389988293563,False
39,hindsight,Work-proportional,0,1,0.16007369421071532,True
39,hindsight,Work-proportional,1,1,0.033374987919248034,True
39,hindsight,Work-proportional,2,1,-1.1271326704720184,False
39,hindsight,Work-proportional,3,1,-1.9776008398482432,False
39,online,Dual (Theorem 3),012,3,-0.46168063300069695,False
39,online,Dual (Theorem 3),013,3,-0.056953300044553234,False
39,online,Dual (Theorem 3),023,3,-0.37878438318092345,False
39,online,Dual (Theorem 3),123,3,-0.258917945321258,False
39,online,Dual (Theorem 3),01,2,-1.0763849570843769,False
39,online,Dual (Theorem 3),02,2,-0.3064364518020104,False
39,online,Dual (Theorem 3),03,2,-0.2851850441252124,False
39,online,Dual (Theorem 3),12,2,-0.132332422120772,False
39,online,Dual (Theorem 3),13,2,-0.22352080845680256,False
39,online,Dual (Theorem 3),23,2,-1.1166108452546855,False
39,online,Dual (Theorem 3),0,1,-0.940624638071054,False
39,online,Dual (Theorem 3),1,1,-0.40863067728718977,False
39,online,Dual (Theorem 3),2,1,-0.5983369427795855,False
39,online,Dual (Theorem 3),3,1,-0.9608062514970506,False
39,online,Location-based,012,3,0.3683709678158551,True
39,online,Location-based,013,3,0.5311169888569274,True
39,online,Location-based,023,3,-0.8320025299709888,False
39,online,Location-based,123,3,-1.223821688249212,False
39,online,Location-based,01,2,0.3417369326336512,True
39,online,Location-based,02,2,0.07039700222447165,True
39,online,Location-based,03,2,-0.15033290201380156,False
39,online,Location-based,12,2,-0.2671845642321782,False
39,online,Location-based,13,2,-0.60035426248328,False
39,online,Location-based,23,2,-2.534732734972709,False
39,online,Location-based,0,1,0.0242791048569041,True
39,online,Location-based,1,1,0.04458746950288017,True
39,online,Location-based,2,1,-1.1864072316810614,False
39,online,Location-based,3,1,-1.790857852313598,False
39,online,Work-proportional,012,3,0.5637015290504266,True
39,online,Work-proportional,013,3,0.47548962762938274,True
39,online,Work-proportional,023,3,-0.8286849026114131,False
39,online,Work-proportional,123,3,-1.3668425156158146,False
39,online,Work-proportional,01,2,0.48144013264067814,True
39,online,Work-proportional,02,2,0.269045190818619,True
39,online,Work-proportional,03,2,-0.20264263588177056,False
39,online,Work-proportional,12,2,-0.21487483036420962,False
39,online,Work-proportional,13,2,-0.7990024510774276,False
39,online,Work-proportional,23,2,-2.674435934979736,False
39,online,Work-proportional,0,1,0.16729993222350698,True
39,online,Work-proportional,1,1,0.04126984214330426,True
39,online,Work-proportional,2,1,-1.1307798704535172,False
39,online,Work-proportional,3,1,-1.9861884135481698,False
40,hindsight,Dual (Theorem 3),012,3,-0.6841876486017846,False
40,hindsight,Dual (Theorem 3),013,3,-0.13900379581998834,False
40,hindsight,Dual (Theorem 3),023,3,-0.3031943721723316,False
40,hindsight,Dual (Theorem 3),123,3,-0.2377053607451698,False
40,hindsight,Dual (Theorem 3),01,2,-1.4825820403855225,False
40,hindsight,Dual (Theorem 3),02,2,-0.2991627663327076,False
40,hindsight,Dual (Theorem 3),03,2,-0.20851290673860023,False
40,hindsight,Dual (Theorem 3),12,2,-0.15342978105376237,False
40,hindsight,Dual (Theorem 3),13,2,-0.17471850016982593,False
40,hindsight,Dual (Theorem 3),23,2,-1.191290703822224,False
40,hindsight,Dual (Theorem 3),0,1,-1.2695406959091828,False
40,hindsight,Dual (Theorem 3),1,1,-0.5709237761476228,False
40,hindsight,Dual (Theorem 3),2,1,-0.635172808411278,False
40,hindsight,Dual (Theorem 3),3,1,-1.0338578953378637,False
40,hindsight,Location-based,012,3,0.6587218391611216,True
40,hindsight,Location-based,013,3,0.45881160529406406,True
40,hindsight,Location-based,023,3,-0.9547749751097898,False
40,hindsight,Location-based,123,3,-1.5268496466846653,False
40,hindsight,Location-based,01,2,0.45814284849143466,True
40,hindsight,Location-based,02,2,0.39216611849273836,True
40,hindsight,Location-based,03,2,-0.26227810856200806,False
40,hindsight,Location-based,12,2,-0.09966457923035321,False
40,hindsight,Location-based,13,2,-0.8660473849952703,False
40,hindsight,Location-based,23,2,-3.13201559269918,False
40,hindsight,Location-based,0,1,0.019603590030314005,True
40,hindsight,Location-based,1,1,0.08065682678983743,True
40,hindsight,Location-based,2,1,-1.2329882095253288,False
40,hindsight,Location-based,3,1,-2.376767383100768,False
40,hindsight,Work-proportional,012,3,0.7514725845006103,True
40,hindsight,Work-proportional,013,3,0.5281796502473486,True
40,hindsight,Work-proportional,023,3,-0.9135231342868644,False
40,hindsight,Work-proportional,123,3,-1.7302202778003668,False
40,hindsight,Work-proportional,01,2,0.6202616387842084,True
40,hindsight,Work-proportional,02,2,0.5261687046551535,True
40,hindsight,Work-proportional,03,2,-0.15165822278579721,False
40,hindsight,Work-proportional,12,2,-0.21028446500656495,False
40,hindsight,Work-proportional,13,2,-1.0000499711576865,False
40,hindsight,Work-proportional,23,2,-3.2941343829919547,False
40,hindsight,Work-proportional,0,1,0.2229742211460144,True
40,hindsight,Work-proportional,1,1,0.03940498596691078,True
40,hindsight,Work-proportional,2,1,-1.3023562544786143,False
40,hindsight,Work-proportional,3,1,-2.469518128440258,False
40,online,Dual (Theorem 3),012,3,-0.6039474665001181,False
40,online,Dual (Theorem 3),013,3,-0.064304461612265,False
40,online,Dual (Theorem 3),023,3,-0.3268591173447781,False
40,online,Dual (Theorem 3),123,3,-0.2507781407855276,False
40,online,Dual (Theorem 3),01,2,-1.4321750611775548,False
40,online,Dual (Theorem 3),02,2,-0.33524062266307686,False
40,online,Dual (Theorem 3),03,2,-0.3143694526821066,False
40,online,Dual (Theorem 3),12,2,-0.1110912991218238,False
40,online,Dual (Theorem 3),13,2,-0.20030567786238596,False
40,online,Dual (Theorem 3),23,2,-1.18607519703367,False
40,online,Dual (Theorem 3),0,1,-1.2559486986976722,False
40,online,Dual (Theorem 3),1,1,-0.5397322911796261,False
40,online,Dual (Theorem 3),2,1,-0.6036500735328518,False
40,online,Dual (Theorem 3),3,1,-1.0110974104597887,False
40,online,Location-based,012,3,0.6701248854178223,True
40,online,Location-based,013,3,0.5340504036039084,True
40,online,Location-based,023,3,-0.9443492371847966,False
40,online,Location-based,123,3,-1.5057152380796213,False
40,online,Location-based,01,2,0.4402521559565586,True
40,online,Location-based,02,2,0.32134160941484446,True
40,online,Location-based,03,2,-0.3335047073059525,False
40,online,Location-based,12,2,-0.09195604449797745,False
40,online,Location-based,13,2,-0.8568879099403066,False
40,online,Location-based,23,2,-3.0585024141677826,False
40,online,Location-based,0,1,-0.0010116014035780052,False
40,online,Location-based,1,1,0.07775782866039305,True
40,online,Location-based,2,1,-1.2020049387490246,False
40,online,Location-based,3,1,-2.2851697623777287,False
40,online,Work-proportional,012,3,0.8317127666022766,True
40,online,Work-proportional,013,3,0.6028789844550719,True
40,online,Work-proportional,023,3,-0.9371878794593109,False
40,online,Work-proportional,123,3,-1.7432930578407242,False
40,online,Work-proportional,01,2,0.6706686179921764,True
40,online,Work-proportional,02,2,0.4900908483247841,True
40,online,Work-proportional,03,2,-0.25751476872930334,False
40,online,Work-proportional,12,2,-0.16794598307462638,False
40,online,Work-proportional,13,2,-1.025637148850246,False
40,online,Work-proportional,23,2,-3.2889188762034003,False
40,online,Work-proportional,0,1,0.23656621835752523,True
40,online,Work-proportional,1,1,0.07059647093490751,True
40,online,Work-proportional,2,1,-1.270833519600188,False
40,online,Work-proportional,3,1,-2.446757643562183,False
41,hindsight,Dual (Theorem 3),012,3,-0.6644503441029772,False
41,hindsight,Dual (Theorem 3),013,3,-0.13307114457215774,False
41,hindsight,Dual (Theorem 3),023,3,-0.2852702356641039,False
41,hindsight,Dual (Theorem 3),123,3,-0.3343618549540661,False
41,hindsight,Dual (Theorem 3),01,2,-1.4397653193147972,False
41,hindsight,Dual (Theorem 3),02,2,-0.3052436503051227,False
41,hindsight,Dual (Theorem 3),03,2,-0.2890099052414381,False
41,hindsight,Dual (Theorem 3),12,2,-0.1649576634021237,False
41,hindsight,Dual (Theorem 3),13,2,-0.3074445370819259,False
41,hindsight,Dual (Theorem 3),23,2,-1.3044531624613738,False
41,hindsight,Dual (Theorem 3),0,1,-1.3331713555618507,False
41,hindsight,Dual (Theorem 3),1,1,-0.555726737089119,False
41,hindsight,Dual (Theorem 3),2,1,-0.7229482099678028,False
41,hindsight,Dual (Theorem 3),3,1,-1.314739807599452,False
41,hindsight,Location-based,012,3,0.6541974757354927,True
41,hindsight,Location-based,013,3,0.5016317790238876,True
41,hindsight,Location-based,023,3,-0.8825604435030705,False
41,hindsight,Location-based,123,3,-1.6904223905496147,False
41,hindsight,Location-based,01,2,0.5135854241197181,True
41,hindsight,Location-based,02,2,0.41611396169438086,True
41,hindsight,Location-based,03,2,-0.2515971894843594,False
41,hindsight,Location-based,12,2,-0.20237037915920286,False
41,hindsight,Location-based,13,2,-1.0288021490814296,False
41,hindsight,Location-based,23,2,-3.257803905895889,False
41,hindsight,Location-based,0,1,0.022889180033698303,True
41,hindsight,Location-based,1,1,0.04156347074984734,True
41,hindsight,Location-based,2,1,-1.3576511335638481,False
41,hindsight,Location-based,3,1,-2.633387627437922,False
41,hindsight,Work-proportional,012,3,0.6879073665038078,True
41,hindsight,Work-proportional,013,3,0.5864499859033285,True
41,hindsight,Work-proportional,023,3,-0.7925231039822496,False
41,hindsight,Work-proportional,123,3,-1.8989878277182317,False
41,hindsight,Work-proportional,01,2,0.6321135217674875,True
41,hindsight,Work-proportional,02,2,0.5398611919835304,True
41,hindsight,Work-proportional,03,2,-0.07674164308408393,False
41,hindsight,Work-proportional,12,2,-0.3772259255594914,False
41,hindsight,Work-proportional,13,2,-1.1525493793705923,False
41,hindsight,Work-proportional,23,2,-3.3763320035436717,False
41,hindsight,Work-proportional,0,1,0.23145461720230207,True
41,hindsight,Work-proportional,1,1,-0.04847386877098703,False
41,hindsight,Work-proportional,2,1,-1.4424693404433024,False
41,hindsight,Work-proportional,3,1,-2.6670975182062504,False
41,online,Dual (Theorem 3),012,3,-0.6341160999681394,False
41,online,Dual (Theorem 3),013,3,-0.11398730246954947,False
41,online,Dual (Theorem 3),023,3,-0.2878771606935353,False
41,online,Dual (Theorem 3),123,3,-0.33791231186115134,False
41,online,Dual (Theorem 3),01,2,-1.4074124755238449,False
41,online,Dual (Theorem 3),02,2,-0.3880664334352121,False
41,online,Dual (Theorem 3),03,2,-0.4269626666902415,False
41,online,Dual (Theorem 3),12,2,-0.3070944787231227,False
41,online,Dual (Theorem 3),13,2,-0.4074154234264489,False
41,online,Dual (Theorem 3),23,2,-1.340828579433671,False
41,online,Dual (Theorem 3),0,1,-1.3209705858351368,False
41,online,Dual (Theorem 3),1,1,-0.5500894280983223,False
41,online,Dual (Theorem 3),2,1,-0.7263709191434282,False
41,online,Dual (Theorem 3),3,1,-1.3130900235883,False
41,online,Location-based,012,3,0.6199832923412885,True
41,online,Location-based,013,3,0.5438411376646244,True
41,online,Location-based,023,3,-0.8724877783266591,False
41,online,Location-based,123,3,-1.66522952667167,False
41,online,Location-based,01,2,0.50451535691977,True
41,online,Location-based,02,2,0.28142234124110577,True
41,online,Location-based,03,2,-0.35374484418917795,False
41,online,Location-based,12,2,-0.3803123012241998,False
41,online,Location-based,13,2,-1.0769041981027803,False
41,online,Location-based,23,2,-3.252756411877299,False
41,online,Location-based,0,1,0.006346628975368099,True
41,online,Location-based,1,1,0.034521189534787666,True
41,online,Location-based,2,1,-1.3841993592776152,False
41,online,Location-based,3,1,-2.567189415897741,False
41,online,Work-proportional,012,3,0.7182416106386458,True
41,online,Work-proportional,013,3,0.6055338280059364,True
41,online,Work-proportional,023,3,-0.795130029011681,False
41,online,Work-proportional,123,3,-1.9025382846253183,False
41,online,Work-proportional,01,2,0.66446636555844,True
41,online,Work-proportional,02,2,0.45703840885344105,True
41,online,Work-proportional,03,2,-0.21469440453288757,False
41,online,Work-proportional,12,2,-0.5193627408804904,False
41,online,Work-proportional,13,2,-1.2525202657151158,False
41,online,Work-proportional,23,2,-3.4127074205159693,False
41,online,Work-proportional,0,1,0.24365538692901606,True
41,online,Work-proportional,1,1,-0.0428365597801903,False
41,online,Work-proportional,2,1,-1.4458920496189278,False
41,online,Work-proportional,3,1,-2.665447734195099,False
42,hindsight,Dual (Theorem 3),012,3,-0.7954992995662487,False
42,hindsight,Dual (Theorem 3),013,3,-0.17680992261908757,False
42,hindsight,Dual (Theorem 3),023,3,-0.36953697267026087,False
42,hindsight,Dual (Theorem 3),123,3,-0.35317717952088135,False
42,hindsight,Dual (Theorem 3),01,2,-1.6562858046672648,False
42,hindsight,Dual (Theorem 3),02,2,-0.2727110004003248,False
42,hindsight,Dual (Theorem 3),03,2,-0.5413983981455754,False
42,hindsight,Dual (Theorem 3),12,2,-0.22631842789204404,False
42,hindsight,Dual (Theorem 3),13,2,-0.44729082067322556,False
42,hindsight,Dual (Theorem 3),23,2,-1.413815339192932,False
42,hindsight,Dual (Theorem 3),0,1,-1.2627704119590577,False
42,hindsight,Dual (Theorem 3),1,1,-0.7019364714979878,False
42,hindsight,Dual (Theorem 3),2,1,-0.4736824719571895,False
42,hindsight,Dual (Theorem 3),3,1,-1.6869887929631564,False
42,hindsight,Location-based,012,3,0.6319628754435758,True
42,hindsight,Location-based,013,3,0.45875646139610615,True
42,hindsight,Location-based,023,3,-1.13561446695455,False
42,hindsight,Location-based,123,3,-1.650128244261614,False
42,hindsight,Location-based,01,2,0.4067427543577544,True
42,hindsight,Location-based,02,2,0.38867368032521177,True
42,hindsight,Location-based,03,2,-0.6719095084146693,False
42,hindsight,Location-based,12,2,-0.09580731762295103,False
42,hindsight,Location-based,13,2,-1.1086755013987628,False
42,hindsight,Location-based,23,2,-3.476843898217952,False
42,hindsight,Location-based,0,1,0.034180652781673704,True
42,hindsight,Location-based,1,1,0.06414102278630018,True
42,hindsight,Location-based,2,1,-1.1092488559723843,False
42,hindsight,Location-based,3,1,-3.1144509679729815,False
42,hindsight,Work-proportional,012,3,0.7551692037730304,True
42,hindsight,Work-proportional,013,3,0.5124904432619453,True
42,hindsight,Work-proportional,023,3,-1.1290043949353845,False
42,hindsight,Work-proportional,123,3,-1.8336786264760558,False
42,hindsight,Work-proportional,01,2,0.5836830645530423,True
42,hindsight,Work-proportional,02,2,0.5184900806738262,True
42,hindsight,Work-proportional,03,2,-0.6115654545296707,False
42,hindsight,Work-proportional,12,2,-0.15615137150794411,False
42,hindsight,Work-proportional,13,2,-1.2384919017473717,False
42,hindsight,Work-proportional,23,2,-3.6537842084132346,False
42,hindsight,Work-proportional,0,1,0.21773103499612143,True
42,hindsight,Work-proportional,1,1,0.05753095076714032,True
42,hindsight,Work-proportional,2,1,-1.1629828378382177,False
42,hindsight,Work-proportional,3,1,-3.237657296302431,False
42,online,Dual (Theorem 3),012,3,-0.8152801124505606,False
42,online,Dual (Theorem 3),013,3,-0.10840799062206319,False
42,online,Dual (Theorem 3),023,3,-0.4698280903682295,False
42,online,Dual (Theorem 3),123,3,-0.36096184320339475,False
42,online,Dual (Theorem 3),01,2,-1.6020218970391225,False
42,online,Dual (Theorem 3),02,2,-0.39375287412138593,False
42,online,Dual (Theorem 3),03,2,-0.6231906566306451,False
42,online,Dual (Theorem 3),12,2,-0.3350689329776253,False
42,online,Dual (Theorem 3),13,2,-0.5112114855209562,False
42,online,Dual (Theorem 3),23,2,-1.385996809035512,False
42,online,Dual (Theorem 3),0,1,-1.2479267419947297,False
42,online,Dual (Theorem 3),1,1,-0.6666077934680285,False
42,online,Dual (Theorem 3),2,1,-0.5166822803962656,False
42,online,Dual (Theorem 3),3,1,-1.6618804294701386,False
42,online,Location-based,012,3,0.5089535397550129,True
42,online,Location-based,013,3,0.5845163919192982,True
42,online,Location-based,023,3,-1.2159252969683951,False
42,online,Location-based,123,3,-1.6320226713501502,False
42,online,Location-based,01,2,0.41513613770780805,True
42,online,Location-based,02,2,0.1843835714840173,True
42,online,Location-based,03,2,-0.6763634806894543,False
42,online,Location-based,12,2,-0.28189610891881167,False
42,online,Location-based,13,2,-1.0893479311263548,False
42,online,Location-based,23,2,-3.4031548437824375,False
42,online,Location-based,0,1,0.023134086152030386,True
42,online,Location-based,1,1,0.07948941313214208,True
42,online,Location-based,2,1,-1.2096066629376225,False
42,online,Location-based,3,1,-2.9861140816757077,False
42,online,Work-proportional,012,3,0.7353883908887184,True
42,online,Work-proportional,013,3,0.5808923752589696,True
42,online,Work-proportional,023,3,-1.2292955126333531,False
42,online,Work-proportional,123,3,-1.8414632901585692,False
42,online,Work-proportional,01,2,0.6379469721811848,True
42,online,Work-proportional,02,2,0.3974482069527653,True
42,online,Work-proportional,03,2,-0.6933577130147406,False
42,online,Work-proportional,12,2,-0.2649018765935254,False
42,online,Work-proportional,13,2,-1.3024125665951027,False
42,online,Work-proportional,23,2,-3.625965678255814,False
42,online,Work-proportional,0,1,0.23257470496044957,True
42,online,Work-proportional,1,1,0.09285962879709964,True
42,online,Work-proportional,2,1,-1.2059826462772936,False
42,online,Work-proportional,3,1,-3.2125489328094132,False
43,hindsight,Dual (Theorem 3),012,3,-1.4142400535596038,False
43,hindsight,Dual (Theorem 3),013,3,-0.299402266954655,False
43,hindsight,Dual (Theorem 3),023,3,-0.2479258845062109,False
43,hindsight,Dual (Theorem 3),123,3,-0.24835582741017248,False
43,hindsight,Dual (Theorem 3),01,2,-3.020333043546843,False
43,hindsight,Dual (Theorem 3),02,2,-0.39521925168650385,False
43,hindsight,Dual (Theorem 3),03,2,-0.19244695369773268,False
43,hindsight,Dual (Theorem 3),12,2,-0.32763758330435655,False
43,hindsight,Dual (Theorem 3),13,2,-0.17621327591181668,False
43,hindsight,Dual (Theorem 3),23,2,-1.0507537969327156,False
43,hindsight,Dual (Theorem 3),0,1,-1.6944839314955131,False
43,hindsight,Dual (Theorem 3),1,1,-1.573969660122807,False
43,hindsight,Dual (Theorem 3),2,1,-0.7319950244706548,False
43,hindsight,Dual (Theorem 3),3,1,-0.8784726182693836,False
43,hindsight,Location-based,012,3,0.9382989413642697,True
43,hindsight,Location-based,013,3,0.8967432256214845,True
43,hindsight,Location-based,023,3,-2.00296874742736,False
43,hindsight,Location-based,123,3,-2.041997451989035,False
43,hindsight,Location-based,01,2,0.5283514439531698,True
43,hindsight,Location-based,02,2,0.20227688031621982,True
43,hindsight,Location-based,03,2,-0.7513443240427438,False
43,hindsight,Location-based,12,2,0.23125978704065409,True
43,hindsight,Location-based,13,2,-0.7737094079145397,False
43,hindsight,Location-based,23,2,-4.599438284432727,False
43,hindsight,Location-based,0,1,0.09915769308334968,True
43,hindsight,Location-based,1,1,0.18107320279834294,True
43,hindsight,Location-based,2,1,-1.9281405170467938,False
43,hindsight,Location-based,3,1,-3.231011613193257,False
43,hindsight,Work-proportional,012,3,1.2201622112901909,True
43,hindsight,Work-proportional,013,3,1.0364821295562838,True
43,hindsight,Work-proportional,023,3,-2.2586833414708867,False
43,hindsight,Work-proportional,123,3,-2.207885031806253,False
43,hindsight,Work-proportional,01,2,0.9499536178138979,True
43,hindsight,Work-proportional,02,2,0.22842555619862237,True
43,hindsight,Work-proportional,03,2,-0.8673200141514625,False
43,hindsight,Work-proportional,12,2,0.3472354771493653,True
43,hindsight,Work-proportional,13,2,-0.7998580837969502,False
43,hindsight,Work-proportional,23,2,-5.021040458293464,False
43,hindsight,Work-proportional,0,1,0.26504527290055935,True
43,hindsight,Work-proportional,1,1,0.4367877968418613,True
43,hindsight,Work-proportional,2,1,-2.067879420981601,False
43,hindsight,Work-proportional,3,1,-3.512874883119186,False
43,online,Dual (Theorem 3),012,3,-1.332933188199637,False
43,online,Dual (Theorem 3),013,3,-0.34320821983854133,False
43,online,Dual (Theorem 3),023,3,-0.2494678160627153,False
43,online,Dual (Theorem 3),123,3,-0.20521976058493774,False
43,online,Dual (Theorem 3),01,2,-2.9662020835243124,False
43,online,Dual (Theorem 3),02,2,-0.6447201166772687,False
43,online,Dual (Theorem 3),03,2,-0.2648301942466027,False
43,online,Dual (Theorem 3),12,2,-0.41118255642945467,False
43,online,Dual (Theorem 3),13,2,-0.24695304719256939,False
43,online,Dual (Theorem 3),23,2,-0.949576613443325,False
43,online,Dual (Theorem 3),0,1,-1.687976550131122,False
43,online,Dual (Theorem 3),1,1,-1.5282661531742459,False
43,online,Dual (Theorem 3),2,1,-0.7307524492580377,False
43,online,Dual (Theorem 3),3,1,-0.8311349583077874,False
43,online,Location-based,012,3,0.7002398095573916,True
43,online,Location-based,013,3,1.0463017142887803,True
43,online,Location-based,023,3,-1.9080061748757062,False
43,online,Location-based,123,3,-1.9693643336563165,False
43,online,Location-based,01,2,0.45648084836004454,True
43,online,Location-based,02,2,-0.2700854777332249,False
43,online,Location-based,03,2,-0.5338586189322658,False
43,online,Location-based,12,2,-0.1421541317437982,False
43,online,Location-based,13,2,-0.6215876861366194,False
43,online,Location-based,23,2,-4.372259545327688,False
43,online,Location-based,0,1,0.0761680229402501,True
43,online,Location-based,1,1,0.13027220563873876,True
43,online,Location-based,2,1,-2.120262383385366,False
43,online,Location-based,3,1,-2.8643079560648226,False
43,online,Work-proportional,012,3,1.3014690766501573,True
43,online,Work-proportional,013,3,0.9926761766723966,True
43,online,Work-proportional,023,3,-2.260225273027391,False
43,online,Work-proportional,123,3,-2.164748964981018,False
43,online,Work-proportional,01,2,1.0040845778364282,True
43,online,Work-proportional,02,2,-0.021075308792142255,False
43,online,Work-proportional,03,2,-0.9397032547003326,False
43,online,Work-proportional,12,2,0.2636905040242672,True
43,online,Work-proportional,13,2,-0.8705978550777029,False
43,online,Work-proportional,23,2,-4.919863274804072,False
43,online,Work-proportional,0,1,0.27155265426495057,True
43,online,Work-proportional,1,1,0.48249130379042227,True
43,online,Work-proportional,2,1,-2.0666368457689837,False
43,online,Work-proportional,3,1,-3.4655372231575896,False
44,hindsight,Dual (Theorem 3),012,3,-1.6749506611740497,False
44,hindsight,Dual (Theorem 3),013,3,-0.30514505768802636,False
44,hindsight,Dual (Theorem 3),023,3,-0.3098392489972639,False
44,hindsight,Dual (Theorem 3),123,3,-0.2597628378966128,False
44,hindsight,Dual (Theorem 3),01,2,-3.4638343461809997,False
44,hindsight,Dual (Theorem 3),02,2,-0.44790965795569115,False
44,hindsight,Dual (Theorem 3),03,2,-0.2594621508969661,False
44,hindsight,Dual (Theorem 3),12,2,-0.4592943521331012,False
44,hindsight,Dual (Theorem 3),13,2,-0.22653721267898153,False
44,hindsight,Dual (Theorem 3),23,2,-1.3151191776205753,False
44,hindsight,Dual (Theorem 3),0,1,-2.0921376349950624,False
44,hindsight,Dual (Theorem 3),1,1,-1.6973328267549395,False
44,hindsight,Dual (Theorem 3),2,1,-0.6303538212849498,False
44,hindsight,Dual (Theorem 3),3,1,-1.194515403537924,False
44,hindsight,Location-based,012,3,1.2483767088250044,True
44,hindsight,Location-based,013,3,0.8261531365879042,True
44,hindsight,Location-based,023,3,-2.1750815519512203,False
44,hindsight,Location-based,123,3,-2.449146099217642,False
44,hindsight,Location-based,01,2,0.5907912180939849,True
44,hindsight,Location-based,02,2,0.6101754090894069,True
44,hindsight,Location-based,03,2,-0.993406259574992,False
44,hindsight,Location-based,12,2,0.2746497565449242,True
44,hindsight,Location-based,13,2,-1.28462227972408,False
44,hindsight,Location-based,23,2,-5.369744741895561,False
44,hindsight,Location-based,0,1,0.0972456263259662,True
44,hindsight,Location-based,1,1,0.16790947619901686,True
44,hindsight,Location-based,2,1,-1.7616520155608806,False
44,hindsight,Location-based,3,1,-4.117842773536978,False
44,hindsight,Work-proportional,012,3,1.425780520347442,True
44,hindsight,Work-proportional,013,3,1.1454449684179266,True
44,hindsight,Work-proportional,023,3,-2.4355257053830393,False
44,hindsight,Work-proportional,123,3,-2.685397589138324,False
44,hindsight,Work-proportional,01,2,1.087486861446459,True
44,hindsight,Work-proportional,02,2,0.527135067180039,True
44,hindsight,Work-proportional,03,2,-0.9345585811767747,False
44,hindsight,Work-proportional,12,2,0.2158020781466936,True
44,hindsight,Work-proportional,13,2,-1.2015819378147254,False
44,hindsight,Work-proportional,23,2,-5.8664403852480485,False
44,hindsight,Work-proportional,0,1,0.3334971162466347,True
44,hindsight,Work-proportional,1,1,0.42835362963082246,True
44,hindsight,Work-proportional,2,1,-2.080943847390917,False
44,hindsight,Work-proportional,3,1,-4.29524658505943,False
44,online,Dual (Theorem 3),012,3,-1.6301132329581236,False
44,online,Dual (Theorem 3),013,3,-0.3091261094014426,False
44,online,Dual (Theorem 3),023,3,-0.3636519233250013,False
44,online,Dual (Theorem 3),123,3,-0.2373956128372985,False
44,online,Dual (Theorem 3),01,2,-3.4303861379122207,False
44,online,Dual (Theorem 3),02,2,-0.54706502235309,False
44,online,Dual (Theorem 3),03,2,-0.34005422154987563,False
44,online,Dual (Theorem 3),12,2,-0.4565549053649618,False
44,online,Dual (Theorem 3),13,2,-0.2788431975299943,False
44,online,Dual (Theorem 3),23,2,-1.2455520580424384,False
44,online,Dual (Theorem 3),0,1,-2.1056143100315783,False
44,online,Dual (Theorem 3),1,1,-1.6507739138745028,False
44,online,Dual (Theorem 3),2,1,-0.5493259443638387,False
44,online,Dual (Theorem 3),3,1,-1.199578578685573,False
44,online,Location-based,012,3,1.2050638035717998,True
44,online,Location-based,013,3,0.8058861121466756,True
44,online,Location-based,023,3,-2.1685291839562773,False
44,online,Location-based,123,3,-2.382707610284111,False
44,online,Location-based,01,2,0.519803120165836,True
44,online,Location-based,02,2,0.4832347535455739,True
44,online,Location-based,03,2,-1.029919260633017,False
44,online,Location-based,12,2,0.23331013371816445,True
44,online,Location-based,13,2,-1.3091429734286733,False
44,online,Location-based,23,2,-5.195741316120509,False
44,online,Location-based,0,1,0.039697687415218896,True
44,online,Location-based,1,1,0.1541033467567572,True
44,online,Location-based,2,1,-1.664338165911972,False
44,online,Location-based,3,1,-4.034755615215512,False
44,online,Work-proportional,012,3,1.470617948563369,True
44,online,Work-proportional,013,3,1.1414639167045109,True
44,online,Work-proportional,023,3,-2.4893383797107766,False
44,online,Work-proportional,123,3,-2.6630303640790096,False
44,online,Work-proportional,01,2,1.1209350697152385,True
44,online,Work-proportional,02,2,0.42797970278264064,True
44,online,Work-proportional,03,2,-1.0151506518296838,False
44,online,Work-proportional,12,2,0.21854152491483347,True
44,online,Work-proportional,13,2,-1.2538879226657382,False
44,online,Work-proportional,23,2,-5.796873265669911,False
44,online,Work-proportional,0,1,0.32002044121011913,True
44,online,Work-proportional,1,1,0.4749125425112595,True
44,online,Work-proportional,2,1,-1.9999159704698055,False
44,online,Work-proportional,3,1,-4.300309760207079,False
45,hindsight,Dual (Theorem 3),012,3,-1.1764664723127014,False
45,hindsight,Dual (Theorem 3),013,3,-0.17622921222098187,False
45,hindsight,Dual (Theorem 3),023,3,-0.39466611708215016,False
45,hindsight,Dual (Theorem 3),123,3,-0.32827488194899956,False
45,hindsight,Dual (Theorem 3),01,2,-2.315468676230769,False
45,hindsight,Dual (Theorem 3),02,2,-0.366193718877197,False
45,hindsight,Dual (Theorem 3),03,2,-0.39404017565397,False
45,hindsight,Dual (Theorem 3),12,2,-0.2702101208631089,False
45,hindsight,Dual (Theorem 3),13,2,-0.2779391187143805,False
45,hindsight,Dual (Theorem 3),23,2,-1.448534208450754,False
45,hindsight,Dual (Theorem 3),0,1,-1.7171518745523715,False
45,hindsight,Dual (Theorem 3),1,1,-0.9713053940773271,False
45,hindsight,Dual (Theorem 3),2,1,-0.4771430936349128,False
45,hindsight,Dual (Theorem 3),3,1,-1.5493567673917132,False
45,hindsight,Location-based,012,3,0.9936823130449821,True
45,hindsight,Location-based,013,3,0.4716860215281775,True
45,hindsight,Location-based,023,3,-1.4583161485491019,False
45,hindsight,Location-based,123,3,-2.0826888695888934,False
45,hindsight,Location-based,01,2,0.502595342876075,True
45,hindsight,Location-based,02,2,0.7403050350135355,True
45,hindsight,Location-based,03,2,-0.8097749733717612,False
45,hindsight,Location-based,12,2,0.14552467685468162,True
45,hindsight,Location-based,13,2,-1.3844378726051136,False
45,hindsight,Location-based,23,2,-4.266598227557599,False
45,hindsight,Location-based,0,1,0.03726211308752139,True
45,hindsight,Location-based,1,1,0.09234463738962384,True
45,hindsight,Location-based,2,1,-1.1250583273840733,False
45,hindsight,Location-based,3,1,-3.719505552749397,False
45,hindsight,Work-proportional,012,3,0.9640271289439184,True
45,hindsight,Work-proportional,013,3,0.7420205706741467,True
45,hindsight,Work-proportional,023,3,-1.4708951604756075,False
45,hindsight,Work-proportional,123,3,-2.3107892227073066,False
45,hindsight,Work-proportional,01,2,0.7432747079209852,True
45,hindsight,Work-proportional,02,2,0.6980708389859708,True
45,hindsight,Work-proportional,03,2,-0.5520194361522934,False
45,hindsight,Work-proportional,12,2,-0.1122308603647908,False
45,hindsight,Work-proportional,13,2,-1.3422036765775531,False
45,hindsight,Work-proportional,23,2,-4.507277592602513,False
45,hindsight,Work-proportional,0,1,0.2653624662059303,True
45,hindsight,Work-proportional,1,1,0.10492364931612519,True
45,hindsight,Work-proportional,2,1,-1.395392876530047,False
45,hindsight,Work-proportional,3,1,-3.6898503686483384,False
45,online,Dual (Theorem 3),012,3,-1.138278261003803,False
45,online,Dual (Theorem 3),013,3,-0.20059790065893424,False
45,online,Dual (Theorem 3),023,3,-0.38192055126955626,False
45,online,Dual (Theorem 3),123,3,-0.3147186469782337,False
45,online,Dual (Theorem 3),01,2,-2.287777804043709,False
45,online,Dual (Theorem 3),02,2,-0.3615935145675251,False
45,online,Dual (Theorem 3),03,2,-0.47307181174664104,False
45,online,Dual (Theorem 3),12,2,-0.26757869452394667,False
45,online,Dual (Theorem 3),13,2,-0.37186028042122654,False
45,online,Dual (Theorem 3),23,2,-1.4426682577737813,False
45,online,Dual (Theorem 3),0,1,-1.7120980104078098,False
45,online,Dual (Theorem 3),1,1,-0.9573023461427704,False
45,online,Dual (Theorem 3),2,1,-0.47227785716389503,False
45,online,Dual (Theorem 3),3,1,-1.5762344305472418,False
45,online,Location-based,012,3,0.9367981428578076,True
45,online,Location-based,013,3,0.5046751098485363,True
45,online,Location-based,023,3,-1.4357798318872788,False
45,online,Location-based,123,3,-2.0412087807296047,False
45,online,Location-based,01,2,0.4925716103253761,True
45,online,Location-based,02,2,0.6596236086763676,True
45,online,Location-based,03,2,-0.8216580818568886,False
45,online,Location-based,12,2,0.0810075755862969,True
45,online,Location-based,13,2,-1.3930774036651234,False
45,online,Location-based,23,2,-4.223017672142872,False
45,online,Location-based,0,1,0.014392123343557606,True
45,online,Location-based,1,1,0.09655693447494773,True
45,online,Location-based,2,1,-1.17755086767137,False
45,online,Location-based,3,1,-3.6513108344088567,False
45,online,Work-proportional,012,3,1.0022153402528173,True
45,online,Work-proportional,013,3,0.7176518822361952,True
45,online,Work-proportional,023,3,-1.4581495946630132,False
45,online,Work-proportional,123,3,-2.29723298773654,False
45,online,Work-proportional,01,2,0.7709655801080448,True
45,online,Work-proportional,02,2,0.7026710432956429,True
45,online,Work-proportional,03,2,-0.631051072244964,False
45,online,Work-proportional,12,2,-0.1095994340256281,False
45,online,Work-proportional,13,2,-1.4361248382843987,False
45,online,Work-proportional,23,2,-4.501411641925539,False
45,online,Work-proportional,0,1,0.270416330350492,True
45,online,Work-proportional,1,1,0.11892669725068183,True
45,online,Work-proportional,2,1,-1.390527640059029,False
45,online,Work-proportional,3,1,-3.7167280318038665,False
46,hindsight,Dual (Theorem 3),012,3,-1.0020138370311233,False
46,hindsight,Dual (Theorem 3),013,3,-0.18518575288908612,False
46,hindsight,Dual (Theorem 3),023,3,-0.2857241235218395,False
46,hindsight,Dual (Theorem 3),123,3,-0.23056910495904503,False
46,hindsight,Dual (Theorem 3),01,2,-1.9939066612916239,False
46,hindsight,Dual (Theorem 3),02,2,-0.21671785033897717,False
46,hindsight,Dual (Theorem 3),03,2,-0.34578910351549386,False
46,hindsight,Dual (Theorem 3),12,2,-0.22467190875129095,False
46,hindsight,Dual (Theorem 3),13,2,-0.25986564414882585,False
46,hindsight,Dual (Theorem 3),23,2,-1.0418760405347953,False
46,hindsight,Dual (Theorem 3),0,1,-1.2925853775704843,False
46,hindsight,Dual (Theorem 3),1,1,-0.973177068705263,False
46,hindsight,Dual (Theorem 3),2,1,-0.3766642600664687,False
46,hindsight,Dual (Theorem 3),3,1,-1.322639981397503,False
46,hindsight,Location-based,012,3,0.7017050600256226,True
46,hindsight,Location-based,013,3,0.46981877676744443,True
46,hindsight,Location-based,023,3,-1.3247023781759375,False
46,hindsight,Location-based,123,3,-1.5503142770182219,False
46,hindsight,Location-based,01,2,0.36481676542165214,True
46,hindsight,Location-based,02,2,0.44802279206367046,True
46,hindsight,Location-based,03,2,-0.729762828513062,False
46,hindsight,Location-based,12,2,0.15930181624627737,True
46,hindsight,Location-based,13,2,-0.9246062865514726,False
46,hindsight,Location-based,23,2,-3.400599467248071,False
46,hindsight,Location-based,0,1,0.027159794488693392,True
46,hindsight,Location-based,1,1,0.0658011859488356,True
46,hindsight,Location-based,2,1,-1.0316687897229988,False
46,hindsight,Location-based,3,1,-3.026358878454248,False
46,hindsight,Work-proportional,012,3,0.8544534143775527,True
46,hindsight,Work-proportional,013,3,0.6110611120572955,True
46,hindsight,Work-proportional,023,3,-1.4008027529147271,False
46,hindsight,Work-proportional,123,3,-1.7682045919211737,False
46,hindsight,Work-proportional,01,2,0.6588074550634202,True
46,hindsight,Work-proportional,02,2,0.5246707716767981,True
46,hindsight,Work-proportional,03,2,-0.6646208679620138,False
46,hindsight,Work-proportional,12,2,0.09415985569524254,True
46,hindsight,Work-proportional,13,2,-1.0012542661645871,False
46,hindsight,Work-proportional,23,2,-3.694590156889826,False
46,hindsight,Work-proportional,0,1,0.24505010939165875,True
46,hindsight,Work-proportional,1,1,0.14190156068763832,True
46,hindsight,Work-proportional,2,1,-1.1729111250128366,False
46,hindsight,Work-proportional,3,1,-3.1791072328061656,False
46,online,Dual (Theorem 3),012,3,-1.0249170652375859,False
46,online,Dual (Theorem 3),013,3,-0.2181289325941962,False
46,online,Dual (Theorem 3),023,3,-0.29583436408596064,False
46,online,Dual (Theorem 3),123,3,-0.2775615123745352,False
46,online,Dual (Theorem 3),01,2,-1.9923027502201964,False
46,online,Dual (Theorem 3),02,2,-0.3242249074313448,False
46,online,Dual (Theorem 3),03,2,-0.5688210836405374,False
46,online,Dual (Theorem 3),12,2,-0.26592383791386687,False
46,online,Dual (Theorem 3),13,2,-0.5027296395500014,False
46,online,Dual (Theorem 3),23,2,-1.0701749875426474,False
46,online,Dual (Theorem 3),0,1,-1.289508313782397,False
46,online,Dual (Theorem 3),1,1,-0.9845546452507066,False
46,online,Dual (Theorem 3),2,1,-0.3742797722454154,False
46,online,Dual (Theorem 3),3,1,-1.3308462961127607,False
46,online,Location-based,012,3,0.7050747770675033,True
46,online,Location-based,013,3,0.39158848617025566,True
46,online,Location-based,023,3,-1.3307235633565502,False
46,online,Location-based,123,3,-1.582381574173446,False
46,online,Location-based,01,2,0.34740651084933105,True
46,online,Location-based,02,2,0.37087773560314097,True
46,online,Location-based,03,2,-0.9939928641466889,False
46,online,Location-based,12,2,0.15924794259229813,True
46,online,Location-based,13,2,-1.1978322825844736,False
46,online,Location-based,23,2,-3.4098842486121614,False
46,online,Location-based,0,1,0.015311748016527002,True
46,online,Location-based,1,1,0.05033455401989673,True
46,online,Location-based,2,1,-0.9839971910098537,False
46,online,Location-based,3,1,-3.0608381384178363,False
46,online,Work-proportional,012,3,0.8315501861710909,True
46,online,Work-proportional,013,3,0.5781179323521859,True
46,online,Work-proportional,023,3,-1.4109129934788474,False
46,online,Work-proportional,123,3,-1.8151969993366643,False
46,online,Work-proportional,01,2,0.6604113661348479,True
46,online,Work-proportional,02,2,0.41716371458443047,True
46,online,Work-proportional,03,2,-0.8876528480870569,False
46,online,Work-proportional,12,2,0.05290792653266685,True
46,online,Work-proportional,13,2,-1.2441182615657622,False
46,online,Work-proportional,23,2,-3.722889103897678,False
46,online,Work-proportional,0,1,0.24812717317974595,True
46,online,Work-proportional,1,1,0.13052398414219468,True
46,online,Work-proportional,2,1,-1.170526637191783,False
46,online,Work-proportional,3,1,-3.1873135475214234,False
47,hindsight,Dual (Theorem 3),012,3,-0.5341248681156809,False
47,hindsight,Dual (Theorem 3),013,3,-0.12243720278963321,False
47,hindsight,Dual (Theorem 3),023,3,-0.35121513480582234,False
47,hindsight,Dual (Theorem 3),123,3,-0.312063702239989,False
47,hindsight,Dual (Theorem 3),01,2,-1.3085887292423273,False
47,hindsight,Dual (Theorem 3),02,2,-0.2780481134778767,False
47,hindsight,Dual (Theorem 3),03,2,-0.6328533563609549,False
47,hindsight,Dual (Theorem 3),12,2,-0.13451024760829355,False
47,hindsight,Dual (Theorem 3),13,2,-0.5032413956128021,False
47,hindsight,Dual (Theorem 3),23,2,-1.4445226238600641,False
47,hindsight,Dual (Theorem 3),0,1,-1.368232704913487,False
47,hindsight,Dual (Theorem 3),1,1,-0.4763106380332297,False
47,hindsight,Dual (Theorem 3),2,1,-0.5547101179622078,False
47,hindsight,Dual (Theorem 3),3,1,-1.864054074880137,False
47,hindsight,Location-based,012,3,0.7028015323637675,True
47,hindsight,Location-based,013,3,0.5630482598526712,True
47,hindsight,Location-based,023,3,-0.8814853753325043,False
47,hindsight,Location-based,123,3,-1.7042053248350593,False
47,hindsight,Location-based,01,2,0.6138231338794252,True
47,hindsight,Location-based,02,2,0.4286080464748898,True
47,hindsight,Location-based,03,2,-0.4776381342453324,False
47,hindsight,Location-based,12,2,-0.28972546972391555,False
47,hindsight,Location-based,13,2,-1.2098975555655684,False
47,hindsight,Location-based,23,2,-3.3669344869818163,False
47,hindsight,Location-based,0,1,0.023908917681583597,True
47,hindsight,Location-based,1,1,0.053959602493452,True
47,hindsight,Location-based,2,1,-1.240195580604512,False
47,hindsight,Location-based,3,1,-3.1009804753595853,False
47,hindsight,Work-proportional,012,3,0.7967389308547592,True
47,hindsight,Work-proportional,013,3,0.5887139257039404,True
47,hindsight,Work-proportional,023,3,-0.7738664606206012,False
47,hindsight,Work-proportional,123,3,-1.93142730388917,False
47,hindsight,Work-proportional,01,2,0.7334261982216687,True
47,hindsight,Work-proportional,02,2,0.6301643596777668,True
47,hindsight,Work-proportional,03,2,-0.34435355368217735,False
47,hindsight,Work-proportional,12,2,-0.42301005028705263,False
47,hindsight,Work-proportional,13,2,-1.4114538687684277,False
47,hindsight,Work-proportional,23,2,-3.4865375513240418,False
47,hindsight,Work-proportional,0,1,0.2511308967357122,True
47,hindsight,Work-proportional,1,1,-0.05365931221843312,False
47,hindsight,Work-proportional,2,1,-1.2658612464557637,False
47,hindsight,Work-proportional,3,1,-3.1949178738505593,False
47,online,Dual (Theorem 3),012,3,-0.5866335989564719,False
47,online,Dual (Theorem 3),013,3,-0.20976791570661923,False
47,online,Dual (Theorem 3),023,3,-0.4356661101965016,False
47,online,Dual (Theorem 3),123,3,-0.33680557321654536,False
47,online,Dual (Theorem 3),01,2,-1.2880573747926407,False
47,online,Dual (Theorem 3),02,2,-0.37214674925457725,False
47,online,Dual (Theorem 3),03,2,-0.7696343691545762,False
47,online,Dual (Theorem 3),12,2,-0.23765688760435832,False
47,online,Dual (Theorem 3),13,2,-0.7133820896834644,False
47,online,Dual (Theorem 3),23,2,-1.491651729823702,False
47,online,Dual (Theorem 3),0,1,-1.3646896657657261,False
47,online,Dual (Theorem 3),1,1,-0.5000241198992607,False
47,online,Dual (Theorem 3),2,1,-0.5762311211319213,False
47,online,Dual (Theorem 3),3,1,-1.8898363843672996,False
47,online,Location-based,012,3,0.6032946920169597,True
47,online,Location-based,013,3,0.4751070353297706,True
47,online,Location-based,023,3,-0.9394843657227616,False
47,online,Location-based,123,3,-1.7077905597000536,False
47,online,Location-based,01,2,0.586745867217163,True
47,online,Location-based,02,2,0.31396328619257663,True
47,online,Location-based,03,2,-0.5885776736444641,False
47,online,Location-based,12,2,-0.4187135831144526,False
47,online,Location-based,13,2,-1.3994921251306005,False
47,online,Location-based,23,2,-3.366454971833488,False
47,online,Location-based,0,1,0.006295320717799813,True
47,online,Location-based,1,1,0.0037941356270170257,True
47,online,Location-based,2,1,-1.2611060721682934,False
47,online,Location-based,3,1,-3.0797646753407135,False
47,online,Work-proportional,012,3,0.7442302000139684,True
47,online,Work-proportional,013,3,0.5013832127869553,True
47,online,Work-proportional,023,3,-0.85831743601128,False
47,online,Work-proportional,123,3,-1.9561691748657264,False
47,online,Work-proportional,01,2,0.7539575526713553,True
47,online,Work-proportional,02,2,0.5360657239010661,True
47,online,Work-proportional,03,2,-0.48113456647579866,False
47,online,Work-proportional,12,2,-0.5261566902831176,False
47,online,Work-proportional,13,2,-1.6215945628390895,False
47,online,Work-proportional,23,2,-3.5336666572876796,False
47,online,Work-proportional,0,1,0.2546739358834731,True
47,online,Work-proportional,1,1,-0.07737279408446407,False
47,online,Work-proportional,2,1,-1.2873822496254772,False
47,online,Work-proportional,3,1,-3.2207001833377213,False
48,hindsight,Dual (Theorem 3),012,3,-0.672477065535364,False
48,hindsight,Dual (Theorem 3),013,3,-0.11759234710707189,False
48,hindsight,Dual (Theorem 3),023,3,-0.3565230792088303,False
48,hindsight,Dual (Theorem 3),123,3,-0.4054684903596515,False
48,hindsight,Dual (Theorem 3),01,2,-1.4643301156800306,False
48,hindsight,Dual (Theorem 3),02,2,-0.30844981800383175,False
48,hindsight,Dual (Theorem 3),03,2,-0.39273634701431126,False
48,hindsight,Dual (Theorem 3),12,2,-0.15719724289915837,False
48,hindsight,Dual (Theorem 3),13,2,-0.42458713137625326,False
48,hindsight,Dual (Theorem 3),23,2,-1.3086241705359125,False
48,hindsight,Dual (Theorem 3),0,1,-1.3302147009391614,False
48,hindsight,Dual (Theorem 3),1,1,-0.5261123550532825,False
48,hindsight,Dual (Theorem 3),2,1,-0.39061300377692354,False
48,hindsight,Dual (Theorem 3),3,1,-1.4325954627848962,False
48,hindsight,Location-based,012,3,0.8378254184783747,True
48,hindsight,Location-based,013,3,0.372850095436811,True
48,hindsight,Location-based,023,3,-0.9941249123367828,False
48,hindsight,Location-based,123,3,-1.7686115837893208,False
48,hindsight,Location-based,01,2,0.5364148108775915,True
48,hindsight,Location-based,02,2,0.5642508328819544,True
48,hindsight,Location-based,03,2,-0.5398957375983806,False
48,hindsight,Location-based,12,2,-0.010037852315089246,False
48,hindsight,Location-based,13,2,-1.29728778226204,False
48,hindsight,Location-based,23,2,-3.309369097093535,False
48,hindsight,Location-based,0,1,0.03292839249050819,True
48,hindsight,Location-based,1,1,0.11148947807466991,True
48,hindsight,Location-based,2,1,-0.8810554463208068,False
48,hindsight,Location-based,3,1,-2.9428979467986354,False
48,hindsight,Work-proportional,012,3,0.7618412602999596,True
48,hindsight,Work-proportional,013,3,0.49408778901887507,True
48,hindsight,Work-proportional,023,3,-0.8868215291067147,False
48,hindsight,Work-proportional,123,3,-1.9211685024230247,False
48,hindsight,Work-proportional,01,2,0.5816683462812358,True
48,hindsight,Work-proportional,02,2,0.5955700579336032,True
48,hindsight,Work-proportional,03,2,-0.31135466078625296,False
48,hindsight,Work-proportional,12,2,-0.23857892912721246,False
48,hindsight,Work-proportional,13,2,-1.3286070073136842,False
48,hindsight,Work-proportional,23,2,-3.354622632497175,False
48,hindsight,Work-proportional,0,1,0.1854853111242164,True
48,hindsight,Work-proportional,1,1,0.004186094844606081,True
48,hindsight,Work-proportional,2,1,-1.002293139902866,False
48,hindsight,Work-proportional,3,1,-2.8669137886202156,False
48,online,Dual (Theorem 3),012,3,-0.630311012337154,False
48,online,Dual (Theorem 3),013,3,-0.11822898077023059,False
48,online,Dual (Theorem 3),023,3,-0.3923233245457216,False
48,online,Dual (Theorem 3),123,3,-0.43135066649602294,False
48,online,Dual (Theorem 3),01,2,-1.40964516529927,False
48,online,Dual (Theorem 3),02,2,-0.25232667109226314,False
48,online,Dual (Theorem 3),03,2,-0.5159311330242573,False
48,online,Dual (Theorem 3),12,2,-0.20152081508786335,False
48,online,Dual (Theorem 3),13,2,-0.5228248962473105,False
48,online,Dual (Theorem 3),23,2,-1.353882554207626,False
48,online,Dual (Theorem 3),0,1,-1.320215366633517,False
48,online,Dual (Theorem 3),1,1,-0.5124856798111511,False
48,online,Dual (Theorem 3),2,1,-0.40338955977687063,False
48,online,Dual (Theorem 3),3,1,-1.4257008810924399,False
48,online,Location-based,012,3,0.7752791369758658,True
48,online,Location-based,013,3,0.414301686527641,True
48,online,Location-based,023,3,-0.9955726171258306,False
48,online,Location-based,123,3,-1.7662221905267899,False
48,online,Location-based,01,2,0.5284756513116162,True
48,online,Location-based,02,2,0.5500141856406424,True
48,online,Location-based,03,2,-0.5866497583065,False
48,online,Location-based,12,2,-0.13080218980561553,False
48,online,Location-based,13,2,-1.3251657529802112,False
48,online,Location-based,23,2,-3.2920033708185077,False
48,online,Location-based,0,1,0.014656157397254996,True
48,online,Location-based,1,1,0.09076361276896328,True
48,online,Location-based,2,1,-0.9359202270747371,False
48,online,Location-based,3,1,-2.8312910304054544,False
48,online,Work-proportional,012,3,0.8040073134981698,True
48,online,Work-proportional,013,3,0.4934511553557166,True
48,online,Work-proportional,023,3,-0.9226217744436052,False
48,online,Work-proportional,123,3,-1.9470506785593962,False
48,online,Work-proportional,01,2,0.6363532966619962,True
48,online,Work-proportional,02,2,0.651693204845172,True
48,online,Work-proportional,03,2,-0.4345494467961988,False
48,online,Work-proportional,12,2,-0.2829025013159172,False
48,online,Work-proportional,13,2,-1.426844772184741,False
48,online,Work-proportional,23,2,-3.399881016168888,False
48,online,Work-proportional,0,1,0.1954846454298606,True
48,online,Work-proportional,1,1,0.01781277008673754,True
48,online,Work-proportional,2,1,-1.0150696959028132,False
48,online,Work-proportional,3,1,-2.860019206927759,False
49,hindsight,Dual (Theorem 3),012,3,-0.7342304293887754,False
49,hindsight,Dual (Theorem 3),013,3,-0.29704762546245167,False
49,hindsight,Dual (Theorem 3),023,3,-0.22264838667120834,False
49,hindsight,Dual (Theorem 3),123,3,-0.25720197003842493,False
49,hindsight,Dual (Theorem 3),01,2,-1.9383382679769936,False
49,hindsight,Dual (Theorem 3),02,2,-0.17760727558571476,False
49,hindsight,Dual (Theorem 3),03,2,-0.18110752761645577,False
49,hindsight,Dual (Theorem 3),12,2,-0.14956023972853938,False
49,hindsight,Dual (Theorem 3),13,2,-0.14786386221074732,False
49,hindsight,Dual (Theorem 3),23,2,-0.9259610229503767,False
49,hindsight,Dual (Theorem 3),0,1,-1.3399467450340314,False
49,hindsight,Dual (Theorem 3),1,1,-0.870427107101919,False
49,hindsight,Dual (Theorem 3),2,1,-0.9319197089227784,False
49,hindsight,Dual (Theorem 3),3,1,-0.7867856812513141,False
49,hindsight,Location-based,012,3,0.5172507033470124,True
49,hindsight,Location-based,013,3,0.8118792665972769,True
49,hindsight,Location-based,023,3,-1.1921955683991357,False
49,hindsight,Location-based,123,3,-1.648062813106013,False
49,hindsight,Location-based,01,2,0.42206975681852277,True
49,hindsight,Location-based,02,2,0.1043266754221448,True
49,hindsight,Location-based,03,2,-0.04172781728465491,False
49,hindsight,Location-based,12,2,-0.28893995006034023,False
49,hindsight,Location-based,13,2,-0.429797813218606,False
49,hindsight,Location-based,23,2,-3.286369047745893,False
49,hindsight,Location-based,0,1,0.050914098033556676,True
49,hindsight,Location-based,1,1,0.09912007462600925,True
49,hindsight,Location-based,2,1,-2.0408466009825075,False
49,hindsight,Location-based,3,1,-2.0382668139871014,False
49,hindsight,Work-proportional,012,3,1.0604695355779077,True
49,hindsight,Work-proportional,013,3,0.6822091496444935,True
49,hindsight,Work-proportional,023,3,-1.305297689985137,False
49,hindsight,Work-proportional,123,3,-1.9485094067980162,False
49,hindsight,Work-proportional,01,2,0.835618472096598,True
49,hindsight,Work-proportional,02,2,0.5344433860670033,True
49,hindsight,Work-proportional,03,2,-0.2845000558234756,False
49,hindsight,Work-proportional,12,2,-0.04616771152148402,False
49,hindsight,Work-proportional,13,2,-0.8599145238634289,False
49,hindsight,Work-proportional,23,2,-3.699917763023933,False
49,hindsight,Work-proportional,0,1,0.3513606917255953,True
49,hindsight,Work-proportional,1,1,0.21222219621204585,True
49,hindsight,Work-proportional,2,1,-1.9111764840296874,False
49,hindsight,Work-proportional,3,1,-2.5814856462179607,False
49,online,Dual (Theorem 3),012,3,-0.7637622060261822,False
49,online,Dual (Theorem 3),013,3,-0.31385121659776694,False
49,online,Dual (Theorem 3),023,3,-0.22849032960170224,False
49,online,Dual (Theorem 3),123,3,-0.21259175080414217,False
49,online,Dual (Theorem 3),01,2,-1.9134625255236435,False
49,online,Dual (Theorem 3),02,2,-0.32616214128311327,False
49,online,Dual (Theorem 3),03,2,-0.2709052383679955,False
49,online,Dual (Theorem 3),12,2,-0.26608463288500595,False
49,online,Dual (Theorem 3),13,2,-0.18544464901233582,False
49,online,Dual (Theorem 3),23,2,-0.8823390280346644,False
49,online,Dual (Theorem 3),0,1,-1.328516078987371,False
49,online,Dual (Theorem 3),1,1,-0.837598651303965,False
49,online,Dual (Theorem 3),2,1,-0.5250732543317778,False
49,online,Dual (Theorem 3),3,1,-0.8189622482180843,False
49,online,Location-based,012,3,0.4584841790440106,True
49,online,Location-based,013,3,0.7347027735958633,True
49,online,Location-based,023,3,-1.1509435229420983,False
49,online,Location-based,123,3,-1.5609389327274652,False
49,online,Location-based,01,2,0.35733784974014515,True
49,online,Location-based,02,2,-0.026368949553350784,False
49,online,Location-based,03,2,-0.144804441514796,False
49,online,Location-based,12,2,-0.3921854297381717,False
49,online,Location-based,13,2,-0.4852378407420641,False
49,online,Location-based,23,2,-3.153139403298418,False
49,online,Location-based,0,1,0.0198311029359875,True
49,online,Location-based,1,1,0.08485454203646525,True
49,online,Location-based,2,1,-1.5736272445253738,False
49,online,Location-based,3,1,-2.0412086332882424,False
49,online,Work-proportional,012,3,1.0309377589405009,True
49,online,Work-proportional,013,3,0.6654055585091783,True
49,online,Work-proportional,023,3,-1.3111396329156317,False
49,online,Work-proportional,123,3,-1.9038991875637326,False
49,online,Work-proportional,01,2,0.8604942145499481,True
49,online,Work-proportional,02,2,0.3858885203696043,True
49,online,Work-proportional,03,2,-0.3742977665750158,False
49,online,Work-proportional,12,2,-0.1626921046779506,False
49,online,Work-proportional,13,2,-0.8974953106650174,False
49,online,Work-proportional,23,2,-3.6562957681082198,False
49,online,Work-proportional,0,1,0.36279135777225596,True
49,online,Work-proportional,1,1,0.24505065200999976,True
49,online,Work-proportional,2,1,-1.5043300294386868,False
49,online,Work-proportional,3,1,-2.613662213184731,False
50,hindsight,Dual (Theorem 3),012,3,-0.5117106420185837,False
50,hindsight,Dual (Theorem 3),013,3,-0.11242924414462718,False
50,hindsight,Dual (Theorem 3),023,3,-0.20022523679293158,False
50,hindsight,Dual (Theorem 3),123,3,-0.15081937788414246,False
50,hindsight,Dual (Theorem 3),01,2,-0.8995955524733146,False
50,hindsight,Dual (Theorem 3),02,2,-0.18631575677404355,False
50,hindsight,Dual (Theorem 3),03,2,-0.2684014804718793,False
50,hindsight,Dual (Theorem 3),12,2,-0.15593293866065294,False
50,hindsight,Dual (Theorem 3),13,2,-0.2106686158788711,False
50,hindsight,Dual (Theorem 3),23,2,-0.7356209208755917,False
50,hindsight,Dual (Theorem 3),0,1,-0.5452641154261917,False
50,hindsight,Dual (Theorem 3),1,1,-0.44185379455808294,False
50,hindsight,Dual (Theorem 3),2,1,-0.18957672670021863,False
50,hindsight,Dual (Theorem 3),3,1,-1.0259759714011703,False
50,hindsight,Location-based,012,3,0.28429069552805675,True
50,hindsight,Location-based,013,3,0.1193661936099687,True
50,hindsight,Location-based,023,3,-0.6704661879584464,False
50,hindsight,Location-based,123,3,-0.7083752020198648,False
50,hindsight,Location-based,01,2,0.12820122282792196,True
50,hindsight,Location-based,02,2,0.13944462960708237,True
50,hindsight,Location-based,03,2,-0.506846993882798,False
50,hindsight,Location-based,12,2,0.08251257475026552,True
50,hindsight,Location-based,13,2,-0.5364290022599973,False
50,hindsight,Location-based,23,2,-1.7634176961768284,False
50,hindsight,Location-based,0,1,0.012291708709530301,True
50,hindsight,Location-based,1,1,0.028387156607431685,True
50,hindsight,Location-based,2,1,-0.42137216445481473,False
50,hindsight,Location-based,3,1,-1.8219773089478108,False
50,hindsight,Work-proportional,012,3,0.305647608022086,True
50,hindsight,Work-proportional,013,3,0.20972083900080207,True
50,hindsight,Work-proportional,023,3,-0.7031355645158147,False
50,hindsight,Work-proportional,123,3,-0.7874173833473477,False
50,hindsight,Work-proportional,01,2,0.23991278071278077,True
50,hindsight,Work-proportional,02,2,0.1281321655437394,True
50,hindsight,Work-proportional,03,2,-0.4491617250493368,False
50,hindsight,Work-proportional,12,2,0.02482730591680804,True
50,hindsight,Work-proportional,13,2,-0.5251165381966507,False
50,hindsight,Work-proportional,23,2,-1.8751292540616835,False
50,hindsight,Work-proportional,0,1,0.09133389003701695,True
50,hindsight,Work-proportional,1,1,0.06105653316480383,True
50,hindsight,Work-proportional,2,1,-0.5117268098456443,False
50,hindsight,Work-proportional,3,1,-1.8433342214418365,False
50,online,Dual (Theorem 3),012,3,-0.5078364838538665,False
50,online,Dual (Theorem 3),013,3,-0.25837343480708697,False
50,online,Dual (Theorem 3),023,3,-0.2611053536821979,False
50,online,Dual (Theorem 3),123,3,-0.18692099251282945,False
50,online,Dual (Theorem 3),01,2,-0.8762314862481855,False
50,online,Dual (Theorem 3),02,2,-0.21740723140320428,False
50,online,Dual (Theorem 3),03,2,-0.4264891776088465,False
50,online,Dual (Theorem 3),12,2,-0.17036026334536392,False
50,online,Dual (Theorem 3),13,2,-0.38731289708231253,False
50,online,Dual (Theorem 3),23,2,-0.7568978596401652,False
50,online,Dual (Theorem 3),0,1,-0.536334054958796,False
50,online,Dual (Theorem 3),1,1,-0.4340125671665796,False
50,online,Dual (Theorem 3),2,1,-0.21078717084458043,False
50,online,Dual (Theorem 3),3,1,-1.0583275530835285,False
50,online,Location-based,012,3,0.2724734976032783,True
50,online,Location-based,013,3,-0.047070804777859854,False
50,online,Location-based,023,3,-0.7110453815963655,False
50,online,Location-based,123,3,-0.7285935760850233,False
50,online,Location-based,01,2,0.115381125238183,True
50,online,Location-based,02,2,0.11296272213976943,True
50,online,Location-based,03,2,-0.6651265754937905,False
50,online,Location-based,12,2,0.0682771345395835,True
50,online,Location-based,13,2,-0.7176828506252828,False
50,online,Location-based,23,2,-1.7485104711265305,False
50,online,Location-based,0,1,0.005338528613401304,True
50,online,Location-based,1,1,0.015927460747591493,True
50,online,Location-based,2,1,-0.4220898008738041,False
50,online,Location-based,3,1,-1.8386375345406698,False
50,online,Work-proportional,012,3,0.30952176618680316,True
50,online,Work-proportional,013,3,0.06377664833834207,True
50,online,Work-proportional,023,3,-0.7640156814050814,False
50,online,Work-proportional,123,3,-0.8235189979760347,False
50,online,Work-proportional,01,2,0.26327684693791,True
50,online,Work-proportional,02,2,0.09704069091457868,True
50,online,Work-proportional,03,2,-0.6072494221863042,False
50,online,Work-proportional,12,2,0.010399981232097066,True
50,online,Work-proportional,13,2,-0.701760819400092,False
50,online,Work-proportional,23,2,-1.8964061928262574,False
50,online,Work-proportional,0,1,0.10026395050441263,True
50,online,Work-proportional,1,1,0.0688977605563072,True
50,online,Work-proportional,2,1,-0.5329372539900061,False
50,online,Work-proportional,3,1,-1.875685803124195,False
51,hindsight,Dual (Theorem 3),012,3,-1.0734391756749497,False
51,hindsight,Dual (Theorem 3),013,3,-0.17565174495409153,False
51,hindsight,Dual (Theorem 3),023,3,-0.27974996911693584,False
51,hindsight,Dual (Theorem 3),123,3,-0.2558753593411569,False
51,hindsight,Dual (Theorem 3),01,2,-1.846192614871876,False
51,hindsight,Dual (Theorem 3),02,2,-0.3328177839392822,False
51,hindsight,Dual (Theorem 3),03,2,-0.4079881439017383,False
51,hindsight,Dual (Theorem 3),12,2,-0.2990972949121887,False
51,hindsight,Dual (Theorem 3),13,2,-0.37590706647705874,False
51,hindsight,Dual (Theorem 3),23,2,-1.0164291653647934,False
51,hindsight,Dual (Theorem 3),0,1,-1.2139625375603316,False
51,hindsight,Dual (Theorem 3),1,1,-0.8552127104427925,False
51,hindsight,Dual (Theorem 3),2,1,-0.2740200099722181,False
51,hindsight,Dual (Theorem 3),3,1,-1.4783773718223987,False
51,hindsight,Location-based,012,3,0.7640096933896486,True
51,hindsight,Location-based,013,3,0.12140976303869211,True
51,hindsight,Location-based,023,3,-1.1866043139244415,False
51,hindsight,Location-based,123,3,-1.483531391591034,False
51,hindsight,Location-based,01,2,0.2883177621855063,True
51,hindsight,Location-based,02,2,0.5977767403178108,True
51,hindsight,Location-based,03,2,-1.0177809807164602,False
51,hindsight,Location-based,12,2,0.3106955419025328,True
51,hindsight,Location-based,13,2,-1.3065015907341522,False
51,hindsight,Location-based,23,2,-3.150939542422176,False
51,hindsight,Location-based,0,1,0.013693494689545394,True
51,hindsight,Location-based,1,1,0.05164163436471286,True
51,hindsight,Location-based,2,1,-0.571081517965002,False
51,hindsight,Location-based,3,1,-3.3158262408869974,False
51,hindsight,Work-proportional,012,3,0.652828122589166,True
51,hindsight,Work-proportional,013,3,0.47883971796256786,True
51,hindsight,Work-proportional,023,3,-1.28373493786764,False
51,hindsight,Work-proportional,123,3,-1.6326491517712087,False
51,hindsight,Work-proportional,01,2,0.5345661463088925,True
51,hindsight,Work-proportional,02,2,0.38946454557412313,True
51,hindsight,Work-proportional,03,2,-0.7574816497357895,False
51,hindsight,Work-proportional,12,2,0.050396210921868745,True
51,hindsight,Work-proportional,13,2,-1.0981893959904578,False
51,hindsight,Work-proportional,23,2,-3.3971879265455556,False
51,hindsight,Work-proportional,0,1,0.16281125486972653,True
51,hindsight,Work-proportional,1,1,0.1487722583079179,True
51,hindsight,Work-proportional,2,1,-0.9285114728888708,False
51,hindsight,Work-proportional,3,1,-3.204644670086508,False
51,online,Dual (Theorem 3),012,3,-1.1054632676227698,False
51,online,Dual (Theorem 3),013,3,-0.24286929399810786,False
51,online,Dual (Theorem 3),023,3,-0.42772485665995585,False
51,online,Dual (Theorem 3),123,3,-0.41792482171438383,False
51,online,Dual (Theorem 3),01,2,-1.8363701257617835,False
51,online,Dual (Theorem 3),02,2,-0.4278659256470927,False
51,online,Dual (Theorem 3),03,2,-0.5683627582318609,False
51,online,Dual (Theorem 3),12,2,-0.4318113887248425,False
51,online,Dual (Theorem 3),13,2,-0.5835526179472144,False
51,online,Dual (Theorem 3),23,2,-1.1779811690679542,False
51,online,Dual (Theorem 3),0,1,-1.20185364847549,False
51,online,Dual (Theorem 3),1,1,-0.8647120816662963,False
51,online,Dual (Theorem 3),2,1,-0.2851706250141359,False
51,online,Dual (Theorem 3),3,1,-1.553298004769999,False
51,online,Location-based,012,3,0.6553552148810355,True
51,online,Location-based,013,3,0.07195446886743095,True
51,online,Location-based,023,3,-1.2897532313064746,False
51,online,Location-based,123,3,-1.6315386924371884,False
51,online,Location-based,01,2,0.23927211960755373,True
51,online,Location-based,02,2,0.47092418221018706,True
51,online,Location-based,03,2,-1.1155673700128477,False
51,online,Location-based,12,2,0.11539322305615118,True
51,online,Location-based,13,2,-1.4823427258044872,False
51,online,Location-based,23,2,-3.2536234144372846,False
51,online,Location-based,0,1,0.011760222247321692,True
51,online,Location-based,1,1,-0.0026837070197707202,False
51,online,Location-based,2,1,-0.5999943878796679,False
51,online,Location-based,3,1,-3.3141164872737976,False
51,online,Work-proportional,012,3,0.6208040306413458,True
51,online,Work-proportional,013,3,0.4116221689185511,True
51,online,Work-proportional,023,3,-1.43170982541066,False
51,online,Work-proportional,123,3,-1.7946986141444352,False
51,online,Work-proportional,01,2,0.5443886354189849,True
51,online,Work-proportional,02,2,0.2944164038663126,True
51,online,Work-proportional,03,2,-0.9178562640659123,False
51,online,Work-proportional,12,2,-0.0823178828907849,False
51,online,Work-proportional,13,2,-1.305834947460613,False
51,online,Work-proportional,23,2,-3.558739930248716,False
51,online,Work-proportional,0,1,0.174920143954568,True
51,online,Work-proportional,1,1,0.139272887084414,True
51,online,Work-proportional,2,1,-0.9396620879307885,False
51,online,Work-proportional,3,1,-3.279565303034108,False
