week,game,method,coal,size,excess,viol
0,hindsight,Origin-based,012,3,0.08905705089791427,True
0,hindsight,Origin-based,013,3,0.2510359663541184,True
0,hindsight,Origin-based,023,3,-0.5151326619369154,False
0,hindsight,Origin-based,123,3,-0.4186702025661395,False
0,hindsight,Origin-based,01,2,0.0650401754153096,True
0,hindsight,Origin-based,02,2,-0.11706446763666278,False
0,hindsight,Origin-based,03,2,-0.06162133520956514,False
0,hindsight,Origin-based,12,2,-0.023957866883428824,False
0,hindsight,Origin-based,13,2,0.022469489006081922,True
0,hindsight,Origin-based,23,2,-1.2636714967004208,False
0,hindsight,Origin-based,0,1,0.009976832152751691,True
0,hindsight,Origin-based,1,1,0.03124593204764725,True
0,hindsight,Origin-based,2,1,-1.3023484160318466,False
0,hindsight,Origin-based,3,1,-0.5420890625092656,False
0,hindsight,Host-based,012,3,2.049607456479982,True
0,hindsight,Host-based,013,3,1.817286315108098,True
0,hindsight,Host-based,023,3,-2.2149120261517314,False
0,hindsight,Host-based,123,3,-2.24569159268737,False
0,hindsight,Host-based,01,2,3.5918409297513567,True
0,hindsight,Host-based,02,2,0.14370657373058915,True
0,hindsight,Host-based,03,2,-0.19515035067040154,False
0,hindsight,Host-based,12,2,0.10957114857740802,True
0,hindsight,Host-based,13,2,-0.23830155236117,False
0,hindsight,Host-based,23,2,-4.7904722510364675,False
0,hindsight,Host-based,0,1,1.836998222273983,True
0,hindsight,Host-based,1,1,1.731025296262463,True
0,hindsight,Host-based,2,1,-2.8685987647858258,False
0,hindsight,Host-based,3,1,-2.502639468091333,False
0,hindsight,Work-proportional,012,3,0.300164342256644,True
0,hindsight,Work-proportional,013,3,0.2643275381981658,True
0,hindsight,Work-proportional,023,3,-0.6892767771561719,False
0,hindsight,Work-proportional,123,3,-0.468924950549666,False
0,hindsight,Work-proportional,01,2,0.28943903861808895,True
0,hindsight,Work-proportional,02,2,-0.08010129149718725,False
0,hindsight,Work-proportional,03,2,-0.22247387858477152,False
0,hindsight,Work-proportional,12,2,0.13689467649177578,True
0,hindsight,Work-proportional,13,2,-0.014493687133395383,False
0,hindsight,Work-proportional,23,2,-1.488070359903202,False
0,hindsight,Work-proportional,0,1,0.06023158013627683,True
0,hindsight,Work-proportional,1,1,0.20539004726690147,True
0,hindsight,Work-proportional,2,1,-1.3156399878758962,False
0,hindsight,Work-proportional,3,1,-0.7531963538679971,False
0,hindsight,Stand-alone proportional,012,3,0.35077989118198305,True
0,hindsight,Stand-alone proportional,013,3,-0.3958668045637266,False
0,hindsight,Stand-alone proportional,023,3,-0.251708523114317,False
0,hindsight,Stand-alone proportional,123,3,-0.2969144107549653,False
0,hindsight,Stand-alone proportional,01,2,-0.3201397552184655,False
0,hindsight,Stand-alone proportional,02,2,0.40808251147000574,True
0,hindsight,Stand-alone proportional,03,2,-0.44509996730480905,False
0,hindsight,Stand-alone proportional,12,2,0.35952076521181464,True
0,hindsight,Stand-alone proportional,13,2,-0.5026774901005879,False
0,hindsight,Stand-alone proportional,23,2,-0.8784915660666472,False
0,hindsight,Stand-alone proportional,0,1,-0.1117789596584231,False
0,hindsight,Stand-alone proportional,1,1,-0.23217820677495316,False
0,hindsight,Stand-alone proportional,2,1,-0.6554456451140029,False
0,hindsight,Stand-alone proportional,3,1,-0.8038119027933348,False
0,hindsight,Shapley,012,3,-0.12276967996359911,False
0,hindsight,Shapley,013,3,-0.285181935553092,False
0,hindsight,Shapley,023,3,-0.10672196692753744,False
0,hindsight,Shapley,123,3,-0.07903626480679815,False
0,hindsight,Shapley,01,2,-0.6830044573534124,False
0,hindsight,Shapley,02,2,0.0795194965112036,True
0,hindsight,Shapley,03,2,-0.18942854210739535,False
0,hindsight,Shapley,12,2,0.10384934001440005,True
0,hindsight,Shapley,13,2,-0.17411447514178624,False
0,hindsight,Shapley,23,2,-0.5156268639317005,False
0,hindsight,Shapley,0,1,-0.32965710560659056,False
0,hindsight,Shapley,1,1,-0.3771647629617326,False
0,hindsight,Shapley,2,1,-0.766130514124638,False
0,hindsight,Shapley,3,1,-0.33026233164775354,False
0,hindsight,Dual (Theorem 3),012,3,-0.23374237859788582,False
0,hindsight,Dual (Theorem 3),013,3,-0.07943484222980235,False
0,hindsight,Dual (Theorem 3),023,3,-0.1510652895288782,False
0,hindsight,Dual (Theorem 3),123,3,-0.12946733689445455,False
0,hindsight,Dual (Theorem 3),01,2,-0.588230062664412,False
0,hindsight,Dual (Theorem 3),02,2,-0.07579652472442566,False
0,hindsight,Dual (Theorem 3),03,2,-0.028024771385448677,False
0,hindsight,Dual (Theorem 3),12,2,-0.0575544307075444,False
0,hindsight,Dual (Theorem 3),13,2,-0.018798453906154755,False
0,hindsight,Dual (Theorem 3),23,2,-0.6104012586206986,False
0,hindsight,Dual (Theorem 3),0,1,-0.2792260335189325,False
0,hindsight,Dual (Theorem 3),1,1,-0.3328214403603903,False
0,hindsight,Dual (Theorem 3),2,1,-0.971877607447925,False
0,hindsight,Dual (Theorem 3),3,1,-0.2192896330134646,False
0,emissions-only,Shapley,012,3,-0.12276967996359778,False
0,emissions-only,Shapley,013,3,-0.28518193555309646,False
0,emissions-only,Shapley,023,3,-0.1067219669275401,False
0,emissions-only,Shapley,123,3,-0.07903626480680703,False
0,emissions-only,Shapley,01,2,-0.6830044573534126,False
0,emissions-only,Shapley,02,2,0.07951949651120183,True
0,emissions-only,Shapley,03,2,-0.18942854210738735,False
0,emissions-only,Shapley,12,2,0.10384934001440627,True
0,emissions-only,Shapley,13,2,-0.17411447514178402,False
0,emissions-only,Shapley,23,2,-0.5156268639317139,False
0,emissions-only,Shapley,0,1,-0.32965710560659545,False
0,emissions-only,Shapley,1,1,-0.3771647629617322,False
0,emissions-only,Shapley,2,1,-0.7661305141246304,False
0,emissions-only,Shapley,3,1,-0.33026233164774377,False
0,emissions-only,Dual (Theorem 3),012,3,-0.23374237859788627,False
0,emissions-only,Dual (Theorem 3),013,3,-0.07943484222980413,False
0,emissions-only,Dual (Theorem 3),023,3,-0.15106528952887732,False
0,emissions-only,Dual (Theorem 3),123,3,-0.129467336894467,False
0,emissions-only,Dual (Theorem 3),01,2,-0.5882300626644108,False
0,emissions-only,Dual (Theorem 3),02,2,-0.07579652472442655,False
0,emissions-only,Dual (Theorem 3),03,2,-0.028024771385434466,False
0,emissions-only,Dual (Theorem 3),12,2,-0.0575544307075444,False
0,emissions-only,Dual (Theorem 3),13,2,-0.018798453906153423,False
0,emissions-only,Dual (Theorem 3),23,2,-0.6104012586207137,False
0,emissions-only,Dual (Theorem 3),0,1,-0.2792260335189336,False
0,emissions-only,Dual (Theorem 3),1,1,-0.3328214403603922,False
0,emissions-only,Dual (Theorem 3),2,1,-0.9718776074479207,False
0,emissions-only,Dual (Theorem 3),3,1,-0.21928963301345306,False
0,online,Origin-based,012,3,0.04385717905337572,True
0,online,Origin-based,013,3,0.2249033593921661,True
0,online,Origin-based,023,3,-0.5119660906919217,False
0,online,Origin-based,123,3,-0.41378193932720375,False
0,online,Origin-based,01,2,0.017700737991253712,True
0,online,Origin-based,02,2,-0.19852314846579233,False
0,online,Origin-based,03,2,-0.06967919358250896,False
0,online,Origin-based,12,2,-0.10705073156031641,False
0,online,Origin-based,13,2,0.002589740044462552,True
0,online,Origin-based,23,2,-1.273006907105942,False
0,online,Origin-based,0,1,-0.004540792486596001,False
0,online,Origin-based,1,1,-0.0018960886043546399,False
0,online,Origin-based,2,1,-1.3160065651775856,False
0,online,Origin-based,3,1,-0.5055290906157772,False
0,online,Host-based,012,3,1.7385916021119412,True
0,online,Host-based,013,3,1.8149175748352695,True
0,online,Host-based,023,3,-2.113652144471416,False
0,online,Host-based,123,3,-2.0968445240493763,False
0,online,Host-based,01,2,3.3024493764929215,True
0,online,Host-based,02,2,-0.10547477918672143,False
0,online,Host-based,03,2,-0.08135103191890103,False
0,online,Host-based,12,2,-0.09537889322392434,False
0,online,Host-based,13,2,-0.09045862923460835,False
0,online,Host-based,23,2,-4.55775554560761,False
0,online,Host-based,0,1,1.6785217922355773,True
0,online,Host-based,1,1,1.59978996517514,True
0,online,Host-based,2,1,-2.906020780620688,False
0,online,Host-based,3,1,-2.2002635136743427,False
0,online,Work-proportional,012,3,0.28219551336544235,True
0,online,Work-proportional,013,3,0.26264524153126523,True
0,online,Work-proportional,023,3,-0.7221572350703962,False
0,online,Work-proportional,123,3,-0.4796710113998959,False
0,online,Work-proportional,01,2,0.2937809544424199,True
0,online,Work-proportional,02,2,-0.17037595853219978,False
0,online,Work-proportional,03,2,-0.2421284558218848,False
0,online,Work-proportional,12,2,0.06539853067905854,True
0,online,Work-proportional,13,2,-0.025557449889130446,False
0,online,Work-proportional,23,2,-1.5490871235571086,False
0,online,Work-proportional,0,1,0.06134827958609579,True
0,online,Work-proportional,1,1,0.20829505577411966,True
0,online,Work-proportional,2,1,-1.3537484473166848,False
0,online,Work-proportional,3,1,-0.7438674249278447,False
0,online,Stand-alone proportional,012,3,0.34901139367707756,True
0,online,Stand-alone proportional,013,3,-0.4254732362915803,False
0,online,Stand-alone proportional,023,3,-0.2763160372943698,False
0,online,Stand-alone proportional,123,3,-0.3042096116647075,False
0,online,Stand-alone proportional,01,2,-0.32752164306879195,False
0,online,Stand-alone proportional,02,2,0.3422811195554605,True
0,online,Stand-alone proportional,03,2,-0.4844057358687053,False
0,online,Stand-alone proportional,12,2,0.3076758107258808,True
0,online,Stand-alone proportional,13,2,-0.5382145279767889,False
0,online,Stand-alone proportional,23,2,-0.9277845260458948,False
0,online,Stand-alone proportional,0,1,-0.11411312014909109,False
0,online,Stand-alone proportional,1,1,-0.23754614200190527,False
0,online,Stand-alone proportional,2,1,-0.6656299694938377,False
0,online,Stand-alone proportional,3,1,-0.8106833052394786,False
0,online,Shapley,012,3,-0.1293747586112084,False
0,online,Shapley,013,3,-0.3185838676539605,False
0,online,Shapley,023,3,-0.12315658658436757,False
0,online,Shapley,123,3,-0.08587227872404402,False
0,online,Shapley,01,2,-0.6990184267194584,False
0,online,Shapley,02,2,0.017054417977176772,True
0,online,Shapley,03,2,-0.2243569165210828,False
0,online,Shapley,12,2,0.04762699137825832,True
0,online,Shapley,13,2,-0.21298782639850522,False
0,online,Shapley,23,2,-0.5562877423952282,False
0,online,Shapley,0,1,-0.33245045308975496,False
0,online,Shapley,1,1,-0.39070559271190786,False
0,online,Shapley,2,1,-0.7725193381314575,False
0,online,Shapley,3,1,-0.3322971529511922,False
0,online,Dual (Theorem 3),012,3,-0.25171120748908704,False
0,online,Dual (Theorem 3),013,3,-0.0811171388967038,False
0,online,Dual (Theorem 3),023,3,-0.18394574744310166,False
0,online,Dual (Theorem 3),123,3,-0.14021339774468355,False
0,online,Dual (Theorem 3),01,2,-0.5838881468400812,False
0,online,Dual (Theorem 3),02,2,-0.16607119175943774,False
0,online,Dual (Theorem 3),03,2,-0.04767934862256151,False
0,online,Dual (Theorem 3),12,2,-0.12905057652026164,False
0,online,Dual (Theorem 3),13,2,-0.029862216661889818,False
0,online,Dual (Theorem 3),23,2,-0.6714180222746045,False
0,online,Dual (Theorem 3),0,1,-0.27810933406911353,False
0,online,Dual (Theorem 3),1,1,-0.3299164318531721,False
0,online,Dual (Theorem 3),2,1,-1.0099860668887133,False
0,online,Dual (Theorem 3),3,1,-0.20996070407331224,False
1,hindsight,Origin-based,012,3,0.43988885731604555,True
1,hindsight,Origin-based,013,3,0.7165184333663808,True
1,hindsight,Origin-based,023,3,-1.1792004047116027,False
1,hindsight,Origin-based,123,3,-1.7202434366355348,False
1,hindsight,Origin-based,01,2,0.3845762067207703,True
1,hindsight,Origin-based,02,2,0.1364780936028933,True
1,hindsight,Origin-based,03,2,0.01814382112751023,True
1,hindsight,Origin-based,12,2,-0.529374361808558,False
1,hindsight,Origin-based,13,2,-0.5088899219283078,False
1,hindsight,Origin-based,23,2,-3.7032579238599634,False
1,hindsight,Origin-based,0,1,0.06905264767334396,True
1,hindsight,Origin-based,1,1,0.09496982318502223,True
1,hindsight,Origin-based,2,1,-2.2551443183223068,False
1,hindsight,Origin-based,3,1,-2.085247267987948,False
1,hindsight,Host-based,012,3,2.659456592579451,True
1,hindsight,Host-based,013,3,3.102878374294262,True
1,hindsight,Host-based,023,3,-3.51986928158499,False
1,hindsight,Host-based,123,3,-3.985502235953435,False
1,hindsight,Host-based,01,2,4.990503882912057,True
1,hindsight,Host-based,02,2,0.015376951992911891,True
1,hindsight,Host-based,03,2,0.0638348851820032,True
1,hindsight,Host-based,12,2,-0.5750654258630528,False
1,hindsight,Host-based,13,2,-0.38778878031832775,False
1,hindsight,Host-based,23,2,-8.30918560005125,False
1,hindsight,Host-based,0,1,2.3343114469912436,True
1,hindsight,Host-based,1,1,2.435638700058409,True
1,hindsight,Host-based,2,1,-4.641504259250188,False
1,hindsight,Host-based,3,1,-4.304815003251354,False
1,hindsight,Work-proportional,012,3,0.763084221090824,True
1,hindsight,Work-proportional,013,3,0.6505434291158663,True
1,hindsight,Work-proportional,023,3,-1.197331186542078,False
1,hindsight,Work-proportional,123,3,-1.9593330143294327,False
1,hindsight,Work-proportional,01,2,0.6417965662450706,True
1,hindsight,Work-proportional,02,2,0.44154267554723337,True
1,hindsight,Work-proportional,03,2,-0.06596196495344397,False
1,hindsight,Work-proportional,12,2,-0.4452685757276411,False
1,hindsight,Work-proportional,13,2,-0.8139545038726839,False
1,hindsight,Work-proportional,23,2,-3.9604782833842993,False
1,hindsight,Work-proportional,0,1,0.30814222536720526,True
1,hindsight,Work-proportional,1,1,0.11310060501546149,True
1,hindsight,Work-proportional,2,1,-2.1891693140718282,False
1,hindsight,Work-proportional,3,1,-2.408442631762763,False
1,hindsight,Stand-alone proportional,012,3,0.34827265500576754,True
1,hindsight,Stand-alone proportional,013,3,-0.17723217244826284,False
1,hindsight,Stand-alone proportional,023,3,-0.46710221613192715,False
1,hindsight,Stand-alone proportional,123,3,-1.4469748170903998,False
1,hindsight,Stand-alone proportional,01,2,-0.6007906014041149,False
1,hindsight,Stand-alone proportional,02,2,0.7569600798723277,True
1,hindsight,Stand-alone proportional,03,2,-0.16350859610742052,False
1,hindsight,Stand-alone proportional,12,2,-0.34772194457366457,False
1,hindsight,Stand-alone proportional,13,2,-1.12937190819778,False
1,hindsight,Stand-alone proportional,23,2,-2.7178911157351155,False
1,hindsight,Stand-alone proportional,0,1,-0.20421597187182827,False
1,hindsight,Stand-alone proportional,1,1,-0.6171283653946908,False
1,hindsight,Stand-alone proportional,2,1,-1.3613937125077,False
1,hindsight,Stand-alone proportional,3,1,-1.9936310656777065,False
1,hindsight,Shapley,012,3,-0.5478524676510377,False
1,hindsight,Shapley,013,3,-0.40375679496307804,False
1,hindsight,Shapley,023,3,-0.3104536206710353,False
1,hindsight,Shapley,123,3,-0.48097366737967207,False
1,hindsight,Shapley,01,2,-1.7234403465757344,False
1,hindsight,Shapley,02,2,0.017483552676414327,True
1,hindsight,Shapley,03,2,-0.23338462316134478,False
1,hindsight,Shapley,12,2,-0.2778459175197412,False
1,hindsight,Shapley,13,2,-0.3898953810018666,False
1,hindsight,Shapley,23,2,-1.595241370563496,False
1,hindsight,Shapley,0,1,-1.1702171215825565,False
1,hindsight,Shapley,1,1,-0.773776960855582,False
1,hindsight,Shapley,2,1,-1.1348690899928853,False
1,hindsight,Shapley,3,1,-1.0975059430209022,False
1,hindsight,Dual (Theorem 3),012,3,-0.6240240762056297,False
1,hindsight,Dual (Theorem 3),013,3,-0.2262880305942243,False
1,hindsight,Dual (Theorem 3),023,3,-0.4480350011408678,False
1,hindsight,Dual (Theorem 3),123,3,-0.4446894427239876,False
1,hindsight,Dual (Theorem 3),01,2,-1.6221431907615111,False
1,hindsight,Dual (Theorem 3),02,2,-0.19626943634804705,False
1,hindsight,Dual (Theorem 3),03,2,-0.19349723926236084,False
1,hindsight,Dual (Theorem 3),12,2,-0.31773330141868694,False
1,hindsight,Dual (Theorem 3),13,2,-0.17614239197736659,False
1,hindsight,Dual (Theorem 3),23,2,-1.6965385263776813,False
1,hindsight,Dual (Theorem 3),0,1,-1.2065013462382026,False
1,hindsight,Dual (Theorem 3),1,1,-0.6361955803857127,False
1,hindsight,Dual (Theorem 3),2,1,-1.3123378543617008,False
1,hindsight,Dual (Theorem 3),3,1,-1.021334334466272,False
1,emissions-only,Shapley,012,3,-0.5478524676510119,False
1,emissions-only,Shapley,013,3,-0.40375679496304695,False
1,emissions-only,Shapley,023,3,-0.31045362067098736,False
1,emissions-only,Shapley,123,3,-0.48097366737964187,False
1,emissions-only,Shapley,01,2,-1.723440346575702,False
1,emissions-only,Shapley,02,2,0.017483552676435643,True
1,emissions-only,Shapley,03,2,-0.23338462316131015,False
1,emissions-only,Shapley,12,2,-0.27784591751970744,False
1,emissions-only,Shapley,13,2,-0.3898953810018524,False
1,emissions-only,Shapley,23,2,-1.595241370563448,False
1,emissions-only,Shapley,0,1,-1.1702171215825508,False
1,emissions-only,Shapley,1,1,-0.7737769608555558,False
1,emissions-only,Shapley,2,1,-1.1348690899928853,False
1,emissions-only,Shapley,3,1,-1.097505943020903,False
1,emissions-only,Dual (Theorem 3),012,3,-0.6240240762056235,False
1,emissions-only,Dual (Theorem 3),013,3,-0.2262880305942021,False
1,emissions-only,Dual (Theorem 3),023,3,-0.4480350011408003,False
1,emissions-only,Dual (Theorem 3),123,3,-0.4446894427239503,False
1,emissions-only,Dual (Theorem 3),01,2,-1.6221431907615058,False
1,emissions-only,Dual (Theorem 3),02,2,-0.1962694363480253,False
1,emissions-only,Dual (Theorem 3),03,2,-0.19349723926231555,False
1,emissions-only,Dual (Theorem 3),12,2,-0.3177333014186656,False
1,emissions-only,Dual (Theorem 3),13,2,-0.17614239197735504,False
1,emissions-only,Dual (Theorem 3),23,2,-1.6965385263776085,False
1,emissions-only,Dual (Theorem 3),0,1,-1.206501346238204,False
1,emissions-only,Dual (Theorem 3),1,1,-0.6361955803857064,False
1,emissions-only,Dual (Theorem 3),2,1,-1.3123378543616933,False
1,emissions-only,Dual (Theorem 3),3,1,-1.021334334466255,False
1,online,Origin-based,012,3,0.14608752162328376,True
1,online,Origin-based,013,3,0.6961703084092292,True
1,online,Origin-based,023,3,-1.2164080728065674,False
1,online,Origin-based,123,3,-1.7633426017219822,False
1,online,Origin-based,01,2,0.2663462250121045,True
1,online,Origin-based,02,2,-0.14345398596211556,False
1,online,Origin-based,03,2,0.0019169927590541036,True
1,online,Origin-based,12,2,-0.8274007009026123,False
1,online,Origin-based,13,2,-0.6076571951876257,False
1,online,Origin-based,23,2,-3.719931802282133,False
1,online,Origin-based,0,1,0.018116647470378333,True
1,online,Origin-based,1,1,-0.004268971610299044,False
1,online,Origin-based,2,1,-2.385023437023213,False
1,online,Origin-based,3,1,-2.0116408307405056,False
1,online,Host-based,012,3,2.277210046712934,True
1,online,Host-based,013,3,3.0801430886932692,True
1,online,Host-based,023,3,-3.5365480459990497,False
1,online,Host-based,123,3,-3.9582979339031876,False
1,online,Host-based,01,2,4.781441530385794,True
1,online,Host-based,02,2,-0.33247143406494883,False
1,online,Host-based,03,2,0.0657497998506118,True
1,online,Host-based,12,2,-0.8912335079941682,False
1,online,Host-based,13,2,-0.4186397470847911,False
1,online,Host-based,23,2,-8.23502710765582,False
1,online,Host-based,0,1,2.2130719796515845,True
1,online,Host-based,1,1,2.315871001582184,True
1,online,Host-based,2,1,-4.768996217307253,False
1,online,Host-based,3,1,-4.142763355830155,False
1,online,Work-proportional,012,3,0.612455360872123,True
1,online,Work-proportional,013,3,0.5798721293572218,True
1,online,Work-proportional,023,3,-1.2979969023819944,False
1,online,Work-proportional,123,3,-2.03182343234338,False
1,online,Work-proportional,01,2,0.6164158852089345,True
1,online,Work-proportional,02,2,0.2413250237112936,True
1,online,Work-proportional,03,2,-0.19597001586838392,False
1,online,Work-proportional,12,2,-0.6295136922751725,False
1,online,Work-proportional,13,2,-0.9924362048610327,False
1,online,Work-proportional,23,2,-4.070001462478961,False
1,online,Work-proportional,0,1,0.28659747809177827,True
1,online,Work-proportional,1,1,0.07731985796513108,True
1,online,Work-proportional,2,1,-2.268725257971204,False
1,online,Work-proportional,3,1,-2.478008669989343,False
1,online,Stand-alone proportional,012,3,0.21554229799567093,True
1,online,Stand-alone proportional,013,3,-0.2617984978949721,False
1,online,Stand-alone proportional,023,3,-0.566897631626814,False
1,online,Stand-alone proportional,123,3,-1.5243390129699144,False
1,online,Stand-alone proportional,01,2,-0.6221678049197119,False
1,online,Stand-alone proportional,02,2,0.575511231590021,True
1,online,Stand-alone proportional,03,2,-0.30654137236539647,False
1,online,Stand-alone proportional,12,2,-0.5189423357781591,False
1,online,Stand-alone proportional,13,2,-1.3266224127397601,False
1,online,Stand-alone proportional,23,2,-2.8314177723503136,False
1,online,Stand-alone proportional,0,1,-0.22088694128168784,False
1,online,Stand-alone proportional,1,1,-0.6537794127900491,False
1,online,Stand-alone proportional,2,1,-1.4270546307190104,False
1,online,Stand-alone proportional,3,1,-2.08109560711289,False
1,online,Shapley,012,3,-0.6878085787855177,False
1,online,Shapley,013,3,-0.5064000037618168,False
1,online,Shapley,023,3,-0.400854966423255,False
1,online,Shapley,123,3,-0.5424292955254426,False
1,online,Shapley,01,2,-1.7701201875677446,False
1,online,Shapley,02,2,-0.16179697998760645,False
1,online,Shapley,03,2,-0.38510021302868047,False
1,online,Shapley,12,2,-0.44038349511487596,False
1,online,Shapley,13,2,-0.589314201162134,False
1,online,Shapley,23,2,-1.6834653897022829,False
1,online,Shapley,0,1,-1.2027966587261596,False
1,online,Shapley,1,1,-0.8198220779936103,False
1,online,Shapley,2,1,-1.1824531248521661,False
1,online,Shapley,3,1,-1.1777447303317023,False
1,online,Dual (Theorem 3),012,3,-0.7746529364243306,False
1,online,Dual (Theorem 3),013,3,-0.2969593303528697,False
1,online,Dual (Theorem 3),023,3,-0.5487007169807843,False
1,online,Dual (Theorem 3),123,3,-0.5171798607379365,False
1,online,Dual (Theorem 3),01,2,-1.6475238717976475,False
1,online,Dual (Theorem 3),02,2,-0.3964870881839868,False
1,online,Dual (Theorem 3),03,2,-0.3235052901772999,False
1,online,Dual (Theorem 3),12,2,-0.5019784179662192,False
1,online,Dual (Theorem 3),13,2,-0.3546240929657163,False
1,online,Dual (Theorem 3),23,2,-1.8060617054723416,False
1,online,Dual (Theorem 3),0,1,-1.2280460935136295,False
1,online,Dual (Theorem 3),1,1,-0.6719763274360431,False
1,online,Dual (Theorem 3),2,1,-1.3918937982610764,False
1,online,Dual (Theorem 3),3,1,-1.0909003726928521,False
2,hindsight,Origin-based,012,3,0.8364573622977747,True
2,hindsight,Origin-based,013,3,0.9193357092999164,True
2,hindsight,Origin-based,023,3,-1.36952195545335,False
2,hindsight,Origin-based,123,3,-2.1179683073615303,False
2,hindsight,Origin-based,01,2,0.5282563048230601,True
2,hindsight,Origin-based,02,2,0.47152251998626515,True
2,hindsight,Origin-based,03,2,-0.1538121718562695,False
2,hindsight,Origin-based,12,2,-0.15230596178773403,False
2,hindsight,Origin-based,13,2,-0.8984244261839232,False
2,hindsight,Origin-based,23,2,-4.222917262921785,False
2,hindsight,Origin-based,0,1,0.04663060200942981,True
2,hindsight,Origin-based,1,1,0.12488081627702075,True
2,hindsight,Origin-based,2,1,-1.7229447744571094,False
2,hindsight,Origin-based,3,1,-2.8834932142118137,False
2,hindsight,Host-based,012,3,2.232302076437184,True
2,hindsight,Host-based,013,3,1.7515105003216465,True
2,hindsight,Host-based,023,3,-2.71965481264039,False
2,hindsight,Host-based,123,3,-2.9958549553356253,False
2,hindsight,Host-based,01,2,2.7562758099841984,True
2,hindsight,Host-based,02,2,0.5172343769386334,True
2,hindsight,Host-based,03,2,-0.6717702380215811,False
2,hindsight,Host-based,12,2,0.3656521043775789,True
2,hindsight,Host-based,13,2,-0.9441362831362898,False
2,hindsight,Host-based,23,2,-6.450936768082921,False
2,hindsight,Host-based,0,1,0.9245172499835266,True
2,hindsight,Host-based,1,1,1.4750136734640622,True
2,hindsight,Host-based,2,1,-2.555119565478838,False
2,hindsight,Host-based,3,1,-4.279337928351222,False
2,hindsight,Work-proportional,012,3,1.3828643166857724,True
2,hindsight,Work-proportional,013,3,0.9249554834200011,True
2,hindsight,Work-proportional,023,3,-1.5747786842508695,False
2,hindsight,Work-proportional,123,3,-2.464738307072059,False
2,hindsight,Work-proportional,01,2,1.0802830333311308,True
2,hindsight,Work-proportional,02,2,0.812672745576732,True
2,hindsight,Work-proportional,03,2,-0.3534491265337154,False
2,hindsight,Work-proportional,12,2,0.04733099288972342,True
2,hindsight,Work-proportional,13,2,-1.2395746517743786,False
2,hindsight,Work-proportional,23,2,-4.7749439914298435,False
2,hindsight,Work-proportional,0,1,0.39340060171997004,True
2,hindsight,Work-proportional,1,1,0.3301375450745514,True
2,hindsight,Work-proportional,2,1,-1.7285645485771826,False
2,hindsight,Work-proportional,3,1,-3.4299001685998,False
2,hindsight,Stand-alone proportional,012,3,0.5227754772915856,True
2,hindsight,Stand-alone proportional,013,3,0.5692629053280691,True
2,hindsight,Stand-alone proportional,023,3,-0.8364183200157012,False
2,hindsight,Stand-alone proportional,123,3,-1.9873172538211081,False
2,hindsight,Stand-alone proportional,01,2,-0.13549838415498783,False
2,hindsight,Stand-alone proportional,02,2,0.6909442704177131,True
2,hindsight,Stand-alone proportional,03,2,0.029218659609520525,True
2,hindsight,Stand-alone proportional,12,2,-0.3353367932535125,False
2,hindsight,Stand-alone proportional,13,2,-1.1178461766153598,False
2,hindsight,Stand-alone proportional,23,2,-3.559162573943725,False
2,hindsight,Stand-alone proportional,0,1,-0.08402045153098085,False
2,hindsight,Stand-alone proportional,1,1,-0.4082228191606164,False
2,hindsight,Stand-alone proportional,2,1,-1.3728719704852506,False
2,hindsight,Stand-alone proportional,3,1,-2.569811329205613,False
2,hindsight,Shapley,012,3,-0.6884759419402695,False
2,hindsight,Shapley,013,3,-0.017798704647486563,False
2,hindsight,Shapley,023,3,-0.36422418064251083,False
2,hindsight,Shapley,123,3,-0.6611983639868857,False
2,hindsight,Shapley,01,2,-1.933811413362399,False
2,hindsight,Shapley,02,2,-0.04811300944095209,False
2,hindsight,Shapley,03,2,-0.08564881099284483,False
2,hindsight,Shapley,12,2,-0.22046932265114627,False
2,hindsight,Shapley,13,2,-0.378788896756693,False
2,hindsight,Shapley,23,2,-1.7608495447363133,False
2,hindsight,Shapley,0,1,-1.4101393413652021,False
2,hindsight,Shapley,1,1,-0.8804169585338062,False
2,hindsight,Shapley,2,1,-0.7858103605096947,False
2,hindsight,Shapley,3,1,-1.3585599099737573,False
2,hindsight,Dual (Theorem 3),012,3,-0.8756279181406665,False
2,hindsight,Dual (Theorem 3),013,3,-0.17771308162722343,False
2,hindsight,Dual (Theorem 3),023,3,-0.32502744856969024,False
2,hindsight,Dual (Theorem 3),123,3,-0.35332874287960436,False
2,hindsight,Dual (Theorem 3),01,2,-2.2808777665425226,False
2,hindsight,Dual (Theorem 3),02,2,-0.19606825356851743,False
2,hindsight,Dual (Theorem 3),03,2,-0.20636645589975045,False
2,hindsight,Dual (Theorem 3),12,2,-0.09975167774425131,False
2,hindsight,Dual (Theorem 3),13,2,-0.2308336526291388,False
2,hindsight,Dual (Theorem 3),23,2,-1.4137831915562007,False
2,hindsight,Dual (Theorem 3),0,1,-1.7180089624724941,False
2,hindsight,Dual (Theorem 3),1,1,-0.9196136906066378,False
2,hindsight,Dual (Theorem 3),2,1,-0.625895983529968,False
2,hindsight,Dual (Theorem 3),3,1,-1.171407933773371,False
2,emissions-only,Shapley,012,3,-0.6884759419402846,False
2,emissions-only,Shapley,013,3,-0.017798704647500774,False
2,emissions-only,Shapley,023,3,-0.36422418064250905,False
2,emissions-only,Shapley,123,3,-0.6611983639868875,False
2,emissions-only,Shapley,01,2,-1.933811413362403,False
2,emissions-only,Shapley,02,2,-0.048113009440969856,False
2,emissions-only,Shapley,03,2,-0.0856488109928577,False
2,emissions-only,Shapley,12,2,-0.22046932265115204,False
2,emissions-only,Shapley,13,2,-0.37878889675671523,False
2,emissions-only,Shapley,23,2,-1.7608495447363346,False
2,emissions-only,Shapley,0,1,-1.410139341365206,False
2,emissions-only,Shapley,1,1,-0.880416958533807,False
2,emissions-only,Shapley,2,1,-0.7858103605097067,False
2,emissions-only,Shapley,3,1,-1.3585599099737635,False
2,emissions-only,Dual (Theorem 3),012,3,-0.8756279181406688,False
2,emissions-only,Dual (Theorem 3),013,3,-0.17771308162724386,False
2,emissions-only,Dual (Theorem 3),023,3,-0.32502744856968757,False
2,emissions-only,Dual (Theorem 3),123,3,-0.35332874287961324,False
2,emissions-only,Dual (Theorem 3),01,2,-2.2808777665425195,False
2,emissions-only,Dual (Theorem 3),02,2,-0.19606825356852298,False
2,emissions-only,Dual (Theorem 3),03,2,-0.20636645589976954,False
2,emissions-only,Dual (Theorem 3),12,2,-0.09975167774425087,False
2,emissions-only,Dual (Theorem 3),13,2,-0.23083365262917255,False
2,emissions-only,Dual (Theorem 3),23,2,-1.4137831915562273,False
2,emissions-only,Dual (Theorem 3),0,1,-1.7180089624724915,False
2,emissions-only,Dual (Theorem 3),1,1,-0.9196136906066381,False
2,emissions-only,Dual (Theorem 3),2,1,-0.6258959835299742,False
2,emissions-only,Dual (Theorem 3),3,1,-1.1714079337733896,False
2,online,Origin-based,012,3,0.8265876927772524,True
2,online,Origin-based,013,3,0.801207803760132,True
2,online,Origin-based,023,3,-1.3188023504763375,False
2,online,Origin-based,123,3,-2.103555667511186,False
2,online,Origin-based,01,2,0.452913634122441,True
2,online,Origin-based,02,2,0.4193658674261376,True
2,online,Origin-based,03,2,-0.24978744543719733,False
2,online,Origin-based,12,2,-0.27416405719743686,False
2,online,Origin-based,13,2,-1.0416748379555756,False
2,online,Origin-based,23,2,-4.140525495119579,False
2,online,Origin-based,0,1,0.0105729682376077,True
2,online,Origin-based,1,1,0.059247631511805565,True
2,online,Origin-based,2,1,-1.6725637080867422,False
2,online,Origin-based,3,1,-2.8557420067558583,False
2,online,Host-based,012,3,2.2572688238613656,True
2,online,Host-based,013,3,1.5704917987747748,True
2,online,Host-based,023,3,-2.654215381811876,False
2,online,Host-based,123,3,-2.9681077622744025,False
2,online,Host-based,01,2,2.6528787602211965,True
2,online,Host-based,02,2,0.5146339671747122,True
2,online,Host-based,03,2,-0.8159164817580935,False
2,online,Host-based,12,2,0.2919649791234593,True
2,online,Host-based,13,2,-1.1369429377041493,False
2,online,Host-based,23,2,-6.3404906212183345,False
2,online,Host-based,0,1,0.8751250630008246,True
2,online,Host-based,1,1,1.3946606628473446,True
2,online,Host-based,2,1,-2.4418477031013848,False
2,online,Host-based,3,1,-4.2864231378399715,False
2,online,Work-proportional,012,3,1.4089000513087662,True
2,online,Work-proportional,013,3,0.8892569106006238,True
2,online,Work-proportional,023,3,-1.6050713581078258,False
2,online,Work-proportional,123,3,-2.4876481252517015,False
2,online,Work-proportional,01,2,1.1232750994944456,True
2,online,Work-proportional,02,2,0.7154092183261618,True
2,online,Work-proportional,03,2,-0.4480073462281946,False
2,online,Work-proportional,12,2,-0.07594415640643959,False
2,online,Work-proportional,13,2,-1.3377181888555993,False
2,online,Work-proportional,23,2,-4.810886960491584,False
2,online,Work-proportional,0,1,0.39466542597812326,True
2,online,Work-proportional,1,1,0.34551663914329467,True
2,online,Work-proportional,2,1,-1.7606128149272335,False
2,online,Work-proportional,3,1,-3.438054365287371,False
2,online,Stand-alone proportional,012,3,0.5331799785008418,True
2,online,Stand-alone proportional,013,3,0.5109991132647043,True
2,online,Stand-alone proportional,023,3,-0.8400280636820039,False
2,online,Stand-alone proportional,123,3,-1.9987135495336812,False
2,online,Stand-alone proportional,01,2,-0.13070277064939728,False
2,online,Stand-alone proportional,02,2,0.6047324399440601,True
2,online,Stand-alone proportional,03,2,-0.06122184913829143,False
2,online,Stand-alone proportional,12,2,-0.46272965349634276,False
2,online,Stand-alone proportional,13,2,-1.2270414104734977,False
2,online,Stand-alone proportional,23,2,-3.556909090347741,False
2,online,Stand-alone proportional,0,1,-0.09426914973989739,False
2,online,Stand-alone proportional,1,1,-0.4195266552825275,False
2,online,Stand-alone proportional,2,1,-1.3823550175913146,False
2,online,Stand-alone proportional,3,1,-2.562334292479447,False
2,online,Shapley,012,3,-0.6813705928354876,False
2,online,Shapley,013,3,-0.06445373702028423,False
2,online,Shapley,023,3,-0.3784569893350298,False
2,online,Shapley,123,3,-0.6702812022593356,False
2,online,Shapley,01,2,-1.9207061922707158,False
2,online,Shapley,02,2,-0.1482470570452954,False
2,online,Shapley,03,2,-0.17510362507630628,False
2,online,Shapley,12,2,-0.34884787755832747,False
2,online,Shapley,13,2,-0.4740619134841415,False
2,online,Shapley,23,2,-1.7669056687264222,False
2,online,Shapley,0,1,-1.4227014970142418,False
2,online,Shapley,1,1,-0.8810977296295015,False
2,online,Shapley,2,1,-0.8069021673063257,False
2,online,Shapley,3,1,-1.3477837211431174,False
2,online,Dual (Theorem 3),012,3,-0.8495921835176734,False
2,online,Dual (Theorem 3),013,3,-0.2134116544466016,False
2,online,Dual (Theorem 3),023,3,-0.35532012242664646,False
2,online,Dual (Theorem 3),123,3,-0.3762385610592478,False
2,online,Dual (Theorem 3),01,2,-2.2378857003792083,False
2,online,Dual (Theorem 3),02,2,-0.29333178081908784,False
2,online,Dual (Theorem 3),03,2,-0.3009246755942301,False
2,online,Dual (Theorem 3),12,2,-0.22302682704041432,False
2,online,Dual (Theorem 3),13,2,-0.3289771897103595,False
2,online,Dual (Theorem 3),23,2,-1.4497261606179404,False
2,online,Dual (Theorem 3),0,1,-1.716744138214341,False
2,online,Dual (Theorem 3),1,1,-0.9042345965378947,False
2,online,Dual (Theorem 3),2,1,-0.657944249880019,False
2,online,Dual (Theorem 3),3,1,-1.1795621304609423,False
3,hindsight,Origin-based,012,3,0.43471811331423715,True
3,hindsight,Origin-based,013,3,0.38074137968579236,True
3,hindsight,Origin-based,023,3,-0.8411800010600259,False
3,hindsight,Origin-based,123,3,-1.0654535278681854,False
3,hindsight,Origin-based,01,2,0.2137133007425629,True
3,hindsight,Origin-based,02,2,0.23222109379624178,True
3,hindsight,Origin-based,03,2,-0.281134994388468,False
3,hindsight,Origin-based,12,2,0.041277798435216395,True
3,hindsight,Origin-based,13,2,-0.4973869788259071,False
3,hindsight,Origin-based,23,2,-2.2715313473076577,False
3,hindsight,Origin-based,0,1,0.0167134967992658,True
3,hindsight,Origin-based,1,1,0.059626198172531286,True
3,hindsight,Origin-based,2,1,-2.6139445815814515,False
3,hindsight,Origin-based,3,1,-1.8376753038287788,False
3,hindsight,Host-based,012,3,1.0860787329285642,True
3,hindsight,Host-based,013,3,0.6544221144127516,True
3,hindsight,Host-based,023,3,-1.4346852002846633,False
3,hindsight,Host-based,123,3,-1.3969896829848325,False
3,hindsight,Host-based,01,2,1.1387546550838483,True
3,hindsight,Host-based,02,2,0.2900765141859305,True
3,hindsight,Host-based,03,2,-0.6009594588861469,False
3,hindsight,Host-based,12,2,0.3611022629328957,True
3,hindsight,Host-based,13,2,-0.5552423992155953,False
3,hindsight,Host-based,23,2,-3.1965727016489427,False
3,hindsight,Host-based,0,1,0.34824965191591317,True
3,hindsight,Host-based,1,1,0.6531313973971693,True
3,hindsight,Host-based,2,1,-2.88762531630841,False
3,hindsight,Host-based,3,1,-2.489035923443105,False
3,hindsight,Work-proportional,012,3,0.5467546537507996,True
3,hindsight,Work-proportional,013,3,0.4517658795811239,True
3,hindsight,Work-proportional,023,3,-0.9122960090029757,False
3,hindsight,Work-proportional,123,3,-1.1773985602571244,False
3,hindsight,Work-proportional,01,2,0.3967743410744551,True
3,hindsight,Work-proportional,02,2,0.2731416262898525,True
3,hindsight,Work-proportional,03,2,-0.28122650243608804,False
3,hindsight,Work-proportional,12,2,0.041369306482837986,True
3,hindsight,Work-proportional,13,2,-0.5383075113195162,False
3,hindsight,Work-proportional,23,2,-2.4545923876395483,False
3,hindsight,Work-proportional,0,1,0.12865852918820636,True
3,hindsight,Work-proportional,1,1,0.13074220611548298,True
3,hindsight,Work-proportional,2,1,-2.6849690814767815,False
3,hindsight,Work-proportional,3,1,-1.9497118442653394,False
3,hindsight,Stand-alone proportional,012,3,0.5604448003734989,True
3,hindsight,Stand-alone proportional,013,3,-0.10428685785510639,False
3,hindsight,Stand-alone proportional,023,3,-0.565797724848677,False
3,hindsight,Stand-alone proportional,123,3,-0.9815342535978919,False
3,hindsight,Stand-alone proportional,01,2,-0.1455882497390762,False
3,hindsight,Stand-alone proportional,02,2,0.6333300570668503,True
3,hindsight,Stand-alone proportional,03,2,-0.49078095571801983,False
3,hindsight,Stand-alone proportional,12,2,0.25092375976477,True
3,hindsight,Stand-alone proportional,13,2,-0.8984959420965137,False
3,hindsight,Stand-alone proportional,23,2,-1.9122297968260167,False
3,hindsight,Stand-alone proportional,0,1,-0.06720577747102632,False
3,hindsight,Stand-alone proportional,1,1,-0.21575607803881566,False
3,hindsight,Stand-alone proportional,2,1,-2.128916344040551,False
3,hindsight,Stand-alone proportional,3,1,-1.9634019908880385,False
3,hindsight,Shapley,012,3,-0.3438429723155835,False
3,hindsight,Shapley,013,3,-0.4632470764111323,False
3,hindsight,Shapley,023,3,-0.09406497441900452,False
3,hindsight,Shapley,123,3,-0.19001901278245548,False
3,hindsight,Shapley,01,2,-1.4088362409841844,False
3,hindsight,Shapley,02,2,0.2007750348074403,True
3,hindsight,Shapley,03,2,-0.3780084238443735,False
3,hindsight,Shapley,12,2,0.13815122789112366,True
3,hindsight,Shapley,13,2,-0.4659409198371036,False
3,hindsight,Shapley,23,2,-0.6489818055809087,False
3,hindsight,Shapley,0,1,-0.8587210182864622,False
3,hindsight,Shapley,1,1,-0.6874888284684879,False
3,hindsight,Shapley,2,1,-1.7699561254845249,False
3,hindsight,Shapley,3,1,-1.0591142181989561,False
3,hindsight,Dual (Theorem 3),012,3,-0.606115863462,False
3,hindsight,Dual (Theorem 3),013,3,-0.12092321741101841,False
3,hindsight,Dual (Theorem 3),023,3,-0.20171377873421692,False
3,hindsight,Dual (Theorem 3),123,3,-0.16242117632094555,False
3,hindsight,Dual (Theorem 3),01,2,-1.3287852731304854,False
3,hindsight,Dual (Theorem 3),02,2,-0.16914666065418682,False
3,hindsight,Dual (Theorem 3),03,2,-0.14333336915947004,False
3,hindsight,Dual (Theorem 3),12,2,-0.09652382679378113,False
3,hindsight,Dual (Theorem 3),13,2,-0.09601922437547805,False
3,hindsight,Dual (Theorem 3),23,2,-0.7290327734346089,False
3,hindsight,Dual (Theorem 3),0,1,-0.8863188547479739,False
3,hindsight,Dual (Theorem 3),1,1,-0.5798400241532773,False
3,hindsight,Dual (Theorem 3),2,1,-2.1122799844846405,False
3,hindsight,Dual (Theorem 3),3,1,-0.7968413270525412,False
3,emissions-only,Shapley,012,3,-0.48871380227643313,False
3,emissions-only,Shapley,013,3,-0.028634586528578865,False
3,emissions-only,Shapley,023,3,-0.23893580437985484,False
3,emissions-only,Shapley,123,3,-0.33488984274330313,False
3,emissions-only,Shapley,01,2,-1.1190945810624802,False
3,emissions-only,Shapley,02,2,-0.08896662511426223,False
3,emissions-only,Shapley,03,2,-0.08826676392267219,False
3,emissions-only,Shapley,12,2,-0.15159043203058142,False
3,emissions-only,Shapley,13,2,-0.17619925991540497,False
3,emissions-only,Shapley,23,2,-0.9387234655026053,False
3,emissions-only,Shapley,0,1,-0.7138501883256095,False
3,emissions-only,Shapley,1,1,-0.5426179985076356,False
3,emissions-only,Shapley,2,1,-0.4661186558368682,False
3,emissions-only,Shapley,3,1,-0.9142433882381065,False
3,emissions-only,Dual (Theorem 3),012,3,-0.6061158634619984,False
3,emissions-only,Dual (Theorem 3),013,3,-0.12092321741101864,False
3,emissions-only,Dual (Theorem 3),023,3,-0.2017137787342156,False
3,emissions-only,Dual (Theorem 3),123,3,-0.1624211763209411,False
3,emissions-only,Dual (Theorem 3),01,2,-1.328785273130484,False
3,emissions-only,Dual (Theorem 3),02,2,-0.16914666065418715,False
3,emissions-only,Dual (Theorem 3),03,2,-0.1433333691594716,False
3,emissions-only,Dual (Theorem 3),12,2,-0.09652382679378346,False
3,emissions-only,Dual (Theorem 3),13,2,-0.09601922437548138,False
3,emissions-only,Dual (Theorem 3),23,2,-0.7290327734346027,False
3,emissions-only,Dual (Theorem 3),0,1,-0.8863188547479729,False
3,emissions-only,Dual (Theorem 3),1,1,-0.5798400241532761,False
3,emissions-only,Dual (Theorem 3),2,1,-0.37383002495442974,False
3,emissions-only,Dual (Theorem 3),3,1,-0.7968413270525425,False
3,online,Origin-based,012,3,0.5024768051377724,True
3,online,Origin-based,013,3,0.3343475222472667,True
3,online,Origin-based,023,3,-0.8132449565011393,False
3,online,Origin-based,123,3,-0.9968848855501986,False
3,online,Origin-based,01,2,0.19753289469617302,True
3,online,Origin-based,02,2,0.20391758499098855,True
3,online,Origin-based,03,2,-0.40337321187683606,False
3,online,Origin-based,12,2,0.03337397424646227,True
3,online,Origin-based,13,2,-0.6027679453859447,False
3,online,Origin-based,23,2,-2.26018650206042,False
3,online,Origin-based,0,1,0.018608895342927895,True
3,online,Origin-based,1,1,0.0413928557717258,True
3,online,Origin-based,2,1,-0.8329478019793088,False
3,online,Origin-based,3,1,-1.8987504381616227,False
3,online,Host-based,012,3,1.142938141456884,True
3,online,Host-based,013,3,0.5921505774711544,True
3,online,Host-based,023,3,-1.4171465667915708,False
3,online,Host-based,123,3,-1.2912476668027657,False
3,online,Host-based,01,2,1.0957972862391723,True
3,online,Host-based,02,2,0.24047731101966863,True
3,online,Host-based,03,2,-0.7494717669433799,False
3,online,Host-based,12,2,0.37947252931300657,True
3,online,Host-based,13,2,-0.6393276714146243,False
3,online,Host-based,23,2,-3.158450893603419,False
3,online,Host-based,0,1,0.3129716765954954,True
3,online,Host-based,1,1,0.6452944660621575,True
3,online,Host-based,2,1,-1.0907508572031963,False
3,online,Host-based,3,1,-2.539211774480734,False
3,online,Work-proportional,012,3,0.6214671170123849,True
3,online,Work-proportional,013,3,0.4613323434077794,True
3,online,Work-proportional,023,3,-0.9307171015456155,False
3,online,Work-proportional,123,3,-1.1253878735408467,False
3,online,Work-proportional,01,2,0.4435080277312981,True
3,online,Work-proportional,02,2,0.20543575182112483,True
3,online,Work-proportional,03,2,-0.3938605357607996,False
3,online,Work-proportional,12,2,0.023861298130426478,True
3,online,Work-proportional,13,2,-0.6042861122160805,False
3,online,Work-proportional,23,2,-2.5061616350955447,False
3,online,Work-proportional,0,1,0.1471118833335766,True
3,online,Work-proportional,1,1,0.15886500081620225,True
3,online,Work-proportional,2,1,-0.9599326231398212,False
3,online,Work-proportional,3,1,-2.0177407500362348,False
3,online,Stand-alone proportional,012,3,0.21981067068803073,True
3,online,Stand-alone proportional,013,3,0.32152282348870087,True
3,online,Stand-alone proportional,023,3,-0.5924160434374457,False
3,online,Stand-alone proportional,123,3,-0.922222965405584,False
3,online,Stand-alone proportional,01,2,-0.09795793851213455,False
3,online,Stand-alone proportional,02,2,0.14208036360494036,True
3,online,Stand-alone proportional,03,2,-0.19536899757170834,False
3,online,Stand-alone proportional,12,2,-0.17463024005866512,False
3,online,Stand-alone proportional,13,2,-0.5409307239998962,False
3,online,Stand-alone proportional,23,2,-1.9646956688521122,False
3,online,Stand-alone proportional,0,1,-0.05605302480168622,False
3,online,Stand-alone proportional,1,1,-0.17943605729196763,False
3,online,Stand-alone proportional,2,1,-0.8201231032207429,False
3,online,Stand-alone proportional,3,1,-1.6160843037118808,False
3,online,Shapley,012,3,-0.46482903753676275,False
3,online,Shapley,013,3,-0.014408894652956805,False
3,online,Shapley,023,3,-0.2128513501716056,False
3,online,Shapley,123,3,-0.28121623230497184,False
3,online,Shapley,01,2,-1.118529364878586,False
3,online,Shapley,02,2,-0.16299465135401336,False
3,online,Shapley,03,2,-0.15173602244752638,False
3,online,Shapley,12,2,-0.21826321518284675,False
3,online,Shapley,13,2,-0.23585570904094189,False
3,online,Shapley,23,2,-0.9441242424856604,False
3,online,Shapley,0,1,-0.6970597579022979,False
3,online,Shapley,1,1,-0.5590007505578072,False
3,online,Shapley,2,1,-0.4841913850790849,False
3,online,Shapley,3,1,-0.9314445954870871,False
3,online,Dual (Theorem 3),012,3,-0.5314034002004147,False
3,online,Dual (Theorem 3),013,3,-0.11135675358436292,False
3,online,Dual (Theorem 3),023,3,-0.22013487127685671,False
3,online,Dual (Theorem 3),123,3,-0.11041048960466782,False
3,online,Dual (Theorem 3),01,2,-1.2820515864736424,False
3,online,Dual (Theorem 3),02,2,-0.2368525351229145,False
3,online,Dual (Theorem 3),03,2,-0.2559674024841816,False
3,online,Dual (Theorem 3),12,2,-0.11403183514619286,False
3,online,Dual (Theorem 3),13,2,-0.16199782527204265,False
3,online,Dual (Theorem 3),23,2,-0.7806020208906057,False
3,online,Dual (Theorem 3),0,1,-0.8678655006026037,False
3,online,Dual (Theorem 3),1,1,-0.5517172294525581,False
3,online,Dual (Theorem 3),2,1,-0.3872435261476803,False
3,online,Dual (Theorem 3),3,1,-0.8648702328234368,False
4,hindsight,Origin-based,012,3,0.38838759494746733,True
4,hindsight,Origin-based,013,3,0.14118187715241137,True
4,hindsight,Origin-based,023,3,-0.6112223403086929,False
4,hindsight,Origin-based,123,3,-0.9670541945472135,False
4,hindsight,Origin-based,01,2,0.21313049632083403,True
4,hindsight,Origin-based,02,2,0.2747295877831952,True
4,hindsight,Origin-based,03,2,-0.608040311954479,False
4,hindsight,Origin-based,12,2,0.014988975791170311,True
4,hindsight,Origin-based,13,2,-0.9521062505604156,False
4,hindsight,Origin-based,23,2,-2.1547666401948025,False
4,hindsight,Origin-based,0,1,0.009791524263340803,True
4,hindsight,Origin-based,1,1,0.03773825324669111,True
4,hindsight,Origin-based,2,1,-0.6630183384494039,False
4,hindsight,Origin-based,3,1,-2.258896207202309,False
4,hindsight,Host-based,012,3,1.02247695670546,True
4,hindsight,Host-based,013,3,0.3471574571109637,True
4,hindsight,Host-based,023,3,-1.0951839467256441,False
4,hindsight,Host-based,123,3,-1.323157529846807,False
4,hindsight,Host-based,01,2,1.053195438037379,True
4,hindsight,Host-based,02,2,0.42485734312423634,True
4,hindsight,Host-based,03,2,-0.8860263384128781,False
4,hindsight,Host-based,12,2,0.2929750022495694,True
4,hindsight,Host-based,13,2,-1.1022340059014568,False
4,hindsight,Host-based,23,2,-2.994831581911347,False
4,hindsight,Host-based,0,1,0.36589485956293416,True
4,hindsight,Host-based,1,1,0.5216998596636426,True
4,hindsight,Host-based,2,1,-0.8689939184079563,False
4,hindsight,Host-based,3,1,-2.8929855689603015,False
4,hindsight,Work-proportional,012,3,0.3602710849884343,True
4,hindsight,Work-proportional,013,3,0.24944544703515326,True
4,hindsight,Work-proportional,023,3,-0.6034291910693454,False
4,hindsight,Work-proportional,123,3,-1.054994403710238,False
4,hindsight,Work-proportional,01,2,0.293277556244532,True
4,hindsight,Work-proportional,02,2,0.25440622706349897,True
4,hindsight,Work-proportional,03,2,-0.49198359283240034,False
4,hindsight,Work-proportional,12,2,-0.10106774333089774,False
4,hindsight,Work-proportional,13,2,-0.9317828898407088,False
4,hindsight,Work-proportional,23,2,-2.23491370011849,False
4,hindsight,Work-proportional,0,1,0.09773173342637569,True
4,hindsight,Work-proportional,1,1,0.02994510400735423,True
4,hindsight,Work-proportional,2,1,-0.7712819083321351,False
4,hindsight,Work-proportional,3,1,-2.2307796972432654,False
4,hindsight,Stand-alone proportional,012,3,-0.0054402844528688155,False
4,hindsight,Stand-alone proportional,013,3,0.22572482118324744,True
4,hindsight,Stand-alone proportional,023,3,-0.3486300782292613,False
4,hindsight,Stand-alone proportional,123,3,-0.9203615212571123,False
4,hindsight,Stand-alone proportional,01,2,-0.09615443904867693,False
4,hindsight,Stand-alone proportional,02,2,0.14349397046227969,True
4,hindsight,Stand-alone proportional,03,2,-0.2609051058442222,False
4,hindsight,Stand-alone proportional,12,2,-0.33214623031907553,False
4,hindsight,Stand-alone proportional,13,2,-0.8208706332394893,False
4,hindsight,Stand-alone proportional,23,2,-1.8454817048252805,False
4,hindsight,Stand-alone proportional,0,1,-0.03690114902674953,False
4,hindsight,Stand-alone proportional,1,1,-0.22485400883272952,False
4,hindsight,Stand-alone proportional,2,1,-0.7475612824802291,False
4,hindsight,Stand-alone proportional,3,1,-1.865068327801962,False
4,hindsight,Shapley,012,3,-0.6933807188707204,False
4,hindsight,Shapley,013,3,-0.017914386801579196,False
4,hindsight,Shapley,023,3,-0.09575478484827915,False
4,hindsight,Shapley,123,3,-0.24165717223541616,False
4,hindsight,Shapley,01,2,-1.0277340814513551,False
4,hindsight,Shapley,02,2,-0.29157117057458976,False
4,hindsight,Shapley,03,2,-0.25166902044806694,False
4,hindsight,Shapley,12,2,-0.3413823157152309,False
4,hindsight,Shapley,13,2,-0.3858054922026197,False
4,hindsight,Shapley,23,2,-0.9139020624226024,False
4,hindsight,Shapley,0,1,-0.7156054980484456,False
4,hindsight,Shapley,1,1,-0.47772930221371157,False
4,hindsight,Shapley,2,1,-0.5039220744954025,False
4,hindsight,Shapley,3,1,-1.1771278933841105,False
4,hindsight,Dual (Theorem 3),012,3,-0.5332132051251863,False
4,hindsight,Dual (Theorem 3),013,3,-0.08861489893261898,False
4,hindsight,Dual (Theorem 3),023,3,-0.20425625186479968,False
4,hindsight,Dual (Theorem 3),123,3,-0.222622706833425,False
4,hindsight,Dual (Theorem 3),01,2,-0.9382670798368492,False
4,hindsight,Dual (Theorem 3),02,2,-0.23990512384556467,False
4,hindsight,Dual (Theorem 3),03,2,-0.4308709995956155,False
4,hindsight,Dual (Theorem 3),12,2,-0.16218033656769393,False
4,hindsight,Dual (Theorem 3),13,2,-0.4374715389316566,False
4,hindsight,Dual (Theorem 3),23,2,-1.0033690640371198,False
4,hindsight,Dual (Theorem 3),0,1,-0.7346399634504487,False
4,hindsight,Dual (Theorem 3),1,1,-0.3692278351972027,False
4,hindsight,Dual (Theorem 3),2,1,-0.43322156236437437,False
4,hindsight,Dual (Theorem 3),3,1,-1.337295407129656,False
4,emissions-only,Shapley,012,3,-0.6933807188707326,False
4,emissions-only,Shapley,013,3,-0.01791438680159274,False
4,emissions-only,Shapley,023,3,-0.09575478484828759,False
4,emissions-only,Shapley,123,3,-0.24165717223542904,False
4,emissions-only,Shapley,01,2,-1.0277340814513642,False
4,emissions-only,Shapley,02,2,-0.2915711705745968,False
4,emissions-only,Shapley,03,2,-0.2516690204480725,False
4,emissions-only,Shapley,12,2,-0.341382315715238,False
4,emissions-only,Shapley,13,2,-0.38580549220262306,False
4,emissions-only,Shapley,23,2,-0.9139020624226202,False
4,emissions-only,Shapley,0,1,-0.7156054980484513,False
4,emissions-only,Shapley,1,1,-0.4777293022137137,False
4,emissions-only,Shapley,2,1,-0.5039220744954039,False
4,emissions-only,Shapley,3,1,-1.1771278933841138,False
4,emissions-only,Dual (Theorem 3),012,3,-0.5332132051251879,False
4,emissions-only,Dual (Theorem 3),013,3,-0.08861489893263008,False
4,emissions-only,Dual (Theorem 3),023,3,-0.20425625186481167,False
4,emissions-only,Dual (Theorem 3),123,3,-0.22262270683344632,False
4,emissions-only,Dual (Theorem 3),01,2,-0.9382670798368458,False
4,emissions-only,Dual (Theorem 3),02,2,-0.23990512384556484,False
4,emissions-only,Dual (Theorem 3),03,2,-0.4308709995956228,False
4,emissions-only,Dual (Theorem 3),12,2,-0.16218033656769926,False
4,emissions-only,Dual (Theorem 3),13,2,-0.43747153893166635,False
4,emissions-only,Dual (Theorem 3),23,2,-1.0033690640371504,False
4,emissions-only,Dual (Theorem 3),0,1,-0.7346399634504455,False
4,emissions-only,Dual (Theorem 3),1,1,-0.369227835197201,False
4,emissions-only,Dual (Theorem 3),2,1,-0.4332215623643778,False
4,emissions-only,Dual (Theorem 3),3,1,-1.3372954071296699,False
4,online,Origin-based,012,3,0.366485623974938,True
4,online,Origin-based,013,3,0.03355725480266636,True
4,online,Origin-based,023,3,-0.5998124040141488,False
4,online,Origin-based,123,3,-0.9471319013157631,False
4,online,Origin-based,01,2,0.1987327593793597,True
4,online,Origin-based,02,2,0.2548174509619534,True
4,online,Origin-based,03,2,-0.7620164191356538,False
4,online,Origin-based,12,2,-0.055463177559939014,False
4,online,Origin-based,13,2,-1.1406659303052735,False
4,online,Origin-based,23,2,-2.22928708799932,False
4,online,Origin-based,0,1,0.0015359265673468014,True
4,online,Origin-based,1,1,0.009820542286333389,True
4,online,Origin-based,2,1,-0.6557829911316162,False
4,online,Origin-based,3,1,-2.316366646050603,False
4,online,Host-based,012,3,1.068121080071446,True
4,online,Host-based,013,3,0.1835040555056493,True
4,online,Host-based,023,3,-1.111551676216037,False
4,online,Host-based,123,3,-1.286974885913366,False
4,online,Host-based,01,2,1.0503150161788506,True
4,online,Host-based,02,2,0.44471363485657345,True
4,online,Host-based,03,2,-1.1238088906345587,False
4,online,Host-based,12,2,0.3063292939389659,True
4,online,Host-based,13,2,-1.3305621141998933,False
4,online,Host-based,23,2,-3.080869344798811,False
4,online,Host-based,0,1,0.3413789111649498,True
4,online,Host-based,1,1,0.5215598144882214,True
4,online,Host-based,2,1,-0.8057297918345991,False
4,online,Host-based,3,1,-3.0180021021471113,False
4,online,Work-proportional,012,3,0.33604187625356563,True
4,online,Work-proportional,013,3,0.16706577829997427,True
4,online,Work-proportional,023,3,-0.6046101371176982,False
4,online,Work-proportional,123,3,-1.0453989439881481,False
4,online,Work-proportional,01,2,0.3017975351552948,True
4,online,Work-proportional,02,2,0.21957597013703134,True
4,online,Work-proportional,03,2,-0.6333056287418957,False
4,online,Work-proportional,12,2,-0.18417396795369667,False
4,online,Work-proportional,13,2,-1.105424449480351,False
4,online,Work-proportional,23,2,-2.332351863775255,False
4,online,Work-proportional,0,1,0.09980296923973209,True
4,online,Work-proportional,1,1,0.014618275389883195,True
4,online,Work-proportional,2,1,-0.7892915146289236,False
4,online,Work-proportional,3,1,-2.2859228983292303,False
4,online,Stand-alone proportional,012,3,-0.04659803690720088,False
4,online,Stand-alone proportional,013,3,0.14409702323394535,True
4,online,Stand-alone proportional,023,3,-0.34134544442514736,False
4,online,Stand-alone proportional,123,3,-0.9030549684539033,False
4,online,Stand-alone proportional,01,2,-0.10381113307150053,False
4,online,Stand-alone proportional,02,2,0.10020074966881554,True
4,online,Stand-alone proportional,03,2,-0.39300969111537354,False
4,online,Stand-alone proportional,12,2,-0.4244699055802188,False
4,online,Stand-alone proportional,13,2,-0.986049229012135,False
4,online,Stand-alone proportional,23,2,-1.9267431955484597,False
4,online,Stand-alone proportional,0,1,-0.042541006294512455,False
4,online,Stand-alone proportional,1,1,-0.24864641730266757,False
4,online,Stand-alone proportional,2,1,-0.7663227595628949,False
4,online,Stand-alone proportional,3,1,-1.9032829851684638,False
4,online,Shapley,012,3,-0.7541455267373578,False
4,online,Shapley,013,3,-0.07223045073871948,False
4,online,Shapley,023,3,-0.10051963445870449,False
4,online,Shapley,123,3,-0.2200058146175241,False
4,online,Shapley,01,2,-1.0276860968743227,False
4,online,Shapley,02,2,-0.3665209301948985,False
4,online,Shapley,03,2,-0.3685113551215957,False
4,online,Shapley,12,2,-0.4489682415739965,False
4,online,Shapley,13,2,-0.519327549148421,False
4,online,Shapley,23,2,-1.0028682317456372,False
4,online,Shapley,0,1,-0.7255901601308916,False
4,online,Shapley,1,1,-0.48947222726911055,False
4,online,Shapley,2,1,-0.5499952855902297,False
4,online,Shapley,3,1,-1.1957354953383068,False
4,online,Dual (Theorem 3),012,3,-0.5574424138600548,False
4,online,Dual (Theorem 3),013,3,-0.17099456766779797,False
4,online,Dual (Theorem 3),023,3,-0.20543719791315285,False
4,online,Dual (Theorem 3),123,3,-0.2130272471113348,False
4,online,Dual (Theorem 3),01,2,-0.9297471009260865,False
4,online,Dual (Theorem 3),02,2,-0.2747353807720323,False
4,online,Dual (Theorem 3),03,2,-0.5721930355051108,False
4,online,Dual (Theorem 3),12,2,-0.24528656119049286,False
4,online,Dual (Theorem 3),13,2,-0.6111130985712987,False
4,online,Dual (Theorem 3),23,2,-1.1008072276938852,False
4,online,Dual (Theorem 3),0,1,-0.7325687276370922,False
4,online,Dual (Theorem 3),1,1,-0.3845546638146737,False
4,online,Dual (Theorem 3),2,1,-0.45123116866116286,False
4,online,Dual (Theorem 3),3,1,-1.3924386082156213,False
5,hindsight,Origin-based,012,3,0.40512237395250805,True
5,hindsight,Origin-based,013,3,0.3591091378988116,True
5,hindsight,Origin-based,023,3,-0.9402964078858167,False
5,hindsight,Origin-based,123,3,-1.241352219681489,False
5,hindsight,Origin-based,01,2,0.27808673411992085,True
5,hindsight,Origin-based,02,2,0.2218933894902967,True
5,hindsight,Origin-based,03,2,-0.3139342637295619,False
5,hindsight,Origin-based,12,2,-0.11781378655138952,False
5,hindsight,Origin-based,13,2,-0.5976982128637938,False
5,hindsight,Origin-based,23,2,-2.738723669416402,False
5,hindsight,Origin-based,0,1,0.024169286041120397,True
5,hindsight,Origin-based,1,1,0.03603049205072173,True
5,hindsight,Origin-based,2,1,-1.5079955144036599,False
5,hindsight,Origin-based,3,1,-2.1308810734967825,False
5,hindsight,Host-based,012,3,1.2893196965018139,True
5,hindsight,Host-based,013,3,0.8864085738029659,True
5,hindsight,Host-based,023,3,-1.807484435321237,False
5,hindsight,Host-based,123,3,-1.7856609506995311,False
5,hindsight,Host-based,01,2,1.689583492573382,True
5,hindsight,Host-based,02,2,0.23890268460418318,True
5,hindsight,Host-based,03,2,-0.6538228552608267,False
5,hindsight,Host-based,12,2,0.22207480497987508,True
5,hindsight,Host-based,13,2,-0.6147075079776807,False
5,hindsight,Host-based,23,2,-4.150220427869864,False
5,hindsight,Host-based,0,1,0.568478017059162,True
5,hindsight,Host-based,1,1,0.9032185194861413,True
5,hindsight,Host-based,2,1,-2.035294950307815,False
5,hindsight,Host-based,3,1,-3.015078396046089,False
5,hindsight,Work-proportional,012,3,0.4239897158671506,True
5,hindsight,Work-proportional,013,3,0.41274796995827634,True
5,hindsight,Work-proportional,023,3,-0.8840468976141045,False
5,hindsight,Work-proportional,123,3,-1.3701079039273067,False
5,hindsight,Work-proportional,01,2,0.3505929080940275,True
5,hindsight,Work-proportional,02,2,0.297010241676651,True
5,hindsight,Work-proportional,03,2,-0.20404592139838518,False
5,hindsight,Work-proportional,12,2,-0.22770212888256536,False
5,hindsight,Work-proportional,13,2,-0.6728150650501474,False
5,hindsight,Work-proportional,23,2,-2.8112298433905076,False
5,hindsight,Work-proportional,0,1,0.15292497028693888,True
5,hindsight,Work-proportional,1,1,-0.020219018220990148,False
5,hindsight,Work-proportional,2,1,-1.561634346463124,False
5,hindsight,Work-proportional,3,1,-2.149748415411424,False
5,hindsight,Stand-alone proportional,012,3,0.20750054326603973,True
5,hindsight,Stand-alone proportional,013,3,0.10562895862376243,True
5,hindsight,Stand-alone proportional,023,3,-0.5897544802776613,False
5,hindsight,Stand-alone proportional,123,3,-1.1407921373281251,False
5,hindsight,Stand-alone proportional,01,2,-0.17301527584159754,False
5,hindsight,Stand-alone proportional,02,2,0.3748134864119831,True
5,hindsight,Stand-alone proportional,03,2,-0.21687251539645636,False
5,hindsight,Stand-alone proportional,12,2,-0.2148755348844944,False
5,hindsight,Stand-alone proportional,13,2,-0.7506183097854793,False
5,hindsight,Stand-alone proportional,23,2,-2.287621659454883,False
5,hindsight,Stand-alone proportional,0,1,-0.07639079631224313,False
5,hindsight,Stand-alone proportional,1,1,-0.3145114355574331,False
5,hindsight,Stand-alone proportional,2,1,-1.2545153351286098,False
5,hindsight,Stand-alone proportional,3,1,-1.9332592428103132,False
5,hindsight,Shapley,012,3,-0.596150674278586,False
5,hindsight,Shapley,013,3,-0.24991229869463227,False
5,hindsight,Shapley,023,3,-0.23530419353588572,False
5,hindsight,Shapley,123,3,-0.33604994920688114,False
5,hindsight,Shapley,01,2,-1.3322077507046175,False
5,hindsight,Shapley,02,2,-0.07438744439086653,False
5,hindsight,Shapley,03,2,-0.21796348597307502,False
5,hindsight,Shapley,12,2,-0.21378456430787596,False
5,hindsight,Shapley,13,2,-0.30141737898263,False
5,hindsight,Shapley,23,2,-1.1284291845918633,False
5,hindsight,Shapley,0,1,-0.8811329844334871,False
5,hindsight,Shapley,1,1,-0.6689617222992091,False
5,hindsight,Shapley,2,1,-0.8989740778102155,False
5,hindsight,Shapley,3,1,-1.129608025265688,False
5,hindsight,Dual (Theorem 3),012,3,-0.6532329033537461,False
5,hindsight,Dual (Theorem 3),013,3,-0.1676409391877245,False
5,hindsight,Dual (Theorem 3),023,3,-0.3243371056433251,False
5,hindsight,Dual (Theorem 3),123,3,-0.2722061675311904,False
5,hindsight,Dual (Theorem 3),01,2,-1.3070186202728693,False
5,hindsight,Dual (Theorem 3),02,2,-0.2205025855734658,False
5,hindsight,Dual (Theorem 3),03,2,-0.22472503857360637,False
5,hindsight,Dual (Theorem 3),12,2,-0.20702301170734505,False
5,hindsight,Dual (Theorem 3),13,2,-0.15530223780003105,False
5,hindsight,Dual (Theorem 3),23,2,-1.153618315023612,False
5,hindsight,Dual (Theorem 3),0,1,-0.9449767661091781,False
5,hindsight,Dual (Theorem 3),1,1,-0.5799288101917699,False
5,hindsight,Dual (Theorem 3),2,1,-0.9812454373171238,False
5,hindsight,Dual (Theorem 3),3,1,-1.0725257961905283,False
5,emissions-only,Shapley,012,3,-0.5961506742785833,False
5,emissions-only,Shapley,013,3,-0.2499122986946325,False
5,emissions-only,Shapley,023,3,-0.23530419353588972,False
5,emissions-only,Shapley,123,3,-0.33604994920687004,False
5,emissions-only,Shapley,01,2,-1.3322077507046155,False
5,emissions-only,Shapley,02,2,-0.0743874443908622,False
5,emissions-only,Shapley,03,2,-0.2179634859730688,False
5,emissions-only,Shapley,12,2,-0.21378456430788018,False
5,emissions-only,Shapley,13,2,-0.3014173789826331,False
5,emissions-only,Shapley,23,2,-1.1284291845918615,False
5,emissions-only,Shapley,0,1,-0.8811329844334823,False
5,emissions-only,Shapley,1,1,-0.668961722299211,False
5,emissions-only,Shapley,2,1,-0.8989740778102162,False
5,emissions-only,Shapley,3,1,-1.129608025265688,False
5,emissions-only,Dual (Theorem 3),012,3,-0.6532329033537464,False
5,emissions-only,Dual (Theorem 3),013,3,-0.16764093918772338,False
5,emissions-only,Dual (Theorem 3),023,3,-0.3243371056433322,False
5,emissions-only,Dual (Theorem 3),123,3,-0.2722061675311762,False
5,emissions-only,Dual (Theorem 3),01,2,-1.3070186202728686,False
5,emissions-only,Dual (Theorem 3),02,2,-0.2205025855734668,False
5,emissions-only,Dual (Theorem 3),03,2,-0.22472503857360127,False
5,emissions-only,Dual (Theorem 3),12,2,-0.2070230117073486,False
5,emissions-only,Dual (Theorem 3),13,2,-0.15530223780002927,False
5,emissions-only,Dual (Theorem 3),23,2,-1.1536183150236097,False
5,emissions-only,Dual (Theorem 3),0,1,-0.9449767661091769,False
5,emissions-only,Dual (Theorem 3),1,1,-0.5799288101917696,False
5,emissions-only,Dual (Theorem 3),2,1,-0.9812454373171262,False
5,emissions-only,Dual (Theorem 3),3,1,-1.0725257961905257,False
5,online,Origin-based,012,3,0.31542474061894943,True
5,online,Origin-based,013,3,0.48477278695528647,True
5,online,Origin-based,023,3,-0.8917803918160976,False
5,online,Origin-based,123,3,-1.2309989512413813,False
5,online,Origin-based,01,2,0.23924149533328265,True
5,online,Origin-based,02,2,0.1357527537142692,True
5,online,Origin-based,03,2,-0.3273163250955551,False
5,online,Origin-based,12,2,-0.24960876050864056,False
5,online,Origin-based,13,2,-0.6349270074466529,False
5,online,Origin-based,23,2,-2.752907561262564,False
5,online,Origin-based,0,1,0.019386214456045298,True
5,online,Origin-based,1,1,0.011904971942522713,True
5,online,Origin-based,2,1,-1.5465876073084242,False
5,online,Origin-based,3,1,-2.07990661674794,False
5,online,Host-based,012,3,1.0496214689061283,True
5,online,Host-based,013,3,1.0605690510378756,True
5,online,Host-based,023,3,-1.6865753241114765,False
5,online,Host-based,123,3,-1.7461970113157692,False
5,online,Host-based,01,2,1.5492344877030506,True
5,online,Host-based,02,2,0.07515454970606894,True
5,online,Host-based,03,2,-0.5463149933083451,False
5,online,Host-based,12,2,-0.0306100922958501,False
5,online,Host-based,13,2,-0.5743288034384522,False
5,online,Host-based,23,2,-4.062900553632332,False
5,online,Host-based,0,1,0.5345842745304339,True
5,online,Host-based,1,1,0.806699904237902,True
5,online,Host-based,2,1,-2.122383871391013,False
5,online,Host-based,3,1,-2.8141033450351185,False
5,online,Work-proportional,012,3,0.42376000689308646,True
5,online,Work-proportional,013,3,0.524122405619502,True
5,online,Work-proportional,023,3,-0.8877276800289948,False
5,online,Work-proportional,123,3,-1.382736547966835,False
5,online,Work-proportional,01,2,0.3869263802716344,True
5,online,Work-proportional,02,2,0.24814073177550844,True
5,online,Work-proportional,03,2,-0.2839139946442375,False
5,online,Work-proportional,12,2,-0.2930110909599579,False
5,online,Work-proportional,13,2,-0.747314985507892,False
5,online,Work-proportional,23,2,-2.9005924462009154,False
5,online,Work-proportional,0,1,0.1711238111814994,True
5,online,Work-proportional,1,1,0.007852260155420288,True
5,online,Work-proportional,2,1,-1.585937225972639,False
5,online,Work-proportional,3,1,-2.1882418830220765,False
5,online,Stand-alone proportional,012,3,0.1793603281660927,True
5,online,Stand-alone proportional,013,3,0.188380402369553,True
5,online,Stand-alone proportional,023,3,-0.560488792366157,False
5,online,Stand-alone proportional,123,3,-1.1298337536527305,False
5,online,Stand-alone proportional,01,2,-0.19321530170530787,False
5,online,Stand-alone proportional,02,2,0.3309799407113527,True
5,online,Stand-alone proportional,03,2,-0.2924171102313482,False
5,online,Stand-alone proportional,12,2,-0.2845079753728472,False
5,online,Stand-alone proportional,13,2,-0.8301541944437363,False
5,online,Stand-alone proportional,23,2,-2.320450764223973,False
5,online,Stand-alone proportional,0,1,-0.08177898313260487,False
5,online,Stand-alone proportional,1,1,-0.31938662750741764,False
5,online,Stand-alone proportional,2,1,-1.2501952227226905,False
5,online,Stand-alone proportional,3,1,-1.9438422042950827,False
5,online,Shapley,012,3,-0.613678641850774,False
5,online,Shapley,013,3,-0.1816090535220709,False
5,online,Shapley,023,3,-0.20956876371352395,False
5,online,Shapley,123,3,-0.31772535639687094,False
5,online,Shapley,01,2,-1.356243727613799,False
5,online,Shapley,02,2,-0.11113900065288174,False
5,online,Shapley,03,2,-0.3114865374703397,False
5,online,Shapley,12,2,-0.26543854813385503,False
5,online,Shapley,13,2,-0.38803525307950126,False
5,online,Shapley,23,2,-1.1574223383154814,False
5,online,Shapley,0,1,-0.8938873803884639,False
5,online,Shapley,1,1,-0.6703066561600499,False
5,online,Shapley,2,1,-0.8802057668310659,False
5,online,Shapley,3,1,-1.1508032342782153,False
5,online,Dual (Theorem 3),012,3,-0.6534626123278101,False
5,online,Dual (Theorem 3),013,3,-0.05626650352649931,False
5,online,Dual (Theorem 3),023,3,-0.3280178880582163,False
5,online,Dual (Theorem 3),123,3,-0.28483481157071866,False
5,online,Dual (Theorem 3),01,2,-1.2706851480952623,False
5,online,Dual (Theorem 3),02,2,-0.2693720954746084,False
5,online,Dual (Theorem 3),03,2,-0.3045931118194589,False
5,online,Dual (Theorem 3),12,2,-0.2723319737847374,False
5,online,Dual (Theorem 3),13,2,-0.22980215825777606,False
5,online,Dual (Theorem 3),23,2,-1.2429809178340196,False
5,online,Dual (Theorem 3),0,1,-0.9267779252146177,False
5,online,Dual (Theorem 3),1,1,-0.5518575318153593,False
5,online,Dual (Theorem 3),2,1,-1.0055483168266388,False
5,online,Dual (Theorem 3),3,1,-1.1110192638011807,False
6,hindsight,Origin-based,012,3,0.46560073464974905,True
6,hindsight,Origin-based,013,3,0.713596753767419,True
6,hindsight,Origin-based,023,3,-1.035261404441202,False
6,hindsight,Origin-based,123,3,-1.50245010536917,False
6,hindsight,Origin-based,01,2,0.3603788651479723,True
6,hindsight,Origin-based,02,2,-0.061923384491894495,False
6,hindsight,Origin-based,03,2,-0.08728719479898417,False
6,hindsight,Origin-based,12,2,-0.37707957260072256,False
6,hindsight,Origin-based,13,2,-0.5402246378318947,False
6,hindsight,Origin-based,23,2,-3.17183791544123,False
6,hindsight,Origin-based,0,1,0.014728048550435496,True
6,hindsight,Origin-based,1,1,0.08684296871678832,True
6,hindsight,Origin-based,2,1,-2.1371588590267265,False
6,hindsight,Origin-based,3,1,-2.1756307486235453,False
6,hindsight,Host-based,012,3,1.092559734520145,True
6,hindsight,Host-based,013,3,1.254409402125491,True
6,hindsight,Host-based,023,3,-1.7523863267733844,False
6,hindsight,Host-based,123,3,-1.9530968312654555,False
6,hindsight,Host-based,01,2,1.5281505133764404,True
6,hindsight,Host-based,02,2,-0.15208930695368106,False
6,hindsight,Host-based,03,2,-0.2635994687730945,False
6,hindsight,Host-based,12,2,-0.20076729862661247,False
6,hindsight,Host-based,13,2,-0.45005871537010833,False
6,hindsight,Host-based,23,2,-4.339609563669699,False
6,hindsight,Host-based,0,1,0.46537477444672126,True
6,hindsight,Host-based,1,1,0.8039678910489707,True
6,hindsight,Host-based,2,1,-2.677971507384799,False
6,hindsight,Host-based,3,1,-2.8025897484939413,False
6,hindsight,Work-proportional,012,3,0.6752114526397792,True
6,hindsight,Work-proportional,013,3,0.710324500358595,True
6,hindsight,Work-proportional,023,3,-1.075062226659052,False
6,hindsight,Work-proportional,123,3,-1.6689877477324773,False
6,hindsight,Work-proportional,01,2,0.5667173297291621,True
6,hindsight,Work-proportional,02,2,0.10788651128026916,True
6,hindsight,Work-proportional,03,2,-0.13036027042567477,False
6,hindsight,Work-proportional,12,2,-0.33400649697401597,False
6,hindsight,Work-proportional,13,2,-0.7100345336040421,False
6,hindsight,Work-proportional,23,2,-3.3781763800224036,False
6,hindsight,Work-proportional,0,1,0.1812656909137589,True
6,hindsight,Work-proportional,1,1,0.12664379093465472,True
6,hindsight,Work-proportional,2,1,-2.1338866056178865,False
6,hindsight,Work-proportional,3,1,-2.385241466613559,False
6,hindsight,Stand-alone proportional,012,3,0.4240615186989458,True
6,hindsight,Stand-alone proportional,013,3,0.2711474352726255,True
6,hindsight,Stand-alone proportional,023,3,-0.6375918788543973,False
6,hindsight,Stand-alone proportional,123,3,-1.4161310965103295,False
6,hindsight,Stand-alone proportional,01,2,-0.12360966929764045,False
6,hindsight,Stand-alone proportional,02,2,0.29420692514409064,True
6,hindsight,Stand-alone proportional,03,2,-0.13206698770698932,False
6,hindsight,Stand-alone proportional,12,2,-0.33229977969270164,False
6,hindsight,Stand-alone proportional,13,2,-0.896354947467864,False
6,hindsight,Stand-alone proportional,23,2,-2.6878493809956012,False
6,hindsight,Stand-alone proportional,0,1,-0.0715909603083888,False
6,hindsight,Stand-alone proportional,1,1,-0.31082655687000016,False
6,hindsight,Stand-alone proportional,2,1,-1.6947095405319172,False
6,hindsight,Stand-alone proportional,3,1,-2.134091532672726,False
6,hindsight,Shapley,012,3,-0.48714485036947197,False
6,hindsight,Shapley,013,3,-0.2775720618357089,False
6,hindsight,Shapley,023,3,-0.1931576368520842,False
6,hindsight,Shapley,123,3,-0.40063947233589037,False
6,hindsight,Shapley,01,2,-1.5835355354743927,False
6,hindsight,Shapley,02,2,-0.17256520192201386,False
6,hindsight,Shapley,03,2,-0.23635224281301048,False
6,hindsight,Shapley,12,2,-0.22801452458668048,False
6,hindsight,Shapley,13,2,-0.4295828204017593,False
6,hindsight,Shapley,23,2,-1.2279235148188485,False
6,hindsight,Shapley,0,1,-1.0870825844828278,False
6,hindsight,Shapley,1,1,-0.7552607988723135,False
6,hindsight,Shapley,2,1,-1.1459900434235828,False
6,hindsight,Shapley,3,1,-1.222885163604308,False
6,hindsight,Dual (Theorem 3),012,3,-0.6307763095627834,False
6,hindsight,Dual (Theorem 3),013,3,-0.2422966613862172,False
6,hindsight,Dual (Theorem 3),023,3,-0.24655417991682116,False
6,hindsight,Dual (Theorem 3),123,3,-0.23888687052738078,False
6,hindsight,Dual (Theorem 3),01,2,-1.691891594218197,False
6,hindsight,Dual (Theorem 3),02,2,-0.3695932041800465,False
6,hindsight,Dual (Theorem 3),03,2,-0.25447338542823994,False
6,hindsight,Dual (Theorem 3),12,2,-0.20989338197146656,False
6,hindsight,Dual (Theorem 3),13,2,-0.23255481814374246,False
6,hindsight,Dual (Theorem 3),23,2,-1.1195674560750604,False
6,hindsight,Dual (Theorem 3),0,1,-1.2488351862913531,False
6,hindsight,Dual (Theorem 3),1,1,-0.7018642558075923,False
6,hindsight,Dual (Theorem 3),2,1,-1.18126544387309,False
6,hindsight,Dual (Theorem 3),3,1,-1.0792537044110122,False
6,emissions-only,Shapley,012,3,-0.48714485036948796,False
6,emissions-only,Shapley,013,3,-0.27757206183572003,False
6,emissions-only,Shapley,023,3,-0.1931576368520984,False
6,emissions-only,Shapley,123,3,-0.40063947233590635,False
6,emissions-only,Shapley,01,2,-1.5835355354743996,False
6,emissions-only,Shapley,02,2,-0.1725652019220194,False
6,emissions-only,Shapley,03,2,-0.2363522428130176,False
6,emissions-only,Shapley,12,2,-0.22801452458668914,False
6,emissions-only,Shapley,13,2,-0.429582820401766,False
6,emissions-only,Shapley,23,2,-1.2279235148188583,False
6,emissions-only,Shapley,0,1,-1.0870825844828318,False
6,emissions-only,Shapley,1,1,-0.7552607988723146,False
6,emissions-only,Shapley,2,1,-1.1459900434235801,False
6,emissions-only,Shapley,3,1,-1.2228851636043099,False
6,emissions-only,Dual (Theorem 3),012,3,-0.6307763095627912,False
6,emissions-only,Dual (Theorem 3),013,3,-0.24229666138622297,False
6,emissions-only,Dual (Theorem 3),023,3,-0.24655417991684114,False
6,emissions-only,Dual (Theorem 3),123,3,-0.23888687052740565,False
6,emissions-only,Dual (Theorem 3),01,2,-1.6918915942181896,False
6,emissions-only,Dual (Theorem 3),02,2,-0.36959320418004915,False
6,emissions-only,Dual (Theorem 3),03,2,-0.25447338542824705,False
6,emissions-only,Dual (Theorem 3),12,2,-0.2098933819714759,False
6,emissions-only,Dual (Theorem 3),13,2,-0.23255481814375223,False
6,emissions-only,Dual (Theorem 3),23,2,-1.1195674560750843,False
6,emissions-only,Dual (Theorem 3),0,1,-1.2488351862913483,False
6,emissions-only,Dual (Theorem 3),1,1,-0.7018642558075878,False
6,emissions-only,Dual (Theorem 3),2,1,-1.1812654438730934,False
6,emissions-only,Dual (Theorem 3),3,1,-1.0792537044110229,False
6,online,Origin-based,012,3,0.43452554893732787,True
6,online,Origin-based,013,3,0.6706351758655313,True
6,online,Origin-based,023,3,-1.0173227379652654,False
6,online,Origin-based,123,3,-1.513518869459645,False
6,online,Origin-based,01,2,0.32506700741383493,True
6,online,Origin-based,02,2,-0.28536205167740114,False
6,online,Origin-based,03,2,-0.1951646175933619,False
6,online,Origin-based,12,2,-0.6104965086119256,False
6,online,Origin-based,13,2,-0.6969429302584222,False
6,online,Origin-based,23,2,-3.252636899073824,False
6,online,Origin-based,0,1,0.004060251394111286,True
6,online,Origin-based,1,1,0.06731142709319782,True
6,online,Origin-based,2,1,-2.1639844089388984,False
6,online,Origin-based,3,1,-2.177363237807728,False
6,online,Host-based,012,3,1.037286325205507,True
6,online,Host-based,013,3,1.2579265870138618,True
6,online,Host-based,023,3,-1.7572535170414922,False
6,online,Host-based,123,3,-1.9636402777999291,False
6,online,Host-based,01,2,1.5151191948303449,True
6,online,Host-based,02,2,-0.4225320544854487,False
6,online,Host-based,03,2,-0.34780398552125735,False
6,online,Host-based,12,2,-0.4578571406840304,False
6,online,Host-based,13,2,-0.5597729274503753,False
6,online,Host-based,23,2,-4.442689086490335,False
6,online,Host-based,0,1,0.45418165973439484,True
6,online,Host-based,1,1,0.807242206169424,True
6,online,Host-based,2,1,-2.7512758200872294,False
6,online,Host-based,3,1,-2.7801240140759074,False
6,online,Work-proportional,012,3,0.6503454734045915,True
6,online,Work-proportional,013,3,0.7000481778378838,True
6,online,Work-proportional,023,3,-1.078735754525948,False
6,online,Work-proportional,123,3,-1.697338779338578,False
6,online,Work-proportional,01,2,0.5702999338534509,True
6,online,Work-proportional,02,2,-0.13095514377082051,False
6,online,Work-proportional,03,2,-0.22716463218169203,False
6,online,Work-proportional,12,2,-0.5784964940235953,False
6,online,Work-proportional,13,2,-0.8513498381650031,False
6,online,Work-proportional,23,2,-3.4978698255134404,False
6,online,Work-proportional,0,1,0.1878801612730445,True
6,online,Work-proportional,1,1,0.12872444365388058,True
6,online,Work-proportional,2,1,-2.193397410911251,False
6,online,Work-proportional,3,1,-2.3931831622749913,False
6,online,Stand-alone proportional,012,3,0.4003311205792759,True
6,online,Stand-alone proportional,013,3,0.2296423216586212,True
6,online,Stand-alone proportional,023,3,-0.6233046740549777,False
6,online,Stand-alone proportional,123,3,-1.4323496508049702,False
6,online,Stand-alone proportional,01,2,-0.15012027515112697,False
6,online,Stand-alone proportional,02,2,0.07446158387483415,True
6,online,Stand-alone proportional,03,2,-0.24213940788998434,False
6,online,Stand-alone proportional,12,2,-0.563521718315303,False
6,online,Stand-alone proportional,13,2,-1.0567665658106575,False
6,online,Stand-alone proportional,23,2,-2.7774496165088625,False
6,online,Stand-alone proportional,0,1,-0.07710896726056322,False
6,online,Stand-alone proportional,1,1,-0.32670663681708956,False
6,online,Stand-alone proportional,2,1,-1.7229915547319885,False
6,online,Stand-alone proportional,3,1,-2.1431688094496764,False
6,online,Shapley,012,3,-0.4969088640120951,False
6,online,Shapley,013,3,-0.3356680051766068,False
6,online,Shapley,023,3,-0.18952083106866624,False
6,online,Shapley,123,3,-0.4035831823646836,False
6,online,Shapley,01,2,-1.6126705865777258,False
6,online,Shapley,02,2,-0.38899455773022495,False
6,online,Shapley,03,2,-0.3736658917389004,False
6,online,Shapley,12,2,-0.4319952344663873,False
6,online,Shapley,13,2,-0.5933104242055989,False
6,online,Shapley,23,2,-1.314899305082264,False
6,online,Shapley,0,1,-1.10587543570085,False
6,online,Shapley,1,1,-0.7604904798034016,False
6,online,Shapley,2,1,-1.1576812278967608,False
6,online,Shapley,3,1,-1.2459288248583054,False
6,online,Dual (Theorem 3),012,3,-0.6556422887979712,False
6,online,Dual (Theorem 3),013,3,-0.2525729839069286,False
6,online,Dual (Theorem 3),023,3,-0.25022770778371717,False
6,online,Dual (Theorem 3),123,3,-0.2672379021334823,False
6,online,Dual (Theorem 3),01,2,-1.6883089900939081,False
6,online,Dual (Theorem 3),02,2,-0.6084348592311362,False
6,online,Dual (Theorem 3),03,2,-0.3512777471842574,False
6,online,Dual (Theorem 3),12,2,-0.45438337902104586,False
6,online,Dual (Theorem 3),13,2,-0.37387012270470343,False
6,online,Dual (Theorem 3),23,2,-1.2392609015660971,False
6,online,Dual (Theorem 3),0,1,-1.2422207159320675,False
6,online,Dual (Theorem 3),1,1,-0.6997836030883664,False
6,online,Dual (Theorem 3),2,1,-1.2407762491664545,False
6,online,Dual (Theorem 3),3,1,-1.0871954000724449,False
7,hindsight,Origin-based,012,3,0.6794429749686113,True
7,hindsight,Origin-based,013,3,0.5218486284514652,True
7,hindsight,Origin-based,023,3,-1.184700386337361,False
7,hindsight,Origin-based,123,3,-1.609789165409678,False
7,hindsight,Origin-based,01,2,0.3511934176543457,True
7,hindsight,Origin-based,02,2,0.29483875367447243,True
7,hindsight,Origin-based,03,2,-0.4672448742717994,False
7,hindsight,Origin-based,12,2,0.06585924111474806,True
7,hindsight,Origin-based,13,2,-0.8806082672675317,False
7,hindsight,Origin-based,23,2,-3.330621486730793,False
7,hindsight,Origin-based,0,1,0.024492113457421222,True
7,hindsight,Origin-based,1,1,0.09374369544833117,True
7,hindsight,Origin-based,2,1,-1.433109676641446,False
7,hindsight,Origin-based,3,1,-5.008876296266232,False
7,hindsight,Host-based,012,3,1.5259844211860225,True
7,hindsight,Host-based,013,3,0.9505589631756253,True
7,hindsight,Host-based,023,3,-1.9316564155061609,False
7,hindsight,Host-based,123,3,-2.1380849171824496,False
7,hindsight,Host-based,01,2,1.626445198595917,True
7,hindsight,Host-based,02,2,0.3944241707230839,True
7,hindsight,Host-based,03,2,-0.7854905687164389,False
7,hindsight,Host-based,12,2,0.38410493555938774,True
7,hindsight,Host-based,13,2,-0.9801936843161432,False
7,hindsight,Host-based,23,2,-4.605873267672364,False
7,hindsight,Host-based,0,1,0.552787865230193,True
7,hindsight,Host-based,1,1,0.8406997246171309,True
7,hindsight,Host-based,2,1,-1.861820011365606,False
7,hindsight,Host-based,3,1,-5.855417742483643,False
7,hindsight,Work-proportional,012,3,0.8228943742937624,True
7,hindsight,Work-proportional,013,3,0.6195685947256251,True
7,hindsight,Work-proportional,023,3,-1.276694381160901,False
7,hindsight,Work-proportional,123,3,-1.7589665361854485,False
7,hindsight,Work-proportional,01,2,0.5923647832536567,True
7,hindsight,Work-proportional,02,2,0.34629615817608317,True
7,hindsight,Work-proportional,03,2,-0.4615189028211797,False
7,hindsight,Work-proportional,12,2,0.060133269664128575,True
7,hindsight,Work-proportional,13,2,-0.9320656717691422,False
7,hindsight,Work-proportional,23,2,-3.5717928523301037,False
7,hindsight,Work-proportional,0,1,0.17366948423319184,True
7,hindsight,Work-proportional,1,1,0.1857376902718716,True
7,hindsight,Work-proportional,2,1,-1.5308296429156059,False
7,hindsight,Work-proportional,3,1,-5.152327695591382,False
7,hindsight,Stand-alone proportional,012,3,-0.015298993138610717,False
7,hindsight,Stand-alone proportional,013,3,0.6413208941720272,True
7,hindsight,Stand-alone proportional,023,3,-0.7335279145043727,False
7,hindsight,Stand-alone proportional,123,3,-1.485691934856007,False
7,hindsight,Stand-alone proportional,01,2,-0.22407628473231414,False
7,hindsight,Stand-alone proportional,02,2,0.05126925740023891,True
7,hindsight,Stand-alone proportional,03,2,0.10339986328175144,True
7,hindsight,Stand-alone proportional,12,2,-0.5047854964388028,False
7,hindsight,Stand-alone proportional,13,2,-0.6370387709932985,False
7,hindsight,Stand-alone proportional,23,2,-2.755351784344133,False
7,hindsight,Stand-alone proportional,0,1,-0.09960511709625,False
7,hindsight,Stand-alone proportional,1,1,-0.3574287763846574,False
7,hindsight,Stand-alone proportional,2,1,-1.5525819423620082,False
7,hindsight,Stand-alone proportional,3,1,-4.314134328159009,False
7,hindsight,Shapley,012,3,-1.2716479341962301,False
7,hindsight,Shapley,013,3,0.09996989738869311,True
7,hindsight,Shapley,023,3,-0.11105034120007629,False
7,hindsight,Shapley,123,3,-0.31046957031934763,False
7,hindsight,Shapley,01,2,-2.0217762225732683,False
7,hindsight,Shapley,02,2,-0.5826021103530846,False
7,hindsight,Shapley,03,2,0.18452643980271288,True
7,hindsight,Shapley,12,2,-0.5859120729597638,False
7,hindsight,Shapley,13,2,-0.0031674032399742202,False
7,hindsight,Shapley,23,2,-0.957651846503178,False
7,hindsight,Shapley,0,1,-1.2748274816329084,False
7,hindsight,Shapley,1,1,-0.9799063496889533,False
7,hindsight,Shapley,2,1,-1.0112309455786734,False
7,hindsight,Shapley,3,1,-3.0577853871013896,False
7,hindsight,Dual (Theorem 3),012,3,-0.8579319767693998,False
7,hindsight,Dual (Theorem 3),013,3,-0.13573577047967889,False
7,hindsight,Dual (Theorem 3),023,3,-0.2753648873372909,False
7,hindsight,Dual (Theorem 3),123,3,-0.32416531374059065,False
7,hindsight,Dual (Theorem 3),01,2,-1.8437659330148102,False
7,hindsight,Dual (Theorem 3),02,2,-0.33320069906346916,False
7,hindsight,Dual (Theorem 3),03,2,-0.21549377420287374,False
7,hindsight,Dual (Theorem 3),12,2,-0.1858918589541767,False
7,hindsight,Dual (Theorem 3),13,2,-0.25256881452958924,False
7,hindsight,Dual (Theorem 3),23,2,-1.1356621360616366,False
7,hindsight,Dual (Theorem 3),0,1,-1.2611317382116651,False
7,hindsight,Dual (Theorem 3),1,1,-0.8155918035517382,False
7,hindsight,Dual (Theorem 3),2,1,-0.7755252777103012,False
7,hindsight,Dual (Theorem 3),3,1,-3.4715013445282197,False
7,emissions-only,Shapley,012,3,-0.6324093477482013,False
7,emissions-only,Shapley,013,3,-0.11310963142731478,False
7,emissions-only,Shapley,023,3,-0.32412987001608684,False
7,emissions-only,Shapley,123,3,-0.5235490991353595,False
7,emissions-only,Shapley,01,2,-1.595617164941249,False
7,emissions-only,Shapley,02,2,-0.1564430527210645,False
7,emissions-only,Shapley,03,2,-0.24163261782930556,False
7,emissions-only,Shapley,12,2,-0.15975301532774,False
7,emissions-only,Shapley,13,2,-0.42932646087199977,False
7,emissions-only,Shapley,23,2,-1.3838109041352071,False
7,emissions-only,Shapley,0,1,-1.0617479528169014,False
7,emissions-only,Shapley,1,1,-0.7668268208729446,False
7,emissions-only,Shapley,2,1,-0.7981514167626613,False
7,emissions-only,Shapley,3,1,-1.1400696277572981,False
7,emissions-only,Dual (Theorem 3),012,3,-0.8579319767694011,False
7,emissions-only,Dual (Theorem 3),013,3,-0.1357357704796749,False
7,emissions-only,Dual (Theorem 3),023,3,-0.27536488733729136,False
7,emissions-only,Dual (Theorem 3),123,3,-0.3241653137405933,False
7,emissions-only,Dual (Theorem 3),01,2,-1.8437659330148093,False
7,emissions-only,Dual (Theorem 3),02,2,-0.3332006990634693,False
7,emissions-only,Dual (Theorem 3),03,2,-0.21549377420287064,False
7,emissions-only,Dual (Theorem 3),12,2,-0.18589185895417448,False
7,emissions-only,Dual (Theorem 3),13,2,-0.2525688145295941,False
7,emissions-only,Dual (Theorem 3),23,2,-1.1356621360616463,False
7,emissions-only,Dual (Theorem 3),0,1,-1.2611317382116667,False
7,emissions-only,Dual (Theorem 3),1,1,-0.8155918035517395,False
7,emissions-only,Dual (Theorem 3),2,1,-0.7755252777103008,False
7,emissions-only,Dual (Theorem 3),3,1,-0.9145469987360979,False
7,online,Origin-based,012,3,0.6126403145796815,True
7,online,Origin-based,013,3,0.4601650879036181,True
7,online,Origin-based,023,3,-1.233267565383744,False
7,online,Origin-based,123,3,-1.6543409842421202,False
7,online,Origin-based,01,2,0.30535986171817553,True
7,online,Origin-based,02,2,0.14868957101972757,True
7,online,Origin-based,03,2,-0.5031569438068768,False
7,online,Origin-based,12,2,-0.15272742967129305,False
7,online,Origin-based,13,2,-0.9523545577893135,False
7,online,Origin-based,23,2,-3.294895034360024,False
7,online,Origin-based,0,1,0.01416106811193088,True
7,online,Origin-based,1,1,0.03878905162929247,True
7,online,Origin-based,2,1,-1.4668408264539239,False
7,online,Origin-based,3,1,-2.39071414437588,False
7,online,Host-based,012,3,1.4180594646766165,True
7,online,Host-based,013,3,0.869354823189624,True
7,online,Host-based,023,3,-1.9335094536635888,False
7,online,Host-based,123,3,-2.1687079813452144,False
7,online,Host-based,01,2,1.519968747101116,True
7,online,Host-based,02,2,0.2538668328368172,True
7,online,Host-based,03,2,-0.7942090968007167,False
7,online,Host-based,12,2,0.13832472332254753,True
7,online,Host-based,13,2,-1.0575318196064023,False
7,online,Host-based,23,2,-4.509503919742964,False
7,online,Host-based,0,1,0.5285280652150256,True
7,online,Host-based,1,1,0.7390309399091383,True
7,online,Host-based,2,1,-1.876030561739929,False
7,online,Host-based,3,1,-3.1961332944728147,False
7,online,Work-proportional,012,3,0.8544553475019148,True
7,online,Work-proportional,013,3,0.5401162348419422,True
7,online,Work-proportional,023,3,-1.384486425534507,False
7,online,Work-proportional,123,3,-1.8248883039519144,False
7,online,Work-proportional,01,2,0.6271260415787329,True
7,online,Work-proportional,02,2,0.2392857437911977,True
7,online,Work-proportional,03,2,-0.5744246570193154,False
7,online,Work-proportional,12,2,-0.08145971645885419,False
7,online,Work-proportional,13,2,-1.0429507305607837,False
7,online,Work-proportional,23,2,-3.6166612142205814,False
7,online,Work-proportional,0,1,0.18470838782172525,True
7,online,Work-proportional,1,1,0.1900079117800555,True
7,online,Work-proportional,2,1,-1.546791973392248,False
7,online,Work-proportional,3,1,-2.632529177298113,False
7,online,Stand-alone proportional,012,3,0.3777401523925281,True
7,online,Stand-alone proportional,013,3,0.25196491550093336,True
7,online,Stand-alone proportional,023,3,-0.8889402521034349,False
7,online,Stand-alone proportional,123,3,-1.5555679629325918,False
7,online,Stand-alone proportional,01,2,-0.13774047287166213,False
7,online,Stand-alone proportional,02,2,0.2581167221128833,True
7,online,Stand-alone proportional,03,2,-0.367029802929252,False
7,online,Stand-alone proportional,12,2,-0.28885457054891783,False
7,online,Stand-alone proportional,13,2,-1.0617817088824695,False
7,online,Stand-alone proportional,23,2,-2.8517946997701866,False
7,online,Stand-alone proportional,0,1,-0.08461195319759766,False
7,online,Stand-alone proportional,1,1,-0.3055382616510167,False
7,online,Stand-alone proportional,2,1,-1.2586406540512396,False
7,online,Stand-alone proportional,3,1,-2.155813982188727,False
7,online,Shapley,012,3,-0.6436384079952393,False
7,online,Shapley,013,3,-0.19541851264785892,False
7,online,Shapley,023,3,-0.40596186093350184,False
7,online,Shapley,123,3,-0.5697843655659636,False
7,online,Shapley,01,2,-1.6065024614082226,False
7,online,Shapley,02,2,-0.28028344710495134,False
7,online,Shapley,03,2,-0.3314348399081122,False
7,online,Shapley,12,2,-0.3244495335700577,False
7,online,Shapley,13,2,-0.5233815396646344,False
7,online,Shapley,23,2,-1.383032711233625,False
7,online,Shapley,0,1,-1.0703955505642255,False
7,online,Shapley,1,1,-0.7885166528209495,False
7,online,Shapley,2,1,-0.8112572259024464,False
7,online,Shapley,3,1,-1.134435421800959,False
7,online,Dual (Theorem 3),012,3,-0.8263710035612475,False
7,online,Dual (Theorem 3),013,3,-0.21518813036336182,False
7,online,Dual (Theorem 3),023,3,-0.3831569317108965,False
7,online,Dual (Theorem 3),123,3,-0.3900870815070574,False
7,online,Dual (Theorem 3),01,2,-1.8090046746897337,False
7,online,Dual (Theorem 3),02,2,-0.4402111134483546,False
7,online,Dual (Theorem 3),03,2,-0.3283995284010097,False
7,online,Dual (Theorem 3),12,2,-0.32748484507715947,False
7,online,Dual (Theorem 3),13,2,-0.36345387332123114,False
7,online,Dual (Theorem 3),23,2,-1.1805304979521143,False
7,online,Dual (Theorem 3),0,1,-1.2500928346231317,False
7,online,Dual (Theorem 3),1,1,-0.8113215820435543,False
7,online,Dual (Theorem 3),2,1,-0.7914876081869435,False
7,online,Dual (Theorem 3),3,1,-0.9517028262349507,False
8,hindsight,Origin-based,012,3,0.974941731758052,True
8,hindsight,Origin-based,013,3,0.6978723106599993,True
8,hindsight,Origin-based,023,3,-1.204001693877614,False
8,hindsight,Origin-based,123,3,-2.0376052485685676,False
8,hindsight,Origin-based,01,2,0.6645918246475477,True
8,hindsight,Origin-based,02,2,0.5550248754476984,True
8,hindsight,Origin-based,03,2,-0.4816045793207393,False
8,hindsight,Origin-based,12,2,-0.11966508724068792,False
8,hindsight,Origin-based,13,2,-1.2462323018807435,False
8,hindsight,Origin-based,23,2,-3.8638096121196117,False
8,hindsight,Origin-based,0,1,0.039029444091120497,True
8,hindsight,Origin-based,1,1,0.1036516283098683,True
8,hindsight,Origin-based,2,1,-1.4167720268243478,False
8,hindsight,Origin-based,3,1,-3.026890410808951,False
8,hindsight,Host-based,012,3,2.1137690348012432,True
8,hindsight,Host-based,013,3,1.158323784025892,True
8,hindsight,Host-based,023,3,-2.2415283676795967,False
8,hindsight,Host-based,123,3,-2.5993573511756694,False
8,hindsight,Host-based,01,2,2.263870601056632,True
8,hindsight,Host-based,02,2,0.6563255046889073,True
8,hindsight,Host-based,03,2,-1.0586797797568295,False
8,hindsight,Host-based,12,2,0.4574101131954018,True
8,hindsight,Host-based,13,2,-1.3475329311219522,False
8,hindsight,Host-based,23,2,-5.463088388528696,False
8,hindsight,Host-based,0,1,0.6007815466982219,True
8,hindsight,Host-based,1,1,1.1411783021118511,True
8,hindsight,Host-based,2,1,-1.8772235001902404,False
8,hindsight,Host-based,3,1,-4.165717713852143,False
8,hindsight,Work-proportional,012,3,1.2032415356149964,True
8,hindsight,Work-proportional,013,3,0.834200995451849,True
8,hindsight,Work-proportional,023,3,-1.2163054448170088,False
8,hindsight,Work-proportional,123,3,-2.389929986277987,False
8,hindsight,Work-proportional,01,2,1.029220313296348,True
8,hindsight,Work-proportional,02,2,0.7710209283652542,True
8,hindsight,Work-proportional,03,2,-0.35757964546827825,False
8,hindsight,Work-proportional,12,2,-0.24369002109315607,False
8,hindsight,Work-proportional,13,2,-1.462228354798306,False
8,hindsight,Work-proportional,23,2,-4.228438100768419,False
8,hindsight,Work-proportional,0,1,0.3913541818005325,True
8,hindsight,Work-proportional,1,1,0.1159553792492567,True
8,hindsight,Work-proportional,2,1,-1.553100711616204,False
8,hindsight,Work-proportional,3,1,-3.2551902146659017,False
8,hindsight,Stand-alone proportional,012,3,0.5017725799310941,True
8,hindsight,Stand-alone proportional,013,3,0.5240223371898787,True
8,hindsight,Stand-alone proportional,023,3,-0.6538104170367562,False
8,hindsight,Stand-alone proportional,123,3,-1.940777400112366,False
8,hindsight,Stand-alone proportional,01,2,0.017572699350475673,True
8,hindsight,Stand-alone proportional,02,2,0.6320470004616047,True
8,hindsight,Stand-alone proportional,03,2,-0.10526327594999607,False
8,hindsight,Stand-alone proportional,12,2,-0.49600639061143825,False
8,hindsight,Stand-alone proportional,13,2,-1.323254426894656,False
8,hindsight,Stand-alone proportional,23,2,-3.2167904868225463,False
8,hindsight,Stand-alone proportional,0,1,-0.05779840436508746,False
8,hindsight,Stand-alone proportional,1,1,-0.4465396485309957,False
8,hindsight,Stand-alone proportional,2,1,-1.2429220533542338,False
8,hindsight,Stand-alone proportional,3,1,-2.5537212589819998,False
8,hindsight,Shapley,012,3,-0.6889531191785767,False
8,hindsight,Shapley,013,3,0.023572839652338473,True
8,hindsight,Shapley,023,3,-0.28301123508821213,False
8,hindsight,Shapley,123,3,-0.6204013854136994,False
8,hindsight,Shapley,01,2,-1.6736024972967356,False
8,hindsight,Shapley,02,2,-0.1878795166995223,False
8,hindsight,Shapley,03,2,-0.23491359153899216,False
8,hindsight,Shapley,12,2,-0.3663560750224417,False
8,hindsight,Shapley,13,2,-0.503327909733529,False
8,hindsight,Shapley,23,2,-1.5256152901753355,False
8,hindsight,Shapley,0,1,-1.3781744190637548,False
8,hindsight,Shapley,1,1,-0.8173388304795397,False
8,hindsight,Shapley,2,1,-0.7424725558166934,False
8,hindsight,Shapley,3,1,-1.3629955598723287,False
8,hindsight,Dual (Theorem 3),012,3,-0.91555351813535,False
8,hindsight,Dual (Theorem 3),013,3,-0.11459459983075204,False
8,hindsight,Dual (Theorem 3),023,3,-0.2732529446639047,False
8,hindsight,Dual (Theorem 3),123,3,-0.26539183739812344,False
8,hindsight,Dual (Theorem 3),01,2,-2.038370335736606,False
8,hindsight,Dual (Theorem 3),02,2,-0.4047216252319944,False
8,hindsight,Dual (Theorem 3),03,2,-0.36332274059778147,False
8,hindsight,Dual (Theorem 3),12,2,-0.2379469259636462,False
8,hindsight,Dual (Theorem 3),13,2,-0.28648580120105027,False
8,hindsight,Dual (Theorem 3),23,2,-1.1608474517354583,False
8,hindsight,Dual (Theorem 3),0,1,-1.7331839670793239,False
8,hindsight,Dual (Theorem 3),1,1,-0.827097120903841,False
8,hindsight,Dual (Theorem 3),2,1,-0.6043051163335964,False
8,hindsight,Dual (Theorem 3),3,1,-1.1363951609155487,False
8,emissions-only,Shapley,012,3,-0.6889531191785743,False
8,emissions-only,Shapley,013,3,0.023572839652344246,True
8,emissions-only,Shapley,023,3,-0.2830112350881899,False
8,emissions-only,Shapley,123,3,-0.6204013854136852,False
8,emissions-only,Shapley,01,2,-1.6736024972967356,False
8,emissions-only,Shapley,02,2,-0.1878795166995244,False
8,emissions-only,Shapley,03,2,-0.2349135915389855,False
8,emissions-only,Shapley,12,2,-0.36635607502243195,False
8,emissions-only,Shapley,13,2,-0.5033279097335246,False
8,emissions-only,Shapley,23,2,-1.525615290175355,False
8,emissions-only,Shapley,0,1,-1.378174419063757,False
8,emissions-only,Shapley,1,1,-0.8173388304795388,False
8,emissions-only,Shapley,2,1,-0.7424725558166956,False
8,emissions-only,Shapley,3,1,-1.3629955598723384,False
8,emissions-only,Dual (Theorem 3),012,3,-0.9155535181353491,False
8,emissions-only,Dual (Theorem 3),013,3,-0.1145945998307476,False
8,emissions-only,Dual (Theorem 3),023,3,-0.27325294466387984,False
8,emissions-only,Dual (Theorem 3),123,3,-0.26539183739810746,False
8,emissions-only,Dual (Theorem 3),01,2,-2.038370335736609,False
8,emissions-only,Dual (Theorem 3),02,2,-0.40472162523199584,False
8,emissions-only,Dual (Theorem 3),03,2,-0.3633227405977739,False
8,emissions-only,Dual (Theorem 3),12,2,-0.23794692596363642,False
8,emissions-only,Dual (Theorem 3),13,2,-0.28648580120104583,False
8,emissions-only,Dual (Theorem 3),23,2,-1.1608474517354743,False
8,emissions-only,Dual (Theorem 3),0,1,-1.7331839670793272,False
8,emissions-only,Dual (Theorem 3),1,1,-0.827097120903842,False
8,emissions-only,Dual (Theorem 3),2,1,-0.6043051163335968,False
8,emissions-only,Dual (Theorem 3),3,1,-1.1363951609155567,False
8,online,Origin-based,012,3,0.9479294241459393,True
8,online,Origin-based,013,3,0.7218655366967259,True
8,online,Origin-based,023,3,-1.1571457652085515,False
8,online,Origin-based,123,3,-1.989074447823901,False
8,online,Origin-based,01,2,0.6299463403348077,True
8,online,Origin-based,02,2,0.5102422749059987,True
8,online,Origin-based,03,2,-0.5150790422466773,False
8,online,Origin-based,12,2,-0.20175411318122238,False
8,online,Origin-based,13,2,-1.242117266834521,False
8,online,Origin-based,23,2,-3.7673112138236435,False
8,online,Origin-based,0,1,0.02519770225825138,True
8,online,Origin-based,1,1,0.07294074590037947,True
8,online,Origin-based,2,1,-1.4499702970989838,False
8,online,Origin-based,3,1,-2.9164134121033918,False
8,online,Host-based,012,3,2.0881572238562134,True
8,online,Host-based,013,3,1.1125373410705,True
8,online,Host-based,023,3,-2.149637769558647,False
8,online,Host-based,123,3,-2.527482047557852,False
8,online,Host-based,01,2,2.160845944418855,True
8,online,Host-based,02,2,0.6579780702661775,True
8,online,Host-based,03,2,-1.1168992422229995,False
8,online,Host-based,12,2,0.40006608679510025,True
8,online,Host-based,13,2,-1.3898530621946992,False
8,online,Host-based,23,2,-5.298210817907691,False
8,online,Host-based,0,1,0.5636053019922032,True
8,online,Host-based,1,1,1.065432750250475,True
8,online,Host-based,2,1,-1.8406421014727568,False
8,online,Host-based,3,1,-4.056641211813666,False
8,online,Work-proportional,012,3,1.2974403521975078,True
8,online,Work-proportional,013,3,0.8448199089832209,True
8,online,Work-proportional,023,3,-1.2404699076146763,False
8,online,Work-proportional,123,3,-2.378215605755841,False
8,online,Work-proportional,01,2,1.1024116406728712,True
8,online,Work-proportional,02,2,0.776429060551443,True
8,online,Work-proportional,03,2,-0.47544881236630676,False
8,online,Work-proportional,12,2,-0.24138434306159295,False
8,online,Work-proportional,13,2,-1.5083040524799651,False
8,online,Work-proportional,23,2,-4.239776514161708,False
8,online,Work-proportional,0,1,0.4143388601901907,True
8,online,Work-proportional,1,1,0.15626488830650387,True
8,online,Work-proportional,2,1,-1.5729246693854788,False
8,online,Work-proportional,3,1,-3.2659243401549607,False
8,online,Stand-alone proportional,012,3,0.5552663606381743,True
8,online,Stand-alone proportional,013,3,0.5080240241614846,True
8,online,Stand-alone proportional,023,3,-0.6384600059221919,False
8,online,Stand-alone proportional,123,3,-1.9012556310672526,False
8,online,Stand-alone proportional,01,2,0.02344176429180056,True
8,online,Stand-alone proportional,02,2,0.6362649706845926,True
8,online,Stand-alone proportional,03,2,-0.2102347954955599,False
8,online,Stand-alone proportional,12,2,-0.5065983599323394,False
8,online,Stand-alone proportional,13,2,-1.3681399626131143,False
8,online,Stand-alone proportional,23,2,-3.1608066377806363,False
8,online,Stand-alone proportional,0,1,-0.0626211144983966,False
8,online,Stand-alone proportional,1,1,-0.4457450133859796,False
8,online,Stand-alone proportional,2,1,-1.2361287845637419,False
8,online,Stand-alone proportional,3,1,-2.5237503485956263,False
8,online,Shapley,012,3,-0.6461116892797103,False
8,online,Shapley,013,3,0.03627416922327997,True
8,online,Shapley,023,3,-0.26794668231079566,False
8,online,Shapley,123,3,-0.5986410498225601,False
8,online,Shapley,01,2,-1.6496861405642886,False
8,online,Shapley,02,2,-0.19459975562189502,False
8,online,Shapley,03,2,-0.31147132682236744,False
8,online,Shapley,12,2,-0.4053618286055314,False
8,online,Shapley,13,2,-0.5372752363066269,False
8,online,Shapley,23,2,-1.4876787329245467,False
8,online,Shapley,0,1,-1.365235695743089,False
8,online,Shapley,1,1,-0.8162583369973763,False
8,online,Shapley,2,1,-0.7643789296255372,False
8,online,Shapley,3,1,-1.3223722986777418,False
8,online,Dual (Theorem 3),012,3,-0.8213547015528382,False
8,online,Dual (Theorem 3),013,3,-0.10397568629938059,False
8,online,Dual (Theorem 3),023,3,-0.2974174074615723,False
8,online,Dual (Theorem 3),123,3,-0.25367745687597765,False
8,online,Dual (Theorem 3),01,2,-1.9651790083600829,False
8,online,Dual (Theorem 3),02,2,-0.3993134930458053,False
8,online,Dual (Theorem 3),03,2,-0.48119190749581087,False
8,online,Dual (Theorem 3),12,2,-0.23564124793208263,False
8,online,Dual (Theorem 3),13,2,-0.33256149888271036,False
8,online,Dual (Theorem 3),23,2,-1.1721858651287471,False
8,online,Dual (Theorem 3),0,1,-1.7101992886896655,False
8,online,Dual (Theorem 3),1,1,-0.7867876118465938,False
8,online,Dual (Theorem 3),2,1,-0.6241290741028709,False
8,online,Dual (Theorem 3),3,1,-1.147129286404608,False
9,hindsight,Origin-based,012,3,0.8360679174628702,True
9,hindsight,Origin-based,013,3,0.7523440988276755,True
9,hindsight,Origin-based,023,3,-1.6637496217492598,False
9,hindsight,Origin-based,123,3,-2.155816841466457,False
9,hindsight,Origin-based,01,2,0.46416193381086335,True
9,hindsight,Origin-based,02,2,0.5029154458840863,True
9,hindsight,Origin-based,03,2,-0.566088985353784,False
9,hindsight,Origin-based,12,2,0.02030642036061736,True
9,hindsight,Origin-based,13,2,-1.0882383920111884,False
9,hindsight,Origin-based,23,2,-4.5721158275933576,False
9,hindsight,Origin-based,0,1,0.031045642045666205,True
9,hindsight,Origin-based,1,1,0.04561034580327461,True
9,hindsight,Origin-based,2,1,-1.8251687850004863,False
9,hindsight,Origin-based,3,1,-3.373337635050645,False
9,hindsight,Host-based,012,3,1.9860551990253625,True
9,hindsight,Host-based,013,3,1.1028543039528371,True
9,hindsight,Host-based,023,3,-2.7374405429017923,False
9,hindsight,Host-based,123,3,-2.582623407001578,False
9,hindsight,Host-based,01,2,1.964659420498517,True
9,hindsight,Host-based,02,2,0.5792118062940457,True
9,hindsight,Host-based,03,2,-1.289269701381155,False
9,hindsight,Host-based,12,2,0.7434871363879885,True
9,hindsight,Host-based,13,2,-1.1645347524211482,False
9,hindsight,Host-based,23,2,-6.0726133142810115,False
9,hindsight,Host-based,0,1,0.45785220758078715,True
9,hindsight,Host-based,1,1,1.1193012669558071,True
9,hindsight,Host-based,2,1,-2.1756789901256477,False
9,hindsight,Host-based,3,1,-4.523324916613137,False
9,hindsight,Work-proportional,012,3,1.0377407179257634,True
9,hindsight,Work-proportional,013,3,0.8716115921300467,True
9,hindsight,Work-proportional,023,3,-1.731577614503296,False
9,hindsight,Work-proportional,123,3,-2.40892914247767,False
9,hindsight,Work-proportional,01,2,0.7851022275761225,True
9,hindsight,Work-proportional,02,2,0.6367602535929384,True
9,hindsight,Work-proportional,03,2,-0.5146494848054539,False
9,hindsight,Work-proportional,12,2,-0.031133080187707662,False
9,hindsight,Work-proportional,13,2,-1.2220831997200357,False
9,hindsight,Work-proportional,23,2,-4.893056121358612,False
9,hindsight,Work-proportional,0,1,0.28415794305688435,True
9,hindsight,Work-proportional,1,1,0.11343833855731555,True
9,hindsight,Work-proportional,2,1,-1.9444362783028524,False
9,hindsight,Work-proportional,3,1,-3.575010435513533,False
9,hindsight,Stand-alone proportional,012,3,0.5370454882201965,True
9,hindsight,Stand-alone proportional,013,3,0.5897723192203734,True
9,hindsight,Stand-alone proportional,023,3,-1.275577384512275,False
9,hindsight,Stand-alone proportional,123,3,-2.082394869853449,False
9,hindsight,Stand-alone proportional,01,2,0.0025677249608817565,True
9,hindsight,Stand-alone proportional,02,2,0.5920652538783917,True
9,hindsight,Stand-alone proportional,03,2,-0.3404885277241072,False
9,hindsight,Stand-alone proportional,12,2,-0.20529403726905393,False
9,hindsight,Stand-alone proportional,13,2,-1.1773882000054887,False
9,hindsight,Stand-alone proportional,23,2,-4.110521618743371,False
9,hindsight,Stand-alone proportional,0,1,-0.04237632956733624,False
9,hindsight,Stand-alone proportional,1,1,-0.3425618914337046,False
9,hindsight,Stand-alone proportional,2,1,-1.6625970053931785,False
9,hindsight,Stand-alone proportional,3,1,-3.0743152058079657,False
9,hindsight,Shapley,012,3,-0.9273281850197039,False
9,hindsight,Shapley,013,3,-0.10416290682483553,False
9,hindsight,Shapley,023,3,-0.5171116896900481,False
9,hindsight,Shapley,123,3,-0.6825516653905703,False
9,hindsight,Shapley,01,2,-2.1557411743242265,False
9,hindsight,Shapley,02,2,-0.11384272453928057,False
9,hindsight,Shapley,03,2,-0.27595805894708736,False
9,hindsight,Shapley,12,2,-0.2698245060460742,False
9,hindsight,Shapley,13,2,-0.4714802215878171,False
9,hindsight,Shapley,23,2,-1.952212719458264,False
9,hindsight,Shapley,0,1,-1.4422195340302162,False
9,hindsight,Shapley,1,1,-1.1010275862559329,False
9,hindsight,Shapley,2,1,-0.9686617793479706,False
9,hindsight,Shapley,3,1,-1.6099415325680662,False
9,hindsight,Dual (Theorem 3),012,3,-1.293859290681542,False
9,hindsight,Dual (Theorem 3),013,3,-0.18414373841465959,False
9,hindsight,Dual (Theorem 3),023,3,-0.4001690559325466,False
9,hindsight,Dual (Theorem 3),123,3,-0.35298236189642473,False
9,hindsight,Dual (Theorem 3),01,2,-2.602253111575884,False
9,hindsight,Dual (Theorem 3),02,2,-0.3634311964436121,False
9,hindsight,Dual (Theorem 3),03,2,-0.23899625677940506,False
9,hindsight,Dual (Theorem 3),12,2,-0.30678630821376207,False
9,hindsight,Dual (Theorem 3),13,2,-0.22189174968349068,False
9,hindsight,Dual (Theorem 3),23,2,-1.5057007822066106,False
9,hindsight,Dual (Theorem 3),0,1,-1.771788837524367,False
9,hindsight,Dual (Theorem 3),1,1,-1.2179702200134397,False
9,hindsight,Dual (Theorem 3),2,1,-0.8886809477581514,False
9,hindsight,Dual (Theorem 3),3,1,-1.243410426906233,False
9,emissions-only,Shapley,012,3,-0.9273281850197111,False
9,emissions-only,Shapley,013,3,-0.10416290682483575,False
9,emissions-only,Shapley,023,3,-0.5171116896900436,False
9,emissions-only,Shapley,123,3,-0.6825516653905703,False
9,emissions-only,Shapley,01,2,-2.1557411743242323,False
9,emissions-only,Shapley,02,2,-0.11384272453928157,False
9,emissions-only,Shapley,03,2,-0.2759580589470927,False
9,emissions-only,Shapley,12,2,-0.269824506046076,False
9,emissions-only,Shapley,13,2,-0.47148022158781266,False
9,emissions-only,Shapley,23,2,-1.952212719458287,False
9,emissions-only,Shapley,0,1,-1.44221953403022,False
9,emissions-only,Shapley,1,1,-1.1010275862559358,False
9,emissions-only,Shapley,2,1,-0.9686617793479657,False
9,emissions-only,Shapley,3,1,-1.609941532568068,False
9,emissions-only,Dual (Theorem 3),012,3,-1.2938592906815427,False
9,emissions-only,Dual (Theorem 3),013,3,-0.18414373841465803,False
9,emissions-only,Dual (Theorem 3),023,3,-0.4001690559325466,False
9,emissions-only,Dual (Theorem 3),123,3,-0.35298236189643095,False
9,emissions-only,Dual (Theorem 3),01,2,-2.6022531115758807,False
9,emissions-only,Dual (Theorem 3),02,2,-0.3634311964436102,False
9,emissions-only,Dual (Theorem 3),03,2,-0.23899625677941216,False
9,emissions-only,Dual (Theorem 3),12,2,-0.30678630821376207,False
9,emissions-only,Dual (Theorem 3),13,2,-0.22189174968348935,False
9,emissions-only,Dual (Theorem 3),23,2,-1.5057007822066444,False
9,emissions-only,Dual (Theorem 3),0,1,-1.7717888375243656,False
9,emissions-only,Dual (Theorem 3),1,1,-1.2179702200134388,False
9,emissions-only,Dual (Theorem 3),2,1,-0.8886809477581488,False
9,emissions-only,Dual (Theorem 3),3,1,-1.2434104269062418,False
9,online,Origin-based,012,3,0.7526828011137652,True
9,online,Origin-based,013,3,1.1421575741170207,True
9,online,Origin-based,023,3,-1.6288598257769142,False
9,online,Origin-based,123,3,-2.1025418827834574,False
9,online,Origin-based,01,2,0.4794295430867219,True
9,online,Origin-based,02,2,0.26471844020386914,True
9,online,Origin-based,03,2,-0.38907214334570295,False
9,online,Origin-based,12,2,-0.259464501618929,False
9,online,Origin-based,13,2,-0.9009344614566164,False
9,online,Origin-based,23,2,-4.452615898521735,False
9,online,Origin-based,0,1,0.024516674939186897,True
9,online,Origin-based,1,1,0.0441483780805495,True
9,online,Origin-based,2,1,-1.9887180002830869,False
9,online,Origin-based,3,1,-3.0361884200011784,False
9,online,Host-based,012,3,1.7826604808170758,True
9,online,Host-based,013,3,1.542230226631566,True
9,online,Host-based,023,3,-2.6526825045720717,False
9,online,Host-based,123,3,-2.508769536206154,False
9,online,Host-based,01,2,1.9094798753045774,True
9,online,Host-based,02,2,0.27087344111202194,True
9,online,Host-based,03,2,-1.0128221696263155,False
9,online,Host-based,12,2,0.36428552466168407,True
9,online,Host-based,13,2,-0.9070894623647683,False
9,online,Host-based,23,2,-5.8826662307395905,False
9,online,Host-based,0,1,0.43074432836188437,True
9,online,Host-based,1,1,1.0679710568757077,True
9,online,Host-based,2,1,-2.3887906527976317,False
9,online,Host-based,3,1,-4.066166099704488,False
9,online,Work-proportional,012,3,1.1911371735351381,True
9,online,Work-proportional,013,3,1.1177158770885498,True
9,online,Work-proportional,023,3,-1.7487204135670469,False
9,online,Work-proportional,123,3,-2.3966939703862242,False
9,online,Work-proportional,01,2,0.8934422184796231,True
9,online,Work-proportional,02,2,0.5833122248351086,True
9,online,Work-proportional,03,2,-0.5333744281643074,False
9,online,Work-proportional,12,2,-0.11516221680032368,False
9,online,Work-proportional,13,2,-1.219528246087855,False
9,online,Work-proportional,23,2,-4.866628573914635,False
9,online,Work-proportional,0,1,0.31866876254195453,True
9,online,Work-proportional,1,1,0.16400896587068303,True
9,online,Work-proportional,2,1,-1.964276303254615,False
9,online,Work-proportional,3,1,-3.4746427924225505,False
9,online,Stand-alone proportional,012,3,0.6578748525204674,True
9,online,Stand-alone proportional,013,3,0.7831619878720537,True
9,online,Stand-alone proportional,023,3,-1.2443378413541186,False
9,online,Stand-alone proportional,123,3,-2.033260332367986,False
9,online,Stand-alone proportional,01,2,0.02562600824845651,True
9,online,Stand-alone proportional,02,2,0.5544324760333661,True
9,online,Stand-alone proportional,03,2,-0.3635457451678752,False
9,online,Stand-alone proportional,12,2,-0.28499089979675607,False
9,online,Stand-alone proportional,13,2,-1.1906484972861127,False
9,online,Stand-alone proportional,23,2,-3.998812363683469,False
9,online,Stand-alone proportional,0,1,-0.04476487547628375,False
9,online,Stand-alone proportional,1,1,-0.3403736063422453,False
9,online,Stand-alone proportional,2,1,-1.6297224140381192,False
9,online,Stand-alone proportional,3,1,-2.94138047140788,False
9,online,Shapley,012,3,-0.7692431018462798,False
9,online,Shapley,013,3,0.05544031062646404,True
9,online,Shapley,023,3,-0.4865504065236177,False
9,online,Shapley,123,3,-0.6362081355861493,False
9,online,Shapley,01,2,-2.1292136233638805,False
9,online,Shapley,02,2,-0.11489804350288058,False
9,online,Shapley,03,2,-0.3334799875829644,False
9,online,Shapley,12,2,-0.31505665738166666,False
9,online,Shapley,13,2,-0.5213179777498658,False
9,online,Shapley,23,2,-1.8439727320711325,False
9,online,Shapley,0,1,-1.4418170722581203,False
9,online,Shapley,1,1,-1.0981610411727456,False
9,online,Shapley,2,1,-0.9020007367925293,False
9,online,Shapley,3,1,-1.5142625170411326,False
9,online,Dual (Theorem 3),012,3,-1.1404628350721677,False
9,online,Dual (Theorem 3),013,3,0.06196054654384309,True
9,online,Dual (Theorem 3),023,3,-0.4173118549962975,False
9,online,Dual (Theorem 3),123,3,-0.3407471898049783,False
9,online,Dual (Theorem 3),01,2,-2.4939131206723837,False
9,online,Dual (Theorem 3),02,2,-0.4168792252014417,False
9,online,Dual (Theorem 3),03,2,-0.2577212001382585,False
9,online,Dual (Theorem 3),12,2,-0.3908154448263781,False
9,online,Dual (Theorem 3),13,2,-0.2193367960513104,False
9,online,Dual (Theorem 3),23,2,-1.4792732347626343,False
9,online,Dual (Theorem 3),0,1,-1.7372780180392966,False
9,online,Dual (Theorem 3),1,1,-1.1673995927000722,False
9,online,Dual (Theorem 3),2,1,-0.9085209727099142,False
9,online,Dual (Theorem 3),3,1,-1.1430427838152504,False
10,hindsight,Origin-based,012,3,0.41267112657822524,True
10,hindsight,Origin-based,013,3,0.5809639662101509,True
10,hindsight,Origin-based,023,3,-1.0904371842259832,False
10,hindsight,Origin-based,123,3,-1.4652405738110574,False
10,hindsight,Origin-based,01,2,0.3172872697600532,True
10,hindsight,Origin-based,02,2,0.24202471506730389,True
10,hindsight,Origin-based,03,2,-0.08652830145014989,False
10,hindsight,Origin-based,12,2,-0.14944646455999822,False
10,hindsight,Origin-based,13,2,-0.48624907691077723,False
10,hindsight,Origin-based,23,2,-3.1689973687395088,False
10,hindsight,Origin-based,0,1,0.009959553176045799,True
10,hindsight,Origin-based,1,1,0.05026679310735771,True
10,hindsight,Origin-based,2,1,-1.8268325292282421,False
10,hindsight,Origin-based,3,1,-1.987649763455987,False
10,hindsight,Host-based,012,3,1.0910510899155907,True
10,hindsight,Host-based,013,3,1.0028758788621497,True
10,hindsight,Host-based,023,3,-1.8580327421788387,False
10,hindsight,Host-based,123,3,-1.797936891847566,False
10,hindsight,Host-based,01,2,1.4175791457494176,True
10,hindsight,Host-based,02,2,0.15280912045181377,True
10,hindsight,Host-based,03,2,-0.4322119467510066,False
10,hindsight,Host-based,12,2,0.1962371807408585,True
10,hindsight,Host-based,13,2,-0.39703348229528723,False
10,hindsight,Host-based,23,2,-4.269289244728873,False
10,hindsight,Host-based,0,1,0.3426558712125545,True
10,hindsight,Host-based,1,1,0.8178623510602132,True
10,hindsight,Host-based,2,1,-2.2487444418802407,False
10,hindsight,Host-based,3,1,-2.6660297267933526,False
10,hindsight,Work-proportional,012,3,0.6044761582667673,True
10,hindsight,Work-proportional,013,3,0.5429220252326561,True
10,hindsight,Work-proportional,023,3,-1.0874401290140356,False
10,hindsight,Work-proportional,123,3,-1.6220007197340491,False
10,hindsight,Work-proportional,01,2,0.4710503604710993,True
10,hindsight,Work-proportional,02,2,0.4368268019677924,True
10,hindsight,Work-proportional,03,2,-0.12157318721569821,False
10,hindsight,Work-proportional,12,2,-0.11440157879444879,False
10,hindsight,Work-proportional,13,2,-0.6810511638112646,False
10,hindsight,Work-proportional,23,2,-3.3227604594505538,False
10,hindsight,Work-proportional,0,1,0.16671969909903836,True
10,hindsight,Work-proportional,1,1,0.04726973789541128,True
10,hindsight,Work-proportional,2,1,-1.7887905882507462,False
10,hindsight,Work-proportional,3,1,-2.179454795144528,False
10,hindsight,Stand-alone proportional,012,3,0.4099254622768156,True
10,hindsight,Stand-alone proportional,013,3,0.22924589637236892,True
10,hindsight,Stand-alone proportional,023,3,-0.785511938089638,False
10,hindsight,Stand-alone proportional,123,3,-1.4157020858082063,False
10,hindsight,Stand-alone proportional,01,2,-0.03717646437913974,False
10,hindsight,Stand-alone proportional,02,2,0.5442042969022378,True
10,hindsight,Stand-alone proportional,03,2,-0.13332112515158845,False
10,hindsight,Stand-alone proportional,12,2,-0.10265364085855833,False
10,hindsight,Stand-alone proportional,13,2,-0.7884286587457097,False
10,hindsight,Stand-alone proportional,23,2,-2.8145336346003145,False
10,hindsight,Stand-alone proportional,0,1,-0.03957893482680362,False
10,hindsight,Stand-alone proportional,1,1,-0.2546584530289858,False
10,hindsight,Stand-alone proportional,2,1,-1.4751144593904586,False
10,hindsight,Stand-alone proportional,3,1,-1.984904099154576,False
10,hindsight,Shapley,012,3,-0.5507214189511473,False
10,hindsight,Shapley,013,3,-0.27402784297590954,False
10,hindsight,Shapley,023,3,-0.30292702806788574,False
10,hindsight,Shapley,123,3,-0.4343663752537177,False
10,hindsight,Shapley,01,2,-1.501097084955381,False
10,hindsight,Shapley,02,2,0.06614232569602735,True
10,hindsight,Shapley,03,2,-0.15400995447811416,False
10,hindsight,Shapley,12,2,-0.08196481153203239,False
10,hindsight,Shapley,13,2,-0.31036668753949925,False
10,hindsight,Shapley,23,2,-1.350613014024073,False
10,hindsight,Shapley,0,1,-1.0209146453812925,False
10,hindsight,Shapley,1,1,-0.7372433630507383,False
10,hindsight,Shapley,2,1,-0.9718407200421804,False
10,hindsight,Shapley,3,1,-1.0242572179266132,False
10,hindsight,Dual (Theorem 3),012,3,-0.8029871624872238,False
10,hindsight,Dual (Theorem 3),013,3,-0.25774551209259244,False
10,hindsight,Dual (Theorem 3),023,3,-0.26948060449402833,False
10,hindsight,Dual (Theorem 3),123,3,-0.23182938617481774,False
10,hindsight,Dual (Theorem 3),01,2,-1.7370804976081398,False
10,hindsight,Dual (Theorem 3),02,2,-0.15267699426619114,False
10,hindsight,Dual (Theorem 3),03,2,-0.10428120002093921,False
10,hindsight,Dual (Theorem 3),12,2,-0.13169356598920823,False
10,hindsight,Dual (Theorem 3),13,2,-0.09154736757728177,False
10,hindsight,Dual (Theorem 3),23,2,-1.1146296013713153,False
10,hindsight,Dual (Theorem 3),0,1,-1.2234516344601931,False
10,hindsight,Dual (Theorem 3),1,1,-0.7706897866245963,False
10,hindsight,Dual (Theorem 3),2,1,-0.9881230509254981,False
10,hindsight,Dual (Theorem 3),3,1,-0.7719914743905374,False
10,emissions-only,Shapley,012,3,-0.5507214189511511,False
10,emissions-only,Shapley,013,3,-0.2740278429759093,False
10,emissions-only,Shapley,023,3,-0.30292702806789373,False
10,emissions-only,Shapley,123,3,-0.43436637525373145,False
10,emissions-only,Shapley,01,2,-1.501097084955387,False
10,emissions-only,Shapley,02,2,0.06614232569602174,True
10,emissions-only,Shapley,03,2,-0.15400995447811683,False
10,emissions-only,Shapley,12,2,-0.08196481153203417,False
10,emissions-only,Shapley,13,2,-0.31036668753950014,False
10,emissions-only,Shapley,23,2,-1.3506130140240717,False
10,emissions-only,Shapley,0,1,-1.0209146453812976,False
10,emissions-only,Shapley,1,1,-0.7372433630507405,False
10,emissions-only,Shapley,2,1,-0.971840720042175,False
10,emissions-only,Shapley,3,1,-1.024257217926614,False
10,emissions-only,Dual (Theorem 3),012,3,-0.8029871624872218,False
10,emissions-only,Dual (Theorem 3),013,3,-0.25774551209259133,False
10,emissions-only,Dual (Theorem 3),023,3,-0.26948060449403766,False
10,emissions-only,Dual (Theorem 3),123,3,-0.23182938617483817,False
10,emissions-only,Dual (Theorem 3),01,2,-1.7370804976081387,False
10,emissions-only,Dual (Theorem 3),02,2,-0.15267699426619186,False
10,emissions-only,Dual (Theorem 3),03,2,-0.10428120002094166,False
10,emissions-only,Dual (Theorem 3),12,2,-0.13169356598921023,False
10,emissions-only,Dual (Theorem 3),13,2,-0.09154736757728754,False
10,emissions-only,Dual (Theorem 3),23,2,-1.1146296013713215,False
10,emissions-only,Dual (Theorem 3),0,1,-1.223451634460192,False
10,emissions-only,Dual (Theorem 3),1,1,-0.7706897866245976,False
10,emissions-only,Dual (Theorem 3),2,1,-0.9881230509254941,False
10,emissions-only,Dual (Theorem 3),3,1,-0.7719914743905445,False
10,online,Origin-based,012,3,0.39375356638594206,True
10,online,Origin-based,013,3,0.7166619621964698,True
10,online,Origin-based,023,3,-1.0730856578964993,False
10,online,Origin-based,123,3,-1.4214621152574787,False
10,online,Origin-based,01,2,0.32679682146510064,True
10,online,Origin-based,02,2,0.206771292333624,True
10,online,Origin-based,03,2,-0.0846608109720175,False
10,online,Origin-based,12,2,-0.2316556352420902,False
10,online,Origin-based,13,2,-0.42431538236209665,False
10,online,Origin-based,23,2,-3.1066560978888593,False
10,online,Origin-based,0,1,0.0017639983368988033,True
10,online,Origin-based,1,1,0.03513239550588576,True
10,online,Origin-based,2,1,-1.8814514793364334,False
10,online,Origin-based,3,1,-1.8762121374121628,False
10,online,Host-based,012,3,0.9876447945108203,True
10,online,Host-based,013,3,1.1852480003710073,True
10,online,Host-based,023,3,-1.8111729507983267,False
10,online,Host-based,123,3,-1.7458520886550692,False
10,online,Host-based,01,2,1.3892740877645169,True
10,online,Host-based,02,2,0.06257522755667544,True
10,online,Host-based,03,2,-0.35416206569930697,False
10,online,Host-based,12,2,0.03784561948519838,True
10,online,Host-based,13,2,-0.28011931758514885,False
10,online,Host-based,23,2,-4.169133364188276,False
10,online,Host-based,0,1,0.3261539717344883,True
10,online,Host-based,1,1,0.7732196884077125,True
10,online,Host-based,2,1,-2.3500375175109713,False
10,online,Host-based,3,1,-2.4701033655370415,False
10,online,Work-proportional,012,3,0.6541413818587679,True
10,online,Work-proportional,013,3,0.6686709063524834,True
10,online,Work-proportional,023,3,-1.099040543405562,False
10,online,Work-proportional,123,3,-1.607903989377255,False
10,online,Work-proportional,01,2,0.5391935810939397,True
10,online,Work-proportional,02,2,0.4412042222973872,True
10,online,Work-proportional,03,2,-0.1586067523250667,False
10,online,Work-proportional,12,2,-0.1577096938890412,False
10,online,Work-proportional,13,2,-0.65874831232586,False
10,online,Work-proportional,23,2,-3.3190528575176983,False
10,online,Work-proportional,0,1,0.1882058724566753,True
10,online,Work-proportional,1,1,0.0610872810149482,True
10,online,Work-proportional,2,1,-1.8334604234924468,False
10,online,Work-proportional,3,1,-2.136599952884988,False
10,online,Stand-alone proportional,012,3,0.4556306582681201,True
10,online,Stand-alone proportional,013,3,0.30680242242713573,True
10,online,Stand-alone proportional,023,3,-0.769473331295842,False
10,online,Stand-alone proportional,123,3,-1.3770919939709794,False
10,online,Stand-alone proportional,01,2,-0.02118562642205568,False
10,online,Stand-alone proportional,02,2,0.5722607108164591,True
10,online,Stand-alone proportional,03,2,-0.19090802414069463,False
10,online,Stand-alone proportional,12,2,-0.12540842207341307,False
10,online,Stand-alone proportional,13,2,-0.7898048008449317,False
10,online,Stand-alone proportional,23,2,-2.758673650001703,False
10,online,Stand-alone proportional,0,1,-0.0426061229496004,False
10,online,Stand-alone proportional,1,1,-0.2684799310947714,False
10,online,Stand-alone proportional,2,1,-1.471591939567099,False
10,online,Stand-alone proportional,3,1,-1.9380892292943406,False
10,online,Shapley,012,3,-0.4946441508338729,False
10,online,Shapley,013,3,-0.20043635919733616,False
10,online,Shapley,023,3,-0.28767910686883624,False
10,online,Shapley,123,3,-0.4013726276715195,False
10,online,Shapley,01,2,-1.478699217148521,False
10,online,Shapley,02,2,0.10378012614147158,True
10,online,Shapley,03,2,-0.21635258133816104,False
10,online,Shapley,12,2,-0.09996386487594644,False
10,online,Shapley,13,2,-0.3213242161699439,False
10,online,Shapley,23,2,-1.3011600592752375,False
10,online,Shapley,0,1,-1.01832548924906,False
10,online,Shapley,1,1,-0.7502741555217769,False
10,online,Shapley,2,1,-0.964353157942627,False
10,online,Shapley,3,1,-0.9878144201923473,False
10,online,Dual (Theorem 3),012,3,-0.7533219388952234,False
10,online,Dual (Theorem 3),013,3,-0.13199663097276537,False
10,online,Dual (Theorem 3),023,3,-0.2810810188855548,False
10,online,Dual (Theorem 3),123,3,-0.21773265581802415,False
10,online,Dual (Theorem 3),01,2,-1.6689372769852997,False
10,online,Dual (Theorem 3),02,2,-0.14829957393659632,False
10,online,Dual (Theorem 3),03,2,-0.14131476513030772,False
10,online,Dual (Theorem 3),12,2,-0.17500168108380065,False
10,online,Dual (Theorem 3),13,2,-0.06924451609187665,False
10,online,Dual (Theorem 3),23,2,-1.1109219994384594,False
10,online,Dual (Theorem 3),0,1,-1.2019654611025563,False
10,online,Dual (Theorem 3),1,1,-0.7568722435050594,False
10,online,Dual (Theorem 3),2,1,-1.0327928861671987,False
10,online,Dual (Theorem 3),3,1,-0.7291366321309978,False
11,hindsight,Origin-based,012,3,0.6100989158608634,True
11,hindsight,Origin-based,013,3,0.6124610606353276,True
11,hindsight,Origin-based,023,3,-0.9818635612822373,False
11,hindsight,Origin-based,123,3,-1.5803956307995946,False
11,hindsight,Origin-based,01,2,0.46324249244032384,True
11,hindsight,Origin-based,02,2,0.3258918557363173,True
11,hindsight,Origin-based,03,2,-0.061072645579932416,False
11,hindsight,Origin-based,12,2,-0.21650293004827947,False
11,hindsight,Origin-based,13,2,-0.6219517751289136,False
11,hindsight,Origin-based,23,2,-2.9732268265367265,False
11,hindsight,Origin-based,0,1,0.008635574696590001,True
11,hindsight,Origin-based,1,1,0.089289403403078,True
11,hindsight,Origin-based,2,1,-1.7822581327872629,False
11,hindsight,Origin-based,3,1,-1.8817198421580188,False
11,hindsight,Host-based,012,3,1.256151358513223,True
11,hindsight,Host-based,013,3,1.0750365964131103,True
11,hindsight,Host-based,023,3,-1.7436070655202314,False
11,hindsight,Host-based,123,3,-1.9272801049917425,False
11,hindsight,Host-based,01,2,1.5718704708704658,True
11,hindsight,Host-based,02,2,0.2102007941506825,True
11,hindsight,Host-based,03,2,-0.36024061404014396,False
11,hindsight,Host-based,12,2,0.08266503841193207,True
11,hindsight,Host-based,13,2,-0.5062607135432793,False
11,hindsight,Host-based,23,2,-4.081854804966868,False
11,hindsight,Host-based,0,1,0.3555200488887379,True
11,hindsight,Host-based,1,1,0.8510329076410721,True
11,hindsight,Host-based,2,1,-2.2448336685650454,False
11,hindsight,Host-based,3,1,-2.527772284810378,False
11,hindsight,Work-proportional,012,3,0.7477681029841816,True
11,hindsight,Work-proportional,013,3,0.575445606306431,True
11,hindsight,Work-proportional,023,3,-0.8944960082314748,False
11,hindsight,Work-proportional,123,3,-1.7684169166447763,False
11,hindsight,Work-proportional,01,2,0.5638962252347446,True
11,hindsight,Work-proportional,02,2,0.5509285959103973,True
11,hindsight,Work-proportional,03,2,-0.010720546858067115,False
11,hindsight,Work-proportional,12,2,-0.2668550287701441,False
11,hindsight,Work-proportional,13,2,-0.8469885153029932,False
11,hindsight,Work-proportional,23,2,-3.0738805593311462,False
11,hindsight,Work-proportional,0,1,0.19665686054177278,True
11,hindsight,Work-proportional,1,1,0.001921850352316068,True
11,hindsight,Work-proportional,2,1,-1.7452426784583657,False
11,hindsight,Work-proportional,3,1,-2.019389029281336,False
11,hindsight,Stand-alone proportional,012,3,0.5183772471575003,True
11,hindsight,Stand-alone proportional,013,3,0.2451603900416386,True
11,hindsight,Stand-alone proportional,023,3,-0.569931643066496,False
11,hindsight,Stand-alone proportional,123,3,-1.5333052097182795,False
11,hindsight,Stand-alone proportional,01,2,0.004220153143270511,True
11,hindsight,Stand-alone proportional,02,2,0.6461021052486942,True
11,hindsight,Stand-alone proportional,03,2,-0.016441397957881465,False
11,hindsight,Stand-alone proportional,12,2,-0.2611341776703291,False
11,hindsight,Stand-alone proportional,13,2,-0.9421620246412894,False
11,hindsight,Stand-alone proportional,23,2,-2.5142044872396716,False
11,hindsight,Stand-alone proportional,0,1,-0.03845484638472337,False
11,hindsight,Stand-alone proportional,1,1,-0.3226425148126619,False
11,hindsight,Stand-alone proportional,2,1,-1.4149574621935725,False
11,hindsight,Stand-alone proportional,3,1,-1.7899981734546544,False
11,hindsight,Shapley,012,3,-0.38738474382159316,False
11,hindsight,Shapley,013,3,-0.22058718644888442,False
11,hindsight,Shapley,023,3,-0.24485014097851066,False
11,hindsight,Shapley,123,3,-0.48687714433664864,False
11,hindsight,Shapley,01,2,-1.367289414326346,False
11,hindsight,Shapley,02,2,0.06542161635758603,True
11,hindsight,Shapley,03,2,-0.1571074723604191,False
11,hindsight,Shapley,12,2,-0.12046810326779145,False
11,hindsight,Shapley,13,2,-0.36148153575018105,False
11,hindsight,Shapley,23,2,-1.1426949197700553,False
11,hindsight,Shapley,0,1,-1.0848829117663545,False
11,hindsight,Shapley,1,1,-0.6477240169006472,False
11,hindsight,Shapley,2,1,-0.9492098857030495,False
11,hindsight,Shapley,3,1,-0.8842361824755609,False
11,hindsight,Dual (Theorem 3),012,3,-0.6580952362410102,False
11,hindsight,Dual (Theorem 3),013,3,-0.22960105601296865,False
11,hindsight,Dual (Theorem 3),023,3,-0.22060833214803832,False
11,hindsight,Dual (Theorem 3),123,3,-0.23139459118362282,False
11,hindsight,Dual (Theorem 3),01,2,-1.6470137763098465,False
11,hindsight,Dual (Theorem 3),02,2,-0.18104706723135777,False
11,hindsight,Dual (Theorem 3),03,2,-0.14187953309403012,False
11,hindsight,Dual (Theorem 3),12,2,-0.13569604253418133,False
11,hindsight,Dual (Theorem 3),13,2,-0.11501285216123858,False
11,hindsight,Dual (Theorem 3),23,2,-0.8629705577865554,False
11,hindsight,Dual (Theorem 3),0,1,-1.3403654649193817,False
11,hindsight,Dual (Theorem 3),1,1,-0.6719658257311206,False
11,hindsight,Dual (Theorem 3),2,1,-0.9401960161389662,False
11,hindsight,Dual (Theorem 3),3,1,-0.6135256900561448,False
11,emissions-only,Shapley,012,3,-0.3873847438215898,False
11,emissions-only,Shapley,013,3,-0.22058718644888997,False
11,emissions-only,Shapley,023,3,-0.24485014097850444,False
11,emissions-only,Shapley,123,3,-0.48687714433664375,False
11,emissions-only,Shapley,01,2,-1.3672894143263403,False
11,emissions-only,Shapley,02,2,0.0654216163575837,True
11,emissions-only,Shapley,03,2,-0.15710747236042155,False
11,emissions-only,Shapley,12,2,-0.12046810326779611,False
11,emissions-only,Shapley,13,2,-0.3614815357501828,False
11,emissions-only,Shapley,23,2,-1.1426949197700527,False
11,emissions-only,Shapley,0,1,-1.0848829117663532,False
11,emissions-only,Shapley,1,1,-0.6477240169006442,False
11,emissions-only,Shapley,2,1,-0.9492098857030573,False
11,emissions-only,Shapley,3,1,-0.88423618247556,False
11,emissions-only,Dual (Theorem 3),012,3,-0.6580952362410077,False
11,emissions-only,Dual (Theorem 3),013,3,-0.22960105601297776,False
11,emissions-only,Dual (Theorem 3),023,3,-0.22060833214802855,False
11,emissions-only,Dual (Theorem 3),123,3,-0.2313945911836166,False
11,emissions-only,Dual (Theorem 3),01,2,-1.6470137763098451,False
11,emissions-only,Dual (Theorem 3),02,2,-0.18104706723135744,False
11,emissions-only,Dual (Theorem 3),03,2,-0.14187953309403256,False
11,emissions-only,Dual (Theorem 3),12,2,-0.135696042534186,False
11,emissions-only,Dual (Theorem 3),13,2,-0.11501285216124302,False
11,emissions-only,Dual (Theorem 3),23,2,-0.8629705577865483,False
11,emissions-only,Dual (Theorem 3),0,1,-1.3403654649193812,False
11,emissions-only,Dual (Theorem 3),1,1,-0.6719658257311211,False
11,emissions-only,Dual (Theorem 3),2,1,-0.9401960161389704,False
11,emissions-only,Dual (Theorem 3),3,1,-0.613525690056143,False
11,online,Origin-based,012,3,0.47903027738360127,True
11,online,Origin-based,013,3,0.7719801180079935,True
11,online,Origin-based,023,3,-0.8586605717784077,False
11,online,Origin-based,123,3,-1.4809847499096849,False
11,online,Origin-based,01,2,0.42347541202266464,True
11,online,Origin-based,02,2,0.26850582082092833,True
11,online,Origin-based,03,2,-0.016836610047047618,False
11,online,Origin-based,12,2,-0.40267910171907806,False
11,online,Origin-based,13,2,-0.5844266363713304,False
11,online,Origin-based,23,2,-2.804999777597674,False
11,online,Origin-based,0,1,-0.002002130554027301,False
11,online,Origin-based,1,1,0.04161131810213692,True
11,online,Origin-based,2,1,-1.8387089050782413,False
11,online,Origin-based,3,1,-1.7339807163378025,False
11,online,Host-based,012,3,1.062007220985926,True
11,online,Host-based,013,3,1.2785540089524454,True
11,online,Host-based,023,3,-1.6164511807100057,False
11,online,Host-based,123,3,-1.8127449755248617,False
11,online,Host-based,01,2,1.5130262465694406,True
11,online,Host-based,02,2,0.09369215549165444,True
11,online,Host-based,03,2,-0.2680533280341939,False
11,online,Host-based,12,2,-0.1514623837319311,False
11,online,Host-based,13,2,-0.4096129710420562,False
11,online,Host-based,23,2,-3.8945506121444495,False
11,online,Host-based,0,1,0.3297580950611504,True
11,online,Host-based,1,1,0.7994019270337352,True
11,online,Host-based,2,1,-2.3452827960226927,False
11,online,Host-based,3,1,-2.3169576599401265,False
11,online,Work-proportional,012,3,0.7853082357401591,True
11,online,Work-proportional,013,3,0.6800998585764291,True
11,online,Work-proportional,023,3,-0.852068031579639,False
11,online,Work-proportional,123,3,-1.7019749890334452,False
11,online,Work-proportional,01,2,0.6378731109476574,True
11,online,Work-proportional,02,2,0.5813763193762544,True
11,online,Work-proportional,03,2,-0.10212432927984372,False
11,online,Work-proportional,12,2,-0.3173913824862815,False
11,online,Work-proportional,13,2,-0.8972971349266561,False
11,online,Work-proportional,23,2,-3.0193974765226668,False
11,online,Work-proportional,0,1,0.218988108569734,True
11,online,Work-proportional,1,1,0.03501877790336849,True
11,online,Work-proportional,2,1,-1.7468286456466764,False
11,online,Work-proportional,3,1,-2.0402586746943596,False
11,online,Stand-alone proportional,012,3,0.5224134683929651,True
11,online,Stand-alone proportional,013,3,0.32047040675579797,True
11,online,Stand-alone proportional,023,3,-0.49110225871618907,False
11,online,Stand-alone proportional,123,3,-1.4404165427290705,False
11,online,Stand-alone proportional,01,2,0.015348891779832508,True
11,online,Stand-alone proportional,02,2,0.6794473248925106,True
11,online,Stand-alone proportional,03,2,-0.10078800823702472,False
11,online,Stand-alone proportional,12,2,-0.3187277035291003,False
11,online,Stand-alone proportional,13,2,-0.9953681404429122,False
11,online,Stand-alone proportional,23,2,-2.3968732573548417,False
11,online,Stand-alone proportional,0,1,-0.04257033773464108,False
11,online,Stand-alone proportional,1,1,-0.3259469949600814,False
11,online,Stand-alone proportional,2,1,-1.3871991938260453,False
11,online,Stand-alone proportional,3,1,-1.7773639073471659,False
11,online,Shapley,012,3,-0.36290002448762726,False
11,online,Shapley,013,3,-0.1246611993981408,False
11,online,Shapley,023,3,-0.1890577961242692,False
11,online,Shapley,123,3,-0.41201590628646034,False
11,online,Shapley,01,2,-1.3150962072546983,False
11,online,Shapley,02,2,0.09617829460383831,True
11,online,Shapley,03,2,-0.24387515179904318,False
11,online,Shapley,12,2,-0.17564055996708228,False
11,online,Shapley,13,2,-0.4120991101542404,False
11,online,Shapley,23,2,-1.0664281583203108,False
11,online,Shapley,0,1,-1.0709709741772515,False
11,online,Shapley,1,1,-0.6279914575520017,False
11,online,Shapley,2,1,-0.942067587672107,False
11,online,Shapley,3,1,-0.8920504144665737,False
11,online,Dual (Theorem 3),012,3,-0.6205551034850327,False
11,online,Dual (Theorem 3),013,3,-0.12494680374297085,False
11,online,Dual (Theorem 3),023,3,-0.17818035549620292,False
11,online,Dual (Theorem 3),123,3,-0.16495266357229177,False
11,online,Dual (Theorem 3),01,2,-1.5730368905969336,False
11,online,Dual (Theorem 3),02,2,-0.15059934376550066,False
11,online,Dual (Theorem 3),03,2,-0.23328331551580672,False
11,online,Dual (Theorem 3),12,2,-0.18623239625031895,False
11,online,Dual (Theorem 3),13,2,-0.16532147178490186,False
11,online,Dual (Theorem 3),23,2,-0.8084874749780759,False
11,online,Dual (Theorem 3),0,1,-1.3180342168914203,False
11,online,Dual (Theorem 3),1,1,-0.6388688981800682,False
11,online,Dual (Theorem 3),2,1,-0.9417819833272771,False
11,online,Dual (Theorem 3),3,1,-0.6343953354691685,False
12,hindsight,Origin-based,012,3,0.39244665841819004,True
12,hindsight,Origin-based,013,3,0.42219612623668445,True
12,hindsight,Origin-based,023,3,-0.9259536319565338,False
12,hindsight,Origin-based,123,3,-1.204599544286785,False
12,hindsight,Origin-based,01,2,0.2634808445421045,True
12,hindsight,Origin-based,02,2,0.14423772890454756,True
12,hindsight,Origin-based,03,2,-0.048215887682943936,False
12,hindsight,Origin-based,12,2,-0.1512097044220848,False
12,hindsight,Origin-based,13,2,-0.3422596645774987,False
12,hindsight,Origin-based,23,2,-2.682536934532405,False
12,hindsight,Origin-based,0,1,0.01290953591964629,True
12,hindsight,Origin-based,1,1,0.07411779770571547,True
12,hindsight,Origin-based,2,1,-1.4689909224109976,False
12,hindsight,Origin-based,3,1,-1.658263325120556,False
12,hindsight,Host-based,012,3,0.9117011993471713,True
12,hindsight,Host-based,013,3,0.824275139628365,True
12,hindsight,Host-based,023,3,-1.4954141345811154,False
12,hindsight,Host-based,123,3,-1.5564725959828642,False
12,hindsight,Host-based,01,2,1.184814398862766,True
12,hindsight,Host-based,02,2,0.09403176720894701,True
12,hindsight,Host-based,03,2,-0.21559737691584502,False
12,hindsight,Host-based,12,2,0.016171784810816714,True
12,hindsight,Host-based,13,2,-0.2920537028818979,False
12,hindsight,Host-based,23,2,-3.603870488853066,False
12,hindsight,Host-based,0,1,0.364782587615726,True
12,hindsight,Host-based,1,1,0.6435783003302973,True
12,hindsight,Host-based,2,1,-1.8710699358026777,False
12,hindsight,Host-based,3,1,-2.177517866049537,False
12,hindsight,Work-proportional,012,3,0.48281920421504787,True
12,hindsight,Work-proportional,013,3,0.45273645472620516,True
12,hindsight,Work-proportional,023,3,-0.9273626540666906,False
12,hindsight,Work-proportional,123,3,-1.3241033964630142,False
12,hindsight,Work-proportional,01,2,0.3843937188284856,True
12,hindsight,Work-proportional,02,2,0.23320125259125113,True
12,hindsight,Work-proportional,03,2,-0.019084581303577375,False
12,hindsight,Work-proportional,12,2,-0.18034101080145382,False
12,hindsight,Work-proportional,13,2,-0.4312231882642048,False
12,hindsight,Work-proportional,23,2,-2.803449808818789,False
12,hindsight,Work-proportional,0,1,0.1324133880958732,True
12,hindsight,Work-proportional,1,1,0.07552681981586978,True
12,hindsight,Work-proportional,2,1,-1.4995312509005208,False
12,hindsight,Work-proportional,3,1,-1.7486358709174163,False
12,hindsight,Stand-alone proportional,012,3,0.3160770485085611,True
12,hindsight,Stand-alone proportional,013,3,0.17140113095708842,True
12,hindsight,Stand-alone proportional,023,3,-0.6544958451967948,False
12,hindsight,Stand-alone proportional,123,3,-1.1488927258573067,False
12,hindsight,Stand-alone proportional,01,2,-0.06368376064711781,False
12,hindsight,Stand-alone proportional,02,2,0.33932590575466015,True
12,hindsight,Stand-alone proportional,03,2,-0.02755309620279811,False
12,hindsight,Stand-alone proportional,12,2,-0.17187249590223308,False
12,hindsight,Stand-alone proportional,13,2,-0.5373478414276138,False
12,hindsight,Stand-alone proportional,23,2,-2.3553723293431856,False
12,hindsight,Stand-alone proportional,0,1,-0.042797282509834465,False
12,hindsight,Stand-alone proportional,1,1,-0.19733998905402605,False
12,hindsight,Stand-alone proportional,2,1,-1.2181959271314042,False
12,hindsight,Stand-alone proportional,3,1,-1.5818937152109296,False
12,hindsight,Shapley,012,3,-0.4248904055530329,False
12,hindsight,Shapley,013,3,-0.2780493633136998,False
12,hindsight,Shapley,023,3,-0.25252623113819705,False
12,hindsight,Shapley,123,3,-0.3604443915835227,False
12,hindsight,Shapley,01,2,-1.2541017089795,False
12,hindsight,Shapley,02,2,0.00032806575166421936,True
12,hindsight,Shapley,03,2,-0.07503397641498832,False
12,hindsight,Shapley,12,2,-0.12439161569004298,False
12,hindsight,Shapley,13,2,-0.19835000142461823,False
12,hindsight,Shapley,23,2,-1.1649543810108036,False
12,hindsight,Shapley,0,1,-0.8312456167836185,False
12,hindsight,Shapley,1,1,-0.5993096031126242,False
12,hindsight,Shapley,2,1,-0.768745432860616,False
12,hindsight,Shapley,3,1,-0.8409262611493358,False
12,hindsight,Dual (Theorem 3),012,3,-0.47142329389415605,False
12,hindsight,Dual (Theorem 3),013,3,-0.23283438220609276,False
12,hindsight,Dual (Theorem 3),023,3,-0.338306944953608,False
12,hindsight,Dual (Theorem 3),123,3,-0.27334577053458764,False
12,hindsight,Dual (Theorem 3),01,2,-1.2554196162130187,False
12,hindsight,Dual (Theorem 3),02,2,-0.13198553640487287,False
12,hindsight,Dual (Theorem 3),03,2,-0.11559970912279538,False
12,hindsight,Dual (Theorem 3),12,2,-0.08382588298223337,False
12,hindsight,Dual (Theorem 3),13,2,-0.06603639926807836,False
12,hindsight,Dual (Theorem 3),23,2,-1.1636364737772822,False
12,hindsight,Dual (Theorem 3),0,1,-0.9183442378325513,False
12,hindsight,Dual (Theorem 3),1,1,-0.5135288892972102,False
12,hindsight,Dual (Theorem 3),2,1,-0.8139604139682204,False
12,hindsight,Dual (Theorem 3),3,1,-0.79439337280821,False
12,emissions-only,Shapley,012,3,-0.4248904055530309,False
12,emissions-only,Shapley,013,3,-0.2780493633136947,False
12,emissions-only,Shapley,023,3,-0.2525262311381984,False
12,emissions-only,Shapley,123,3,-0.36044439158351116,False
12,emissions-only,Shapley,01,2,-1.2541017089794977,False
12,emissions-only,Shapley,02,2,0.00032806575166810514,True
12,emissions-only,Shapley,03,2,-0.07503397641498188,False
12,emissions-only,Shapley,12,2,-0.1243916156900412,False
12,emissions-only,Shapley,13,2,-0.19835000142462156,False
12,emissions-only,Shapley,23,2,-1.1649543810108032,False
12,emissions-only,Shapley,0,1,-0.8312456167836146,False
12,emissions-only,Shapley,1,1,-0.599309603112627,False
12,emissions-only,Shapley,2,1,-0.7687454328606147,False
12,emissions-only,Shapley,3,1,-0.8409262611493369,False
12,emissions-only,Dual (Theorem 3),012,3,-0.47142329389415694,False
12,emissions-only,Dual (Theorem 3),013,3,-0.2328343822060881,False
12,emissions-only,Dual (Theorem 3),023,3,-0.3383069449536116,False
12,emissions-only,Dual (Theorem 3),123,3,-0.2733457705345712,False
12,emissions-only,Dual (Theorem 3),01,2,-1.2554196162130196,False
12,emissions-only,Dual (Theorem 3),02,2,-0.13198553640487354,False
12,emissions-only,Dual (Theorem 3),03,2,-0.11559970912279094,False
12,emissions-only,Dual (Theorem 3),12,2,-0.0838258829822296,False
12,emissions-only,Dual (Theorem 3),13,2,-0.06603639926807725,False
12,emissions-only,Dual (Theorem 3),23,2,-1.163636473777279,False
12,emissions-only,Dual (Theorem 3),0,1,-0.9183442378325521,False
12,emissions-only,Dual (Theorem 3),1,1,-0.5135288892972113,False
12,emissions-only,Dual (Theorem 3),2,1,-0.8139604139682188,False
12,emissions-only,Dual (Theorem 3),3,1,-0.7943933728082084,False
12,online,Origin-based,012,3,0.38773489665169414,True
12,online,Origin-based,013,3,0.5506572271756813,True
12,online,Origin-based,023,3,-0.969747296038723,False
12,online,Origin-based,123,3,-1.2295077432452701,False
12,online,Origin-based,01,2,0.27268392537620834,True
12,online,Origin-based,02,2,0.052872411272919084,True
12,online,Origin-based,03,2,-0.08975227442280498,False
12,online,Origin-based,12,2,-0.2881671255376721,False
12,online,Origin-based,13,2,-0.27609278695602635,False
12,online,Origin-based,23,2,-2.726801700943103,False
12,online,Origin-based,0,1,0.0007895370351036074,True
12,online,Origin-based,1,1,0.07540541777186188,True
12,online,Origin-based,2,1,-1.5152761139968391,False
12,online,Origin-based,3,1,-1.626255462006986,False
12,online,Host-based,012,3,0.8359485544076769,True
12,online,Host-based,013,3,0.9616175538705454,True
12,online,Host-based,023,3,-1.4962596817666118,False
12,online,Host-based,123,3,-1.5621693419682292,False
12,online,Host-based,01,2,1.1318579098270558,True
12,online,Host-based,02,2,-0.02542631669898665,False
12,online,Host-based,03,2,-0.20530433345582932,False
12,online,Host-based,12,2,-0.1726150665046482,False
12,online,Host-based,13,2,-0.19779405898412072,False
12,online,Host-based,23,2,-3.585975685393951,False
12,online,Host-based,0,1,0.3334511357580625,True
12,online,Host-based,1,1,0.6019178034997505,True
12,online,Host-based,2,1,-1.9262364406917036,False
12,online,Host-based,3,1,-2.074469119762969,False
12,online,Work-proportional,012,3,0.5593364915127604,True
12,online,Work-proportional,013,3,0.5472575059680067,True
12,online,Work-proportional,023,3,-0.9888805942467114,False
12,online,Work-proportional,123,3,-1.3785763186906732,False
12,online,Work-proportional,01,2,0.4408857990296001,True
12,online,Work-proportional,02,2,0.20534070792599712,True
12,online,Work-proportional,03,2,-0.11228529383846819,False
12,online,Work-proportional,12,2,-0.2656341061220091,False
12,online,Work-proportional,13,2,-0.4285610836091043,False
12,online,Work-proportional,23,2,-2.895003574596495,False
12,online,Work-proportional,0,1,0.149858112480507,True
12,online,Work-proportional,1,1,0.09453871597985031,True
12,online,Work-proportional,2,1,-1.5118763927891643,False
12,online,Work-proportional,3,1,-1.7978570568680525,False
12,online,Stand-alone proportional,012,3,0.3644218829620379,True
12,online,Stand-alone proportional,013,3,0.24362631573586913,True
12,online,Stand-alone proportional,023,3,-0.6864692779588739,False
12,online,Stand-alone proportional,123,3,-1.1824418361956517,False
12,online,Stand-alone proportional,01,2,-0.05765999975325975,False
12,online,Stand-alone proportional,02,2,0.3128374156631124,True
12,online,Stand-alone proportional,03,2,-0.11350516778276787,False
12,online,Stand-alone proportional,12,2,-0.26441423217770943,False
12,online,Stand-alone proportional,13,2,-0.5360577913462199,False
12,online,Stand-alone proportional,23,2,-2.3964577758136354,False
12,online,Stand-alone proportional,0,1,-0.04627637001451506,False
12,online,Stand-alone proportional,1,1,-0.2078726003079875,False
12,online,Stand-alone proportional,2,1,-1.208245202557027,False
12,online,Stand-alone proportional,3,1,-1.6029424483173302,False
12,online,Shapley,012,3,-0.39405874520896156,False
12,online,Shapley,013,3,-0.22669235100390805,False
12,online,Shapley,023,3,-0.26498145120888283,False
12,online,Shapley,123,3,-0.37513036803486477,False
12,online,Shapley,01,2,-1.2864592946640367,False
12,online,Shapley,02,2,-0.02415538575789644,False
12,online,Shapley,03,2,-0.1623360077725544,False
12,online,Shapley,12,2,-0.21558339218792266,False
12,online,Shapley,13,2,-0.1990649899252106,False
12,online,Shapley,23,2,-1.1676584809028578,False
12,online,Shapley,0,1,-0.8535878381753015,False
12,online,Shapley,1,1,-0.6293604270579782,False
12,online,Shapley,2,1,-0.7379265358172495,False
12,online,Shapley,3,1,-0.8444618201463303,False
12,online,Dual (Theorem 3),012,3,-0.3949060065964437,False
12,online,Dual (Theorem 3),013,3,-0.13831333096429144,False
12,online,Dual (Theorem 3),023,3,-0.39982488513362924,False
12,online,Dual (Theorem 3),123,3,-0.32781869276224684,False
12,online,Dual (Theorem 3),01,2,-1.1989275360119043,False
12,online,Dual (Theorem 3),02,2,-0.159846081070127,False
12,online,Dual (Theorem 3),03,2,-0.2088004216576862,False
12,online,Dual (Theorem 3),12,2,-0.16911897830278888,False
12,online,Dual (Theorem 3),13,2,-0.06337429461297805,False
12,online,Dual (Theorem 3),23,2,-1.255190239554988,False
12,online,Dual (Theorem 3),0,1,-0.9008995134479174,False
12,online,Dual (Theorem 3),1,1,-0.4945169931332297,False
12,online,Dual (Theorem 3),2,1,-0.8263055558568642,False
12,online,Dual (Theorem 3),3,1,-0.8436145587588462,False
13,hindsight,Origin-based,012,3,0.2565790656064083,True
13,hindsight,Origin-based,013,3,0.28780221886115753,True
13,hindsight,Origin-based,023,3,-0.648023513195487,False
13,hindsight,Origin-based,123,3,-0.8977176495937371,False
13,hindsight,Origin-based,01,2,0.24542945946785283,True
13,hindsight,Origin-based,02,2,0.06296107561203251,True
13,hindsight,Origin-based,03,2,-0.005621392506785505,False
13,hindsight,Origin-based,12,2,-0.14635688393137058,False
13,hindsight,Origin-based,13,2,-0.25689491212909377,False
13,hindsight,Origin-based,23,2,-1.9493297336725237,False
13,hindsight,Origin-based,0,1,0.014362270375524108,True
13,hindsight,Origin-based,1,1,0.05403122349587369,True
13,hindsight,Origin-based,2,1,-1.026228847265021,False
13,hindsight,Origin-based,3,1,-1.2377462119050244,False
13,hindsight,Host-based,012,3,0.7157584183125355,True
13,hindsight,Host-based,013,3,0.5695251629954017,True
13,hindsight,Host-based,023,3,-1.1027360695797,False
13,hindsight,Host-based,123,3,-1.1839073900498949,False
13,hindsight,Host-based,01,2,0.986331756308224,True
13,hindsight,Host-based,02,2,0.06742787193394645,True
13,hindsight,Host-based,03,2,-0.1786110047567543,False
13,hindsight,Host-based,12,2,0.02663272831859853,True
13,hindsight,Host-based,13,2,-0.26136170845100737,False
13,hindsight,Host-based,23,2,-2.690232030512895,False
13,hindsight,Host-based,0,1,0.3005520108316822,True
13,hindsight,Host-based,1,1,0.5087437798800869,True
13,hindsight,Host-based,2,1,-1.3079517913992649,False
13,hindsight,Host-based,3,1,-1.6969255646111514,False
13,hindsight,Work-proportional,012,3,0.28574910909932394,True
13,hindsight,Work-proportional,013,3,0.258406913340157,True
13,hindsight,Work-proportional,023,3,-0.5703942594293807,False
13,hindsight,Work-proportional,123,3,-0.9751216413317452,False
13,hindsight,Work-proportional,01,2,0.24520419743976352,True
13,hindsight,Work-proportional,02,2,0.16976037287105,True
13,hindsight,Work-proportional,03,2,0.042612555738315905,True
13,hindsight,Work-proportional,12,2,-0.19459083217646744,False
13,hindsight,Work-proportional,13,2,-0.3636942093881068,False
13,hindsight,Work-proportional,23,2,-1.9491044716444301,False
13,hindsight,Work-proportional,0,1,0.0917662621135367,True
13,hindsight,Work-proportional,1,1,-0.02359803027022822,False
13,hindsight,Work-proportional,2,1,-0.996833541744016,False
13,hindsight,Work-proportional,3,1,-1.2669162553979356,False
13,hindsight,Stand-alone proportional,012,3,0.18939338161998587,True
13,hindsight,Stand-alone proportional,013,3,0.05186014806803718,True
13,hindsight,Stand-alone proportional,023,3,-0.3953097737966389,False
13,hindsight,Stand-alone proportional,123,3,-0.8473036342130289,False
13,hindsight,Stand-alone proportional,01,2,-0.0576982953116944,False
13,hindsight,Stand-alone proportional,02,2,0.24848913102445352,True
13,hindsight,Stand-alone proportional,03,2,0.011150276098937706,True
13,hindsight,Stand-alone proportional,12,2,-0.16312855253708924,False
13,hindsight,Stand-alone proportional,13,2,-0.44242296754151034,False
13,hindsight,Stand-alone proportional,23,2,-1.646201978892972,False
13,hindsight,Stand-alone proportional,0,1,-0.03605174500517967,False
13,hindsight,Stand-alone proportional,1,1,-0.19868251590296976,False
13,hindsight,Stand-alone proportional,2,1,-0.790286776471896,False
13,hindsight,Stand-alone proportional,3,1,-1.1705605279185973,False
13,hindsight,Shapley,012,3,-0.33983419377072666,False
13,hindsight,Shapley,013,3,-0.21865955400146886,False
13,hindsight,Shapley,023,3,-0.16997281755239202,False
13,hindsight,Shapley,123,3,-0.272893312997057,False
13,hindsight,Shapley,01,2,-0.8574455727719131,False
13,hindsight,Shapley,02,2,-0.05540148812201223,False
13,hindsight,Shapley,03,2,-0.03403246972632157,False
13,hindsight,Shapley,12,2,-0.11794580671182986,False
13,hindsight,Shapley,13,2,-0.13853234839504447,False
13,hindsight,Shapley,23,2,-0.8464547014327533,False
13,hindsight,Shapley,0,1,-0.6104620662211515,False
13,hindsight,Shapley,1,1,-0.4240194721472166,False
13,hindsight,Shapley,2,1,-0.5197670744023899,False
13,hindsight,Shapley,3,1,-0.6413329525278848,False
13,hindsight,Dual (Theorem 3),012,3,-0.3290713579596558,False
13,hindsight,Dual (Theorem 3),013,3,-0.1801991767518547,False
13,hindsight,Dual (Theorem 3),023,3,-0.2681282589376901,False
13,hindsight,Dual (Theorem 3),123,3,-0.22396108467245712,False
13,hindsight,Dual (Theorem 3),01,2,-0.8082223597112236,False
13,hindsight,Dual (Theorem 3),02,2,-0.14279409369623502,False
13,hindsight,Dual (Theorem 3),03,2,-0.09372753386200106,False
13,hindsight,Dual (Theorem 3),12,2,-0.058250742576154924,False
13,hindsight,Dual (Theorem 3),13,2,-0.05113974282082623,False
13,hindsight,Dual (Theorem 3),23,2,-0.8956779144934472,False
13,hindsight,Dual (Theorem 3),0,1,-0.6593942945457556,False
13,hindsight,Dual (Theorem 3),1,1,-0.3258640307619229,False
13,hindsight,Dual (Theorem 3),2,1,-0.5582274516520086,False
13,hindsight,Dual (Theorem 3),3,1,-0.6520957883389602,False
13,emissions-only,Shapley,012,3,-0.3398341937707313,False
13,emissions-only,Shapley,013,3,-0.21865955400146975,False
13,emissions-only,Shapley,023,3,-0.1699728175523958,False
13,emissions-only,Shapley,123,3,-0.272893312997057,False
13,emissions-only,Shapley,01,2,-0.8574455727719155,False
13,emissions-only,Shapley,02,2,-0.05540148812201534,False
13,emissions-only,Shapley,03,2,-0.03403246972631935,False
13,emissions-only,Shapley,12,2,-0.11794580671183352,False
13,emissions-only,Shapley,13,2,-0.13853234839504935,False
13,emissions-only,Shapley,23,2,-0.8464547014327524,False
13,emissions-only,Shapley,0,1,-0.6104620662211523,False
13,emissions-only,Shapley,1,1,-0.42401947214721697,False
13,emissions-only,Shapley,2,1,-0.519767074402389,False
13,emissions-only,Shapley,3,1,-0.6413329525278915,False
13,emissions-only,Dual (Theorem 3),012,3,-0.3290713579596555,False
13,emissions-only,Dual (Theorem 3),013,3,-0.1801991767518567,False
13,emissions-only,Dual (Theorem 3),023,3,-0.2681282589376952,False
13,emissions-only,Dual (Theorem 3),123,3,-0.2239610846724598,False
13,emissions-only,Dual (Theorem 3),01,2,-0.8082223597112221,False
13,emissions-only,Dual (Theorem 3),02,2,-0.14279409369623447,False
13,emissions-only,Dual (Theorem 3),03,2,-0.09372753386200128,False
13,emissions-only,Dual (Theorem 3),12,2,-0.058250742576156034,False
13,emissions-only,Dual (Theorem 3),13,2,-0.051139742820834666,False
13,emissions-only,Dual (Theorem 3),23,2,-0.8956779144934504,False
13,emissions-only,Dual (Theorem 3),0,1,-0.6593942945457539,False
13,emissions-only,Dual (Theorem 3),1,1,-0.3258640307619221,False
13,emissions-only,Dual (Theorem 3),2,1,-0.5582274516520065,False
13,emissions-only,Dual (Theorem 3),3,1,-0.6520957883389717,False
13,online,Origin-based,012,3,0.24527225543406017,True
13,online,Origin-based,013,3,0.3047514543794241,True
13,online,Origin-based,023,3,-0.6683408418012486,False
13,online,Origin-based,123,3,-0.9290075405049976,False
13,online,Origin-based,01,2,0.23224399039279564,True
13,online,Origin-based,02,2,-0.03878642694310841,False
13,online,Origin-based,03,2,-0.05996448923586861,False
13,online,Origin-based,12,2,-0.3210031840418053,False
13,online,Origin-based,13,2,-0.2946520591104922,False
13,online,Origin-based,23,2,-2.018298839524531,False
13,online,Origin-based,0,1,0.004465435932972703,True
13,online,Origin-based,1,1,0.04095243276390048,True
13,online,Origin-based,2,1,-1.0782425960740947,False
13,online,Origin-based,3,1,-1.2055495591658083,False
13,online,Host-based,012,3,0.6585490203472847,True
13,online,Host-based,013,3,0.6092916183470918,True
13,online,Host-based,023,3,-1.0858968529353956,False
13,online,Host-based,123,3,-1.2292684582517441,False
13,online,Host-based,01,2,0.9500609192736883,True
13,online,Host-based,02,2,-0.04306567316403065,False
13,online,Host-based,03,2,-0.17298033640234745,False
13,online,Host-based,12,2,-0.2079873368753269,False
13,online,Host-based,13,2,-0.2903728128895704,False
13,online,Host-based,23,2,-2.736115768405424,False
13,online,Host-based,0,1,0.30472635367971873,True
13,online,Host-based,1,1,0.45850844389804724,True
13,online,Host-based,2,1,-1.3827827600417628,False
13,online,Host-based,3,1,-1.618826324079033,False
13,online,Work-proportional,012,3,0.31852546672837756,True
13,online,Work-proportional,013,3,0.2617456710766033,True
13,online,Work-proportional,023,3,-0.6032339084039222,False
13,online,Work-proportional,123,3,-1.0243619018938208,False
13,online,Work-proportional,01,2,0.26249141838429224,True
13,online,Work-proportional,02,2,0.0995737177485354,True
13,online,Work-proportional,03,2,-0.03786333914136275,False
13,online,Work-proportional,12,2,-0.34310433413631114,False
13,online,Work-proportional,13,2,-0.433012203802136,False
13,online,Work-proportional,23,2,-2.0485462675160275,False
13,online,Work-proportional,0,1,0.09981979732179579,True
13,online,Work-proportional,1,1,-0.024154500633426,False
13,online,Work-proportional,2,1,-1.0352368127712739,False
13,online,Work-proportional,3,1,-1.2788027704601255,False
13,online,Stand-alone proportional,012,3,0.22125870306446072,True
13,online,Stand-alone proportional,013,3,0.03197331759525257,True
13,online,Stand-alone proportional,023,3,-0.4158758868500172,False
13,online,Stand-alone proportional,123,3,-0.884680806302458,False
13,online,Stand-alone proportional,01,2,-0.06454769876097532,False
13,online,Stand-alone proportional,02,2,0.18966497563852358,True
13,online,Stand-alone proportional,03,2,-0.08027767106880845,False
13,online,Stand-alone proportional,12,2,-0.3006900022088653,False
13,online,Stand-alone proportional,13,2,-0.5231034616921242,False
13,online,Stand-alone proportional,23,2,-1.72150715037076,False
13,online,Stand-alone proportional,0,1,-0.03986129826956673,False
13,online,Stand-alone proportional,1,1,-0.211512522187331,False
13,online,Stand-alone proportional,2,1,-0.8054644592899232,False
13,online,Stand-alone proportional,3,1,-1.1815360067962086,False
13,online,Shapley,012,3,-0.32619502886827134,False
13,online,Shapley,013,3,-0.24496875231388315,False
13,online,Shapley,023,3,-0.18818574053000914,False
13,online,Shapley,123,3,-0.28797515078059766,False
13,online,Shapley,01,2,-0.8889435006028432,False
13,online,Shapley,02,2,-0.13009860997420075,False
13,online,Shapley,03,2,-0.12952959465793656,False
13,online,Shapley,12,2,-0.2514380786197372,False
13,online,Shapley,13,2,-0.20333987607939963,False
13,online,Shapley,23,2,-0.8971113485288922,False
13,online,Shapley,0,1,-0.6365669537914269,False
13,online,Shapley,1,1,-0.43920266850733863,False
13,online,Shapley,2,1,-0.5285223893807873,False
13,online,Shapley,3,1,-0.6340822748634765,False
13,online,Dual (Theorem 3),012,3,-0.2962950003306022,False
13,online,Dual (Theorem 3),013,3,-0.1768604190154084,False
13,online,Dual (Theorem 3),023,3,-0.3009679079122316,False
13,online,Dual (Theorem 3),123,3,-0.27320134523453277,False
13,online,Dual (Theorem 3),01,2,-0.7909351387666949,False
13,online,Dual (Theorem 3),02,2,-0.21298074881874962,False
13,online,Dual (Theorem 3),03,2,-0.17420342874167982,False
13,online,Dual (Theorem 3),12,2,-0.2067642445359984,False
13,online,Dual (Theorem 3),13,2,-0.1204577372348552,False
13,online,Dual (Theorem 3),23,2,-0.9951197103650449,False
13,online,Dual (Theorem 3),0,1,-0.6513407593374966,False
13,online,Dual (Theorem 3),1,1,-0.32642050112512067,False
13,online,Dual (Theorem 3),2,1,-0.5966307226792665,False
13,online,Dual (Theorem 3),3,1,-0.66398230340115,False
14,hindsight,Origin-based,012,3,0.1851496027085418,True
14,hindsight,Origin-based,013,3,0.07753694742343153,True
14,hindsight,Origin-based,023,3,-0.4515720775603378,False
14,hindsight,Origin-based,123,3,-0.4539978621387748,False
14,hindsight,Origin-based,01,2,0.07109748743495468,True
14,hindsight,Origin-based,02,2,0.1070382762985583,True
14,hindsight,Origin-based,03,2,-0.3499076475445596,False
14,hindsight,Origin-based,12,2,0.07357722251427024,True
14,hindsight,Origin-based,13,2,-0.3546718119000105,False
14,hindsight,Origin-based,23,2,-1.2415958568961414,False
14,hindsight,Origin-based,0,1,0.012384161754471802,True
14,hindsight,Origin-based,1,1,0.031716660756987286,True
14,hindsight,Origin-based,2,1,-0.34032452433712973,False
14,hindsight,Origin-based,3,1,-1.4525980734015038,False
14,hindsight,Host-based,012,3,0.4419382232163284,True
14,hindsight,Host-based,013,3,0.17875756093018003,True
14,hindsight,Host-based,023,3,-0.6565926318674931,False
14,hindsight,Host-based,123,3,-0.6069865418461552,False
14,hindsight,Host-based,01,2,0.42910672144948997,True
14,hindsight,Host-based,02,2,0.15880634249918982,True
14,hindsight,Host-based,03,2,-0.4537075883449662,False
14,hindsight,Host-based,12,2,0.17737716331467668,True
14,hindsight,Host-based,13,2,-0.40643987810064214,False
14,hindsight,Host-based,23,2,-1.5996050909106767,False
14,hindsight,Host-based,0,1,0.165372841461852,True
14,hindsight,Host-based,1,1,0.23673721506414241,True
14,hindsight,Host-based,2,1,-0.4415451378438784,False
14,hindsight,Host-based,3,1,-1.7093866939092905,False
14,hindsight,Work-proportional,012,3,0.17302124743564057,True
14,hindsight,Work-proportional,013,3,0.16059595336750687,True
14,hindsight,Work-proportional,023,3,-0.4895006305488767,False
14,hindsight,Work-proportional,123,3,-0.48699995982141564,False
14,hindsight,Work-proportional,01,2,0.14202813810613063,True
14,hindsight,Work-proportional,02,2,0.05698136803712009,True
14,hindsight,Work-proportional,03,2,-0.30477719458902136,False
14,hindsight,Work-proportional,12,2,0.0284467695587301,True
14,hindsight,Work-proportional,13,2,-0.30461490363857413,False
14,hindsight,Work-proportional,23,2,-1.3125265075673191,False
14,hindsight,Work-proportional,0,1,0.04538625943711074,True
14,hindsight,Work-proportional,1,1,0.06964521374552432,True
14,hindsight,Work-proportional,2,1,-0.4233835302812069,False
14,hindsight,Work-proportional,3,1,-1.4404697181286046,False
14,hindsight,Stand-alone proportional,012,3,-0.04229524730767595,False
14,hindsight,Stand-alone proportional,013,3,0.1734392663917198,True
14,hindsight,Stand-alone proportional,023,3,-0.35550500406260566,False
14,hindsight,Stand-alone proportional,123,3,-0.41852240458858303,False
14,hindsight,Stand-alone proportional,01,2,-0.06044504361297297,False
14,hindsight,Stand-alone proportional,02,2,-0.024339500219925425,False
14,hindsight,Stand-alone proportional,03,2,-0.15793825507853743,False
14,hindsight,Stand-alone proportional,12,2,-0.11839216995175386,False
14,hindsight,Stand-alone proportional,13,2,-0.2232940353815286,False
14,hindsight,Stand-alone proportional,23,2,-1.1100533258482157,False
14,hindsight,Stand-alone proportional,0,1,-0.02309129579572186,False
14,hindsight,Stand-alone proportional,1,1,-0.06435041274074671,False
14,hindsight,Stand-alone proportional,2,1,-0.43622684330541983,False
14,hindsight,Stand-alone proportional,3,1,-1.225153223385288,False
14,hindsight,Shapley,012,3,-0.45176211573884634,False
14,hindsight,Shapley,013,3,-0.005213543197895465,False
14,hindsight,Shapley,023,3,-0.0921086221336147,False
14,hindsight,Shapley,123,3,-0.09379910849678819,False
14,hindsight,Shapley,01,2,-0.6485647216337586,False
14,hindsight,Shapley,02,2,-0.17040998672210503,False
14,hindsight,Shapley,03,2,-0.07319468273916185,False
14,hindsight,Shapley,12,2,-0.20313574229112943,False
14,hindsight,Shapley,13,2,-0.07722354887934901,False
14,hindsight,Shapley,23,2,-0.5219336478274299,False
14,hindsight,Shapley,0,1,-0.3478145918875167,False
14,hindsight,Shapley,1,1,-0.32774679466973755,False
14,hindsight,Shapley,2,1,-0.25757403371580456,False
14,hindsight,Shapley,3,1,-0.8156863549541176,False
14,hindsight,Dual (Theorem 3),012,3,-0.31689265421239854,False
14,hindsight,Dual (Theorem 3),013,3,-0.07781746876667828,False
14,hindsight,Dual (Theorem 3),023,3,-0.1353053074332775,False
14,hindsight,Dual (Theorem 3),123,3,-0.11286795915478476,False
14,hindsight,Dual (Theorem 3),01,2,-0.5862991856760955,False
14,hindsight,Dual (Theorem 3),02,2,-0.07873721049532176,False
14,hindsight,Dual (Theorem 3),03,2,-0.18899529360760925,False
14,hindsight,Dual (Theorem 3),12,2,-0.08733513142268012,False
14,hindsight,Dual (Theorem 3),13,2,-0.1688963251061304,False
14,hindsight,Dual (Theorem 3),23,2,-0.5841991837850911,False
14,hindsight,Dual (Theorem 3),0,1,-0.32874574122951816,False
14,hindsight,Dual (Theorem 3),1,1,-0.28455010937007297,False
14,hindsight,Dual (Theorem 3),2,1,-0.1849701081470198,False
14,hindsight,Dual (Theorem 3),3,1,-0.9505558164805634,False
14,emissions-only,Shapley,012,3,-0.451762115738846,False
14,emissions-only,Shapley,013,3,-0.0052135431978935776,False
14,emissions-only,Shapley,023,3,-0.0921086221336116,False
14,emissions-only,Shapley,123,3,-0.09379910849679218,False
14,emissions-only,Shapley,01,2,-0.6485647216337568,False
14,emissions-only,Shapley,02,2,-0.17040998672210617,False
14,emissions-only,Shapley,03,2,-0.07319468273916652,False
14,emissions-only,Shapley,12,2,-0.20313574229112627,False
14,emissions-only,Shapley,13,2,-0.07722354887934979,False
14,emissions-only,Shapley,23,2,-0.5219336478274248,False
14,emissions-only,Shapley,0,1,-0.3478145918875177,False
14,emissions-only,Shapley,1,1,-0.3277467946697353,False
14,emissions-only,Shapley,2,1,-0.2575740337158054,False
14,emissions-only,Shapley,3,1,-0.8156863549541158,False
14,emissions-only,Dual (Theorem 3),012,3,-0.31689265421239987,False
14,emissions-only,Dual (Theorem 3),013,3,-0.07781746876667739,False
14,emissions-only,Dual (Theorem 3),023,3,-0.13530530743327107,False
14,emissions-only,Dual (Theorem 3),123,3,-0.1128679591547892,False
14,emissions-only,Dual (Theorem 3),01,2,-0.5862991856760964,False
14,emissions-only,Dual (Theorem 3),02,2,-0.07873721049532156,False
14,emissions-only,Dual (Theorem 3),03,2,-0.1889952936076118,False
14,emissions-only,Dual (Theorem 3),12,2,-0.08733513142267901,False
14,emissions-only,Dual (Theorem 3),13,2,-0.1688963251061325,False
14,emissions-only,Dual (Theorem 3),23,2,-0.5841991837850831,False
14,emissions-only,Dual (Theorem 3),0,1,-0.32874574122951883,False
14,emissions-only,Dual (Theorem 3),1,1,-0.28455010937007374,False
14,emissions-only,Dual (Theorem 3),2,1,-0.18497010814701964,False
14,emissions-only,Dual (Theorem 3),3,1,-0.95055581648056,False
14,online,Origin-based,012,3,0.22883045293614945,True
14,online,Origin-based,013,3,0.11006832975187741,True
14,online,Origin-based,023,3,-0.45130871217433166,False
14,online,Origin-based,123,3,-0.47599160819867414,False
14,online,Origin-based,01,2,0.06349748778815931,True
14,online,Origin-based,02,2,0.10132604297141512,True
14,online,Origin-based,03,2,-0.44539630655343276,False
14,online,Origin-based,12,2,0.11017193310320961,True
14,online,Origin-based,13,2,-0.4350325249341942,False
14,online,Origin-based,23,2,-1.2591684124578955,False
14,online,Origin-based,0,1,0.010479919602257595,True
14,online,Origin-based,1,1,0.02024765049042039,True
14,online,Origin-based,2,1,-0.34248830446655953,False
14,online,Origin-based,3,1,-1.5307558581989482,False
14,online,Host-based,012,3,0.5105098198092758,True
14,online,Host-based,013,3,0.1987422222386881,True
14,online,Host-based,023,3,-0.6652584268695523,False
14,online,Host-based,123,3,-0.63239515286339,False
14,online,Host-based,01,2,0.433850747148096,True
14,online,Host-based,02,2,0.16905569514932056,True
14,online,Host-based,03,2,-0.5706721287618428,False
14,online,Host-based,12,2,0.23544775531161988,True
14,online,Host-based,13,2,-0.5027621771120995,False
14,online,Host-based,23,2,-1.629521671817832,False
14,online,Host-based,0,1,0.1668834642669736,True
14,online,Host-based,1,1,0.23419736518564116,True
14,online,Host-based,2,1,-0.43116219695337005,False
14,online,Host-based,3,1,-1.8124352250720743,False
14,online,Work-proportional,012,3,0.22504806117413423,True
14,online,Work-proportional,013,3,0.22012476230756817,True
14,online,Work-proportional,023,3,-0.5129933606487538,False
14,online,Work-proportional,123,3,-0.5205810005179267,False
14,online,Work-proportional,01,2,0.16977152858183456,True
14,online,Work-proportional,02,2,0.03585900273497744,True
14,online,Work-proportional,03,2,-0.39702452247216447,False
14,online,Work-proportional,12,2,0.061800149021941586,True
14,online,Work-proportional,13,2,-0.3695654846977561,False
14,online,Work-proportional,23,2,-1.3654424532515703,False
14,online,Work-proportional,0,1,0.055069311921510405,True
14,online,Work-proportional,1,1,0.08193229896484285,True
14,online,Work-proportional,2,1,-0.45254473702225,False
14,online,Work-proportional,3,1,-1.5269734664369325,False
14,online,Stand-alone proportional,012,3,-0.023823335481872987,False
14,online,Stand-alone proportional,013,3,0.23251291344656233,True
14,online,Stand-alone proportional,023,3,-0.35715547028248495,False
14,online,Stand-alone proportional,123,3,-0.4399356453671821,False
14,online,Stand-alone proportional,01,2,-0.06671171693517869,False
14,online,Stand-alone proportional,02,2,-0.057174503554761114,False
14,online,Stand-alone proportional,03,2,-0.22879848096690159,False
14,online,Stand-alone proportional,12,2,-0.10642589248332118,False
14,online,Stand-alone proportional,13,2,-0.27653197840801746,False
14,online,Stand-alone proportional,23,2,-1.1289592077345572,False
14,online,Stand-alone proportional,0,1,-0.025576043229234117,False
14,online,Stand-alone proportional,1,1,-0.07390559140142589,False
14,online,Stand-alone proportional,2,1,-0.46493288816124406,False
14,online,Stand-alone proportional,3,1,-1.278102069780925,False
14,online,Shapley,012,3,-0.4544047885189208,False
14,online,Shapley,013,3,0.04449744852940263,True
14,online,Shapley,023,3,-0.07779070571233593,False
14,online,Shapley,123,3,-0.100703491983124,False
14,online,Shapley,01,2,-0.6853086348893861,False
14,online,Shapley,02,2,-0.20839119202165968,False
14,online,Shapley,03,2,-0.13744918131391204,False
14,online,Shapley,12,2,-0.19777519213631084,False
14,online,Shapley,13,2,-0.12531528994111907,False
14,online,Shapley,23,2,-0.5103622897803499,False
14,online,Shapley,0,1,-0.3648081966132922,False
14,online,Shapley,1,1,-0.35327035597157513,False
14,online,Shapley,2,1,-0.27691742324408447,False
14,online,Shapley,3,1,-0.8475206167438776,False
14,online,Dual (Theorem 3),012,3,-0.26486584047390493,False
14,online,Dual (Theorem 3),013,3,-0.018288659826616982,False
14,online,Dual (Theorem 3),023,3,-0.15879803753315458,False
14,online,Dual (Theorem 3),123,3,-0.14644899985129567,False
14,online,Dual (Theorem 3),01,2,-0.5585557952003918,False
14,online,Dual (Theorem 3),02,2,-0.0998595757974644,False
14,online,Dual (Theorem 3),03,2,-0.2812426214907522,False
14,online,Dual (Theorem 3),12,2,-0.05398175195946864,False
14,online,Dual (Theorem 3),13,2,-0.23384690616531234,False
14,online,Dual (Theorem 3),23,2,-0.6371151294693422,False
14,online,Dual (Theorem 3),0,1,-0.31906268874511856,False
14,online,Dual (Theorem 3),1,1,-0.2722630241507545,False
14,online,Dual (Theorem 3),2,1,-0.21413131488806292,False
14,online,Dual (Theorem 3),3,1,-1.0370595647888914,False
15,hindsight,Origin-based,012,3,0.29894685563611056,True
15,hindsight,Origin-based,013,3,0.25652574854631216,True
15,hindsight,Origin-based,023,3,-0.8094219526011801,False
15,hindsight,Origin-based,123,3,-0.9512098368510866,False
15,hindsight,Origin-based,01,2,0.1931083907443102,True
15,hindsight,Origin-based,02,2,0.19930661557752388,True
15,hindsight,Origin-based,03,2,-0.3670072279714056,False
15,hindsight,Origin-based,12,2,-0.018783340333812237,False
15,hindsight,Origin-based,13,2,-0.5249819875543797,False
15,hindsight,Origin-based,23,2,-2.328806036453874,False
15,hindsight,Origin-based,0,1,0.017716783369493005,True
15,hindsight,Origin-based,1,1,0.0423003528028017,True
15,hindsight,Origin-based,2,1,-0.9570897158681181,False
15,hindsight,Origin-based,3,1,-2.1264571729662243,False
15,hindsight,Host-based,012,3,0.9168031354621937,True
15,hindsight,Host-based,013,3,0.5449911175026345,True
15,hindsight,Host-based,023,3,-1.400023169326464,False
15,hindsight,Host-based,123,3,-1.266930268908209,False
15,hindsight,Host-based,01,2,1.0994300395267158,True
15,hindsight,Host-based,02,2,0.22656167867832328,True
15,hindsight,Host-based,03,2,-0.6691430757403671,False
15,hindsight,Host-based,12,2,0.28335250743514895,True
15,hindsight,Host-based,13,2,-0.5522370506551795,False
15,hindsight,Host-based,23,2,-3.2351276852362796,False
15,hindsight,Host-based,0,1,0.3334372154266149,True
15,hindsight,Host-based,1,1,0.6329015695280855,True
15,hindsight,Host-based,2,1,-1.2455550848244406,False
15,hindsight,Host-based,3,1,-2.7443134527923077,False
15,hindsight,Work-proportional,012,3,0.4262628726227118,True
15,hindsight,Work-proportional,013,3,0.28412508616715604,True
15,hindsight,Work-proportional,023,3,-0.8467805510559474,False
15,hindsight,Work-proportional,123,3,-1.068766593003757,False
15,hindsight,Work-proportional,01,2,0.34802374535175273,True
15,hindsight,Work-proportional,02,2,0.28926403410935536,True
15,hindsight,Work-proportional,03,2,-0.3767664888053317,False
15,hindsight,Work-proportional,12,2,-0.00902407949988382,False
15,hindsight,Work-proportional,13,2,-0.6149394060862088,False
15,hindsight,Work-proportional,23,2,-2.483721391061314,False
15,hindsight,Work-proportional,0,1,0.1352735395221658,True
15,hindsight,Work-proportional,1,1,0.07965895125757144,True
15,hindsight,Work-proportional,2,1,-0.9846890534889594,False
15,hindsight,Work-proportional,3,1,-2.253773189952823,False
15,hindsight,Stand-alone proportional,012,3,0.10028670171624832,True
15,hindsight,Stand-alone proportional,013,3,0.1801046387149805,True
15,hindsight,Stand-alone proportional,023,3,-0.6001572005935387,False
15,hindsight,Stand-alone proportional,123,3,-0.8853933251075274,False
15,hindsight,Stand-alone proportional,01,2,-0.08197287300688608,False
15,hindsight,Stand-alone proportional,02,2,0.2099112136653008,True
15,hindsight,Stand-alone proportional,03,2,-0.23416358579509833,False
15,hindsight,Stand-alone proportional,12,2,-0.15162698251011741,False
15,hindsight,Stand-alone proportional,13,2,-0.5355865856421544,False
15,hindsight,Stand-alone proportional,23,2,-2.053724772702675,False
15,hindsight,Stand-alone proportional,0,1,-0.04809972837406407,False
15,hindsight,Stand-alone proportional,1,1,-0.16696439920483752,False
15,hindsight,Stand-alone proportional,2,1,-0.8806686060367841,False
15,hindsight,Stand-alone proportional,3,1,-1.9277970190463598,False
15,hindsight,Shapley,012,3,-0.657525849779289,False
15,hindsight,Shapley,013,3,-0.11726535367820357,False
15,hindsight,Shapley,023,3,-0.1951628275418451,False
15,hindsight,Shapley,123,3,-0.23520515427050093,False
15,hindsight,Shapley,01,2,-1.1371554168956068,False
15,hindsight,Shapley,02,2,-0.14290696477854253,False
15,hindsight,Shapley,03,2,-0.12653920513658834,False
15,hindsight,Shapley,12,2,-0.25925136316862774,False
15,hindsight,Shapley,13,2,-0.18276840719831133,False
15,hindsight,Shapley,23,2,-0.9985422288139545,False
15,hindsight,Shapley,0,1,-0.698287899211091,False
15,hindsight,Shapley,1,1,-0.5719587722565314,False
15,hindsight,Shapley,2,1,-0.5832986136436005,False
15,hindsight,Shapley,3,1,-1.1699844675508229,False
15,hindsight,Dual (Theorem 3),012,3,-0.5732261083877177,False
15,hindsight,Dual (Theorem 3),013,3,-0.10963770436596287,False
15,hindsight,Dual (Theorem 3),023,3,-0.31279218885496496,False
15,hindsight,Dual (Theorem 3),123,3,-0.20950318366119847,False
15,hindsight,Dual (Theorem 3),01,2,-1.0452280261917934,False
15,hindsight,Dual (Theorem 3),02,2,-0.17623658470008913,False
15,hindsight,Dual (Theorem 3),03,2,-0.23654091713746572,False
15,hindsight,Dual (Theorem 3),12,2,-0.14924965116775224,False
15,hindsight,Dual (Theorem 3),13,2,-0.14943878727676685,False
15,hindsight,Dual (Theorem 3),23,2,-1.09046961951777,False
15,hindsight,Dual (Theorem 3),0,1,-0.7239898698203953,False
15,hindsight,Dual (Theorem 3),1,1,-0.4543294109434136,False
15,hindsight,Dual (Theorem 3),2,1,-0.5909262629558428,False
15,hindsight,Dual (Theorem 3),3,1,-1.254284208942396,False
15,emissions-only,Shapley,012,3,-0.6158683705301622,False
15,emissions-only,Shapley,013,3,-0.1311511800945806,False
15,emissions-only,Shapley,023,3,-0.20904865395822103,False
15,emissions-only,Shapley,123,3,-0.24909098068687463,False
15,emissions-only,Shapley,01,2,-1.1093837640628559,False
15,emissions-only,Shapley,02,2,-0.11513531194579307,False
15,emissions-only,Shapley,03,2,-0.15431085796933885,False
15,emissions-only,Shapley,12,2,-0.23147971033588055,False
15,emissions-only,Shapley,13,2,-0.21054006003105985,False
15,emissions-only,Shapley,23,2,-1.0263138816467041,False
15,emissions-only,Shapley,0,1,-0.6844020727947147,False
15,emissions-only,Shapley,1,1,-0.5580729458401571,False
15,emissions-only,Shapley,2,1,-0.5694127872272259,False
15,emissions-only,Shapley,3,1,-1.045012029803444,False
15,emissions-only,Dual (Theorem 3),012,3,-0.573226108387716,False
15,emissions-only,Dual (Theorem 3),013,3,-0.10963770436596598,False
15,emissions-only,Dual (Theorem 3),023,3,-0.31279218885496674,False
15,emissions-only,Dual (Theorem 3),123,3,-0.20950318366119758,False
15,emissions-only,Dual (Theorem 3),01,2,-1.0452280261917926,False
15,emissions-only,Dual (Theorem 3),02,2,-0.17623658470008974,False
15,emissions-only,Dual (Theorem 3),03,2,-0.23654091713746705,False
15,emissions-only,Dual (Theorem 3),12,2,-0.1492496511677548,False
15,emissions-only,Dual (Theorem 3),13,2,-0.14943878727676574,False
15,emissions-only,Dual (Theorem 3),23,2,-1.09046961951777,False
15,emissions-only,Dual (Theorem 3),0,1,-0.7239898698203941,False
15,emissions-only,Dual (Theorem 3),1,1,-0.4543294109434143,False
15,emissions-only,Dual (Theorem 3),2,1,-0.590926262955843,False
15,emissions-only,Dual (Theorem 3),3,1,-1.0876542919458927,False
15,online,Origin-based,012,3,0.35093429965669265,True
15,online,Origin-based,013,3,0.1920217138809568,True
15,online,Origin-based,023,3,-0.8160676257959691,False
15,online,Origin-based,123,3,-0.9887505940755243,False
15,online,Origin-based,01,2,0.15224485102850582,True
15,online,Origin-based,02,2,0.18870745718058124,True
15,online,Origin-based,03,2,-0.5476689201016562,False
15,online,Origin-based,12,2,-0.03131360748520784,False
15,online,Origin-based,13,2,-0.6559596593363697,False
15,online,Origin-based,23,2,-2.2922656467526954,False
15,online,Origin-based,0,1,0.005056155938199192,True
15,online,Origin-based,1,1,0.01604415718565022,True
15,online,Origin-based,2,1,-0.9016304631980768,False
15,online,Origin-based,3,1,-2.010528938873294,False
15,online,Host-based,012,3,0.9791182629027173,True
15,online,Host-based,013,3,0.4283805101192495,True
15,online,Host-based,023,3,-1.3736315902555631,False
15,online,Host-based,123,3,-1.2957293891002473,False
15,online,Host-based,01,2,1.0167876105128228,True
15,online,Host-based,02,2,0.2593274559670119,True
15,online,Host-based,03,2,-0.8688740883229578,False
15,online,Host-based,12,2,0.2898915607360939,True
15,online,Host-based,13,2,-0.7265796581228001,False
15,online,Host-based,23,2,-3.1568084062370123,False
15,online,Host-based,0,1,0.3120349509629222,True
15,online,Host-based,1,1,0.5736081216452442,True
15,online,Host-based,2,1,-1.137989259436369,False
15,online,Host-based,3,1,-2.6387129021193187,False
15,online,Work-proportional,012,3,0.48041050113964023,True
15,online,Work-proportional,013,3,0.3005304615811395,True
15,online,Work-proportional,023,3,-0.9022685912398343,False
15,online,Work-proportional,123,3,-1.1405345778147908,False
15,online,Work-proportional,01,2,0.39022980021163645,True
15,online,Work-proportional,02,2,0.23198269321966414,True
15,online,Work-proportional,03,2,-0.5253611378453382,False
15,online,Work-proportional,12,2,-0.05362138974152608,False
15,online,Work-proportional,13,2,-0.699234895375453,False
15,online,Work-proportional,23,2,-2.5302505959358266,False
15,online,Work-proportional,0,1,0.15684013967746507,True
15,online,Work-proportional,1,1,0.10224512262951496,True
15,online,Work-proportional,2,1,-1.0101392108982599,False
15,online,Work-proportional,3,1,-2.140005140356242,False
15,online,Stand-alone proportional,012,3,0.14257909702673,True
15,online,Stand-alone proportional,013,3,0.16041051457439592,True
15,online,Stand-alone proportional,023,3,-0.630187924472366,False
15,online,Stand-alone proportional,123,3,-0.9346638934626053,False
15,online,Stand-alone proportional,01,2,-0.08772155090801731,False
15,online,Stand-alone proportional,02,2,0.16623195587422213,True
15,online,Stand-alone proportional,03,2,-0.39340041808461357,False
15,online,Stand-alone proportional,12,2,-0.18558210950225085,False
15,online,Stand-alone proportional,13,2,-0.633484158030011,False
15,online,Stand-alone proportional,23,2,-2.0522992448161728,False
15,online,Stand-alone proportional,0,1,-0.049030544674720414,False
15,online,Stand-alone proportional,1,1,-0.1698355441379533,False
15,online,Stand-alone proportional,2,1,-0.8700192638915163,False
15,online,Stand-alone proportional,3,1,-1.8021737362433319,False
15,online,Shapley,012,3,-0.6175814502117134,False
15,online,Shapley,013,3,-0.12705327731489846,False
15,online,Shapley,023,3,-0.22658073342756513,False
15,online,Shapley,123,3,-0.2906467453796684,False
15,online,Shapley,01,2,-1.1353458900357551,False
15,online,Shapley,02,2,-0.19032140031942024,False
15,online,Shapley,03,2,-0.27725701892910704,False
15,online,Shapley,12,2,-0.3017255086577576,False
15,online,Shapley,13,2,-0.27693080183636853,False
15,online,Shapley,23,2,-1.004674905688435,False
15,online,Shapley,0,1,-0.6930476927576572,False
15,online,Shapley,1,1,-0.5734427351827545,False
15,online,Shapley,2,1,-0.5825554720022219,False
15,online,Shapley,3,1,-1.0420131890048885,False
15,online,Dual (Theorem 3),012,3,-0.5190784798707891,False
15,online,Dual (Theorem 3),013,3,-0.09323232895197964,False
15,online,Dual (Theorem 3),023,3,-0.3682802290388518,False
15,online,Dual (Theorem 3),123,3,-0.281271168472232,False
15,online,Dual (Theorem 3),01,2,-1.0030219713319095,False
15,online,Dual (Theorem 3),02,2,-0.23351792558978035,False
15,online,Dual (Theorem 3),03,2,-0.38513556617747224,False
15,online,Dual (Theorem 3),12,2,-0.1938469614093945,False
15,online,Dual (Theorem 3),13,2,-0.23373427656601087,False
15,online,Dual (Theorem 3),23,2,-1.1369988243922826,False
15,online,Dual (Theorem 3),0,1,-0.702423269665096,False
15,online,Dual (Theorem 3),1,1,-0.4317432395714701,False
15,online,Dual (Theorem 3),2,1,-0.6163764203651432,False
15,online,Dual (Theorem 3),3,1,-1.140516159345815,False
16,hindsight,Origin-based,012,3,0.6140702031816063,True
16,hindsight,Origin-based,013,3,0.6914481641265042,True
16,hindsight,Origin-based,023,3,-1.2387072422013476,False
16,hindsight,Origin-based,123,3,-1.9515793107670651,False
16,hindsight,Origin-based,01,2,0.3885253747486977,True
16,hindsight,Origin-based,02,2,0.4286129126691849,True
16,hindsight,Origin-based,03,2,-0.2442900583672971,False
16,hindsight,Origin-based,12,2,-0.0950852154434847,False
16,hindsight,Origin-based,13,2,-0.8609607518815023,False
16,hindsight,Origin-based,23,2,-3.768547252448257,False
16,hindsight,Origin-based,0,1,0.0234514524738193,True
16,hindsight,Origin-based,1,1,0.0754027743790443,True
16,hindsight,Origin-based,2,1,-1.6009378785214592,False
16,hindsight,Origin-based,3,1,-2.706598160046819,False
16,hindsight,Host-based,012,3,1.427002244866187,True
16,hindsight,Host-based,013,3,1.1352948240271372,True
16,hindsight,Host-based,023,3,-1.9680705996250731,False
16,hindsight,Host-based,123,3,-2.4789946549285533,False
16,hindsight,Host-based,01,2,1.6453040763339115,True
16,hindsight,Host-based,02,2,0.5121815969300403,True
16,hindsight,Host-based,03,2,-0.5298067558903892,False
16,hindsight,Host-based,12,2,0.1904314820796078,True
16,hindsight,Host-based,13,2,-0.9445294361423575,False
16,hindsight,Host-based,23,2,-5.0253259540334705,False
16,hindsight,Host-based,0,1,0.5508667966353076,True
16,hindsight,Host-based,1,1,0.8047661318027698,True
16,hindsight,Host-based,2,1,-2.044784538422092,False
16,hindsight,Host-based,3,1,-3.5195302017313996,False
16,hindsight,Work-proportional,012,3,1.0195625329211102,True
16,hindsight,Work-proportional,013,3,0.6459428241730993,True
16,hindsight,Work-proportional,023,3,-1.3639633025648665,False
16,hindsight,Work-proportional,123,3,-2.186310240189636,False
16,hindsight,Work-proportional,01,2,0.748512364534794,True
16,hindsight,Work-proportional,02,2,0.708849182045167,True
16,hindsight,Work-proportional,03,2,-0.415051458684224,False
16,hindsight,Work-proportional,12,2,0.07567618487344574,True
16,hindsight,Work-proportional,13,2,-1.1411970212574811,False
16,hindsight,Work-proportional,23,2,-4.12853424223435,False
16,hindsight,Work-proportional,0,1,0.25818238189639336,True
16,hindsight,Work-proportional,1,1,0.20065883474256663,True
16,hindsight,Work-proportional,2,1,-1.5554325385680512,False
16,hindsight,Work-proportional,3,1,-3.11209048978632,False
16,hindsight,Stand-alone proportional,012,3,0.4146421690967812,True
16,hindsight,Stand-alone proportional,013,3,0.39095584904944847,True
16,hindsight,Stand-alone proportional,023,3,-0.8131018634186442,False
16,hindsight,Stand-alone proportional,123,3,-1.8772643403878764,False
16,hindsight,Stand-alone proportional,01,2,-0.11139497441318674,False
16,hindsight,Stand-alone proportional,02,2,0.6547902573670596,True
16,hindsight,Stand-alone proportional,03,2,-0.11917699466165255,False
16,hindsight,Stand-alone proportional,12,2,-0.22019827914912482,False
16,hindsight,Stand-alone proportional,13,2,-1.0871380965793733,False
16,hindsight,Stand-alone proportional,23,2,-3.2686269032863686,False
16,hindsight,Stand-alone proportional,0,1,-0.05086351790536537,False
16,hindsight,Stand-alone proportional,1,1,-0.35020260440365547,False
16,hindsight,Stand-alone proportional,2,1,-1.3004455634443997,False
16,hindsight,Stand-alone proportional,3,1,-2.50717012596199,False
16,hindsight,Shapley,012,3,-0.7654807102792283,False
16,hindsight,Shapley,013,3,-0.10554555789509257,False
16,hindsight,Shapley,023,3,-0.35561911737244856,False
16,hindsight,Shapley,123,3,-0.6581228001135226,False
16,hindsight,Shapley,01,2,-1.788019260733737,False
16,hindsight,Shapley,02,2,-0.06784987596275371,False
16,hindsight,Shapley,03,2,-0.15819565555999793,False
16,hindsight,Shapley,12,2,-0.1811796182507801,False
16,hindsight,Shapley,13,2,-0.36449796324955974,False
16,hindsight,Shapley,23,2,-1.5920026169658188,False
16,hindsight,Shapley,0,1,-1.2700050581797195,False
16,hindsight,Shapley,1,1,-0.8076853504498513,False
16,hindsight,Shapley,2,1,-0.8039441564998588,False
16,hindsight,Shapley,3,1,-1.3270472465859808,False
16,hindsight,Dual (Theorem 3),012,3,-1.0517533612340653,False
16,hindsight,Dual (Theorem 3),013,3,-0.2387333515242127,False
16,hindsight,Dual (Theorem 3),023,3,-0.29184753092141325,False
16,hindsight,Dual (Theorem 3),123,3,-0.30243394198061413,False
16,hindsight,Dual (Theorem 3),01,2,-2.2074797053176893,False
16,hindsight,Dual (Theorem 3),02,2,-0.29035094046655074,False
16,hindsight,Dual (Theorem 3),03,2,-0.22761186273807743,False
16,hindsight,Dual (Theorem 3),12,2,-0.1117634110727046,False
16,hindsight,Dual (Theorem 3),13,2,-0.14199689874576737,False
16,hindsight,Dual (Theorem 3),23,2,-1.1725421723818705,False
16,hindsight,Dual (Theorem 3),0,1,-1.625693916312632,False
16,hindsight,Dual (Theorem 3),1,1,-0.8714569369008915,False
16,hindsight,Dual (Theorem 3),2,1,-0.6707563628707434,False
16,hindsight,Dual (Theorem 3),3,1,-1.0407745956311483,False
16,emissions-only,Shapley,012,3,-0.7654807102792325,False
16,emissions-only,Shapley,013,3,-0.10554555789509523,False
16,emissions-only,Shapley,023,3,-0.35561911737244944,False
16,emissions-only,Shapley,123,3,-0.6581228001135422,False
16,emissions-only,Shapley,01,2,-1.78801926073374,False
16,emissions-only,Shapley,02,2,-0.06784987596275838,False
16,emissions-only,Shapley,03,2,-0.15819565556000104,False
16,emissions-only,Shapley,12,2,-0.1811796182507761,False
16,emissions-only,Shapley,13,2,-0.36449796324956507,False
16,emissions-only,Shapley,23,2,-1.5920026169658152,False
16,emissions-only,Shapley,0,1,-1.2700050581797273,False
16,emissions-only,Shapley,1,1,-0.8076853504498451,False
16,emissions-only,Shapley,2,1,-0.8039441564998562,False
16,emissions-only,Shapley,3,1,-1.3270472465859773,False
16,emissions-only,Dual (Theorem 3),012,3,-1.0517533612340684,False
16,emissions-only,Dual (Theorem 3),013,3,-0.2387333515242127,False
16,emissions-only,Dual (Theorem 3),023,3,-0.2918475309214106,False
16,emissions-only,Dual (Theorem 3),123,3,-0.30243394198064344,False
16,emissions-only,Dual (Theorem 3),01,2,-2.2074797053176884,False
16,emissions-only,Dual (Theorem 3),02,2,-0.29035094046654963,False
16,emissions-only,Dual (Theorem 3),03,2,-0.22761186273807388,False
16,emissions-only,Dual (Theorem 3),12,2,-0.11176341107270837,False
16,emissions-only,Dual (Theorem 3),13,2,-0.14199689874577892,False
16,emissions-only,Dual (Theorem 3),23,2,-1.1725421723818723,False
16,emissions-only,Dual (Theorem 3),0,1,-1.625693916312631,False
16,emissions-only,Dual (Theorem 3),1,1,-0.8714569369008895,False
16,emissions-only,Dual (Theorem 3),2,1,-0.6707563628707438,False
16,emissions-only,Dual (Theorem 3),3,1,-1.0407745956311465,False
16,online,Origin-based,012,3,0.6478877553835556,True
16,online,Origin-based,013,3,0.5382604402049078,True
16,online,Origin-based,023,3,-1.279837007943995,False
16,online,Origin-based,123,3,-2.063772832557132,False
16,online,Origin-based,01,2,0.35210251268439696,True
16,online,Origin-based,02,2,0.4371255643477049,True
16,online,Origin-based,03,2,-0.5072197484465759,False
16,online,Origin-based,12,2,-0.3050939028752606,False
16,online,Origin-based,13,2,-1.1678107789066776,False
16,online,Origin-based,23,2,-3.9471357626178856,False
16,online,Origin-based,0,1,-0.0003403552388323017,False
16,online,Origin-based,1,1,0.06842259245315074,True
16,online,Origin-based,2,1,-1.5942670842246727,False
16,online,Origin-based,3,1,-2.8214417937747256,False
16,online,Host-based,012,3,1.5369601661827077,True
16,online,Host-based,013,3,0.8805476448638241,True
16,online,Host-based,023,3,-1.9810630891977112,False
16,online,Host-based,123,3,-2.5939063667614857,False
16,online,Host-based,01,2,1.5834621281424655,True
16,online,Host-based,02,2,0.6249718938931413,True
16,online,Host-based,03,2,-0.8661586250413755,False
16,online,Host-based,12,2,0.05384497371953856,True
16,online,Host-based,13,2,-1.3556571084521147,False
16,online,Host-based,23,2,-5.178495378075954,False
16,online,Host-based,0,1,0.5297931789655206,True
16,online,Host-based,1,1,0.7696486737068665,True
16,online,Host-based,2,1,-1.9365542888835892,False
16,online,Host-based,3,1,-3.7105142045738786,False
16,online,Work-proportional,012,3,1.0545484080646608,True
16,online,Work-proportional,013,3,0.5377611990119173,True
16,online,Work-proportional,023,3,-1.4277408470457758,False
16,online,Work-proportional,123,3,-2.3220304049434684,False
16,online,Work-proportional,01,2,0.7582639241725123,True
16,online,Work-proportional,02,2,0.6958823779270301,True
16,online,Work-proportional,03,2,-0.6556228287413459,False
16,online,Work-proportional,12,2,-0.15669082258049127,False
16,online,Work-proportional,13,2,-1.4265675924860037,False
16,online,Work-proportional,23,2,-4.353297174106002,False
16,online,Work-proportional,0,1,0.25791721714750326,True
16,online,Work-proportional,1,1,0.2163264315549306,True
16,online,Work-proportional,2,1,-1.593767843031683,False
16,online,Work-proportional,3,1,-3.228102446455831,False
16,online,Stand-alone proportional,012,3,0.41583033244865564,True
16,online,Stand-alone proportional,013,3,0.27760198575298567,True
16,online,Stand-alone proportional,023,3,-0.8475848581140921,False
16,online,Stand-alone proportional,123,3,-2.0033091050002128,False
16,online,Stand-alone proportional,01,2,-0.14061336470242508,False
16,online,Stand-alone proportional,02,2,0.637320291242708,True
16,online,Stand-alone proportional,03,2,-0.3356260530685953,False
16,online,Stand-alone proportional,12,2,-0.4766875982532417,False
16,online,Stand-alone proportional,13,2,-1.3680055058016807,False
16,online,Stand-alone proportional,23,2,-3.454419885231064,False
16,online,Stand-alone proportional,0,1,-0.06080408279575136,False
16,online,Stand-alone proportional,1,1,-0.36382955737675227,False
16,online,Stand-alone proportional,2,1,-1.3336086297727505,False
16,online,Stand-alone proportional,3,1,-2.589384370839826,False
16,online,Shapley,012,3,-0.8349000500238357,False
16,online,Shapley,013,3,-0.19774965882196627,False
16,online,Shapley,023,3,-0.4065344100206447,False
16,online,Shapley,123,3,-0.7182775260462186,False
16,online,Shapley,01,2,-1.866695391749868,False
16,online,Shapley,02,2,-0.17235964313633512,False
16,online,Shapley,03,2,-0.3699272495500989,False
16,online,Shapley,12,2,-0.44238640177173827,False
16,online,Shapley,13,2,-0.5583255714226381,False
16,online,Shapley,23,2,-1.7283378581836208,False
16,online,Shapley,0,1,-1.345835661749746,False
16,online,Shapley,1,1,-0.8048800054702007,False
16,online,Shapley,2,1,-0.8582569851977988,False
16,online,Shapley,3,1,-1.338653988367335,False
16,online,Dual (Theorem 3),012,3,-1.0167674860905151,False
16,online,Dual (Theorem 3),013,3,-0.3469149766853943,False
16,online,Dual (Theorem 3),023,3,-0.3556250754023216,False
16,online,Dual (Theorem 3),123,3,-0.438154106734447,False
16,online,Dual (Theorem 3),01,2,-2.1977281456799713,False
16,online,Dual (Theorem 3),02,2,-0.30331774458468763,False
16,online,Dual (Theorem 3),03,2,-0.4681832327951998,False
16,online,Dual (Theorem 3),12,2,-0.3441304185266416,False
16,online,Dual (Theorem 3),13,2,-0.42736746997429,False
16,online,Dual (Theorem 3),23,2,-1.3973051042535225,False
16,online,Dual (Theorem 3),0,1,-1.625959081061522,False
16,online,Dual (Theorem 3),1,1,-0.8557893400885276,False
16,online,Dual (Theorem 3),2,1,-0.7090916673343752,False
16,online,Dual (Theorem 3),3,1,-1.1567865523006597,False
17,hindsight,Origin-based,012,3,0.583324552424652,True
17,hindsight,Origin-based,013,3,0.273357372029998,True
17,hindsight,Origin-based,023,3,-1.1706379785350611,False
17,hindsight,Origin-based,123,3,-1.4447791396425504,False
17,hindsight,Origin-based,01,2,0.28769338854786747,True
17,hindsight,Origin-based,02,2,0.3536430043101594,True
17,hindsight,Origin-based,03,2,-0.7902401993915469,False
17,hindsight,Origin-based,12,2,0.20291552817461866,True
17,hindsight,Origin-based,13,2,-1.0417777281626819,False
17,hindsight,Origin-based,23,2,-3.3091650647472783,False
17,hindsight,Origin-based,0,1,0.016477947090984796,True
17,hindsight,Origin-based,1,1,0.12041759099245625,True
17,hindsight,Origin-based,2,1,-0.810929427132499,False
17,hindsight,Origin-based,3,1,-3.00140178065896,False
17,hindsight,Host-based,012,3,1.5406200651759874,True
17,hindsight,Host-based,013,3,0.5614573421015288,True
17,hindsight,Host-based,023,3,-1.8601689730619515,False
17,hindsight,Host-based,123,3,-2.0006436279385262,False
17,hindsight,Host-based,01,2,1.5330888713707336,True
17,hindsight,Host-based,02,2,0.6214075225346047,True
17,hindsight,Host-based,03,2,-1.1916712238469063,False
17,hindsight,Host-based,12,2,0.6043465526299783,True
17,hindsight,Host-based,13,2,-1.3095422463871274,False
17,hindsight,Host-based,23,2,-4.554560547570144,False
17,hindsight,Host-based,0,1,0.5723424353869608,True
17,hindsight,Host-based,1,1,0.8099485855193465,True
17,hindsight,Host-based,2,1,-1.0990293972040297,False
17,hindsight,Host-based,3,1,-3.9586972934102955,False
17,hindsight,Work-proportional,012,3,0.5535837912125869,True
17,hindsight,Work-proportional,013,3,0.4069677828410181,True
17,hindsight,Work-proportional,023,3,-1.1535540476372388,False
17,hindsight,Work-proportional,123,3,-1.5657327201393296,False
17,hindsight,Work-proportional,01,2,0.3915630381468233,True
17,hindsight,Work-proportional,02,2,0.34098617399591735,True
17,hindsight,Work-proportional,03,2,-0.6395458576827038,False
17,hindsight,Work-proportional,12,2,0.052221186465775116,True
17,hindsight,Work-proportional,13,2,-1.0291208978484403,False
17,hindsight,Work-proportional,23,2,-3.4130347143462347,False
17,hindsight,Work-proportional,0,1,0.13743152758776345,True
17,hindsight,Work-proportional,1,1,0.10333366009463335,True
17,hindsight,Work-proportional,2,1,-0.9445398379435198,False
17,hindsight,Work-proportional,3,1,-2.9716610194468958,False
17,hindsight,Stand-alone proportional,012,3,0.047983555461862726,True
17,hindsight,Stand-alone proportional,013,3,0.37158092337198045,True
17,hindsight,Stand-alone proportional,023,3,-0.8095503229408956,False
17,hindsight,Stand-alone proportional,123,3,-1.368749349615911,False
17,hindsight,Stand-alone proportional,01,2,-0.14942405707293865,False
17,hindsight,Stand-alone proportional,02,2,0.17938966294153647,True
17,hindsight,Stand-alone proportional,03,2,-0.3309289924553982,False
17,hindsight,Stand-alone proportional,12,2,-0.25639567876153047,False
17,hindsight,Stand-alone proportional,13,2,-0.8675243867940594,False
17,hindsight,Stand-alone proportional,23,2,-2.8720476191264726,False
17,hindsight,Stand-alone proportional,0,1,-0.059551842935655186,False
17,hindsight,Stand-alone proportional,1,1,-0.24067006460170992,False
17,hindsight,Stand-alone proportional,2,1,-0.9091529784744821,False
17,hindsight,Stand-alone proportional,3,1,-2.4660607836961717,False
17,hindsight,Shapley,012,3,-0.9506454283823103,False
17,hindsight,Shapley,013,3,-0.02903668746342447,False
17,hindsight,Shapley,023,3,-0.314344961661428,False
17,hindsight,Shapley,123,3,-0.46470811621579866,False
17,hindsight,Shapley,01,2,-1.5486706517525173,False
17,hindsight,Shapley,02,2,-0.3240339596231696,False
17,hindsight,Shapley,03,2,-0.23634124201133622,False
17,hindsight,Shapley,12,2,-0.3509834292055918,False
17,hindsight,Shapley,13,2,-0.3641007642293528,False
17,hindsight,Shapley,23,2,-1.4728010244468934,False
17,hindsight,Shapley,0,1,-0.9635930763357669,False
17,hindsight,Shapley,1,1,-0.7358754258811768,False
17,hindsight,Shapley,2,1,-0.5085353676390765,False
17,hindsight,Shapley,3,1,-1.467431799851998,False
17,hindsight,Dual (Theorem 3),012,3,-0.8304530753840613,False
17,hindsight,Dual (Theorem 3),013,3,-0.13834913319340858,False
17,hindsight,Dual (Theorem 3),023,3,-0.3964498666202605,False
17,hindsight,Dual (Theorem 3),123,3,-0.3934831185252303,False
17,hindsight,Dual (Theorem 3),01,2,-1.5377907444842527,False
17,hindsight,Dual (Theorem 3),02,2,-0.2859465115837534,False
17,hindsight,Dual (Theorem 3),03,2,-0.42775859270015304,False
17,hindsight,Dual (Theorem 3),12,2,-0.15956607851677473,False
17,hindsight,Dual (Theorem 3),13,2,-0.402188212268769,False
17,hindsight,Dual (Theorem 3),23,2,-1.483680931715158,False
17,hindsight,Dual (Theorem 3),0,1,-1.0348180740263349,False
17,hindsight,Dual (Theorem 3),1,1,-0.6537705209223442,False
17,hindsight,Dual (Theorem 3),2,1,-0.39922292190909214,False
17,hindsight,Dual (Theorem 3),3,1,-1.5876241528502466,False
17,emissions-only,Shapley,012,3,-0.9506454283823121,False
17,emissions-only,Shapley,013,3,-0.029036687463425803,False
17,emissions-only,Shapley,023,3,-0.3143449616614209,False
17,emissions-only,Shapley,123,3,-0.4647081162158009,False
17,emissions-only,Shapley,01,2,-1.5486706517525208,False
17,emissions-only,Shapley,02,2,-0.32403395962317216,False
17,emissions-only,Shapley,03,2,-0.23634124201134177,False
17,emissions-only,Shapley,12,2,-0.3509834292055902,False
17,emissions-only,Shapley,13,2,-0.36410076422935056,False
17,emissions-only,Shapley,23,2,-1.4728010244469116,False
17,emissions-only,Shapley,0,1,-0.96359307633577,False
17,emissions-only,Shapley,1,1,-0.7358754258811768,False
17,emissions-only,Shapley,2,1,-0.5085353676390751,False
17,emissions-only,Shapley,3,1,-1.4674317998519966,False
17,emissions-only,Dual (Theorem 3),012,3,-0.8304530753840617,False
17,emissions-only,Dual (Theorem 3),013,3,-0.1383491331934079,False
17,emissions-only,Dual (Theorem 3),023,3,-0.3964498666202525,False
17,emissions-only,Dual (Theorem 3),123,3,-0.39348311852523654,False
17,emissions-only,Dual (Theorem 3),01,2,-1.5377907444842527,False
17,emissions-only,Dual (Theorem 3),02,2,-0.2859465115837535,False
17,emissions-only,Dual (Theorem 3),03,2,-0.4277585927001557,False
17,emissions-only,Dual (Theorem 3),12,2,-0.15956607851677584,False
17,emissions-only,Dual (Theorem 3),13,2,-0.402188212268769,False
17,emissions-only,Dual (Theorem 3),23,2,-1.4836809317151793,False
17,emissions-only,Dual (Theorem 3),0,1,-1.0348180740263337,False
17,emissions-only,Dual (Theorem 3),1,1,-0.653770520922345,False
17,emissions-only,Dual (Theorem 3),2,1,-0.3992229219090926,False
17,emissions-only,Dual (Theorem 3),3,1,-1.5876241528502466,False
17,online,Origin-based,012,3,0.6370794226112818,True
17,online,Origin-based,013,3,0.302751678628119,True
17,online,Origin-based,023,3,-1.115012812002318,False
17,online,Origin-based,123,3,-1.3918113990379744,False
17,online,Origin-based,01,2,0.2454299335275082,True
17,online,Origin-based,02,2,0.39240181227902626,True
17,online,Origin-based,03,2,-0.9057359547072072,False
17,online,Origin-based,12,2,0.21813685284573014,True
17,online,Origin-based,13,2,-1.235221175049418,False
17,online,Origin-based,23,2,-3.2081369360987777,False
17,online,Origin-based,0,1,0.0046428025506738,True
17,online,Origin-based,1,1,0.07212038736500054,True
17,online,Origin-based,2,1,-0.7834620559093948,False
17,online,Origin-based,3,1,-2.949256940438836,False
17,online,Host-based,012,3,1.5323042347476568,True
17,online,Host-based,013,3,0.48702378283118475,True
17,online,Host-based,023,3,-1.6759069649069103,False
17,online,Host-based,123,3,-1.9104141624728221,False
17,online,Host-based,01,2,1.3249268498669486,True
17,online,Host-based,02,2,0.7267324715108087,True
17,online,Host-based,03,2,-1.2823580034087338,False
17,online,Host-based,12,2,0.594758901547257,True
17,online,Host-based,13,2,-1.5695518342812003,False
17,online,Host-based,23,2,-4.287633852438217,False
17,online,Host-based,0,1,0.5232455659855219,True
17,online,Host-based,1,1,0.6330145402695928,True
17,online,Host-based,2,1,-0.9677341601124603,False
17,online,Host-based,3,1,-3.8444817525752106,False
17,online,Work-proportional,012,3,0.6397649462682907,True
17,online,Work-proportional,013,3,0.49657657728973237,True
17,online,Work-proportional,023,3,-1.1642757332249478,False
17,online,Work-proportional,123,3,-1.5390589001339654,False
17,online,Work-proportional,01,2,0.44194035584613023,True
17,online,Work-proportional,02,2,0.34582441471340475,True
17,online,Work-proportional,03,2,-0.7611739772682242,False
17,online,Work-proportional,12,2,0.07357487540674756,True
17,online,Work-proportional,13,2,-1.1886437774837963,False
17,online,Work-proportional,23,2,-3.4046473584173995,False
17,online,Work-proportional,0,1,0.15189030364666545,True
17,online,Work-proportional,1,1,0.12138330858763097,True
17,online,Work-proportional,2,1,-0.9772869545710079,False
17,online,Work-proportional,3,1,-2.9519424640958443,False
17,online,Stand-alone proportional,012,3,0.10585283055174644,True
17,online,Stand-alone proportional,013,3,0.4424714968269765,True
17,online,Stand-alone proportional,023,3,-0.7916363351557334,False
17,online,Stand-alone proportional,123,3,-1.3236811020238792,False
17,online,Stand-alone proportional,01,2,-0.1460768403331701,False
17,online,Stand-alone proportional,02,2,0.18455169706607466,True
17,online,Stand-alone proportional,03,2,-0.4426396596617659,False
17,online,Stand-alone proportional,12,2,-0.24495944219971044,False
17,online,Stand-alone proportional,13,2,-1.027371059836466,False
17,online,Stand-alone proportional,23,2,-2.8166301622380985,False
17,online,Stand-alone proportional,0,1,-0.06348749446342081,False
17,online,Stand-alone proportional,1,1,-0.2512560894815831,False
17,online,Stand-alone proportional,2,1,-0.9231818741082517,False
17,online,Stand-alone proportional,3,1,-2.4180303483793,False
17,online,Shapley,012,3,-0.9013743623950904,False
17,online,Shapley,013,3,0.056254735606178885,True
17,online,Shapley,023,3,-0.2994034633396736,False
17,online,Shapley,123,3,-0.4224700196723026,False
17,online,Shapley,01,2,-1.5395207945008054,False
17,online,Shapley,02,2,-0.33044262406470293,False
17,online,Shapley,03,2,-0.3366235490665046,False
17,online,Shapley,12,2,-0.3509755527949713,False
17,online,Shapley,13,2,-0.5123767387056875,False
17,online,Shapley,23,2,-1.4231862080704625,False
17,online,Shapley,0,1,-0.9646985768149968,False
17,online,Shapley,1,1,-0.7434889612976423,False
17,online,Shapley,2,1,-0.5369651128874533,False
17,online,Shapley,3,1,-1.4108031554324625,False
17,online,Dual (Theorem 3),012,3,-0.7442719203283578,False
17,online,Dual (Theorem 3),013,3,-0.04874033874469408,False
17,online,Dual (Theorem 3),023,3,-0.4071715522079695,False
17,online,Dual (Theorem 3),123,3,-0.36680929851986654,False
17,online,Dual (Theorem 3),01,2,-1.4874134267849457,False
17,online,Dual (Theorem 3),02,2,-0.2811082708662661,False
17,online,Dual (Theorem 3),03,2,-0.5493867122856733,False
17,online,Dual (Theorem 3),12,2,-0.1382123895758025,False
17,online,Dual (Theorem 3),13,2,-0.5617110919041242,False
17,online,Dual (Theorem 3),23,2,-1.4752935757863224,False
17,online,Dual (Theorem 3),0,1,-1.020359297967433,False
17,online,Dual (Theorem 3),1,1,-0.6357208724293466,False
17,online,Dual (Theorem 3),2,1,-0.43197003853658034,False
17,online,Dual (Theorem 3),3,1,-1.5679055974991951,False
18,hindsight,Origin-based,012,3,0.9587210155736976,True
18,hindsight,Origin-based,013,3,0.44333405800365044,True
18,hindsight,Origin-based,023,3,-1.1841146616144549,False
18,hindsight,Origin-based,123,3,-1.631248430410583,False
18,hindsight,Origin-based,01,2,0.5274465373811552,True
18,hindsight,Origin-based,02,2,0.6861768463362852,True
18,hindsight,Origin-based,03,2,-0.5292691940816328,False
18,hindsight,Origin-based,12,2,0.18997065092369825,True
18,hindsight,Origin-based,13,2,-0.9674721643886897,False
18,hindsight,Origin-based,23,2,-3.250722128737751,False
18,hindsight,Origin-based,0,1,0.0226526455176716,True
18,hindsight,Origin-based,1,1,0.13331946053739419,True
18,hindsight,Origin-based,2,1,-0.8809915655127325,False
18,hindsight,Origin-based,3,1,-2.597110629746156,False
18,hindsight,Host-based,012,3,2.3192435093015513,True
18,hindsight,Host-based,013,3,0.9063432064147539,True
18,hindsight,Host-based,023,3,-2.3869720973556854,False
18,hindsight,Host-based,123,3,-2.2519226368083083,False
18,hindsight,Host-based,01,2,2.350978179520112,True
18,hindsight,Host-based,02,2,0.843841904322908,True
18,hindsight,Host-based,03,2,-1.2691174814117607,False
18,hindsight,Host-based,12,2,0.9298189382538262,True
18,hindsight,Host-based,13,2,-1.125137222375312,False
18,hindsight,Host-based,23,2,-5.074253770876707,False
18,hindsight,Host-based,0,1,0.6433268519153973,True
18,hindsight,Host-based,1,1,1.3361768962786251,True
18,hindsight,Host-based,2,1,-1.3440007139238355,False
18,hindsight,Host-based,3,1,-3.957633123474009,False
18,hindsight,Work-proportional,012,3,0.9792987705641103,True
18,hindsight,Work-proportional,013,3,0.6445066591861965,True
18,hindsight,Work-proportional,023,3,-1.1090431665306184,False
18,hindsight,Work-proportional,123,3,-1.928070281667332,False
18,hindsight,Work-proportional,01,2,0.7491968935540989,True
18,hindsight,Work-proportional,02,2,0.7818260964105188,True
18,hindsight,Work-proportional,03,2,-0.25302509781526616,False
18,hindsight,Work-proportional,12,2,-0.08627344534265324,False
18,hindsight,Work-proportional,13,2,-1.0631214144629082,False
18,hindsight,Work-proportional,23,2,-3.4724724849106794,False
18,hindsight,Work-proportional,0,1,0.31947449677443596,True
18,hindsight,Work-proportional,1,1,0.05824796545357347,True
18,hindsight,Work-proportional,2,1,-1.0821641666952633,False
18,hindsight,Work-proportional,3,1,-2.6176883847365535,False
18,hindsight,Stand-alone proportional,012,3,0.3268089789643984,True
18,hindsight,Stand-alone proportional,013,3,0.49989632006553997,True
18,hindsight,Stand-alone proportional,023,3,-0.71365024315815,False
18,hindsight,Stand-alone proportional,123,3,-1.5263630743194323,False
18,hindsight,Stand-alone proportional,01,2,-0.04790323716626954,False
18,hindsight,Stand-alone proportional,02,2,0.5247292281832754,True
18,hindsight,Stand-alone proportional,03,2,-0.0022425135634538407,False
18,hindsight,Stand-alone proportional,12,2,-0.3370560295944651,False
18,hindsight,Stand-alone proportional,13,2,-0.8060245462356646,False
18,hindsight,Stand-alone proportional,23,2,-2.6753723541903103,False
18,hindsight,Stand-alone proportional,0,1,-0.08223271057346397,False
18,hindsight,Stand-alone proportional,1,1,-0.33714495791889504,False
18,hindsight,Stand-alone proportional,2,1,-0.9375538275746067,False
18,hindsight,Stand-alone proportional,3,1,-1.9651985931368414,False
18,hindsight,Shapley,012,3,-0.5800758204573315,False
18,hindsight,Shapley,013,3,0.04385403852882819,True
18,hindsight,Shapley,023,3,-0.3489214899675437,False
18,hindsight,Shapley,123,3,-0.528164746551596,False
18,hindsight,Shapley,01,2,-1.410830318124711,False
18,hindsight,Shapley,02,2,-0.017426818047848514,False
18,hindsight,Shapley,03,2,-0.0935560419095598,False
18,hindsight,Shapley,12,2,-0.2457425012483596,False
18,hindsight,Shapley,13,2,-0.26386850000454043,False
18,hindsight,Shapley,23,2,-1.3124452732318685,False
18,hindsight,Shapley,0,1,-1.0804310383412996,False
18,hindsight,Shapley,1,1,-0.701873711109501,False
18,hindsight,Shapley,2,1,-0.48151154603789514,False
18,hindsight,Shapley,3,1,-1.0583137937151115,False
18,hindsight,Dual (Theorem 3),012,3,-0.8151551572487263,False
18,hindsight,Dual (Theorem 3),013,3,-0.12947603220854687,False
18,hindsight,Dual (Theorem 3),023,3,-0.24654864488597816,False
18,hindsight,Dual (Theorem 3),123,3,-0.22212818410443536,False
18,hindsight,Dual (Theorem 3),01,2,-1.8192397256534665,False
18,hindsight,Dual (Theorem 3),02,2,-0.15013330975766337,False
18,hindsight,Dual (Theorem 3),03,2,-0.16451326756535467,False
18,hindsight,Dual (Theorem 3),12,2,-0.17478527559257895,False
18,hindsight,Dual (Theorem 3),13,2,-0.13116200829473978,False
18,hindsight,Dual (Theorem 3),23,2,-0.9040358657031282,False
18,hindsight,Dual (Theorem 3),0,1,-1.386467600788475,False
18,hindsight,Dual (Theorem 3),1,1,-0.804246556191081,False
18,hindsight,Dual (Theorem 3),2,1,-0.3081814753005345,False
18,hindsight,Dual (Theorem 3),3,1,-0.8232344569237311,False
18,emissions-only,Shapley,012,3,-0.5800758204573453,False
18,emissions-only,Shapley,013,3,0.04385403852882819,True
18,emissions-only,Shapley,023,3,-0.34892148996754724,False
18,emissions-only,Shapley,123,3,-0.5281647465516137,False
18,emissions-only,Shapley,01,2,-1.4108303181247264,False
18,emissions-only,Shapley,02,2,-0.017426818047857284,False
18,emissions-only,Shapley,03,2,-0.09355604190956379,False
18,emissions-only,Shapley,12,2,-0.24574250124836494,False
18,emissions-only,Shapley,13,2,-0.26386850000454176,False
18,emissions-only,Shapley,23,2,-1.312445273231888,False
18,emissions-only,Shapley,0,1,-1.0804310383413125,False
18,emissions-only,Shapley,1,1,-0.7018737111095036,False
18,emissions-only,Shapley,2,1,-0.4815115460378885,False
18,emissions-only,Shapley,3,1,-1.0583137937151212,False
18,emissions-only,Dual (Theorem 3),012,3,-0.8151551572487297,False
18,emissions-only,Dual (Theorem 3),013,3,-0.12947603220853976,False
18,emissions-only,Dual (Theorem 3),023,3,-0.24654864488598438,False
18,emissions-only,Dual (Theorem 3),123,3,-0.2221281841044691,False
18,emissions-only,Dual (Theorem 3),01,2,-1.8192397256534636,False
18,emissions-only,Dual (Theorem 3),02,2,-0.15013330975766404,False
18,emissions-only,Dual (Theorem 3),03,2,-0.16451326756535423,False
18,emissions-only,Dual (Theorem 3),12,2,-0.17478527559258983,False
18,emissions-only,Dual (Theorem 3),13,2,-0.13116200829475,False
18,emissions-only,Dual (Theorem 3),23,2,-0.9040358657031664,False
18,emissions-only,Dual (Theorem 3),0,1,-1.386467600788472,False
18,emissions-only,Dual (Theorem 3),1,1,-0.8042465561910812,False
18,emissions-only,Dual (Theorem 3),2,1,-0.30818147530053563,False
18,emissions-only,Dual (Theorem 3),3,1,-0.823234456923752,False
18,online,Origin-based,012,3,0.8890226471902014,True
18,online,Origin-based,013,3,0.5026239473043073,True
18,online,Origin-based,023,3,-1.1549746101348735,False
18,online,Origin-based,123,3,-1.586569620391428,False
18,online,Origin-based,01,2,0.4890058170913033,True
18,online,Origin-based,02,2,0.5416520959536895,True
18,online,Origin-based,03,2,-0.5289325875006878,False
18,online,Origin-based,12,2,0.08118149915841943,True
18,online,Origin-based,13,2,-0.9718421927093628,False
18,online,Origin-based,23,2,-3.2283441008132128,False
18,online,Origin-based,0,1,0.0047587591782626,True
18,online,Origin-based,1,1,0.10404173446322507,True
18,online,Origin-based,2,1,-0.9432496820171339,False
18,online,Origin-based,3,1,-2.555277913155583,False
18,online,Host-based,012,3,2.133995897079102,True
18,online,Host-based,013,3,0.9365106036677724,True
18,online,Host-based,023,3,-2.2270087454149348,False
18,online,Host-based,123,3,-2.193395391363735,False
18,online,Host-based,01,2,2.16786572334367,True
18,online,Host-based,02,2,0.71459121056253,True
18,online,Host-based,03,2,-1.1670800664172836,False
18,online,Host-based,12,2,0.7193289780750147,True
18,online,Host-based,13,2,-1.1447813073182038,False
18,online,Host-based,23,2,-4.90720400706558,False
18,online,Host-based,0,1,0.6115845301505685,True
18,online,Host-based,1,1,1.1760758697432858,True
18,online,Host-based,2,1,-1.3771363383805992,False
18,online,Host-based,3,1,-3.800251163044485,False
18,online,Work-proportional,012,3,0.9811158790354175,True
18,online,Work-proportional,013,3,0.6775839074100873,True
18,online,Work-proportional,023,3,-1.10374828300611,False
18,online,Work-proportional,123,3,-1.904849139471187,False
18,online,Work-proportional,01,2,0.7560590090422995,True
18,online,Work-proportional,02,2,0.6849716549276692,True
18,online,Work-proportional,03,2,-0.30274630026614435,False
18,online,Work-proportional,12,2,-0.1450047880761236,False
18,online,Work-proportional,13,2,-1.1151617516833419,False
18,online,Work-proportional,23,2,-3.495397292764209,False
18,online,Work-proportional,0,1,0.3230382782580221,True
18,online,Work-proportional,1,1,0.052815407334461884,True
18,online,Work-proportional,2,1,-1.1182096421229137,False
18,online,Work-proportional,3,1,-2.647371145000799,False
18,online,Stand-alone proportional,012,3,0.32201083097896865,True
18,online,Stand-alone proportional,013,3,0.520162939296414,True
18,online,Stand-alone proportional,023,3,-0.6998261913231163,False
18,online,Stand-alone proportional,123,3,-1.4922452149840577,False
18,online,Stand-alone proportional,01,2,-0.06046700712782305,False
18,online,Stand-alone proportional,02,2,0.4297886985542132,True
18,online,Stand-alone proportional,03,2,-0.056245176696824384,False
18,online,Stand-alone proportional,12,2,-0.39150591164544357,False
18,online,Stand-alone proportional,13,2,-0.8599787953098859,False
18,online,Stand-alone proportional,23,2,-2.6788712765940863,False
18,online,Stand-alone proportional,0,1,-0.08956564622910732,False
18,online,Stand-alone proportional,1,1,-0.3511066843485313,False
18,online,Stand-alone proportional,2,1,-0.9607886740092402,False
18,online,Stand-alone proportional,3,1,-1.9882660969443497,False
18,online,Shapley,012,3,-0.575838275235663,False
18,online,Shapley,013,3,0.05784006444025058,True
18,online,Shapley,023,3,-0.33081923015217285,False
18,online,Shapley,123,3,-0.5010801950842065,False
18,online,Shapley,01,2,-1.4206389881986183,False
18,online,Shapley,02,2,-0.09905344648947478,False
18,online,Shapley,03,2,-0.14956109038204435,False
18,online,Shapley,12,2,-0.2981899979602234,False
18,online,Shapley,13,2,-0.3311366502661981,False
18,online,Shapley,23,2,-1.3186992955232908,False
18,online,Shapley,0,1,-1.080730666128959,False
18,online,Shapley,1,1,-0.7201136455194749,False
18,online,Shapley,2,1,-0.49846579915307654,False
18,online,Shapley,3,1,-1.090416990729718,False
18,online,Dual (Theorem 3),012,3,-0.8133380487774189,False
18,online,Dual (Theorem 3),013,3,-0.09639878398465518,False
18,online,Dual (Theorem 3),023,3,-0.24125376136146937,False
18,online,Dual (Theorem 3),123,3,-0.19890704190829123,False
18,online,Dual (Theorem 3),01,2,-1.8123776101652656,False
18,online,Dual (Theorem 3),02,2,-0.24698775124051298,False
18,online,Dual (Theorem 3),03,2,-0.21423447001623286,False
18,online,Dual (Theorem 3),12,2,-0.23351661832604975,False
18,online,Dual (Theorem 3),13,2,-0.18320234551517434,False
18,online,Dual (Theorem 3),23,2,-0.9269606735566578,False
18,online,Dual (Theorem 3),0,1,-1.3829038193048886,False
18,online,Dual (Theorem 3),1,1,-0.8096791143101926,False
18,online,Dual (Theorem 3),2,1,-0.344226950728185,False
18,online,Dual (Theorem 3),3,1,-0.8529172171879766,False
19,hindsight,Origin-based,012,3,0.8622201452359703,True
19,hindsight,Origin-based,013,3,0.5298366155809071,True
19,hindsight,Origin-based,023,3,-1.206864594404931,False
19,hindsight,Origin-based,123,3,-1.9703766577542519,False
19,hindsight,Origin-based,01,2,0.5252189631647449,True
19,hindsight,Origin-based,02,2,0.6064326689896311,True
19,hindsight,Origin-based,03,2,-0.3987353652019765,False
19,hindsight,Origin-based,12,2,0.01793403036878294,True
19,hindsight,Origin-based,13,2,-1.1685091888617825,False
19,hindsight,Origin-based,23,2,-3.7910080394493093,False
19,hindsight,Origin-based,0,1,0.0184747881115844,True
19,hindsight,Origin-based,1,1,0.12514234342068553,True
19,hindsight,Origin-based,2,1,-1.1261747981417363,False
19,hindsight,Origin-based,3,1,-3.028281920711997,False
19,hindsight,Host-based,012,3,2.31875471139245,True
19,hindsight,Host-based,013,3,1.0693384144731852,True
19,hindsight,Host-based,023,3,-2.4385119958213415,False
19,hindsight,Host-based,123,3,-2.734765621386601,False
19,hindsight,Host-based,01,2,2.5212553282135035,True
19,hindsight,Host-based,02,2,0.831319833729701,True
19,hindsight,Host-based,03,2,-1.0908809677261075,False
19,hindsight,Host-based,12,2,0.7100796328929135,True
19,hindsight,Host-based,13,2,-1.3933963536018528,False
19,hindsight,Host-based,23,2,-5.787044404498069,False
19,hindsight,Host-based,0,1,0.7828637517439334,True
19,hindsight,Host-based,1,1,1.3567897448370954,True
19,hindsight,Host-based,2,1,-1.6656765970340155,False
19,hindsight,Host-based,3,1,-4.4848164868684774,False
19,hindsight,Work-proportional,012,3,0.8827706637606514,True
19,hindsight,Work-proportional,013,3,0.6883225227135346,True
19,hindsight,Work-proportional,023,3,-1.1800315328018023,False
19,hindsight,Work-proportional,123,3,-2.176246145014697,False
19,hindsight,Work-proportional,01,2,0.7042553888220565,True
19,hindsight,Work-proportional,02,2,0.6538162491174437,True
19,hindsight,Work-proportional,03,2,-0.21341639646621724,False
19,hindsight,Work-proportional,12,2,-0.16738493836697899,False
19,hindsight,Work-proportional,13,2,-1.2158927689895975,False
19,hindsight,Work-proportional,23,2,-3.970044465106623,False
19,hindsight,Work-proportional,0,1,0.22434427537202725,True
19,hindsight,Work-proportional,1,1,0.09830928181755416,True
19,hindsight,Work-proportional,2,1,-1.2846607052743666,False
19,hindsight,Work-proportional,3,1,-3.048832439236681,False
19,hindsight,Stand-alone proportional,012,3,0.27232087463406596,True
19,hindsight,Stand-alone proportional,013,3,0.5330426935867183,True
19,hindsight,Stand-alone proportional,023,3,-0.7091296563046363,False
19,hindsight,Stand-alone proportional,123,3,-1.8814184032584595,False
19,hindsight,Stand-alone proportional,01,2,-0.06147422943134562,False
19,hindsight,Stand-alone proportional,02,2,0.5142683364880234,True
19,hindsight,Stand-alone proportional,03,2,0.10220565090413203,True
19,hindsight,Stand-alone proportional,12,2,-0.4830069857373276,False
19,hindsight,Stand-alone proportional,13,2,-1.0763448563601767,False
19,hindsight,Stand-alone proportional,23,2,-3.2043148468532205,False
19,hindsight,Stand-alone proportional,0,1,-0.07048346638420949,False
19,hindsight,Stand-alone proportional,1,1,-0.3725925946796112,False
19,hindsight,Stand-alone proportional,2,1,-1.1293808761475501,False
19,hindsight,Stand-alone proportional,3,1,-2.438382650110095,False
19,hindsight,Shapley,012,3,-0.7914624734181102,False
19,hindsight,Shapley,013,3,-0.013747243427703726,False
19,hindsight,Shapley,023,3,-0.3308948121036819,False
19,hindsight,Shapley,123,3,-0.6490799623928201,False
19,hindsight,Shapley,01,2,-1.6720475144979425,False
19,hindsight,Shapley,02,2,-0.1712801673631965,False
19,hindsight,Shapley,03,2,-0.06634944190933423,False
19,hindsight,Shapley,12,2,-0.3144518929238629,False
19,hindsight,Shapley,13,2,-0.39079635250895794,False
19,hindsight,Shapley,23,2,-1.5937415617866248,False
19,hindsight,Shapley,0,1,-1.3028219072498504,False
19,hindsight,Shapley,1,1,-0.7508274388805672,False
19,hindsight,Shapley,2,1,-0.5825909391331292,False
19,hindsight,Shapley,3,1,-1.37459930205792,False
19,hindsight,Dual (Theorem 3),012,3,-0.8968354379528736,False
19,hindsight,Dual (Theorem 3),013,3,-0.14139946826889505,False
19,hindsight,Dual (Theorem 3),023,3,-0.35157794942923193,False
19,hindsight,Dual (Theorem 3),123,3,-0.3953716356913022,False
19,hindsight,Dual (Theorem 3),01,2,-1.905072703873902,False
19,hindsight,Dual (Theorem 3),02,2,-0.2973362692235144,False
19,hindsight,Dual (Theorem 3),03,2,-0.21468480407608004,False
19,hindsight,Dual (Theorem 3),12,2,-0.16611653075711263,False
19,hindsight,Dual (Theorem 3),13,2,-0.2647402506486358,False
19,hindsight,Dual (Theorem 3),23,2,-1.3607163724106615,False
19,hindsight,Dual (Theorem 3),0,1,-1.556530233951364,False
19,hindsight,Dual (Theorem 3),1,1,-0.7301443015550129,False
19,hindsight,Dual (Theorem 3),2,1,-0.45493871429193344,False
19,hindsight,Dual (Theorem 3),3,1,-1.2692263375231523,False
19,emissions-only,Shapley,012,3,-0.7914624734181113,False
19,emissions-only,Shapley,013,3,-0.013747243427704614,False
19,emissions-only,Shapley,023,3,-0.33089481210367655,False
19,emissions-only,Shapley,123,3,-0.6490799623928174,False
19,emissions-only,Shapley,01,2,-1.6720475144979399,False
19,emissions-only,Shapley,02,2,-0.17128016736319618,False
19,emissions-only,Shapley,03,2,-0.06634944190933334,False
19,emissions-only,Shapley,12,2,-0.3144518929238662,False
19,emissions-only,Shapley,13,2,-0.3907963525089482,False
19,emissions-only,Shapley,23,2,-1.5937415617866186,False
19,emissions-only,Shapley,0,1,-1.30282190724985,False
19,emissions-only,Shapley,1,1,-0.7508274388805669,False
19,emissions-only,Shapley,2,1,-0.582590939133131,False
19,emissions-only,Shapley,3,1,-1.374599302057928,False
19,emissions-only,Dual (Theorem 3),012,3,-0.8968354379528738,False
19,emissions-only,Dual (Theorem 3),013,3,-0.14139946826889993,False
19,emissions-only,Dual (Theorem 3),023,3,-0.3515779494292275,False
19,emissions-only,Dual (Theorem 3),123,3,-0.3953716356912995,False
19,emissions-only,Dual (Theorem 3),01,2,-1.9050727038739015,False
19,emissions-only,Dual (Theorem 3),02,2,-0.29733626922351253,False
19,emissions-only,Dual (Theorem 3),03,2,-0.2146848040760827,False
19,emissions-only,Dual (Theorem 3),12,2,-0.16611653075711352,False
19,emissions-only,Dual (Theorem 3),13,2,-0.2647402506486287,False
19,emissions-only,Dual (Theorem 3),23,2,-1.3607163724106535,False
19,emissions-only,Dual (Theorem 3),0,1,-1.5565302339513651,False
19,emissions-only,Dual (Theorem 3),1,1,-0.730144301555013,False
19,emissions-only,Dual (Theorem 3),2,1,-0.4549387142919321,False
19,emissions-only,Dual (Theorem 3),3,1,-1.269226337523162,False
19,online,Origin-based,012,3,0.860276597010345,True
19,online,Origin-based,013,3,0.3921026560673475,True
19,online,Origin-based,023,3,-1.224488966870152,False
19,online,Origin-based,123,3,-1.9520104111117558,False
19,online,Origin-based,01,2,0.46237222092261276,True
19,online,Origin-based,02,2,0.5221981528574091,True
19,online,Origin-based,03,2,-0.5509582323072708,False
19,online,Origin-based,12,2,-0.01794982023450542,False
19,online,Origin-based,13,2,-1.3395451446840392,False
19,online,Origin-based,23,2,-3.793379051912827,False
19,online,Origin-based,0,1,0.004601771394134119,True
19,online,Origin-based,1,1,0.09273998613774614,True
19,online,Origin-based,2,1,-1.050631323968915,False
19,online,Origin-based,3,1,-3.1070769945421426,False
19,online,Host-based,012,3,2.3634888298599868,True
19,online,Host-based,013,3,0.8795677697564432,True
19,online,Host-based,023,3,-2.468994785368906,False
19,online,Host-based,123,3,-2.698181939151742,False
19,online,Host-based,01,2,2.4530495674613513,True
19,online,Host-based,02,2,0.7809045672082984,True
19,online,Host-based,03,2,-1.3079989371169276,False
19,online,Host-based,12,2,0.7390908845751509,True
19,online,Host-based,13,2,-1.5982515590349293,False
19,online,Host-based,23,2,-5.7840563984515665,False
19,online,Host-based,0,1,0.7507732994341199,True
19,online,Host-based,1,1,1.3372458046364988,True
19,online,Host-based,2,1,-1.5380964376580113,False
19,online,Host-based,3,1,-4.610289227391785,False
19,online,Work-proportional,012,3,0.8362858588850473,True
19,online,Work-proportional,013,3,0.6532071684433851,True
19,online,Work-proportional,023,3,-1.2349085460796525,False
19,online,Work-proportional,123,3,-2.178704606152996,False
19,online,Work-proportional,01,2,0.6994859951733531,True
19,online,Work-proportional,02,2,0.48778783552261173,True
19,online,Work-proportional,03,2,-0.30027329914073286,False
19,online,Work-proportional,12,2,-0.26863475340104337,False
19,online,Work-proportional,13,2,-1.3051348273492422,False
19,online,Work-proportional,23,2,-4.0304928261635675,False
19,online,Work-proportional,0,1,0.23129596643537464,True
19,online,Work-proportional,1,1,0.10315956534724591,True
19,online,Work-proportional,2,1,-1.3117358363449527,False
19,online,Work-proportional,3,1,-3.0830862564168453,False
19,online,Stand-alone proportional,012,3,0.21072033128556678,True
19,online,Stand-alone proportional,013,3,0.48736563142006517,True
19,online,Stand-alone proportional,023,3,-0.7488673386043176,False
19,online,Stand-alone proportional,123,3,-1.87333874900553,False
19,online,Stand-alone proportional,01,2,-0.09192106944944767,False
19,online,Stand-alone proportional,02,2,0.34826351539846523,True
19,online,Stand-alone proportional,03,2,0.019926371311281166,True
19,online,Stand-alone proportional,12,2,-0.5888344238530574,False
19,online,Stand-alone proportional,13,2,-1.1656105072250953,False
19,online,Stand-alone proportional,23,2,-3.2390857615407667,False
19,online,Stand-alone proportional,0,1,-0.0740698907120921,False
19,online,Stand-alone proportional,1,1,-0.3828816421280881,False
19,online,Stand-alone proportional,2,1,-1.1458942993216326,False
19,online,Stand-alone proportional,3,1,-2.4575207288173644,False
19,online,Shapley,012,3,-0.8383626457050422,False
19,online,Shapley,013,3,-0.06587143120692884,False
19,online,Shapley,023,3,-0.3634740805807102,False
19,online,Shapley,123,3,-0.6564119674115361,False
19,online,Shapley,01,2,-1.6942411090670504,False
19,online,Shapley,02,2,-0.31542620356853535,False
19,online,Shapley,03,2,-0.1479174332921045,False
19,online,Shapley,12,2,-0.4209906192496722,False
19,online,Shapley,13,2,-0.5019207882580954,False
19,online,Shapley,23,2,-1.6367657219231644,False
19,online,Shapley,0,1,-1.2909966723060864,False
19,online,Shapley,1,1,-0.7682749001516966,False
19,online,Shapley,2,1,-0.5926572366946388,False
19,online,Shapley,3,1,-1.4084377518267557,False
19,online,Dual (Theorem 3),012,3,-0.9433202428284775,False
19,online,Dual (Theorem 3),013,3,-0.17651482253904405,False
19,online,Dual (Theorem 3),023,3,-0.40645496270708126,False
19,online,Dual (Theorem 3),123,3,-0.39783009682960113,False
19,online,Dual (Theorem 3),01,2,-1.9098420975226054,False
19,online,Dual (Theorem 3),02,2,-0.4633646828183462,False
19,online,Dual (Theorem 3),03,2,-0.3015417067505952,False
19,online,Dual (Theorem 3),12,2,-0.267366345791177,False
19,online,Dual (Theorem 3),13,2,-0.35398230900828054,False
19,online,Dual (Theorem 3),23,2,-1.421164733467605,False
19,online,Dual (Theorem 3),0,1,-1.5495785428880167,False
19,online,Dual (Theorem 3),1,1,-0.7252940180253211,False
19,online,Dual (Theorem 3),2,1,-0.48201384536251934,False
19,online,Dual (Theorem 3),3,1,-1.3034801547033164,False
20,hindsight,Origin-based,012,3,0.4524800746349842,True
20,hindsight,Origin-based,013,3,0.5125876714795718,True
20,hindsight,Origin-based,023,3,-0.7793821636372202,False
20,hindsight,Origin-based,123,3,-1.2989894281016667,False
20,hindsight,Origin-based,01,2,0.420424427763208,True
20,hindsight,Origin-based,02,2,0.19729206331041294,True
20,hindsight,Origin-based,03,2,0.058488403643525366,True
20,hindsight,Origin-based,12,2,-0.26914526269695993,False
20,hindsight,Origin-based,13,2,-0.49590359509387794,False
20,hindsight,Origin-based,23,2,-2.5026289363983896,False
20,hindsight,Origin-based,0,1,0.0290622495284637,True
20,hindsight,Origin-based,1,1,0.06213294879528497,True
20,hindsight,Origin-based,2,1,-1.1480803297315532,False
20,hindsight,Origin-based,3,1,-1.5759737268959175,False
20,hindsight,Host-based,012,3,1.667717459108059,True
20,hindsight,Host-based,013,3,1.2602989262084745,True
20,hindsight,Host-based,023,3,-2.054681815180037,False
20,hindsight,Host-based,123,3,-1.9866384157608281,False
20,hindsight,Host-based,01,2,2.383373066965186,True
20,hindsight,Host-based,02,2,0.13722979624067144,True
20,hindsight,Host-based,03,2,-0.46909999317038853,False
20,hindsight,Host-based,12,2,0.25844313411695374,True
20,hindsight,Host-based,13,2,-0.43584132802413666,False
20,hindsight,Host-based,23,2,-4.465577575600369,False
20,hindsight,Host-based,0,1,0.7167112371876252,True
20,hindsight,Host-based,1,1,1.3374326003381016,True
20,hindsight,Host-based,2,1,-1.8957915844604563,False
20,hindsight,Host-based,3,1,-2.791211111368993,False
20,hindsight,Work-proportional,012,3,0.576023938499229,True
20,hindsight,Work-proportional,013,3,0.5041140413409271,True
20,hindsight,Work-proportional,023,3,-0.7007048757570185,False
20,hindsight,Work-proportional,123,3,-1.492736949707453,False
20,hindsight,Work-proportional,01,2,0.5354946614888031,True
20,hindsight,Work-proportional,02,2,0.3995132150548544,True
20,hindsight,Work-proportional,03,2,0.12869206138507705,True
20,hindsight,Work-proportional,12,2,-0.3393489204385065,False
20,hindsight,Work-proportional,13,2,-0.6981247468383143,False
20,hindsight,Work-proportional,23,2,-2.61769917012398,False
20,hindsight,Work-proportional,0,1,0.2228097711342551,True
20,hindsight,Work-proportional,1,1,-0.016544339084911486,False
20,hindsight,Work-proportional,2,1,-1.1396066995929033,False
20,hindsight,Work-proportional,3,1,-1.6995175907601574,False
20,hindsight,Stand-alone proportional,012,3,0.29182817260154614,True
20,hindsight,Stand-alone proportional,013,3,0.2248696556343277,True
20,hindsight,Stand-alone proportional,023,3,-0.4334844483472917,False
20,hindsight,Stand-alone proportional,123,3,-1.1965172255128973,False
20,hindsight,Stand-alone proportional,01,2,-0.027945490115479088,False
20,hindsight,Stand-alone proportional,02,2,0.3825378765668983,True
20,hindsight,Stand-alone proportional,03,2,0.11666810308820441,True
20,hindsight,Stand-alone proportional,12,2,-0.32732496214163387,False
20,hindsight,Stand-alone proportional,13,2,-0.681149408350358,False
20,hindsight,Stand-alone proportional,23,2,-2.0542590185196974,False
20,hindsight,Stand-alone proportional,0,1,-0.07340995306030029,False
20,hindsight,Stand-alone proportional,1,1,-0.2837647664946382,False
20,hindsight,Stand-alone proportional,2,1,-0.8603623138863039,False
20,hindsight,Stand-alone proportional,3,1,-1.4153218248624744,False
20,hindsight,Shapley,012,3,-0.3710928878374804,False
20,hindsight,Shapley,013,3,-0.12746302554233324,False
20,hindsight,Shapley,023,3,-0.21372887181836386,False
20,hindsight,Shapley,123,3,-0.40101906042613944,False
20,hindsight,Shapley,01,2,-1.0431992317311662,False
20,hindsight,Shapley,02,2,-0.06062760734319994,False
20,hindsight,Shapley,03,2,-0.01590900155952779,False
20,hindsight,Shapley,12,2,-0.19474785749390167,False
20,hindsight,Shapley,13,2,-0.23798392444026018,False
20,hindsight,Shapley,23,2,-1.0390052769040112,False
20,hindsight,Shapley,0,1,-0.868908118147059,False
20,hindsight,Shapley,1,1,-0.5035203430235666,False
20,hindsight,Shapley,2,1,-0.5080296327096434,False
20,hindsight,Shapley,3,1,-0.7524007644234483,False
20,hindsight,Dual (Theorem 3),012,3,-0.4912220352519554,False
20,hindsight,Dual (Theorem 3),013,3,-0.18380445314454796,False
20,hindsight,Dual (Theorem 3),023,3,-0.2535056154273674,False
20,hindsight,Dual (Theorem 3),123,3,-0.18477174180045974,False
20,hindsight,Dual (Theorem 3),01,2,-1.2196698067478513,False
20,hindsight,Dual (Theorem 3),02,2,-0.22053349836667413,False
20,hindsight,Dual (Theorem 3),03,2,-0.11202717277074203,False
20,hindsight,Dual (Theorem 3),12,2,-0.09862968628269231,False
20,hindsight,Dual (Theorem 3),13,2,-0.07807803341679076,False
20,hindsight,Dual (Theorem 3),23,2,-0.8625347018873297,False
20,hindsight,Dual (Theorem 3),0,1,-1.0851554367727434,False
20,hindsight,Dual (Theorem 3),1,1,-0.46374359941456733,False
20,hindsight,Dual (Theorem 3),2,1,-0.4516882051074331,False
20,hindsight,Dual (Theorem 3),3,1,-0.6322716170089779,False
20,emissions-only,Shapley,012,3,-0.3710928878374824,False
20,emissions-only,Shapley,013,3,-0.12746302554233235,False
20,emissions-only,Shapley,023,3,-0.21372887181836564,False
20,emissions-only,Shapley,123,3,-0.4010190604261279,False
20,emissions-only,Shapley,01,2,-1.0431992317311651,False
20,emissions-only,Shapley,02,2,-0.06062760734320061,False
20,emissions-only,Shapley,03,2,-0.01590900155952779,False
20,emissions-only,Shapley,12,2,-0.19474785749390433,False
20,emissions-only,Shapley,13,2,-0.23798392444026417,False
20,emissions-only,Shapley,23,2,-1.0390052769040086,False
20,emissions-only,Shapley,0,1,-0.8689081181470533,False
20,emissions-only,Shapley,1,1,-0.5035203430235706,False
20,emissions-only,Shapley,2,1,-0.5080296327096478,False
20,emissions-only,Shapley,3,1,-0.7524007644234532,False
20,emissions-only,Dual (Theorem 3),012,3,-0.49122203525195696,False
20,emissions-only,Dual (Theorem 3),013,3,-0.1838044531445484,False
20,emissions-only,Dual (Theorem 3),023,3,-0.2535056154273727,False
20,emissions-only,Dual (Theorem 3),123,3,-0.18477174180044464,False
20,emissions-only,Dual (Theorem 3),01,2,-1.2196698067478515,False
20,emissions-only,Dual (Theorem 3),02,2,-0.22053349836667768,False
20,emissions-only,Dual (Theorem 3),03,2,-0.11202717277074692,False
20,emissions-only,Dual (Theorem 3),12,2,-0.09862968628269009,False
20,emissions-only,Dual (Theorem 3),13,2,-0.07807803341679165,False
20,emissions-only,Dual (Theorem 3),23,2,-0.8625347018873271,False
20,emissions-only,Dual (Theorem 3),0,1,-1.0851554367727423,False
20,emissions-only,Dual (Theorem 3),1,1,-0.46374359941456816,False
20,emissions-only,Dual (Theorem 3),2,1,-0.451688205107436,False
20,emissions-only,Dual (Theorem 3),3,1,-0.6322716170089833,False
20,online,Origin-based,012,3,0.4942627228296619,True
20,online,Origin-based,013,3,0.47705737046441987,True
20,online,Origin-based,023,3,-0.832876220343314,False
20,online,Origin-based,123,3,-1.3225232047355737,False
20,online,Origin-based,01,2,0.3816550937843476,True
20,online,Origin-based,02,2,0.1963327112807609,True
20,online,Origin-based,03,2,-0.07835171274876984,False
20,online,Origin-based,12,2,-0.23407243710336312,False
20,online,Origin-based,13,2,-0.5643190568438716,False
20,online,Origin-based,23,2,-2.448872946928902,False
20,online,Origin-based,0,1,0.007722009678158004,True
20,online,Origin-based,1,1,0.04400761211040283,True
20,online,Origin-based,2,1,-1.0502290990743604,False
20,online,Origin-based,3,1,-1.634544665600083,False
20,online,Host-based,012,3,1.6895892399465628,True
20,online,Host-based,013,3,1.1472542593527222,True
20,online,Host-based,023,3,-2.0318375335226615,False
20,online,Host-based,123,3,-1.989085297561429,False
20,online,Host-based,01,2,2.247178499789551,True
20,online,Host-based,02,2,0.19269791521831436,True
20,online,Host-based,03,2,-0.6071161370398155,False
20,online,Host-based,12,2,0.2946919871876825,True
20,online,Host-based,13,2,-0.5606842607814251,False
20,online,Host-based,23,2,-4.314396352934105,False
20,online,Host-based,0,1,0.6742841025040135,True
20,online,Host-based,1,1,1.2429689252897504,True
20,online,Host-based,2,1,-1.7204259879626624,False
20,online,Host-based,3,1,-2.8298711827169845,False
20,online,Work-proportional,012,3,0.5811234859482721,True
20,online,Work-proportional,013,3,0.5798214822789496,True
20,online,Work-proportional,023,3,-0.7876782775294306,False
20,online,Work-proportional,123,3,-1.5573460224825952,False
20,online,Work-proportional,01,2,0.5712799687174871,True
20,online,Work-proportional,02,2,0.3283914172132538,True
20,online,Work-proportional,03,2,0.06961034187964232,True
20,online,Work-proportional,12,2,-0.38203449173177484,False
20,online,Work-proportional,13,2,-0.6963777627763639,False
20,online,Work-proportional,23,2,-2.638497821862041,False
20,online,Work-proportional,0,1,0.24254482742518005,True
20,online,Work-proportional,1,1,-0.0011903307034797361,False
20,online,Work-proportional,2,1,-1.1529932108888894,False
20,online,Work-proportional,3,1,-1.7214054287186928,False
20,online,Stand-alone proportional,012,3,0.2731453663032397,True
20,online,Stand-alone proportional,013,3,0.28237904824270776,True
20,online,Stand-alone proportional,023,3,-0.5013663845204572,False
20,online,Stand-alone proportional,123,3,-1.238237361810297,False
20,online,Stand-alone proportional,01,2,-0.03414058496378625,False
20,online,Stand-alone proportional,02,2,0.30672519057719616,True
20,online,Stand-alone proportional,03,2,0.05847980085237525,True
20,online,Stand-alone proportional,12,2,-0.3709039507045082,False
20,online,Stand-alone proportional,13,2,-0.6747115361403071,False
20,online,Stand-alone proportional,23,2,-2.0330772681807687,False
20,online,Stand-alone proportional,0,1,-0.07656383324711863,False
20,online,Stand-alone proportional,1,1,-0.28750222371245426,False
20,online,Stand-alone proportional,2,1,-0.8555507768526485,False
20,online,Stand-alone proportional,3,1,-1.4134273090736613,False
20,online,Shapley,012,3,-0.3808809294287703,False
20,online,Shapley,013,3,-0.0967574682020178,False
20,online,Shapley,023,3,-0.2603215795808165,False
20,online,Shapley,123,3,-0.4461193545731996,False
20,online,Shapley,01,2,-1.0673033971405228,False
20,online,Shapley,02,2,-0.10625630021517396,False
20,online,Shapley,03,2,-0.07961191065271045,False
20,online,Shapley,12,2,-0.23281223919942162,False
20,online,Shapley,13,2,-0.2617300453479361,False
20,online,Shapley,23,2,-0.9999144560040314,False
20,online,Shapley,0,1,-0.8686818404842152,False
20,online,Shapley,1,1,-0.5285470286520944,False
20,online,Shapley,2,1,-0.476414260407922,False
20,online,Shapley,3,1,-0.7594010133416504,False
20,online,Dual (Theorem 3),012,3,-0.48612248780291245,False
20,online,Dual (Theorem 3),013,3,-0.10809701220652501,False
20,online,Dual (Theorem 3),023,3,-0.3404790171997796,False
20,online,Dual (Theorem 3),123,3,-0.24938081457560113,False
20,online,Dual (Theorem 3),01,2,-1.1838844995191673,False
20,online,Dual (Theorem 3),02,2,-0.2916552962082746,False
20,online,Dual (Theorem 3),03,2,-0.17110889227617632,False
20,online,Dual (Theorem 3),12,2,-0.14131525757596064,False
20,online,Dual (Theorem 3),13,2,-0.07633104935483992,False
20,online,Dual (Theorem 3),23,2,-0.8833333536253916,False
20,online,Dual (Theorem 3),0,1,-1.0654203804818185,False
20,online,Dual (Theorem 3),1,1,-0.4483895910331356,False
20,online,Dual (Theorem 3),2,1,-0.46507471640341946,False
20,online,Dual (Theorem 3),3,1,-0.6541594549675129,False
21,hindsight,Origin-based,012,3,0.33385466997946445,True
21,hindsight,Origin-based,013,3,0.2103436050576779,True
21,hindsight,Origin-based,023,3,-0.41524633913257647,False
21,hindsight,Origin-based,123,3,-0.7416208394574144,False
21,hindsight,Origin-based,01,2,0.21196800335984634,True
21,hindsight,Origin-based,02,2,0.2135226588152061,True
21,hindsight,Origin-based,03,2,-0.20879387413326556,False
21,hindsight,Origin-based,12,2,-0.07739519355827373,False
21,hindsight,Origin-based,13,2,-0.510420345942624,False
21,hindsight,Origin-based,23,2,-1.4860950281495835,False
21,hindsight,Origin-based,0,1,0.012220105148629007,True
21,hindsight,Origin-based,1,1,0.04098184677884398,True
21,hindsight,Origin-based,2,1,-0.5536842373703709,False
21,hindsight,Origin-based,3,1,-1.3322132693793614,False
21,hindsight,Host-based,012,3,0.9486942915204435,True
21,hindsight,Host-based,013,3,0.5357163069847766,True
21,hindsight,Host-based,023,3,-0.9837332802438554,False
21,hindsight,Host-based,123,3,-1.113346221814212,False
21,hindsight,Host-based,01,2,1.1521803268279238,True
21,hindsight,Host-based,02,2,0.25987533924490586,True
21,hindsight,Host-based,03,2,-0.45190811331744607,False
21,hindsight,Host-based,12,2,0.16571904562590722,True
21,hindsight,Host-based,13,2,-0.5567730263723234,False
21,hindsight,Host-based,23,2,-2.4263073516176608,False
21,hindsight,Host-based,0,1,0.3839454875054271,True
21,hindsight,Host-based,1,1,0.6094687878901233,True
21,hindsight,Host-based,2,1,-0.8790569392974692,False
21,hindsight,Host-based,3,1,-1.9470528909203402,False
21,hindsight,Work-proportional,012,3,0.3551580469775315,True
21,hindsight,Work-proportional,013,3,0.25631435639884725,True
21,hindsight,Work-proportional,023,3,-0.37364265491277693,False
21,hindsight,Work-proportional,123,3,-0.8504986520164683,False
21,hindsight,Work-proportional,01,2,0.2792421316990886,True
21,hindsight,Work-proportional,02,2,0.2764297200330787,True
21,hindsight,Work-proportional,03,2,-0.12121943857229067,False
21,hindsight,Work-proportional,12,2,-0.1649696291192546,False
21,hindsight,Work-proportional,13,2,-0.5733274071605026,False
21,hindsight,Work-proportional,23,2,-1.5533691564888317,False
21,hindsight,Work-proportional,0,1,0.12109791770767687,True
21,hindsight,Work-proportional,1,1,-0.00062183744096167,False
21,hindsight,Work-proportional,2,1,-0.5996549887115461,False
21,hindsight,Work-proportional,3,1,-1.3535166463774346,False
21,hindsight,Stand-alone proportional,012,3,0.07788078373651042,True
21,hindsight,Stand-alone proportional,013,3,0.18818331645445618,True
21,hindsight,Stand-alone proportional,023,3,-0.20017250069200943,False
21,hindsight,Stand-alone proportional,123,3,-0.6785605030518238,False
21,hindsight,Stand-alone proportional,01,2,-0.06616617148632331,False
21,hindsight,Stand-alone proportional,02,2,0.172622611012825,True
21,hindsight,Stand-alone proportional,03,2,-0.015880324295914017,False
21,hindsight,Stand-alone proportional,12,2,-0.27030874339563105,False
21,hindsight,Stand-alone proportional,13,2,-0.46952029814024887,False
21,hindsight,Stand-alone proportional,23,2,-1.2079608533034198,False
21,hindsight,Stand-alone proportional,0,1,-0.05084023125696769,False
21,hindsight,Stand-alone proportional,1,1,-0.17409199166172903,False
21,hindsight,Stand-alone proportional,2,1,-0.5315239487671553,False
21,hindsight,Stand-alone proportional,3,1,-1.0762393831364134,False
21,hindsight,Shapley,012,3,-0.33261614860455213,False
21,hindsight,Shapley,013,3,-0.012890233660609374,False
21,hindsight,Shapley,023,3,-0.06937483061244087,False
21,hindsight,Shapley,123,3,-0.19778769067526447,False
21,hindsight,Shapley,01,2,-0.6777366539424514,False
21,hindsight,Shapley,02,2,-0.10707665124866861,False
21,hindsight,Shapley,03,2,-0.08615620433141102,False
21,hindsight,Shapley,12,2,-0.20003286336013437,False
21,hindsight,Shapley,13,2,-0.18982103587875554,False
21,hindsight,Shapley,23,2,-0.596390370847292,False
21,hindsight,Shapley,0,1,-0.5316130436335269,False
21,hindsight,Shapley,1,1,-0.30488966174129795,False
21,hindsight,Shapley,2,1,-0.3304503986520897,False
21,hindsight,Shapley,3,1,-0.6657424507953511,False
21,hindsight,Dual (Theorem 3),012,3,-0.26429823831053734,False
21,hindsight,Dual (Theorem 3),013,3,-0.06937053356973721,False
21,hindsight,Dual (Theorem 3),023,3,-0.15052488951806708,False
21,hindsight,Dual (Theorem 3),123,3,-0.1284752421545039,False
21,hindsight,Dual (Theorem 3),01,2,-0.6658990435575713,False
21,hindsight,Dual (Theorem 3),02,2,-0.1199087998602873,False
21,hindsight,Dual (Theorem 3),03,2,-0.22378656314617218,False
21,hindsight,Dual (Theorem 3),12,2,-0.06240250454536622,False
21,hindsight,Dual (Theorem 3),13,2,-0.1769888872671297,False
21,hindsight,Dual (Theorem 3),23,2,-0.6082279812321651,False
21,hindsight,Dual (Theorem 3),0,1,-0.6009254921542803,False
21,hindsight,Dual (Theorem 3),1,1,-0.2237396028356645,False
21,hindsight,Dual (Theorem 3),2,1,-0.27397009874295497,False
21,hindsight,Dual (Theorem 3),3,1,-0.7340603610893588,False
21,emissions-only,Shapley,012,3,-0.33261614860455,False
21,emissions-only,Shapley,013,3,-0.012890233660605377,False
21,emissions-only,Shapley,023,3,-0.06937483061243466,False
21,emissions-only,Shapley,123,3,-0.19778769067525825,False
21,emissions-only,Shapley,01,2,-0.6777366539424499,False
21,emissions-only,Shapley,02,2,-0.10707665124866583,False
21,emissions-only,Shapley,03,2,-0.08615620433140458,False
21,emissions-only,Shapley,12,2,-0.20003286336013038,False
21,emissions-only,Shapley,13,2,-0.18982103587875532,False
21,emissions-only,Shapley,23,2,-0.5963903708472968,False
21,emissions-only,Shapley,0,1,-0.531613043633527,False
21,emissions-only,Shapley,1,1,-0.3048896617412959,False
21,emissions-only,Shapley,2,1,-0.3304503986520879,False
21,emissions-only,Shapley,3,1,-0.6657424507953511,False
21,emissions-only,Dual (Theorem 3),012,3,-0.26429823831053734,False
21,emissions-only,Dual (Theorem 3),013,3,-0.06937053356973366,False
21,emissions-only,Dual (Theorem 3),023,3,-0.15052488951806064,False
21,emissions-only,Dual (Theorem 3),123,3,-0.1284752421544959,False
21,emissions-only,Dual (Theorem 3),01,2,-0.6658990435575725,False
21,emissions-only,Dual (Theorem 3),02,2,-0.11990879986028607,False
21,emissions-only,Dual (Theorem 3),03,2,-0.22378656314616574,False
21,emissions-only,Dual (Theorem 3),12,2,-0.062402504545362225,False
21,emissions-only,Dual (Theorem 3),13,2,-0.17698888726712814,False
21,emissions-only,Dual (Theorem 3),23,2,-0.6082279812321669,False
21,emissions-only,Dual (Theorem 3),0,1,-0.6009254921542826,False
21,emissions-only,Dual (Theorem 3),1,1,-0.22373960283566297,False
21,emissions-only,Dual (Theorem 3),2,1,-0.27397009874295264,False
21,emissions-only,Dual (Theorem 3),3,1,-0.7340603610893568,False
21,online,Origin-based,012,3,0.3483403490122612,True
21,online,Origin-based,013,3,0.23570818872772747,True
21,online,Origin-based,023,3,-0.453059568328845,False
21,online,Origin-based,123,3,-0.7336586825408165,False
21,online,Origin-based,01,2,0.2025090319293656,True
21,online,Origin-based,02,2,0.2222686062835919,True
21,online,Origin-based,03,2,-0.40003069467359964,False
21,online,Origin-based,12,2,-0.04544943389206613,False
21,online,Origin-based,13,2,-0.5550792393355917,False
21,online,Origin-based,23,2,-1.5980421431641896,False
21,online,Origin-based,0,1,0.0035520563766797963,True
21,online,Origin-based,1,1,0.025164134118569992,True
21,online,Origin-based,2,1,-0.5545635365903225,False
21,online,Origin-based,3,1,-1.3847255746476235,False
21,online,Host-based,012,3,1.03849401046469,True
21,online,Host-based,013,3,0.48897891876790434,True
21,online,Host-based,023,3,-1.0345752037459137,False
21,online,Host-based,123,3,-1.0955674386163543,False
21,online,Host-based,01,2,1.1459334234219714,True
21,online,Host-based,02,2,0.3309066323189521,True
21,online,Host-based,03,2,-0.7282756000504914,False
21,online,Host-based,12,2,0.2827954714848253,True
21,online,Host-based,13,2,-0.6637172653709522,False
21,online,Host-based,23,2,-2.541466534656796,False
21,online,Host-based,0,1,0.36546081245221707,True
21,online,Host-based,1,1,0.6066797695356385,True
21,online,Host-based,2,1,-0.8078342666304995,False
21,online,Host-based,3,1,-2.0748792361000525,False
21,online,Work-proportional,012,3,0.39490310667015427,True
21,online,Work-proportional,013,3,0.30485228270193554,True
21,online,Work-proportional,023,3,-0.43772369260770305,False
21,online,Work-proportional,123,3,-0.8647014098940597,False
21,online,Work-proportional,01,2,0.31821588356146674,True
21,online,Work-proportional,02,2,0.284167239662627,True
21,online,Work-proportional,03,2,-0.3155507249782499,False
21,online,Work-proportional,12,2,-0.129929403587416,False
21,online,Work-proportional,13,2,-0.6169778727146269,False
21,online,Work-proportional,23,2,-1.713748994796291,False
21,online,Work-proportional,0,1,0.1345947837299229,True
21,online,Work-proportional,1,1,0.009828258397428014,True
21,online,Work-proportional,2,1,-0.6237076305645305,False
21,online,Work-proportional,3,1,-1.4312883323055168,False
21,online,Stand-alone proportional,012,3,0.0877747853049703,True
21,online,Stand-alone proportional,013,3,0.23286491441208135,True
21,online,Stand-alone proportional,023,3,-0.24677067741827452,False
21,online,Stand-alone proportional,123,3,-0.67653873542845,False
21,online,Stand-alone proportional,01,2,-0.06089980609357132,False
21,online,Stand-alone proportional,02,2,0.16799193348687158,True
21,online,Stand-alone proportional,03,2,-0.1965850780786753,False
21,online,Stand-alone proportional,12,2,-0.24889505048699045,False
21,online,Stand-alone proportional,13,2,-0.5008025665388713,False
21,online,Stand-alone proportional,23,2,-1.3346333051412527,False
21,online,Stand-alone proportional,0,1,-0.05356789073568663,False
21,online,Stand-alone proportional,1,1,-0.18112475679200052,False
21,online,Stand-alone proportional,2,1,-0.5517202622746764,False
21,online,Stand-alone proportional,3,1,-1.1241600109403327,False
21,online,Shapley,012,3,-0.3647297150311379,False
21,online,Shapley,013,3,0.02555770853172623,True
21,online,Shapley,023,3,-0.06984435102396258,False
21,online,Shapley,123,3,-0.19365335560629893,False
21,online,Shapley,01,2,-0.7207115123100346,False
21,online,Shapley,02,2,-0.10758624045492471,False
21,online,Shapley,03,2,-0.2269659575647185,False
21,online,Shapley,12,2,-0.21851417100094717,False
21,online,Shapley,13,2,-0.22522439259707516,False
21,online,Shapley,23,2,-0.6748215989247894,False
21,online,Shapley,0,1,-0.536453270557838,False
21,online,Shapley,1,1,-0.3580510831863124,False
21,online,Shapley,2,1,-0.3444130563943213,False
21,online,Shapley,3,1,-0.6716555106042246,False
21,online,Dual (Theorem 3),012,3,-0.22455317861791446,False
21,online,Dual (Theorem 3),013,3,-0.020832607266648928,False
21,online,Dual (Theorem 3),023,3,-0.2146059272129932,False
21,online,Dual (Theorem 3),123,3,-0.14267800003209574,False
21,online,Dual (Theorem 3),01,2,-0.6269252916951932,False
21,online,Dual (Theorem 3),02,2,-0.11217128023073886,False
21,online,Dual (Theorem 3),03,2,-0.4181178495521314,False
21,online,Dual (Theorem 3),12,2,-0.027362279013527502,False
21,online,Dual (Theorem 3),13,2,-0.22063935282125402,False
21,online,Dual (Theorem 3),23,2,-0.768607819539624,False
21,online,Dual (Theorem 3),0,1,-0.5874286261320342,False
21,online,Dual (Theorem 3),1,1,-0.21328950699727478,False
21,online,Dual (Theorem 3),2,1,-0.29802274059593925,False
21,online,Dual (Theorem 3),3,1,-0.8118320470174412,False
22,hindsight,Origin-based,012,3,0.3217895150492222,True
22,hindsight,Origin-based,013,3,0.090328744150591,True
22,hindsight,Origin-based,023,3,-0.3959860619957035,False
22,hindsight,Origin-based,123,3,-0.7229176722808905,False
22,hindsight,Origin-based,01,2,0.20174644318107413,True
22,hindsight,Origin-based,02,2,0.20105977266304062,True
22,hindsight,Origin-based,03,2,-0.3298668666420922,False
22,hindsight,Origin-based,12,2,0.020935600568900092,True
22,hindsight,Origin-based,13,2,-0.6837023887052593,False
22,hindsight,Origin-based,23,2,-1.481781498028615,False
22,hindsight,Origin-based,0,1,0.006962428167132599,True
22,hindsight,Origin-based,1,1,0.05309214925579259,True
22,hindsight,Origin-based,2,1,-0.2551492333571671,False
22,hindsight,Origin-based,3,1,-1.81395751969171,False
22,hindsight,Host-based,012,3,0.8258789426023805,True
22,hindsight,Host-based,013,3,0.17516528702290168,True
22,hindsight,Host-based,023,3,-0.7301093188164821,False
22,hindsight,Host-based,123,3,-0.977720385885581,False
22,hindsight,Host-based,01,2,0.7906724136065432,True
22,hindsight,Host-based,02,2,0.3710259433954203,True
22,hindsight,Host-based,03,2,-0.5791535805905601,False
22,hindsight,Host-based,12,2,0.2702223145173681,True
22,hindsight,Host-based,13,2,-0.8536685594376389,False
22,hindsight,Host-based,23,2,-2.070707468454084,False
22,hindsight,Host-based,0,1,0.261765141771823,True
22,hindsight,Host-based,1,1,0.3872154060765713,True
22,hindsight,Host-based,2,1,-0.3399857762294778,False
22,hindsight,Host-based,3,1,-2.318046947244868,False
22,hindsight,Work-proportional,012,3,0.26445763722700516,True
22,hindsight,Work-proportional,013,3,0.16351577247758886,True
22,hindsight,Work-proportional,023,3,-0.3493657694261574,False
22,hindsight,Work-proportional,123,3,-0.7853931153552092,False
22,hindsight,Work-proportional,01,2,0.21760159368585222,True
22,hindsight,Work-proportional,02,2,0.19034818741036705,True
22,hindsight,Work-proportional,03,2,-0.21005954574555086,False
22,hindsight,Work-proportional,12,2,-0.09887172032763836,False
22,hindsight,Work-proportional,13,2,-0.6729908034525829,False
22,hindsight,Work-proportional,23,2,-1.4976366485333903,False
22,hindsight,Work-proportional,0,1,0.06943787124145412,True
22,hindsight,Work-proportional,1,1,0.006471856686249167,True
22,hindsight,Work-proportional,2,1,-0.3283362616841622,False
22,hindsight,Work-proportional,3,1,-1.75662564186949,False
22,hindsight,Stand-alone proportional,012,3,-0.06360959324740095,False
22,hindsight,Stand-alone proportional,013,3,0.21302635294063132,True
22,hindsight,Stand-alone proportional,023,3,-0.1667738002843977,False
22,hindsight,Stand-alone proportional,123,3,-0.6894284344856054,False
22,hindsight,Stand-alone proportional,01,2,-0.0609550563255114,False
22,hindsight,Stand-alone proportional,02,2,0.04487292607772039,True
22,hindsight,Stand-alone proportional,03,2,0.022043003859251176,True
22,hindsight,Stand-alone proportional,12,2,-0.33097426993244056,False
22,hindsight,Stand-alone proportional,13,2,-0.5275155421199365,False
22,hindsight,Stand-alone proportional,23,2,-1.2190799985220266,False
22,hindsight,Stand-alone proportional,0,1,-0.02652680962814993,False
22,hindsight,Stand-alone proportional,1,1,-0.1761201124555104,False
22,hindsight,Stand-alone proportional,2,1,-0.37784684214720476,False
22,hindsight,Stand-alone proportional,3,1,-1.428558411395084,False
22,hindsight,Shapley,012,3,-0.5248616523010705,False
22,hindsight,Shapley,013,3,0.046361367307904855,True
22,hindsight,Shapley,023,3,-0.041973745945073526,False
22,hindsight,Shapley,123,3,-0.18631144413853362,False
22,hindsight,Shapley,01,2,-0.6888721010119075,False
22,hindsight,Shapley,02,2,-0.2915790786366248,False
22,hindsight,Shapley,03,2,-0.01982192743415101,False
22,hindsight,Shapley,12,2,-0.2891093386390383,False
22,hindsight,Shapley,13,2,-0.19106353740559112,False
22,hindsight,Shapley,23,2,-0.5911629538356307,False
22,hindsight,Shapley,0,1,-0.5296437999752217,False
22,hindsight,Shapley,1,1,-0.30092016679483474,False
22,hindsight,Shapley,2,1,-0.21118185651447818,False
22,hindsight,Shapley,3,1,-0.9673063523414145,False
22,hindsight,Dual (Theorem 3),012,3,-0.2825357797612972,False
22,hindsight,Dual (Theorem 3),013,3,-0.03393468187436999,False
22,hindsight,Dual (Theorem 3),023,3,-0.17389532568689248,False
22,hindsight,Dual (Theorem 3),123,3,-0.21641968775422038,False
22,hindsight,Dual (Theorem 3),01,2,-0.5268422776544066,False
22,hindsight,Dual (Theorem 3),02,2,-0.18117478583866806,False
22,hindsight,Dual (Theorem 3),03,2,-0.23203955635824258,False
22,hindsight,Dual (Theorem 3),12,2,-0.0768917097149493,False
22,hindsight,Dual (Theorem 3),13,2,-0.3014678302035503,False
22,hindsight,Dual (Theorem 3),23,2,-0.7531927771931342,False
22,hindsight,Dual (Theorem 3),0,1,-0.4995355563595374,False
22,hindsight,Dual (Theorem 3),1,1,-0.16899858705301812,False
22,hindsight,Dual (Theorem 3),2,1,-0.13088580733220578,False
22,hindsight,Dual (Theorem 3),3,1,-1.2096322248811904,False
22,emissions-only,Shapley,012,3,-0.5248616523010717,False
22,emissions-only,Shapley,013,3,0.04636136730790341,True
22,emissions-only,Shapley,023,3,-0.04197374594507708,False
22,emissions-only,Shapley,123,3,-0.1863114441385334,False
22,emissions-only,Shapley,01,2,-0.688872101011907,False
22,emissions-only,Shapley,02,2,-0.29157907863662563,False
22,emissions-only,Shapley,03,2,-0.019821927434148345,False
22,emissions-only,Shapley,12,2,-0.28910933863904004,False
22,emissions-only,Shapley,13,2,-0.19106353740559578,False
22,emissions-only,Shapley,23,2,-0.5911629538356284,False
22,emissions-only,Shapley,0,1,-0.5296437999752218,False
22,emissions-only,Shapley,1,1,-0.3009201667948346,False
22,emissions-only,Shapley,2,1,-0.2111818565144784,False
22,emissions-only,Shapley,3,1,-0.9673063523414145,False
22,emissions-only,Dual (Theorem 3),012,3,-0.28253577976129773,False
22,emissions-only,Dual (Theorem 3),013,3,-0.03393468187437221,False
22,emissions-only,Dual (Theorem 3),023,3,-0.17389532568689647,False
22,emissions-only,Dual (Theorem 3),123,3,-0.21641968775422127,False
22,emissions-only,Dual (Theorem 3),01,2,-0.5268422776544057,False
22,emissions-only,Dual (Theorem 3),02,2,-0.18117478583866814,False
22,emissions-only,Dual (Theorem 3),03,2,-0.23203955635824058,False
22,emissions-only,Dual (Theorem 3),12,2,-0.07689170971495085,False
22,emissions-only,Dual (Theorem 3),13,2,-0.3014678302035563,False
22,emissions-only,Dual (Theorem 3),23,2,-0.7531927771931326,False
22,emissions-only,Dual (Theorem 3),0,1,-0.499535556359537,False
22,emissions-only,Dual (Theorem 3),1,1,-0.16899858705301804,False
22,emissions-only,Dual (Theorem 3),2,1,-0.13088580733220573,False
22,emissions-only,Dual (Theorem 3),3,1,-1.2096322248811915,False
22,online,Origin-based,012,3,0.34738903917733693,True
22,online,Origin-based,013,3,0.09951779506343261,True
22,online,Origin-based,023,3,-0.43113647512296427,False
22,online,Origin-based,123,3,-0.7282340583647882,False
22,online,Origin-based,01,2,0.2154489106944125,True
22,online,Origin-based,02,2,0.22702555865327684,True
22,online,Origin-based,03,2,-0.5118590041981259,False
22,online,Origin-based,12,2,0.014768217839350783,True
22,online,Origin-based,13,2,-0.8179661037163727,False
22,online,Origin-based,23,2,-1.5833913202868817,False
22,online,Origin-based,0,1,0.003912050846998,True
22,online,Origin-based,1,1,0.042049352326073985,True
22,online,Origin-based,2,1,-0.26909649147937115,False
22,online,Origin-based,3,1,-1.946624436130549,False
22,online,Host-based,012,3,0.9010741579384731,True
22,online,Host-based,013,3,0.15214918141042044,True
22,online,Host-based,023,3,-0.7895258537670565,False
22,online,Host-based,123,3,-0.9761611848288221,False
22,online,Host-based,01,2,0.8217654158025373,True
22,online,Host-based,02,2,0.4223212987703215,True
22,online,Host-based,03,2,-0.8176169964952296,False
22,online,Host-based,12,2,0.32052621013645377,True
22,online,Host-based,13,2,-1.0132618438334182,False
22,online,Host-based,23,2,-2.1897078253950073,False
22,online,Host-based,0,1,0.2518391773110313,True
22,online,Host-based,1,1,0.40043873097016547,True
22,online,Host-based,2,1,-0.32172787782635975,False
22,online,Host-based,3,1,-2.5003095548916856,False
22,online,Work-proportional,012,3,0.2911906919771085,True
22,online,Work-proportional,013,3,0.18241067580556292,True
22,online,Work-proportional,023,3,-0.3849599895932896,False
22,online,Work-proportional,123,3,-0.8011050774363648,False
22,online,Work-proportional,01,2,0.24214344423631443,True
22,online,Work-proportional,02,2,0.21700369698272326,True
22,online,Work-proportional,03,2,-0.3827896379263208,False
22,online,Work-proportional,12,2,-0.1143011484324542,False
22,online,Work-proportional,13,2,-0.8079442420458192,False
22,online,Work-proportional,23,2,-1.6100858538287837,False
22,online,Work-proportional,0,1,0.07678306991857475,True
22,online,Work-proportional,1,1,-0.004127133203600808,False
22,online,Work-proportional,2,1,-0.35198937222150145,False
22,online,Work-proportional,3,1,-1.8904260889303206,False
22,online,Stand-alone proportional,012,3,-0.06431545917700598,False
22,online,Stand-alone proportional,013,3,0.23751346891551128,True
22,online,Stand-alone proportional,023,3,-0.1900511245557468,False
22,online,Stand-alone proportional,123,3,-0.6956105844297413,False
22,online,Stand-alone proportional,01,2,-0.058259913807851754,False
22,online,Stand-alone proportional,02,2,0.05640641086615139,True
22,online,Stand-alone proportional,03,2,-0.13277797977882977,False
22,online,Stand-alone proportional,12,2,-0.3643128065799453,False
22,online,Stand-alone proportional,13,2,-0.6473469559292473,False
22,online,Stand-alone proportional,23,2,-1.3096824957846174,False
22,online,Stand-alone proportional,0,1,-0.02871142308804877,False
22,online,Stand-alone proportional,1,1,-0.19903599824114349,False
22,online,Stand-alone proportional,2,1,-0.4070921653314498,False
22,online,Stand-alone proportional,3,1,-1.534919937776206,False
22,online,Shapley,012,3,-0.5767123934418379,False
22,online,Shapley,013,3,0.07915257276713927,True
22,online,Shapley,023,3,-0.04526023132003609,False
22,online,Shapley,123,3,-0.16964364725224845,False
22,online,Shapley,01,2,-0.7290177442210556,False
22,online,Shapley,02,2,-0.31119963016296975,False
22,online,Shapley,03,2,-0.14634798269149085,False
22,online,Shapley,12,2,-0.3507428036672843,False
22,online,Shapley,13,2,-0.2797409149001262,False
22,online,Shapley,23,2,-0.6389246653714138,False
22,online,Shapley,0,1,-0.5546783602655417,False
22,online,Shapley,1,1,-0.3438268914768543,False
22,online,Shapley,2,1,-0.24873126918307797,False
22,online,Shapley,3,1,-1.0225230035113742,False
22,online,Dual (Theorem 3),012,3,-0.2558027250111939,False
22,online,Dual (Theorem 3),013,3,-0.015039778546396043,False
22,online,Dual (Theorem 3),023,3,-0.20948954585402468,False
22,online,Dual (Theorem 3),123,3,-0.23213164983537582,False
22,online,Dual (Theorem 3),01,2,-0.5023004271039444,False
22,online,Dual (Theorem 3),02,2,-0.1545192762663119,False
22,online,Dual (Theorem 3),03,2,-0.4047696485390124,False
22,online,Dual (Theorem 3),12,2,-0.09232113781976514,False
22,online,Dual (Theorem 3),13,2,-0.43642126879678655,False
22,online,Dual (Theorem 3),23,2,-0.8656419824885275,False
22,online,Dual (Theorem 3),0,1,-0.49219035768241676,False
22,online,Dual (Theorem 3),1,1,-0.17959757694286807,False
22,online,Dual (Theorem 3),2,1,-0.1545389178695451,False
22,online,Dual (Theorem 3),3,1,-1.3434326719420207,False
23,hindsight,Origin-based,012,3,0.4955540753090306,True
23,hindsight,Origin-based,013,3,0.2832649203605442,True
23,hindsight,Origin-based,023,3,-0.7944546172868097,False
23,hindsight,Origin-based,123,3,-1.1333428280273785,False
23,hindsight,Origin-based,01,2,0.25737115583954134,True
23,hindsight,Origin-based,02,2,0.3389331061837547,True
23,hindsight,Origin-based,03,2,-0.3081033228638326,False
23,hindsight,Origin-based,12,2,0.09017402078481407,True
23,hindsight,Origin-based,13,2,-0.6280818650435729,False
23,hindsight,Origin-based,23,2,-2.3191639896017415,False
23,hindsight,Origin-based,0,1,0.0231997875832598,True
23,hindsight,Origin-based,1,1,0.06847598886355416,True
23,hindsight,Origin-based,2,1,-0.8081596115007734,False
23,hindsight,Origin-based,3,1,-1.8386513457766855,False
23,hindsight,Host-based,012,3,1.2803482085817135,True
23,hindsight,Host-based,013,3,0.6363128931320947,True
23,hindsight,Host-based,023,3,-1.4084623245675296,False
23,hindsight,Host-based,123,3,-1.6571772267908926,False
23,hindsight,Host-based,01,2,1.395213261883775,True
23,hindsight,Host-based,02,2,0.5097195321757177,True
23,hindsight,Host-based,03,2,-0.5690630573730022,False
23,hindsight,Host-based,12,2,0.3511337552939833,True
23,hindsight,Host-based,13,2,-0.798868291035536,False
23,hindsight,Host-based,23,2,-3.457006095645975,False
23,hindsight,Host-based,0,1,0.5470341863467734,True
23,hindsight,Host-based,1,1,0.6824836961442742,True
23,hindsight,Host-based,2,1,-1.161207584272324,False
23,hindsight,Host-based,3,1,-2.6234454790493684,False
23,hindsight,Work-proportional,012,3,0.5470603072549289,True
23,hindsight,Work-proportional,013,3,0.4080877074127054,True
23,hindsight,Work-proportional,023,3,-0.8297859505387151,False
23,hindsight,Work-proportional,123,3,-1.2743405137735397,False
23,hindsight,Work-proportional,01,2,0.4337001748376033,True
23,hindsight,Work-proportional,02,2,0.35510800487775007,True
23,hindsight,Work-proportional,03,2,-0.218611869063575,False
23,hindsight,Work-proportional,12,2,0.0006825669845538229,True
23,hindsight,Work-proportional,13,2,-0.6442567637375707,False
23,hindsight,Work-proportional,23,2,-2.495493008599806,False
23,hindsight,Work-proportional,0,1,0.1641974733294186,True
23,hindsight,Work-proportional,1,1,0.10380732211545735,True
23,hindsight,Work-proportional,2,1,-0.9329823985529369,False
23,hindsight,Work-proportional,3,1,-1.8901575777225865,False
23,hindsight,Stand-alone proportional,012,3,0.12708557540794274,True
23,hindsight,Stand-alone proportional,013,3,0.2669185782135053,True
23,hindsight,Stand-alone proportional,023,3,-0.49150364714752026,False
23,hindsight,Stand-alone proportional,123,3,-1.0514789561185474,False
23,hindsight,Stand-alone proportional,01,2,-0.12744368620858337,False
23,hindsight,Stand-alone proportional,02,2,0.2734155764219586,True
23,hindsight,Stand-alone proportional,03,2,-0.02149869487158007,False
23,hindsight,Stand-alone proportional,12,2,-0.19643060720744066,False
23,hindsight,Stand-alone proportional,13,2,-0.5625643352817788,False
23,hindsight,Stand-alone proportional,23,2,-1.9343491475536188,False
23,hindsight,Stand-alone proportional,0,1,-0.05866408432557324,False
23,hindsight,Stand-alone proportional,1,1,-0.23447498127573752,False
23,hindsight,Stand-alone proportional,2,1,-0.7918132693537365,False
23,hindsight,Stand-alone proportional,3,1,-1.4701828458755999,False
23,hindsight,Shapley,012,3,-0.49382029248047865,False
23,hindsight,Shapley,013,3,-0.06430043187483614,False
23,hindsight,Shapley,023,3,-0.2223148944826372,False
23,hindsight,Shapley,123,3,-0.3685428308066676,False
23,hindsight,Shapley,01,2,-1.079568564185346,False
23,hindsight,Shapley,02,2,-0.07830153880157986,False
23,hindsight,Shapley,03,2,-0.08352895229503865,False
23,hindsight,Shapley,12,2,-0.13440034978398208,False
23,hindsight,Shapley,13,2,-0.2108472200582403,False
23,hindsight,Shapley,23,2,-0.9822242695768559,False
23,hindsight,Shapley,0,1,-0.7416002096374531,False
23,hindsight,Shapley,1,1,-0.5036637339406204,False
23,hindsight,Shapley,2,1,-0.4605942592653951,False
23,hindsight,Shapley,3,1,-0.8492769779871785,False
23,hindsight,Dual (Theorem 3),012,3,-0.6135999849783876,False
23,hindsight,Dual (Theorem 3),013,3,-0.13084819794204616,False
23,hindsight,Dual (Theorem 3),023,3,-0.196636687842624,False
23,hindsight,Dual (Theorem 3),123,3,-0.20789357888155102,False
23,hindsight,Dual (Theorem 3),01,2,-1.265896022750469,False
23,hindsight,Dual (Theorem 3),02,2,-0.17240302465947943,False
23,hindsight,Dual (Theorem 3),03,2,-0.12439851172223926,False
23,hindsight,Dual (Theorem 3),12,2,-0.09353079035677792,False
23,hindsight,Dual (Theorem 3),13,2,-0.11674573420033729,False
23,hindsight,Dual (Theorem 3),23,2,-0.7958968110117297,False
23,hindsight,Dual (Theorem 3),0,1,-0.9022494615625665,False
23,hindsight,Dual (Theorem 3),1,1,-0.5293419405806299,False
23,hindsight,Dual (Theorem 3),2,1,-0.3940464931981813,False
23,hindsight,Dual (Theorem 3),3,1,-0.7294972854892658,False
23,emissions-only,Shapley,012,3,-0.4938202924804783,False
23,emissions-only,Shapley,013,3,-0.06430043187483925,False
23,emissions-only,Shapley,023,3,-0.22231489448263542,False
23,emissions-only,Shapley,123,3,-0.3685428308066667,False
23,emissions-only,Shapley,01,2,-1.0795685641853467,False
23,emissions-only,Shapley,02,2,-0.0783015388015813,False
23,emissions-only,Shapley,03,2,-0.08352895229503399,False
23,emissions-only,Shapley,12,2,-0.13440034978398585,False
23,emissions-only,Shapley,13,2,-0.2108472200582412,False
23,emissions-only,Shapley,23,2,-0.9822242695768613,False
23,emissions-only,Shapley,0,1,-0.7416002096374548,False
23,emissions-only,Shapley,1,1,-0.5036637339406179,False
23,emissions-only,Shapley,2,1,-0.46059425926539443,False
23,emissions-only,Shapley,3,1,-0.8492769779871789,False
23,emissions-only,Dual (Theorem 3),012,3,-0.6135999849783853,False
23,emissions-only,Dual (Theorem 3),013,3,-0.13084819794205038,False
23,emissions-only,Dual (Theorem 3),023,3,-0.19663668784262223,False
23,emissions-only,Dual (Theorem 3),123,3,-0.20789357888155102,False
23,emissions-only,Dual (Theorem 3),01,2,-1.2658960227504685,False
23,emissions-only,Dual (Theorem 3),02,2,-0.17240302465947832,False
23,emissions-only,Dual (Theorem 3),03,2,-0.12439851172223526,False
23,emissions-only,Dual (Theorem 3),12,2,-0.09353079035678102,False
23,emissions-only,Dual (Theorem 3),13,2,-0.11674573420034084,False
23,emissions-only,Dual (Theorem 3),23,2,-0.7958968110117359,False
23,emissions-only,Dual (Theorem 3),0,1,-0.9022494615625665,False
23,emissions-only,Dual (Theorem 3),1,1,-0.5293419405806278,False
23,emissions-only,Dual (Theorem 3),2,1,-0.39404649319817975,False
23,emissions-only,Dual (Theorem 3),3,1,-0.7294972854892685,False
23,online,Origin-based,012,3,0.43735063590297396,True
23,online,Origin-based,013,3,0.4616383387131595,True
23,online,Origin-based,023,3,-0.783295198874491,False
23,online,Origin-based,123,3,-1.0798171843409374,False
23,online,Origin-based,01,2,0.24756280363477384,True
23,online,Origin-based,02,2,0.1987768304160853,True
23,online,Origin-based,03,2,-0.2651856261068113,False
23,online,Origin-based,12,2,-0.07562527401886676,False
23,online,Origin-based,13,2,-0.5274187849722791,False
23,online,Origin-based,23,2,-2.281856805105682,False
23,online,Origin-based,0,1,0.013434079872686688,True
23,online,Origin-based,1,1,0.033230836113935625,True
23,online,Origin-based,2,1,-0.9272995095377833,False
23,online,Origin-based,3,1,-1.7034604081724727,False
23,online,Host-based,012,3,1.1857165858294512,True
23,online,Host-based,013,3,0.8241725384631735,True
23,online,Host-based,023,3,-1.4034322621662492,False
23,online,Host-based,123,3,-1.570580270725669,False
23,online,Host-based,01,2,1.3584629533112644,True
23,online,Host-based,02,2,0.3270057170508043,True
23,online,Host-based,03,2,-0.5227884896485557,False
23,online,Host-based,12,2,0.18197758952287812,True
23,online,Host-based,13,2,-0.6556476716069981,False
23,online,Host-based,23,2,-3.3927569547821728,False
23,online,Host-based,0,1,0.5041971662574191,True
23,online,Host-based,1,1,0.6533678994056938,True
23,online,Host-based,2,1,-1.2898337092877967,False
23,online,Host-based,3,1,-2.4518263580989497,False
23,online,Work-proportional,012,3,0.6448680001040612,True
23,online,Work-proportional,013,3,0.5087292847014351,True
23,online,Work-proportional,023,3,-0.8621670372175609,False
23,online,Work-proportional,123,3,-1.2555536561872294,False
23,online,Work-proportional,01,2,0.5021711138241363,True
23,online,Work-proportional,02,2,0.3274223562741023,True
23,online,Work-proportional,03,2,-0.29696651846160615,False
23,online,Work-proportional,12,2,-0.043844381664071896,False
23,online,Work-proportional,13,2,-0.6560643108302964,False
23,online,Work-proportional,23,2,-2.5364651152950444,False
23,online,Work-proportional,0,1,0.18917055171897892,True
23,online,Work-proportional,1,1,0.11210267445700572,True
23,online,Work-proportional,2,1,-0.9743904555260585,False
23,online,Work-proportional,3,1,-1.9109777723735597,False
23,online,Stand-alone proportional,012,3,0.19670643470729554,True
23,online,Stand-alone proportional,013,3,0.34110966781546326,True
23,online,Stand-alone proportional,023,3,-0.49702140338788325,False
23,online,Stand-alone proportional,123,3,-1.0049181077341673,False
23,online,Stand-alone proportional,01,2,-0.11361006845860211,False
23,online,Stand-alone proportional,02,2,0.2444064247070139,True
23,online,Stand-alone proportional,03,2,-0.09944050151790074,False
23,online,Stand-alone proportional,12,2,-0.2413703986077762,False
23,online,Stand-alone proportional,13,2,-0.5730483792632066,False
23,online,Stand-alone proportional,23,2,-1.9206839330123051,False
23,online,Stand-alone proportional,0,1,-0.06146499673408225,False
23,online,Stand-alone proportional,1,1,-0.2530429593726714,False
23,online,Stand-alone proportional,2,1,-0.8067708386400858,False
23,online,Stand-alone proportional,3,1,-1.4628162069767932,False
23,online,Shapley,012,3,-0.4283533773798769,False
23,online,Shapley,013,3,-0.0008152813821382665,False
23,online,Shapley,023,3,-0.21005685899798454,False
23,online,Shapley,123,3,-0.32489789083929477,False
23,online,Shapley,01,2,-1.0805948297433752,False
23,online,Shapley,02,2,-0.09368884299025892,False
23,online,Shapley,03,2,-0.15440090632560266,False
23,online,Shapley,12,2,-0.18640999380007517,False
23,online,Shapley,13,2,-0.23495311156593512,False
23,online,Shapley,23,2,-0.9536991717275329,False
23,online,Shapley,0,1,-0.7414852136289557,False
23,online,Shapley,1,1,-0.540007503762571,False
23,online,Shapley,2,1,-0.46484588944248517,False
23,online,Shapley,3,1,-0.8377563948896216,False
23,online,Dual (Theorem 3),012,3,-0.5157922921292556,False
23,online,Dual (Theorem 3),013,3,-0.030206620653316474,False
23,online,Dual (Theorem 3),023,3,-0.22901777452146987,False
23,online,Dual (Theorem 3),123,3,-0.1891067212952402,False
23,online,Dual (Theorem 3),01,2,-1.197425083763936,False
23,online,Dual (Theorem 3),02,2,-0.20008867326312718,False
23,online,Dual (Theorem 3),03,2,-0.20275316112027042,False
23,online,Dual (Theorem 3),12,2,-0.1380577390054034,False
23,online,Dual (Theorem 3),13,2,-0.12855328129306276,False
23,online,Dual (Theorem 3),23,2,-0.8368689177069681,False
23,online,Dual (Theorem 3),0,1,-0.8772763831730062,False
23,online,Dual (Theorem 3),1,1,-0.5210465882390815,False
23,online,Dual (Theorem 3),2,1,-0.43545455017130297,False
23,online,Dual (Theorem 3),3,1,-0.750317480140239,False
24,hindsight,Origin-based,012,3,0.671678641146531,True
24,hindsight,Origin-based,013,3,0.35939023519646884,True
24,hindsight,Origin-based,023,3,-0.7702239798892516,False
24,hindsight,Origin-based,123,3,-1.2954420143289127,False
24,hindsight,Origin-based,01,2,0.4751631071371101,True
24,hindsight,Origin-based,02,2,0.4006117359139081,True
24,hindsight,Origin-based,03,2,-0.357024507969969,False
24,hindsight,Origin-based,12,2,-0.02375335739857065,False
24,hindsight,Origin-based,13,2,-0.8161779540337717,False
24,hindsight,Origin-based,23,2,-2.607059368335486,False
24,hindsight,Origin-based,0,1,0.032461631364956,True
24,hindsight,Origin-based,1,1,0.1529984150604522,True
24,hindsight,Origin-based,2,1,-0.7339300937771958,False
24,hindsight,Origin-based,3,1,-2.2488745359997946,False
24,hindsight,Host-based,012,3,1.4791899848710108,True
24,hindsight,Host-based,013,3,0.7512984088252379,True
24,hindsight,Host-based,023,3,-1.4548751275612473,False
24,hindsight,Host-based,123,3,-1.8102103840101655,False
24,hindsight,Host-based,01,2,1.674582624490359,True
24,hindsight,Host-based,02,2,0.5234719319663921,True
24,hindsight,Host-based,03,2,-0.649767482013196,False
24,hindsight,Host-based,12,2,0.26898961664465637,True
24,hindsight,Host-based,13,2,-0.9390381500862555,False
24,hindsight,Host-based,23,2,-3.8064788856887346,False
24,hindsight,Host-based,0,1,0.5472300010462088,True
24,hindsight,Host-based,1,1,0.8376495627324482,True
24,hindsight,Host-based,2,1,-1.1258382674059646,False
24,hindsight,Host-based,3,1,-3.0563858797242744,False
24,hindsight,Work-proportional,012,3,0.662615522485619,True
24,hindsight,Work-proportional,013,3,0.4419885090528579,True
24,hindsight,Work-proportional,023,3,-0.6717579208413387,False
24,hindsight,Work-proportional,123,3,-1.467443228572313,False
24,hindsight,Work-proportional,01,2,0.5486982623325909,True
24,hindsight,Work-proportional,02,2,0.4900146763009121,True
24,hindsight,Work-proportional,03,2,-0.17596017506566342,False
24,hindsight,Work-proportional,12,2,-0.20481769030287977,False
24,hindsight,Work-proportional,13,2,-0.9055808944207788,False
24,hindsight,Work-proportional,23,2,-2.6805945235309703,False
24,hindsight,Work-proportional,0,1,0.20446284560835287,True
24,hindsight,Work-proportional,1,1,0.054532356012536254,True
24,hindsight,Work-proportional,2,1,-0.8165283676335887,False
24,hindsight,Work-proportional,3,1,-2.239811417338886,False
24,hindsight,Stand-alone proportional,012,3,0.11388528387994468,True
24,hindsight,Stand-alone proportional,013,3,0.3551846230441784,True
24,hindsight,Stand-alone proportional,023,3,-0.3002057563722249,False
24,hindsight,Stand-alone proportional,123,3,-1.2034612684270711,False
24,hindsight,Stand-alone proportional,01,2,-0.08683586228176332,False
24,hindsight,Stand-alone proportional,02,2,0.31283660216435094,True
24,hindsight,Stand-alone proportional,03,2,0.10878810339477019,True
24,hindsight,Stand-alone proportional,12,2,-0.4895659687633127,False
24,hindsight,Stand-alone proportional,13,2,-0.7284028202842174,False
24,hindsight,Stand-alone proportional,23,2,-2.0450603989166156,False
24,hindsight,Stand-alone proportional,0,1,-0.05951911453688827,False
24,hindsight,Stand-alone proportional,1,1,-0.3170198084565769,False
24,hindsight,Stand-alone proportional,2,1,-0.7297244816249087,False
24,hindsight,Stand-alone proportional,3,1,-1.6910811787332114,False
24,hindsight,Shapley,012,3,-0.5409670721118516,False
24,hindsight,Shapley,013,3,0.014165611415486445,True
24,hindsight,Shapley,023,3,-0.13236223144162462,False
24,hindsight,Shapley,123,3,-0.3754334257371843,False
24,hindsight,Shapley,01,2,-1.0827072299022513,False
24,hindsight,Shapley,02,2,-0.17417222889684458,False
24,hindsight,Shapley,03,2,-0.06438738330332106,False
24,hindsight,Shapley,12,2,-0.3163904820652217,False
24,hindsight,Shapley,13,2,-0.2413939892230217,False
24,hindsight,Shapley,23,2,-1.0491890312961276,False
24,hindsight,Shapley,0,1,-0.8875469572267756,False
24,hindsight,Shapley,1,1,-0.4848633333871775,False
24,hindsight,Shapley,2,1,-0.3887054699962169,False
24,hindsight,Shapley,3,1,-1.0362288227414154,False
24,hindsight,Dual (Theorem 3),012,3,-0.4490428095349892,False
24,hindsight,Dual (Theorem 3),013,3,-0.10964948336059033,False
24,hindsight,Dual (Theorem 3),023,3,-0.24367537853229804,False
24,hindsight,Dual (Theorem 3),123,3,-0.23222944644728738,False
24,hindsight,Dual (Theorem 3),01,2,-1.1145980621014688,False
24,hindsight,Dual (Theorem 3),02,2,-0.19356111341065851,False
24,hindsight,Dual (Theorem 3),03,2,-0.29951562517007435,False
24,hindsight,Dual (Theorem 3),12,2,-0.08126224019846551,False
24,hindsight,Dual (Theorem 3),13,2,-0.2220051047092051,False
24,hindsight,Dual (Theorem 3),23,2,-1.0172981990969072,False
24,hindsight,Dual (Theorem 3),0,1,-1.0307509365166694,False
24,hindsight,Dual (Theorem 3),1,1,-0.37355018629650133,False
24,hindsight,Dual (Theorem 3),2,1,-0.26489037522013703,False
24,hindsight,Dual (Theorem 3),3,1,-1.1281530853182749,False
24,emissions-only,Shapley,012,3,-0.5409670721118505,False
24,emissions-only,Shapley,013,3,0.01416561141548689,True
24,emissions-only,Shapley,023,3,-0.1323622314416295,False
24,emissions-only,Shapley,123,3,-0.3754334257371834,False
24,emissions-only,Shapley,01,2,-1.0827072299022493,False
24,emissions-only,Shapley,02,2,-0.17417222889683925,False
24,emissions-only,Shapley,03,2,-0.06438738330331706,False
24,emissions-only,Shapley,12,2,-0.31639048206522125,False
24,emissions-only,Shapley,13,2,-0.24139398922301414,False
24,emissions-only,Shapley,23,2,-1.0491890312961174,False
24,emissions-only,Shapley,0,1,-0.8875469572267719,False
24,emissions-only,Shapley,1,1,-0.48486333338717924,False
24,emissions-only,Shapley,2,1,-0.38870546999621536,False
24,emissions-only,Shapley,3,1,-1.0362288227414171,False
24,emissions-only,Dual (Theorem 3),012,3,-0.44904280953499076,False
24,emissions-only,Dual (Theorem 3),013,3,-0.10964948336058922,False
24,emissions-only,Dual (Theorem 3),023,3,-0.2436753785323056,False
24,emissions-only,Dual (Theorem 3),123,3,-0.23222944644728205,False
24,emissions-only,Dual (Theorem 3),01,2,-1.1145980621014686,False
24,emissions-only,Dual (Theorem 3),02,2,-0.1935611134106583,False
24,emissions-only,Dual (Theorem 3),03,2,-0.2995156251700719,False
24,emissions-only,Dual (Theorem 3),12,2,-0.08126224019846351,False
24,emissions-only,Dual (Theorem 3),13,2,-0.22200510470919177,False
24,emissions-only,Dual (Theorem 3),23,2,-1.0172981990968952,False
24,emissions-only,Dual (Theorem 3),0,1,-1.03075093651667,False
24,emissions-only,Dual (Theorem 3),1,1,-0.3735501862965005,False
24,emissions-only,Dual (Theorem 3),2,1,-0.26489037522013636,False
24,emissions-only,Dual (Theorem 3),3,1,-1.128153085318274,False
24,online,Origin-based,012,3,0.7336922824754546,True
24,online,Origin-based,013,3,0.39677676415242313,True
24,online,Origin-based,023,3,-0.7532972309325081,False
24,online,Origin-based,123,3,-1.2580992777771058,False
24,online,Origin-based,01,2,0.46423839681292167,True
24,online,Origin-based,02,2,0.4657723976315997,True
24,online,Origin-based,03,2,-0.442080682982513,False
24,online,Origin-based,12,2,0.014000811122026668,True
24,online,Origin-based,13,2,-0.9116102271335231,False
24,online,Origin-based,23,2,-2.5235639506552134,False
24,online,Origin-based,0,1,0.015062556183737197,True
24,online,Origin-based,1,1,0.14312470667296895,True
24,online,Origin-based,2,1,-0.6846947542425801,False
24,online,Origin-based,3,1,-2.2758082716700567,False
24,online,Host-based,012,3,1.651920908875784,True
24,online,Host-based,013,3,0.697865731475368,True
24,online,Host-based,023,3,-1.4906045758703652,False
24,online,Host-based,123,3,-1.7401095265625237,False
24,online,Host-based,01,2,1.6835559905361963,True
24,online,Host-based,02,2,0.6466936790940723,True
24,online,Host-based,03,2,-0.878299060597425,False
24,online,Host-based,12,2,0.45021918873693867,True
24,online,Host-based,13,2,-1.0925315085959957,False
24,online,Host-based,23,2,-3.742881544378488,False
24,online,Host-based,0,1,0.49707280496915485,True
24,online,Host-based,1,1,0.8804320516108264,True
24,online,Host-based,2,1,-0.9857837215655252,False
24,online,Host-based,3,1,-3.1940368980703866,False
24,online,Work-proportional,012,3,0.7149637114735543,True
24,online,Work-proportional,013,3,0.5576603579636417,True
24,online,Work-proportional,023,3,-0.6891753279079671,False
24,online,Work-proportional,123,3,-1.4643762036109642,False
24,online,Work-proportional,01,2,0.6063934196222395,True
24,online,Work-proportional,02,2,0.5111657296542405,True
24,online,Work-proportional,03,2,-0.2170751861467537,False
24,online,Work-proportional,12,2,-0.2110046857137322,False
24,online,Work-proportional,13,2,-0.9570035591561634,False
24,online,Work-proportional,23,2,-2.665718973464531,False
24,online,Work-proportional,0,1,0.22133948201759598,True
24,online,Work-proportional,1,1,0.07900280364842815,True
24,online,Work-proportional,2,1,-0.8455783480537981,False
24,online,Work-proportional,3,1,-2.2570797006681564,False
24,online,Stand-alone proportional,012,3,0.13459361009674398,True
24,online,Stand-alone proportional,013,3,0.4515074113311468,True
24,online,Stand-alone proportional,023,3,-0.2875491755146813,False
24,online,Stand-alone proportional,123,3,-1.179479307994943,False
24,online,Stand-alone proportional,01,2,-0.08012962838706639,False
24,online,Stand-alone proportional,02,2,0.33242178067071526,True
24,online,Stand-alone proportional,03,2,0.07839801961403658,True
24,online,Stand-alone proportional,12,2,-0.5064778914745223,False
24,online,Stand-alone proportional,13,2,-0.778259610172638,False
24,online,Stand-alone proportional,23,2,-1.9791959254552247,False
24,online,Stand-alone proportional,0,1,-0.06355741359842468,False
24,online,Stand-alone proportional,1,1,-0.32262334874485715,False
24,online,Stand-alone proportional,2,1,-0.7394254014213028,False
24,online,Stand-alone proportional,3,1,-1.6767095992913452,False
24,online,Shapley,012,3,-0.5111310826866824,False
24,online,Shapley,013,3,0.1002070973853999,True
24,online,Shapley,023,3,-0.12216579191553567,False
24,online,Shapley,123,3,-0.3478376848649143,False
24,online,Shapley,01,2,-1.0771546351162398,False
24,online,Shapley,02,2,-0.14791952851356616,False
24,online,Shapley,03,2,-0.10751891073256514,False
24,online,Shapley,12,2,-0.3205609611279201,False
24,online,Shapley,13,2,-0.29791830098835614,False
24,online,Shapley,23,2,-0.9821709187260508,False
24,online,Shapley,0,1,-0.895199036728453,False
24,online,Shapley,1,1,-0.48800673234400205,False
24,online,Shapley,2,1,-0.38812508747555574,False
24,online,Shapley,3,1,-1.0309849065079186,False
24,online,Dual (Theorem 3),012,3,-0.3966946205470536,False
24,online,Dual (Theorem 3),013,3,0.006022365550192976,True
24,online,Dual (Theorem 3),023,3,-0.261092785598926,False
24,online,Dual (Theorem 3),123,3,-0.22916242148593824,False
24,online,Dual (Theorem 3),01,2,-1.0569029048118201,False
24,online,Dual (Theorem 3),02,2,-0.17241006005732995,False
24,online,Dual (Theorem 3),03,2,-0.3406306362511644,False
24,online,Dual (Theorem 3),12,2,-0.08744923560931817,False
24,online,Dual (Theorem 3),13,2,-0.2734277694445897,False
24,online,Dual (Theorem 3),23,2,-1.0024226490304677,False
24,online,Dual (Theorem 3),0,1,-1.0138743001074262,False
24,online,Dual (Theorem 3),1,1,-0.3490797386606095,False
24,online,Dual (Theorem 3),2,1,-0.2939403556403464,False
24,online,Dual (Theorem 3),3,1,-1.1454213686475447,False
25,hindsight,Origin-based,012,3,0.6535574736093519,True
25,hindsight,Origin-based,013,3,0.2585619939958339,True
25,hindsight,Origin-based,023,3,-0.8050483671153743,False
25,hindsight,Origin-based,123,3,-1.1490947303422878,False
25,hindsight,Origin-based,01,2,0.34615298960039786,True
25,hindsight,Origin-based,02,2,0.4265021792332059,True
25,hindsight,Origin-based,03,2,-0.5476637700784179,False
25,hindsight,Origin-based,12,2,0.10950661466892142,True
25,hindsight,Origin-based,13,2,-0.8503169711661251,False
25,hindsight,Origin-based,23,2,-2.4532001869422846,False
25,hindsight,Origin-based,0,1,0.017420526698984307,True
25,hindsight,Origin-based,1,1,0.08840929358108895,True
25,hindsight,Origin-based,2,1,-0.5224427760428023,False
25,hindsight,Origin-based,3,1,-2.3194933701016405,False
25,hindsight,Host-based,012,3,1.5357925883950356,True
25,hindsight,Host-based,013,3,0.547719585077137,True
25,hindsight,Host-based,023,3,-1.5338952147496803,False
25,hindsight,Host-based,123,3,-1.59164058857497,False
25,hindsight,Host-based,01,2,1.5175456954673852,True
25,hindsight,Host-based,02,2,0.5798904463845843,True
25,hindsight,Host-based,03,2,-0.9873530266314202,False
25,hindsight,Host-based,12,2,0.5491958712219234,True
25,hindsight,Host-based,13,2,-1.0037052383175038,False
25,hindsight,Host-based,23,2,-3.624592892809272,False
25,hindsight,Host-based,0,1,0.4599663849316661,True
25,hindsight,Host-based,1,1,0.8172561412153944,True
25,hindsight,Host-based,2,1,-0.8116003671241058,False
25,hindsight,Host-based,3,1,-3.2017284848873246,False
25,hindsight,Work-proportional,012,3,0.5751346719030805,True
25,hindsight,Work-proportional,013,3,0.4901842859053753,True
25,hindsight,Work-proportional,023,3,-0.7871696964804387,False
25,hindsight,Work-proportional,123,3,-1.3201728911804786,False
25,hindsight,Work-proportional,01,2,0.4993524798036628,True
25,hindsight,Work-proportional,02,2,0.3659580481618655,True
25,hindsight,Work-proportional,03,2,-0.298162807533946,False
25,hindsight,Work-proportional,12,2,-0.13999434787554565,False
25,hindsight,Work-proportional,13,2,-0.7897728400947797,False
25,hindsight,Work-proportional,23,2,-2.606399677145544,False
25,hindsight,Work-proportional,0,1,0.18849868753718,True
25,hindsight,Work-proportional,1,1,0.0705306229461582,True
25,hindsight,Work-proportional,2,1,-0.7540650679523385,False
25,hindsight,Work-proportional,3,1,-2.2410705683953642,False
25,hindsight,Stand-alone proportional,012,3,0.020646180482176035,True
25,hindsight,Stand-alone proportional,013,3,0.4716546468133067,True
25,hindsight,Stand-alone proportional,023,3,-0.45648843636250636,False
25,hindsight,Stand-alone proportional,123,3,-1.0778360207854374,False
25,hindsight,Stand-alone proportional,01,2,-0.07366565070931047,False
25,hindsight,Stand-alone proportional,02,2,0.14215081685889308,True
25,hindsight,Stand-alone proportional,03,2,0.013988813491917718,True
25,hindsight,Stand-alone proportional,12,2,-0.45214596890140935,False
25,hindsight,Stand-alone proportional,13,2,-0.565965608791807,False
25,hindsight,Stand-alone proportional,23,2,-2.033381546632571,False
25,hindsight,Stand-alone proportional,0,1,-0.053838182857861,False
25,hindsight,Stand-alone proportional,1,1,-0.26015063717177406,False
25,hindsight,Stand-alone proportional,2,1,-0.7355354288602699,False
25,hindsight,Stand-alone proportional,3,1,-1.6865820769744595,False
25,hindsight,Shapley,012,3,-0.5907311422674302,False
25,hindsight,Shapley,013,3,0.06728699186761555,True
25,hindsight,Shapley,023,3,-0.18441355464133435,False
25,hindsight,Shapley,123,3,-0.3341659248113129,False
25,hindsight,Shapley,01,2,-1.0894106284046075,False
25,hindsight,Shapley,02,2,-0.1971516241695409,False
25,hindsight,Shapley,03,2,-0.118303959732601,False
25,hindsight,Shapley,12,2,-0.31985319567689063,False
25,hindsight,Shapley,13,2,-0.22666316776337325,False
25,hindsight,Shapley,23,2,-1.0176365689372742,False
25,hindsight,Shapley,0,1,-0.7975082788319858,False
25,hindsight,Shapley,1,1,-0.5322255188929462,False
25,hindsight,Shapley,2,1,-0.3311677739145791,False
25,hindsight,Shapley,3,1,-1.0752047542248535,False
25,hindsight,Dual (Theorem 3),012,3,-0.5035185912840111,False
25,hindsight,Dual (Theorem 3),013,3,-0.10316389341816712,False
25,hindsight,Dual (Theorem 3),023,3,-0.22610295128370028,False
25,hindsight,Dual (Theorem 3),123,3,-0.20923819386659925,False
25,hindsight,Dual (Theorem 3),01,2,-1.1726489627069658,False
25,hindsight,Dual (Theorem 3),02,2,-0.15162846982848233,False
25,hindsight,Dual (Theorem 3),03,2,-0.33044424166074426,False
25,hindsight,Dual (Theorem 3),12,2,-0.10771291374875269,False
25,hindsight,Dual (Theorem 3),13,2,-0.27218632210443694,False
25,hindsight,Dual (Theorem 3),23,2,-0.9343982346349211,False
25,hindsight,Dual (Theorem 3),0,1,-0.9224360097767048,False
25,hindsight,Dual (Theorem 3),1,1,-0.4905361222505858,False
25,hindsight,Dual (Theorem 3),2,1,-0.1607168886288015,False
25,hindsight,Dual (Theorem 3),3,1,-1.1624173052082778,False
25,emissions-only,Shapley,012,3,-0.5908425359871733,False
25,emissions-only,Shapley,013,3,0.06762117302683901,True
25,emissions-only,Shapley,023,3,-0.18452494836108402,False
25,emissions-only,Shapley,123,3,-0.334277318531055,False
25,emissions-only,Shapley,01,2,-1.0891878409651232,False
25,emissions-only,Shapley,02,2,-0.19737441160902247,False
25,emissions-only,Shapley,03,2,-0.11808117229311521,False
25,emissions-only,Shapley,12,2,-0.32007598311638086,False
25,emissions-only,Shapley,13,2,-0.22644038032388192,False
25,emissions-only,Shapley,23,2,-1.0178593563767597,False
25,emissions-only,Shapley,0,1,-0.7973968851122403,False
25,emissions-only,Shapley,1,1,-0.5321141251732072,False
25,emissions-only,Shapley,2,1,-0.33016523043689583,False
25,emissions-only,Shapley,3,1,-1.0750933605051118,False
25,emissions-only,Dual (Theorem 3),012,3,-0.5035185912840114,False
25,emissions-only,Dual (Theorem 3),013,3,-0.10316389341816978,False
25,emissions-only,Dual (Theorem 3),023,3,-0.22610295128371094,False
25,emissions-only,Dual (Theorem 3),123,3,-0.20923819386659748,False
25,emissions-only,Dual (Theorem 3),01,2,-1.1726489627069647,False
25,emissions-only,Dual (Theorem 3),02,2,-0.1516284698284821,False
25,emissions-only,Dual (Theorem 3),03,2,-0.3304442416607454,False
25,emissions-only,Dual (Theorem 3),12,2,-0.10771291374875602,False
25,emissions-only,Dual (Theorem 3),13,2,-0.27218632210442806,False
25,emissions-only,Dual (Theorem 3),23,2,-0.9343982346349238,False
25,emissions-only,Dual (Theorem 3),0,1,-0.9224360097767031,False
25,emissions-only,Dual (Theorem 3),1,1,-0.49053612225058574,False
25,emissions-only,Dual (Theorem 3),2,1,-0.1593801639918926,False
25,emissions-only,Dual (Theorem 3),3,1,-1.1624173052082791,False
25,online,Origin-based,012,3,0.6720052454932746,True
25,online,Origin-based,013,3,0.24707696064073348,True
25,online,Origin-based,023,3,-0.7981758083210178,False
25,online,Origin-based,123,3,-1.1581605204083667,False
25,online,Origin-based,01,2,0.325923208571505,True
25,online,Origin-based,02,2,0.414374402314063,True
25,online,Origin-based,03,2,-0.6108420884989232,False
25,online,Origin-based,12,2,0.0854954763819753,True
25,online,Origin-based,13,2,-0.952015508156288,False
25,online,Origin-based,23,2,-2.498527852106762,False
25,online,Origin-based,0,1,0.008901976033160189,True
25,online,Origin-based,1,1,0.06213931323343114,True
25,online,Origin-based,2,1,-0.507126015253333,False
25,online,Origin-based,3,1,-2.3926952427685646,False
25,online,Host-based,012,3,1.6028103362852029,True
25,online,Host-based,013,3,0.4586113197810655,True
25,online,Host-based,023,3,-1.5097139196846154,False
25,online,Host-based,123,3,-1.5889618589770325,False
25,online,Host-based,01,2,1.4682626585037664,True
25,online,Host-based,02,2,0.6336413817423947,True
25,online,Host-based,03,2,-1.1108458407221877,False
25,online,Host-based,12,2,0.585499228605239,True
25,online,Host-based,13,2,-1.171282487584621,False
25,online,Host-based,23,2,-3.640867302039025,False
25,online,Host-based,0,1,0.4397033146018251,True
25,online,Host-based,1,1,0.7736774245970278,True
25,online,Host-based,2,1,-0.7186603743936663,False
25,online,Host-based,3,1,-3.323500333560494,False
25,online,Work-proportional,012,3,0.6007686283231142,True
25,online,Work-proportional,013,3,0.5178483807035015,True
25,online,Work-proportional,023,3,-0.804268228319251,False
25,online,Work-proportional,123,3,-1.3516029033027412,False
25,online,Work-proportional,01,2,0.5254580114641125,True
25,online,Work-proportional,02,2,0.3370453651456695,True
25,online,Work-proportional,03,2,-0.3461630884343885,False
25,online,Work-proportional,12,2,-0.1791835236825594,False
25,online,Work-proportional,13,2,-0.8746864709878945,False
25,online,Work-proportional,23,2,-2.6980626549993705,False
25,online,Work-proportional,0,1,0.20234435892753466,True
25,online,Work-proportional,1,1,0.06823173323166432,True
25,online,Work-proportional,2,1,-0.777897435316101,False
25,online,Work-proportional,3,1,-2.3214586255984044,False
25,online,Stand-alone proportional,012,3,0.014076624659465686,True
25,online,Stand-alone proportional,013,3,0.49922486523262943,True
25,online,Stand-alone proportional,023,3,-0.4582729306775857,False
25,online,Stand-alone proportional,123,3,-1.0922826818098867,False
25,online,Stand-alone proportional,01,2,-0.0798575076704075,False
25,online,Stand-alone proportional,02,2,0.09634865912368618,True
25,online,Stand-alone proportional,03,2,-0.018791306263595153,False
25,online,Stand-alone proportional,12,2,-0.506555305853353,False
25,online,Stand-alone proportional,13,2,-0.6339897649659116,False
25,online,Stand-alone proportional,23,2,-2.09274713586485,False
25,online,Stand-alone proportional,0,1,-0.05697586256532025,False
25,online,Stand-alone proportional,1,1,-0.2777635644100009,False
25,online,Stand-alone proportional,2,1,-0.7592739198452294,False
25,online,Stand-alone proportional,3,1,-1.7347666219347562,False
25,online,Shapley,012,3,-0.607532641416471,False
25,online,Shapley,013,3,0.08149282374545375,True
25,online,Shapley,023,3,-0.18257705436547278,False
25,online,Shapley,123,3,-0.32863725055888704,False
25,online,Shapley,01,2,-1.11919881523352,False
25,online,Shapley,02,2,-0.2495647306401375,False
25,online,Shapley,03,2,-0.16082747143865772,False
25,online,Shapley,12,2,-0.3645191406782904,False
25,online,Shapley,13,2,-0.28807637520208784,False
25,online,Shapley,23,2,-1.053405828301738,False
25,online,Shapley,0,1,-0.8206212938163197,False
25,online,Shapley,1,1,-0.5534594407221138,False
25,online,Shapley,2,1,-0.3415418783580537,False
25,online,Shapley,3,1,-1.1131573558588195,False
25,online,Dual (Theorem 3),012,3,-0.4778846348639776,False
25,online,Dual (Theorem 3),013,3,-0.07549979862004097,False
25,online,Dual (Theorem 3),023,3,-0.24320148312251222,False
25,online,Dual (Theorem 3),123,3,-0.24066820598886185,False
25,online,Dual (Theorem 3),01,2,-1.1465434310465161,False
25,online,Dual (Theorem 3),02,2,-0.1805411528446783,False
25,online,Dual (Theorem 3),03,2,-0.37844452256118677,False
25,online,Dual (Theorem 3),12,2,-0.14690208955576645,False
25,online,Dual (Theorem 3),13,2,-0.35709995299755226,False
25,online,Dual (Theorem 3),23,2,-1.026061212488747,False
25,online,Dual (Theorem 3),0,1,-0.9085903383863501,False
25,online,Dual (Theorem 3),1,1,-0.4928350119650796,False
25,online,Dual (Theorem 3),2,1,-0.1845492559925641,False
25,online,Dual (Theorem 3),3,1,-1.242805362411318,False
26,hindsight,Origin-based,012,3,0.29891142601546683,True
26,hindsight,Origin-based,013,3,0.124999885405354,True
26,hindsight,Origin-based,023,3,-0.5856538592438194,False
26,hindsight,Origin-based,123,3,-0.6045536019242115,False
26,hindsight,Origin-based,01,2,0.15587878012399387,True
26,hindsight,Origin-based,02,2,0.09582650076773447,True
26,hindsight,Origin-based,03,2,-0.44406442410212343,False
26,hindsight,Origin-based,12,2,0.11696715118128864,True
26,hindsight,Origin-based,13,2,-0.4812609901240674,False
26,hindsight,Origin-based,23,2,-1.5231318078468206,False
26,hindsight,Origin-based,0,1,0.027154973917502295,True
26,hindsight,Origin-based,1,1,0.07216584501402401,True
26,hindsight,Origin-based,2,1,-0.5099170208872705,False
26,hindsight,Origin-based,3,1,-1.5163557633958722,False
26,hindsight,Host-based,012,3,0.9873176150423026,True
26,hindsight,Host-based,013,3,0.4011938678852822,True
26,hindsight,Host-based,023,3,-1.0872093405584793,False
26,hindsight,Host-based,123,3,-1.0675982921163159,False
26,hindsight,Host-based,01,2,1.120478951630758,True
26,hindsight,Host-based,02,2,0.2826772084799106,True
26,hindsight,Host-based,03,2,-0.6694259229368551,False
26,hindsight,Host-based,12,2,0.3423286500160202,True
26,hindsight,Host-based,13,2,-0.6681116978362438,False
26,hindsight,Host-based,23,2,-2.4877319793535846,False
26,hindsight,Host-based,0,1,0.49019966410960664,True
26,hindsight,Host-based,1,1,0.5737213263286838,True
26,hindsight,Host-based,2,1,-0.7861110033671987,False
26,hindsight,Host-based,3,1,-2.2047619524227082,False
26,hindsight,Work-proportional,012,3,0.33067511812732975,True
26,hindsight,Work-proportional,013,3,0.21929235659179147,True
26,hindsight,Work-proportional,023,3,-0.6690590665523433,False
26,hindsight,Work-proportional,123,3,-0.6472045579140047,False
26,hindsight,Work-proportional,01,2,0.2819349434222998,True
26,hindsight,Work-proportional,02,2,0.044184985571079194,True
26,hindsight,Work-proportional,03,2,-0.43317716022420427,False
26,hindsight,Work-proportional,12,2,0.10607988730336404,True
26,hindsight,Work-proportional,13,2,-0.4296194749274178,False
26,hindsight,Work-proportional,23,2,-1.649187971145132,False
26,hindsight,Work-proportional,0,1,0.06980592990728993,True
26,hindsight,Work-proportional,1,1,0.15557105232254226,True
26,hindsight,Work-proportional,2,1,-0.6042094920737134,False
26,hindsight,Work-proportional,3,1,-1.5481194555077407,False
26,hindsight,Stand-alone proportional,012,3,-0.03781376763278432,False
26,hindsight,Stand-alone proportional,013,3,0.14849319227826197,True
26,hindsight,Stand-alone proportional,023,3,-0.36574278575613706,False
26,hindsight,Stand-alone proportional,123,3,-0.5112327886365677,False
26,hindsight,Stand-alone proportional,01,2,-0.1573531066513436,False
26,hindsight,Stand-alone proportional,02,2,-0.02098761939282845,False
26,hindsight,Stand-alone proportional,03,2,-0.20066004374152735,False
26,hindsight,Stand-alone proportional,12,2,-0.12643722917931322,False
26,hindsight,Stand-alone proportional,13,2,-0.3644468699635104,False
26,hindsight,Stand-alone proportional,23,2,-1.209899921071489,False
26,hindsight,Stand-alone proportional,0,1,-0.06616583937014699,False
26,hindsight,Stand-alone proportional,1,1,-0.14774522847366423,False
26,hindsight,Stand-alone proportional,2,1,-0.5334103277601842,False
26,hindsight,Stand-alone proportional,3,1,-1.1796305697476268,False
26,hindsight,Shapley,012,3,-0.4442171236667857,False
26,hindsight,Shapley,013,3,-0.034992058874790954,False
26,hindsight,Shapley,023,3,-0.1310797504939729,False
26,hindsight,Shapley,123,3,-0.15600721671167683,False
26,hindsight,Shapley,01,2,-0.7472417138383982,False
26,hindsight,Shapley,02,2,-0.1927279401646661,False
26,hindsight,Shapley,03,2,-0.1494822596324168,False
26,hindsight,Shapley,12,2,-0.17761501328842355,False
26,hindsight,Shapley,13,2,-0.1927065491916724,False
26,hindsight,Shapley,23,2,-0.6200113138844339,False
26,hindsight,Shapley,0,1,-0.42139141129503793,False
26,hindsight,Shapley,1,1,-0.3824082637358278,False
26,hindsight,Shapley,2,1,-0.3499250766071309,False
26,hindsight,Shapley,3,1,-0.7732272137136253,False
26,hindsight,Dual (Theorem 3),012,3,-0.4045183844205691,False
26,hindsight,Dual (Theorem 3),013,3,-0.09249025631783048,False
26,hindsight,Dual (Theorem 3),023,3,-0.12582778012632412,False
26,hindsight,Dual (Theorem 3),123,3,-0.14345972888248681,False
26,hindsight,Dual (Theorem 3),01,2,-0.7650411720352264,False
26,hindsight,Dual (Theorem 3),02,2,-0.14777723055080605,False
26,hindsight,Dual (Theorem 3),03,2,-0.20172848670781263,False
26,hindsight,Dual (Theorem 3),12,2,-0.12536878621302228,False
26,hindsight,Dual (Theorem 3),13,2,-0.23765725880552724,False
26,hindsight,Dual (Theorem 3),23,2,-0.6022118556876004,False
26,hindsight,Dual (Theorem 3),0,1,-0.4339388991242226,False
26,hindsight,Dual (Theorem 3),1,1,-0.3876602341034713,False
26,hindsight,Dual (Theorem 3),2,1,-0.29242687916408616,False
26,hindsight,Dual (Theorem 3),3,1,-0.8129259529598365,False
26,emissions-only,Shapley,012,3,-0.4508221110534829,False
26,emissions-only,Shapley,013,3,-0.01517709671469225,False
26,emissions-only,Shapley,023,3,-0.13768473788067226,False
26,emissions-only,Shapley,123,3,-0.1626122040983775,False
26,emissions-only,Shapley,01,2,-0.7340317390649962,False
26,emissions-only,Shapley,02,2,-0.2059379149380629,False
26,emissions-only,Shapley,03,2,-0.13627228485901544,False
26,emissions-only,Shapley,12,2,-0.1908249880618199,False
26,emissions-only,Shapley,13,2,-0.17949657441826883,False
26,emissions-only,Shapley,23,2,-0.6332212886578303,False
26,emissions-only,Shapley,0,1,-0.414786423908337,False
26,emissions-only,Shapley,1,1,-0.37580327634912625,False
26,emissions-only,Shapley,2,1,-0.2904801901268321,False
26,emissions-only,Shapley,3,1,-0.7666222263269222,False
26,emissions-only,Dual (Theorem 3),012,3,-0.4045183844205701,False
26,emissions-only,Dual (Theorem 3),013,3,-0.09249025631783048,False
26,emissions-only,Dual (Theorem 3),023,3,-0.12582778012632234,False
26,emissions-only,Dual (Theorem 3),123,3,-0.14345972888248593,False
26,emissions-only,Dual (Theorem 3),01,2,-0.7650411720352273,False
26,emissions-only,Dual (Theorem 3),02,2,-0.1477772305508056,False
26,emissions-only,Dual (Theorem 3),03,2,-0.2017284867078093,False
26,emissions-only,Dual (Theorem 3),12,2,-0.1253687862130206,False
26,emissions-only,Dual (Theorem 3),13,2,-0.23765725880552058,False
26,emissions-only,Dual (Theorem 3),23,2,-0.6022118556875937,False
26,emissions-only,Dual (Theorem 3),0,1,-0.43393889912422345,False
26,emissions-only,Dual (Theorem 3),1,1,-0.3876602341034707,False
26,emissions-only,Dual (Theorem 3),2,1,-0.21316703052368835,False
26,emissions-only,Dual (Theorem 3),3,1,-0.8129259529598296,False
26,online,Origin-based,012,3,0.36505111385803346,True
26,online,Origin-based,013,3,0.20285815705104104,True
26,online,Origin-based,023,3,-0.55299247444536,False
26,online,Origin-based,123,3,-0.5200011612054247,False
26,online,Origin-based,01,2,0.17345486582512437,True
26,online,Origin-based,02,2,0.12479731005923322,True
26,online,Origin-based,03,2,-0.5026232048226436,False
26,online,Origin-based,12,2,0.20726232970664205,True
26,online,Origin-based,13,2,-0.5557930756837797,False
26,online,Origin-based,23,2,-1.4906195714167105,False
26,online,Origin-based,0,1,0.009162226486801206,True
26,online,Origin-based,1,1,0.08680211195786863,True
26,online,Origin-based,2,1,-0.3927151261464349,False
26,online,Origin-based,3,1,-1.5086696089749754,False
26,online,Host-based,012,3,1.06005016000397,True
26,online,Host-based,013,3,0.4171748609659143,True
26,online,Host-based,023,3,-0.9992267579336473,False
26,online,Host-based,123,3,-0.9830826277779474,False
26,online,Host-based,01,2,1.0827706158859343,True
26,online,Host-based,02,2,0.37356207271688247,True
26,online,Host-based,03,2,-0.7345407843960576,False
26,online,Host-based,12,2,0.4391799092800557,True
26,online,Host-based,13,2,-0.8045578383414291,False
26,online,Host-based,23,2,-2.3999353214775208,False
26,online,Host-based,0,1,0.47224369305932373,True
26,online,Host-based,1,1,0.5330363954461559,True
26,online,Host-based,2,1,-0.6070318300613083,False
26,online,Host-based,3,1,-2.203668655120912,False
26,online,Work-proportional,012,3,0.4282962587102248,True
26,online,Work-proportional,013,3,0.3170647525537569,True
26,online,Work-proportional,023,3,-0.6653998069976299,False
26,online,Work-proportional,123,3,-0.5850455690080625,False
26,online,Work-proportional,01,2,0.3509066061800318,True
26,online,Work-proportional,02,2,0.07563512235915493,True
26,online,Work-proportional,03,2,-0.5008239418721976,False
26,online,Work-proportional,12,2,0.20546306675619563,True
26,online,Work-proportional,13,2,-0.5066308879837014,False
26,online,Work-proportional,23,2,-1.6680713117716182,False
26,online,Work-proportional,0,1,0.07420663428943886,True
26,online,Work-proportional,1,1,0.1992094445101385,True
26,online,Work-proportional,2,1,-0.506921721649151,False
26,online,Work-proportional,3,1,-1.571914753827167,False
26,online,Stand-alone proportional,012,3,-0.024787430877829975,False
26,online,Stand-alone proportional,013,3,0.27738588333853675,True
26,online,Stand-alone proportional,023,3,-0.3191519636369682,False
26,online,Stand-alone proportional,123,3,-0.4385308535654491,False
26,online,Stand-alone proportional,01,2,-0.1418559526232432,False
26,online,Stand-alone proportional,02,2,-0.031200723868238356,False
26,online,Stand-alone proportional,03,2,-0.1942549677267562,False
26,online,Stand-alone proportional,12,2,-0.10110590738924574,False
26,online,Stand-alone proportional,13,2,-0.3997950417563083,False
26,online,Stand-alone proportional,23,2,-1.1753087529683435,False
26,online,Stand-alone proportional,0,1,-0.07230808115317454,False
26,online,Stand-alone proportional,1,1,-0.14703839885052314,False
26,online,Stand-alone proportional,2,1,-0.4672428524339308,False
26,online,Stand-alone proportional,3,1,-1.1188310642391122,False
26,online,Shapley,012,3,-0.40570698755122825,False
26,online,Shapley,013,3,0.08989518889900672,True
26,online,Shapley,023,3,-0.09025214414735583,False
26,online,Shapley,123,3,-0.09902042194213356,False
26,online,Shapley,01,2,-0.7102662037361716,False
26,online,Shapley,02,2,-0.18322046105202405,False
26,online,Shapley,03,2,-0.15284584267667345,False
26,online,Shapley,12,2,-0.1425150324393285,False
26,online,Shapley,13,2,-0.24777530457252261,False
26,online,Shapley,23,2,-0.6068985018554152,False
26,online,Shapley,0,1,-0.4118185127764902,False
26,online,Shapley,1,1,-0.3759382183401358,False
26,online,Shapley,2,1,-0.2797521579944009,False
26,online,Shapley,3,1,-0.7379115075657139,False
26,online,Dual (Theorem 3),012,3,-0.3068972438376738,False
26,online,Dual (Theorem 3),013,3,0.005282139644134931,True
26,online,Dual (Theorem 3),023,3,-0.12216852057161098,False
26,online,Dual (Theorem 3),123,3,-0.08130073997654463,False
26,online,Dual (Theorem 3),01,2,-0.6960695092774942,False
26,online,Dual (Theorem 3),02,2,-0.11632709376273032,False
26,online,Dual (Theorem 3),03,2,-0.26937526835580594,False
26,online,Dual (Theorem 3),12,2,-0.02598560676019046,False
26,online,Dual (Theorem 3),13,2,-0.3146686718618108,False
26,online,Dual (Theorem 3),23,2,-0.6210951963140867,False
26,online,Dual (Theorem 3),0,1,-0.42953819474207366,False
26,online,Dual (Theorem 3),1,1,-0.3440218419158751,False
26,online,Dual (Theorem 3),2,1,-0.19513910873952356,False
26,online,Dual (Theorem 3),3,1,-0.8367212512792628,False
27,hindsight,Origin-based,012,3,0.4067310267612376,True
27,hindsight,Origin-based,013,3,0.3959284912045149,True
27,hindsight,Origin-based,023,3,-0.7174768697095342,False
27,hindsight,Origin-based,123,3,-0.909652200280203,False
27,hindsight,Origin-based,01,2,0.32379243404630553,True
27,hindsight,Origin-based,02,2,0.1196529882382531,True
27,hindsight,Origin-based,03,2,-0.110236961099623,False
27,hindsight,Origin-based,12,2,-0.06164751363494836,False
27,hindsight,Origin-based,13,2,-0.33939751736474166,False
27,hindsight,Origin-based,23,2,-1.9912737963851304,False
27,hindsight,Origin-based,0,1,0.01558675473298099,True
27,hindsight,Origin-based,1,1,0.09439874125914616,True
27,hindsight,Origin-based,2,1,-0.8811953732571264,False
27,hindsight,Origin-based,3,1,-1.3277802996667143,False
27,hindsight,Host-based,012,3,1.4270652031254372,True
27,hindsight,Host-based,013,3,1.0104112602299389,True
27,hindsight,Host-based,023,3,-1.6675743343329805,False
27,hindsight,Host-based,123,3,-1.5943716810463804,False
27,hindsight,Host-based,01,2,1.958609379435929,True
27,hindsight,Host-based,02,2,0.1898896999790065,True
27,hindsight,Host-based,03,2,-0.44585165669764515,False
27,hindsight,Host-based,12,2,0.27396718196307357,True
27,hindsight,Host-based,13,2,-0.4096342291054951,False
27,hindsight,Host-based,23,2,-3.626090741774754,False
27,hindsight,Host-based,0,1,0.7003062354991584,True
27,hindsight,Host-based,1,1,1.044496205882592,True
27,hindsight,Host-based,2,1,-1.4956781422825505,False
27,hindsight,Host-based,3,1,-2.3481144760309136,False
27,hindsight,Work-proportional,012,3,0.500686430568035,True
27,hindsight,Work-proportional,013,3,0.4389741607647557,True
27,hindsight,Work-proportional,023,3,-0.7255394406471196,False
27,hindsight,Work-proportional,123,3,-1.0385907027096701,False
27,hindsight,Work-proportional,01,2,0.46079350741334846,True
27,hindsight,Work-proportional,02,2,0.20554582110746988,True
27,hindsight,Work-proportional,03,2,-0.07525386247696275,False
27,hindsight,Work-proportional,12,2,-0.09663061225761349,False
27,hindsight,Work-proportional,13,2,-0.4252903502339631,False
27,hindsight,Work-proportional,23,2,-2.128274869752178,False
27,hindsight,Work-proportional,0,1,0.14452525716244333,True
27,hindsight,Work-proportional,1,1,0.10246131219672672,True
27,hindsight,Work-proportional,2,1,-0.9242410428173718,False
27,hindsight,Work-proportional,3,1,-1.4217357034735163,False
27,hindsight,Stand-alone proportional,012,3,0.2041072265728472,True
27,hindsight,Stand-alone proportional,013,3,0.1778784856418354,True
27,hindsight,Stand-alone proportional,023,3,-0.39454268307846974,False
27,hindsight,Stand-alone proportional,123,3,-0.811912581160211,False
27,hindsight,Stand-alone proportional,01,2,-0.09688137170475986,False
27,hindsight,Stand-alone proportional,02,2,0.23996337468093154,True
27,hindsight,Stand-alone proportional,03,2,-0.005352780031233628,False
27,hindsight,Stand-alone proportional,12,2,-0.16653169470334217,False
27,hindsight,Stand-alone proportional,13,2,-0.4597079038074243,False
27,hindsight,Stand-alone proportional,23,2,-1.5705999906340695,False
27,hindsight,Stand-alone proportional,0,1,-0.08215286438701566,False
27,hindsight,Stand-alone proportional,1,1,-0.2285354453719226,False
27,hindsight,Stand-alone proportional,2,1,-0.6631453676944514,False
27,hindsight,Stand-alone proportional,3,1,-1.1251564994783283,False
27,hindsight,Shapley,012,3,-0.30045487859736464,False
27,hindsight,Shapley,013,3,-0.07418826798737221,False
27,hindsight,Shapley,023,3,-0.1819245162865739,False
27,hindsight,Shapley,123,3,-0.2679018891526881,False
27,hindsight,Shapley,01,2,-0.8535102305041791,False
27,hindsight,Shapley,02,2,-0.05198056369738413,False
27,hindsight,Shapley,03,2,-0.04480136686854497,False
27,hindsight,Shapley,12,2,-0.12708310786603128,False
27,hindsight,Shapley,13,2,-0.16776396542910899,False
27,hindsight,Shapley,23,2,-0.8139711318346503,False
27,hindsight,Shapley,0,1,-0.6261635563945386,False
27,hindsight,Shapley,1,1,-0.4411536121638189,False
27,hindsight,Shapley,2,1,-0.41107861406524404,False
27,hindsight,Shapley,3,1,-0.6205943943081165,False
27,hindsight,Dual (Theorem 3),012,3,-0.38329320885488327,False
27,hindsight,Dual (Theorem 3),013,3,-0.11606176356372577,False
27,hindsight,Dual (Theorem 3),023,3,-0.18494633297202645,False
27,hindsight,Dual (Theorem 3),123,3,-0.14016824663334848,False
27,hindsight,Dual (Theorem 3),01,2,-0.9782220563380563,False
27,hindsight,Dual (Theorem 3),02,2,-0.13784071064035996,False
27,hindsight,Dual (Theorem 3),03,2,-0.08969667913035595,False
27,hindsight,Dual (Theorem 3),12,2,-0.08218779560421519,False
27,hindsight,Dual (Theorem 3),13,2,-0.08190381848612827,False
27,hindsight,Dual (Theorem 3),23,2,-0.6892593060007686,False
27,hindsight,Dual (Theorem 3),0,1,-0.7538971989138731,False
27,hindsight,Dual (Theorem 3),1,1,-0.43813179547836156,False
27,hindsight,Dual (Theorem 3),2,1,-0.3692051184888854,False
27,hindsight,Dual (Theorem 3),3,1,-0.5377560640505932,False
27,emissions-only,Shapley,012,3,-0.3004548785973602,False
27,emissions-only,Shapley,013,3,-0.07418826798737399,False
27,emissions-only,Shapley,023,3,-0.18192451628657702,False
27,emissions-only,Shapley,123,3,-0.267901889152685,False
27,emissions-only,Shapley,01,2,-0.8535102305041793,False
27,emissions-only,Shapley,02,2,-0.05198056369738302,False
27,emissions-only,Shapley,03,2,-0.04480136686854075,False
27,emissions-only,Shapley,12,2,-0.12708310786603327,False
27,emissions-only,Shapley,13,2,-0.16776396542911387,False
27,emissions-only,Shapley,23,2,-0.813971131834653,False
27,emissions-only,Shapley,0,1,-0.6261635563945386,False
27,emissions-only,Shapley,1,1,-0.4411536121638187,False
27,emissions-only,Shapley,2,1,-0.4110786140652445,False
27,emissions-only,Shapley,3,1,-0.6205943943081107,False
27,emissions-only,Dual (Theorem 3),012,3,-0.38329320885487883,False
27,emissions-only,Dual (Theorem 3),013,3,-0.11606176356372755,False
27,emissions-only,Dual (Theorem 3),023,3,-0.18494633297203045,False
27,emissions-only,Dual (Theorem 3),123,3,-0.14016824663334493,False
27,emissions-only,Dual (Theorem 3),01,2,-0.9782220563380564,False
27,emissions-only,Dual (Theorem 3),02,2,-0.13784071064036008,False
27,emissions-only,Dual (Theorem 3),03,2,-0.08969667913035217,False
27,emissions-only,Dual (Theorem 3),12,2,-0.08218779560421674,False
27,emissions-only,Dual (Theorem 3),13,2,-0.08190381848613182,False
27,emissions-only,Dual (Theorem 3),23,2,-0.6892593060007712,False
27,emissions-only,Dual (Theorem 3),0,1,-0.7538971989138739,False
27,emissions-only,Dual (Theorem 3),1,1,-0.4381317954783604,False
27,emissions-only,Dual (Theorem 3),2,1,-0.36920511848888626,False
27,emissions-only,Dual (Theorem 3),3,1,-0.537756064050587,False
27,online,Origin-based,012,3,0.43762486188350946,True
27,online,Origin-based,013,3,0.3804410400070508,True
27,online,Origin-based,023,3,-0.7188263918853646,False
27,online,Origin-based,123,3,-0.8721025731372167,False
27,online,Origin-based,01,2,0.33761090397456595,True
27,online,Origin-based,02,2,0.03779132049072942,True
27,online,Origin-based,03,2,-0.2288915258131019,False
27,online,Origin-based,12,2,-0.06918379181644108,False
27,online,Origin-based,13,2,-0.3965468428598058,False
27,online,Origin-based,23,2,-2.0008364703778345,False
27,online,Origin-based,0,1,-0.01615728071904851,False
27,online,Origin-based,1,1,0.1266184725518451,True
27,online,Origin-based,2,1,-0.8707108237008733,False
27,online,Origin-based,3,1,-1.3583908476032005,False
27,online,Host-based,012,3,1.4302898318893145,True
27,online,Host-based,013,3,1.0033552457306527,True
27,online,Host-based,023,3,-1.633429187308968,False
27,online,Host-based,123,3,-1.5730789534430207,False
27,online,Host-based,01,2,1.9531900797039725,True
27,online,Host-based,02,2,0.11585349507293086,True
27,online,Host-based,03,2,-0.5205801155131033,False
27,online,Host-based,12,2,0.22250479788356015,True
27,online,Host-based,13,2,-0.47460901744200745,False
27,online,Host-based,23,2,-3.616415646107241,False
27,online,Host-based,0,1,0.6848190995867548,True
27,online,Host-based,1,1,1.0412212679754482,True
27,online,Host-based,2,1,-1.493625029424475,False
27,online,Host-based,3,1,-2.3510558176090055,False
27,online,Work-proportional,012,3,0.5392808856763049,True
27,online,Work-proportional,013,3,0.4249098390202013,True
27,online,Work-proportional,023,3,-0.7160318469345381,False
27,online,Work-proportional,123,3,-1.0210219408939878,False
27,online,Work-proportional,01,2,0.48373572678051147,True
27,online,Work-proportional,02,2,0.14224188923435066,True
27,online,Work-proportional,03,2,-0.18162818184912588,False
27,online,Work-proportional,12,2,-0.11644713578041688,False
27,online,Work-proportional,13,2,-0.5009974116034268,False
27,online,Work-proportional,23,2,-2.1469612931837796,False
27,online,Work-proportional,0,1,0.13276208703772285,True
27,online,Work-proportional,1,1,0.12382392760101935,True
27,online,Work-proportional,2,1,-0.9151796227140234,False
27,online,Work-proportional,3,1,-1.4600468713959958,False
27,online,Stand-alone proportional,012,3,0.21650268493118574,True
27,online,Stand-alone proportional,013,3,0.16610379281526422,True
27,online,Stand-alone proportional,023,3,-0.36058211821152764,False
27,online,Stand-alone proportional,123,3,-0.7948874226669416,False
27,online,Stand-alone proportional,01,2,-0.09784852016954482,False
27,online,Stand-alone proportional,02,2,0.17491341721224196,True
27,online,Stand-alone proportional,03,2,-0.08498449933105201,False
27,online,Stand-alone proportional,12,2,-0.21309081829849008,False
27,online,Stand-alone proportional,13,2,-0.5336689395813177,False
27,online,Stand-alone proportional,23,2,-1.5653770462337233,False
27,online,Stand-alone proportional,0,1,-0.09337243118932304,False
27,online,Stand-alone proportional,1,1,-0.23162580112199105,False
27,online,Stand-alone proportional,2,1,-0.6563735765090861,False
27,online,Stand-alone proportional,3,1,-1.1372686706508763,False
27,online,Shapley,012,3,-0.29327336255875536,False
27,online,Shapley,013,3,-0.06982825295108608,False
27,online,Shapley,023,3,-0.15287857362814572,False
27,online,Shapley,123,3,-0.25688287399403276,False
27,online,Shapley,01,2,-0.8435566134258361,False
27,online,Shapley,02,2,-0.127159085694317,False
27,online,Shapley,03,2,-0.11321300051402039,False
27,online,Shapley,12,2,-0.18486231711552215,False
27,online,Shapley,13,2,-0.23159643667475915,False
27,online,Shapley,23,2,-0.8196689529774321,False
27,online,Shapley,0,1,-0.6313769798622322,False
27,online,Shapley,1,1,-0.4393293457053732,False
27,online,Shapley,2,1,-0.42044153074273605,False
27,online,Shapley,3,1,-0.6274926231609355,False
27,online,Dual (Theorem 3),012,3,-0.3446987537466133,False
27,online,Dual (Theorem 3),013,3,-0.13012608530827974,False
27,online,Dual (Theorem 3),023,3,-0.17543873925944498,False
27,online,Dual (Theorem 3),123,3,-0.12259948481766614,False
27,online,Dual (Theorem 3),01,2,-0.9552798369708931,False
27,online,Dual (Theorem 3),02,2,-0.2011446425134793,False
27,online,Dual (Theorem 3),03,2,-0.19607099850251908,False
27,online,Dual (Theorem 3),12,2,-0.10200431912701857,False
27,online,Dual (Theorem 3),13,2,-0.15761087985559152,False
27,online,Dual (Theorem 3),23,2,-0.7079457294323701,False
27,online,Dual (Theorem 3),0,1,-0.7656603690385936,False
27,online,Dual (Theorem 3),1,1,-0.4167691800740688,False
27,online,Dual (Theorem 3),2,1,-0.36014369838553684,False
27,online,Dual (Theorem 3),3,1,-0.5760672319730724,False
28,hindsight,Origin-based,012,3,0.6680142870692185,True
28,hindsight,Origin-based,013,3,0.260807750569076,True
28,hindsight,Origin-based,023,3,-1.0434927616581975,False
28,hindsight,Origin-based,123,3,-0.9544735687224271,False
28,hindsight,Origin-based,01,2,0.36845573883538674,True
28,hindsight,Origin-based,02,2,0.2576153388401681,True
28,hindsight,Origin-based,03,2,-0.6792451086197238,False
28,hindsight,Origin-based,12,2,0.20034975770779262,True
28,hindsight,Origin-based,13,2,-0.6222463082599767,False
28,hindsight,Origin-based,23,2,-2.4334489956713754,False
28,hindsight,Origin-based,0,1,0.0379049697594942,True
28,hindsight,Origin-based,1,1,0.11125703739993842,True
28,hindsight,Origin-based,2,1,-0.5923138443061404,False
28,hindsight,Origin-based,3,1,-2.2051771461552763,False
28,hindsight,Host-based,012,3,1.8516262355683581,True
28,hindsight,Host-based,013,3,0.656589213387269,True
28,hindsight,Host-based,023,3,-2.0471885770252514,False
28,hindsight,Host-based,123,3,-1.530171164672705,False
28,hindsight,Host-based,01,2,1.9478491501527189,True
28,hindsight,Host-based,02,2,0.4375314719722534,True
28,hindsight,Host-based,03,2,-1.2871594611685846,False
28,hindsight,Host-based,12,2,0.8082641102566539,True
28,hindsight,Host-based,13,2,-0.8021624413920616,False
28,hindsight,Host-based,23,2,-4.012842406988707,False
28,hindsight,Host-based,0,1,0.6136025657097723,True
28,hindsight,Host-based,1,1,1.1149528527669925,True
28,hindsight,Host-based,2,1,-0.9880953071243332,False
28,hindsight,Host-based,3,1,-3.3887890946544155,False
28,hindsight,Work-proportional,012,3,0.6882653671684222,True
28,hindsight,Work-proportional,013,3,0.42774928750649677,True
28,hindsight,Work-proportional,023,3,-1.117889579112319,False
28,hindsight,Work-proportional,123,3,-1.0672693683049261,False
28,hindsight,Work-proportional,01,2,0.5556483558720099,True
28,hindsight,Work-proportional,02,2,0.20346960148524929,True
28,hindsight,Work-proportional,03,2,-0.5867003891364257,False
28,hindsight,Work-proportional,12,2,0.10780503822449594,True
28,hindsight,Work-proportional,13,2,-0.5681005709050564,False
28,hindsight,Work-proportional,23,2,-2.6206416127079972,False
28,hindsight,Work-proportional,0,1,0.15070076934199483,True
28,hindsight,Work-proportional,1,1,0.18565385485406105,True
28,hindsight,Work-proportional,2,1,-0.7592553812435597,False
28,hindsight,Work-proportional,3,1,-2.2254282262544787,False
28,hindsight,Stand-alone proportional,012,3,0.07290468688863116,True
28,hindsight,Stand-alone proportional,013,3,0.34145687635550015,True
28,hindsight,Stand-alone proportional,023,3,-0.6922680274502802,False
28,hindsight,Stand-alone proportional,123,3,-0.7912378285361767,False
28,hindsight,Stand-alone proportional,01,2,-0.1460047355587779,False
28,hindsight,Stand-alone proportional,02,2,0.013730472867496735,True
28,hindsight,Stand-alone proportional,03,2,-0.24737124862538407,False
28,hindsight,Stand-alone proportional,12,2,-0.23152410228654574,False
28,hindsight,Stand-alone proportional,13,2,-0.37836144228730406,False
28,hindsight,Stand-alone proportional,23,2,-1.9189885212772095,False
28,hindsight,Stand-alone proportional,0,1,-0.12533077042675456,False
28,hindsight,Stand-alone proportional,1,1,-0.23996769680797742,False
28,hindsight,Stand-alone proportional,2,1,-0.672962970092563,False
28,hindsight,Stand-alone proportional,3,1,-1.6100675459746876,False
28,hindsight,Shapley,012,3,-0.5382309037868425,False
28,hindsight,Shapley,013,3,0.021161924734051762,True
28,hindsight,Shapley,023,3,-0.29350760828100153,False
28,hindsight,Shapley,123,3,-0.2585677054085309,False
28,hindsight,Shapley,01,2,-1.0774352778557008,False
28,hindsight,Shapley,02,2,-0.19864469863869916,False
28,hindsight,Shapley,03,2,-0.16890578107755383,False
28,hindsight,Shapley,12,2,-0.30998956983437465,False
28,hindsight,Shapley,13,2,-0.16598627078110706,False
28,hindsight,Shapley,23,2,-0.987557978980286,False
28,hindsight,Shapley,0,1,-0.6580008935543995,False
28,hindsight,Shapley,1,1,-0.6387281159772553,False
28,hindsight,Shapley,2,1,-0.35266801847111395,False
28,hindsight,Shapley,3,1,-0.9989319552992129,False
28,hindsight,Dual (Theorem 3),012,3,-0.5357298606213734,False
28,hindsight,Dual (Theorem 3),013,3,-0.0817458562269926,False
28,hindsight,Dual (Theorem 3),023,3,-0.28211925444674524,False
28,hindsight,Dual (Theorem 3),123,3,-0.1695493214472208,False
28,hindsight,Dual (Theorem 3),01,2,-1.1778420156512728,False
28,hindsight,Dual (Theorem 3),02,2,-0.18475530163897091,False
28,hindsight,Dual (Theorem 3),03,2,-0.26042520820433923,False
28,hindsight,Dual (Theorem 3),12,2,-0.21847014270759257,False
28,hindsight,Dual (Theorem 3),13,2,-0.17987566778083863,False
28,hindsight,Dual (Theorem 3),23,2,-0.887151241184716,False
28,hindsight,Dual (Theorem 3),0,1,-0.7470192775157124,False
28,hindsight,Dual (Theorem 3),1,1,-0.6501164698115145,False
28,hindsight,Dual (Theorem 3),2,1,-0.2497602375100727,False
28,hindsight,Dual (Theorem 3),3,1,-1.001432998464685,False
28,emissions-only,Shapley,012,3,-0.5382309037868528,False
28,emissions-only,Shapley,013,3,0.0211619247340602,True
28,emissions-only,Shapley,023,3,-0.29350760828099887,False
28,emissions-only,Shapley,123,3,-0.25856770540853447,False
28,emissions-only,Shapley,01,2,-1.0774352778557112,False
28,emissions-only,Shapley,02,2,-0.19864469863869938,False
28,emissions-only,Shapley,03,2,-0.16890578107756138,False
28,emissions-only,Shapley,12,2,-0.30998956983437576,False
28,emissions-only,Shapley,13,2,-0.16598627078111017,False
28,emissions-only,Shapley,23,2,-0.9875579789803064,False
28,emissions-only,Shapley,0,1,-0.6580008935544059,False
28,emissions-only,Shapley,1,1,-0.6387281159772586,False
28,emissions-only,Shapley,2,1,-0.35266801847110774,False
28,emissions-only,Shapley,3,1,-0.9989319552992217,False
28,emissions-only,Dual (Theorem 3),012,3,-0.5357298606213798,False
28,emissions-only,Dual (Theorem 3),013,3,-0.08174585622697661,False
28,emissions-only,Dual (Theorem 3),023,3,-0.2821192544467461,False
28,emissions-only,Dual (Theorem 3),123,3,-0.16954932144722967,False
28,emissions-only,Dual (Theorem 3),01,2,-1.1778420156512728,False
28,emissions-only,Dual (Theorem 3),02,2,-0.18475530163897114,False
28,emissions-only,Dual (Theorem 3),03,2,-0.26042520820434234,False
28,emissions-only,Dual (Theorem 3),12,2,-0.21847014270759657,False
28,emissions-only,Dual (Theorem 3),13,2,-0.17987566778084085,False
28,emissions-only,Dual (Theorem 3),23,2,-0.887151241184748,False
28,emissions-only,Dual (Theorem 3),0,1,-0.7470192775157121,False
28,emissions-only,Dual (Theorem 3),1,1,-0.6501164698115139,False
28,emissions-only,Dual (Theorem 3),2,1,-0.24976023751007337,False
28,emissions-only,Dual (Theorem 3),3,1,-1.001432998464697,False
28,online,Origin-based,012,3,0.7132372445257815,True
28,online,Origin-based,013,3,0.33391624630138894,True
28,online,Origin-based,023,3,-1.0940512179208683,False
28,online,Origin-based,123,3,-0.909916575579178,False
28,online,Origin-based,01,2,0.39944930673638235,True
28,online,Origin-based,02,2,0.2375157765731275,True
28,online,Origin-based,03,2,-0.7657129143387245,False
28,online,Origin-based,12,2,0.22846877184912096,True
28,online,Origin-based,13,2,-0.6873665255411896,False
28,online,Origin-based,23,2,-2.3887488387748586,False
28,online,Origin-based,0,1,0.01285363448710758,True
28,online,Origin-based,1,1,0.14544626523343895,True
28,online,Origin-based,2,1,-0.5903066042390597,False
28,online,Origin-based,3,1,-2.222359509769502,False
28,online,Host-based,012,3,1.9272718190215976,True
28,online,Host-based,013,3,0.7203680418673293,True
28,online,Host-based,023,3,-2.1242562396177296,False
28,online,Host-based,123,3,-1.4801979239440746,False
28,online,Host-based,01,2,1.999935676798139,True
28,online,Host-based,02,2,0.421345329372083,True
28,online,Host-based,03,2,-1.4094661404696447,False
28,online,Host-based,12,2,0.872221997980041,True
28,online,Host-based,13,2,-0.8711960783401458,False
28,online,Host-based,23,2,-3.989235208836616,False
28,online,Host-based,0,1,0.5831349828520038,True
28,online,Host-based,1,1,1.1756512869302997,True
28,online,Host-based,2,1,-0.9767583998050003,False
28,online,Host-based,3,1,-3.4363940842653187,False
28,online,Work-proportional,012,3,0.7606356216256234,True
28,online,Work-proportional,013,3,0.48803024702152387,True
28,online,Work-proportional,023,3,-1.1633777077823715,False
28,online,Work-proportional,123,3,-1.0421024635376508,False
28,online,Work-proportional,01,2,0.6009616845563587,True
28,online,Work-proportional,02,2,0.215587663811466,True
28,online,Work-proportional,03,2,-0.6809254034800927,False
28,online,Work-proportional,12,2,0.1436812609904896,True
28,online,Work-proportional,13,2,-0.6654384127795279,False
28,online,Work-proportional,23,2,-2.5902612165948344,False
28,online,Work-proportional,0,1,0.14503952244558066,True
28,online,Work-proportional,1,1,0.2147727550949422,True
28,online,Work-proportional,2,1,-0.7444206049591942,False
28,online,Work-proportional,3,1,-2.2697578868693435,False
28,online,Stand-alone proportional,012,3,0.10234660832670728,True
28,online,Stand-alone proportional,013,3,0.40944014501068526,True
28,online,Stand-alone proportional,023,3,-0.707104632102979,False
28,online,Stand-alone proportional,123,3,-0.7614964239072872,False
28,online,Stand-alone proportional,01,2,-0.13591743075339646,False
28,online,Stand-alone proportional,02,2,0.013571726191941913,True
28,online,Stand-alone proportional,03,2,-0.30324242981153926,False
28,online,Stand-alone proportional,12,2,-0.23400171267806336,False
28,online,Stand-alone proportional,13,2,-0.46342247516000334,False
28,online,Stand-alone proportional,23,2,-1.8533821012850789,False
28,online,Stand-alone proportional,0,1,-0.13556651718478266,False
28,online,Stand-alone proportional,1,1,-0.2415003205844497,False
28,online,Stand-alone proportional,2,1,-0.6658305029483551,False
28,online,Stand-alone proportional,3,1,-1.611468873570427,False
28,online,Shapley,012,3,-0.5161041920891678,False
28,online,Shapley,013,3,0.09487677565507813,True
28,online,Shapley,023,3,-0.3012979367694397,False
28,online,Shapley,123,3,-0.2342889494693452,False
28,online,Shapley,01,2,-1.0689316005248783,False
28,online,Shapley,02,2,-0.19907237889039386,False
28,online,Shapley,03,2,-0.2119991038336071,False
28,online,Shapley,12,2,-0.32524503865599597,False
28,online,Shapley,13,2,-0.250778370077668,False
28,online,Shapley,23,2,-0.9203679315135975,False
28,online,Shapley,0,1,-0.6627739916227251,False
28,online,Shapley,1,1,-0.647307015917989,False
28,online,Shapley,2,1,-0.3512671335927484,False
28,online,Shapley,3,1,-0.9930180731545524,False
28,online,Dual (Theorem 3),012,3,-0.4633596061641725,False
28,online,Dual (Theorem 3),013,3,-0.021464896711965054,False
28,online,Dual (Theorem 3),023,3,-0.32760738311679827,False
28,online,Dual (Theorem 3),123,3,-0.1443824166799459,False
28,online,Dual (Theorem 3),01,2,-1.132528686966924,False
28,online,Dual (Theorem 3),02,2,-0.1726372393127542,False
28,online,Dual (Theorem 3),03,2,-0.35465022254800616,False
28,online,Dual (Theorem 3),12,2,-0.18259391994159913,False
28,online,Dual (Theorem 3),13,2,-0.27721350965530966,False
28,online,Dual (Theorem 3),23,2,-0.8567708450715541,False
28,online,Dual (Theorem 3),0,1,-0.7526805244121266,False
28,online,Dual (Theorem 3),1,1,-0.6209975695706333,False
28,online,Dual (Theorem 3),2,1,-0.23492546122570723,False
28,online,Dual (Theorem 3),3,1,-1.04576265907955,False
29,hindsight,Origin-based,012,3,0.5539064911809874,True
29,hindsight,Origin-based,013,3,0.371890586046816,True
29,hindsight,Origin-based,023,3,-1.012203245657751,False
29,hindsight,Origin-based,123,3,-0.7597971410390079,False
29,hindsight,Origin-based,01,2,0.3801308280713702,True
29,hindsight,Origin-based,02,2,-0.0173272381223486,False
29,hindsight,Origin-based,03,2,-0.42448333017678586,False
29,hindsight,Origin-based,12,2,0.1513888096416336,True
29,hindsight,Origin-based,13,2,-0.22227519837833487,False
29,hindsight,Origin-based,23,2,-2.1438933988208015,False
29,hindsight,Origin-based,0,1,0.03285131025752763,True
29,hindsight,Origin-based,1,1,0.1012652894854209,True
29,hindsight,Origin-based,2,1,-0.8556240656278242,False
29,hindsight,Origin-based,3,1,-2.039945755354367,False
29,hindsight,Host-based,012,3,1.6020737694677183,True
29,hindsight,Host-based,013,3,1.0436439236398485,True
29,hindsight,Host-based,023,3,-2.0778760007253867,False
29,hindsight,Host-based,123,3,-1.414045001851135,False
29,hindsight,Host-based,01,2,2.1000514439511333,True
29,hindsight,Host-based,02,2,-0.0348327149032539,False
29,hindsight,Host-based,03,2,-0.8184027476513895,False
29,hindsight,Host-based,12,2,0.5453082271162373,True
29,hindsight,Host-based,13,2,-0.20476972159742957,False
29,hindsight,Host-based,23,2,-3.8638140147005644,False
29,hindsight,Host-based,0,1,0.6870991710696546,True
29,hindsight,Host-based,1,1,1.1669380445530568,True
29,hindsight,Host-based,2,1,-1.5273774032208565,False
29,hindsight,Host-based,3,1,-3.088113033641098,False
29,hindsight,Work-proportional,012,3,0.5840745780390963,True
29,hindsight,Work-proportional,013,3,0.5221545218830279,True
29,hindsight,Work-proportional,023,3,-1.1176650955110756,False
29,hindsight,Work-proportional,123,3,-0.8347673138799969,False
29,hindsight,Work-proportional,01,2,0.5605628507656883,True
29,hindsight,Work-proportional,02,2,-0.09262100111756699,False
29,hindsight,Work-proportional,03,2,-0.3796812441939008,False
29,hindsight,Work-proportional,12,2,0.10658672365875121,True
29,hindsight,Work-proportional,13,2,-0.14698143538311426,False
29,hindsight,Work-proportional,23,2,-2.324325421515117,False
29,hindsight,Work-proportional,0,1,0.10782148309851869,True
29,hindsight,Work-proportional,1,1,0.20672713933874776,True
29,hindsight,Work-proportional,2,1,-1.0058880014640337,False
29,hindsight,Work-proportional,3,1,-2.070113842212473,False
29,hindsight,Stand-alone proportional,012,3,0.0761391246679386,True
29,hindsight,Stand-alone proportional,013,3,0.309450544701368,True
29,hindsight,Stand-alone proportional,023,3,-0.6440233949850631,False
29,hindsight,Stand-alone proportional,123,3,-0.5877695838531931,False
29,hindsight,Stand-alone proportional,01,2,-0.16007657978712875,False
29,hindsight,Stand-alone proportional,02,2,-0.12691475396271135,False
29,hindsight,Stand-alone proportional,03,2,-0.11874352084954776,False
29,hindsight,Stand-alone proportional,12,2,-0.15435099968560229,False
29,hindsight,Stand-alone proportional,13,2,-0.1126876825379699,False
29,hindsight,Stand-alone proportional,23,2,-1.6036859909623002,False
29,hindsight,Stand-alone proportional,0,1,-0.1391762469282853,False
29,hindsight,Stand-alone proportional,1,1,-0.26691456118726525,False
29,hindsight,Stand-alone proportional,2,1,-0.793184024282374,False
29,hindsight,Stand-alone proportional,3,1,-1.5621783888413159,False
29,hindsight,Shapley,012,3,-0.4265104589304869,False
29,hindsight,Shapley,013,3,-0.022943815765352316,False
29,hindsight,Shapley,023,3,-0.24019720742461725,False
29,hindsight,Shapley,123,3,-0.15655182734849227,False
29,hindsight,Shapley,01,2,-0.9951205238522746,False
29,hindsight,Shapley,02,2,-0.22573815000069164,False
29,hindsight,Shapley,03,2,-0.047311693755823114,False
29,hindsight,Shapley,12,2,-0.22578282677932693,False
29,hindsight,Shapley,13,2,-0.013864286499989387,False
29,hindsight,Shapley,23,2,-0.7686420468971544,False
29,hindsight,Shapley,0,1,-0.570394003432986,False
29,hindsight,Shapley,1,1,-0.6707407487477104,False
29,hindsight,Shapley,2,1,-0.46078966381565367,False
29,hindsight,Shapley,3,1,-1.0595288052428904,False
29,hindsight,Dual (Theorem 3),012,3,-0.3938091956657628,False
29,hindsight,Dual (Theorem 3),013,3,-0.13335151107793708,False
29,hindsight,Dual (Theorem 3),023,3,-0.2002845112375784,False
29,hindsight,Dual (Theorem 3),123,3,-0.11875809148767935,False
29,hindsight,Dual (Theorem 3),01,2,-1.0728269559001327,False
29,hindsight,Dual (Theorem 3),02,2,-0.1531241905489258,False
29,hindsight,Dual (Theorem 3),03,2,-0.11780669288136592,False
29,hindsight,Dual (Theorem 3),12,2,-0.15528782765378701,False
29,hindsight,Dual (Theorem 3),13,2,-0.08647824595175813,False
29,hindsight,Dual (Theorem 3),23,2,-0.6909356148492991,False
29,hindsight,Dual (Theorem 3),0,1,-0.6081877392938021,False
29,hindsight,Dual (Theorem 3),1,1,-0.7106534449347525,False
29,hindsight,Dual (Theorem 3),2,1,-0.3503819685030716,False
29,hindsight,Dual (Theorem 3),3,1,-1.0922300685076172,False
29,emissions-only,Shapley,012,3,-0.28967260242014015,False
29,emissions-only,Shapley,013,3,-0.06855643460214278,False
29,emissions-only,Shapley,023,3,-0.2858098262613957,False
29,emissions-only,Shapley,123,3,-0.2021644461852734,False
29,emissions-only,Shapley,01,2,-0.9038952861787021,False
29,emissions-only,Shapley,02,2,-0.13451291232712648,False
29,emissions-only,Shapley,03,2,-0.13853693142939694,False
29,emissions-only,Shapley,12,2,-0.13455758910576265,False
29,emissions-only,Shapley,13,2,-0.10508952417355832,False
29,emissions-only,Shapley,23,2,-0.8598672845707291,False
29,emissions-only,Shapley,0,1,-0.5247813845962022,False
29,emissions-only,Shapley,1,1,-0.6251281299109264,False
29,emissions-only,Shapley,2,1,-0.4151770449788743,False
29,emissions-only,Shapley,3,1,-0.6490152357118393,False
29,emissions-only,Dual (Theorem 3),012,3,-0.3938091956657661,False
29,emissions-only,Dual (Theorem 3),013,3,-0.13335151107794685,False
29,emissions-only,Dual (Theorem 3),023,3,-0.20028451123757307,False
29,emissions-only,Dual (Theorem 3),123,3,-0.11875809148767491,False
29,emissions-only,Dual (Theorem 3),01,2,-1.0728269559001293,False
29,emissions-only,Dual (Theorem 3),02,2,-0.15312419054892645,False
29,emissions-only,Dual (Theorem 3),03,2,-0.1178066928813748,False
29,emissions-only,Dual (Theorem 3),12,2,-0.15528782765378724,False
29,emissions-only,Dual (Theorem 3),13,2,-0.08647824595176079,False
29,emissions-only,Dual (Theorem 3),23,2,-0.6909356148493044,False
29,emissions-only,Dual (Theorem 3),0,1,-0.6081877392938034,False
29,emissions-only,Dual (Theorem 3),1,1,-0.7106534449347525,False
29,emissions-only,Dual (Theorem 3),2,1,-0.3503819685030729,False
29,emissions-only,Dual (Theorem 3),3,1,-0.544878642466216,False
29,online,Origin-based,012,3,0.6007965254405736,True
29,online,Origin-based,013,3,0.40362120523376266,True
29,online,Origin-based,023,3,-1.0493385534982913,False
29,online,Origin-based,123,3,-0.7360315257989809,False
29,online,Origin-based,01,2,0.39776038766235755,True
29,online,Origin-based,02,2,-0.07132497143470151,False
29,online,Origin-based,03,2,-0.4319668233074867,False
29,online,Origin-based,12,2,0.20806063460398283,True
29,online,Origin-based,13,2,-0.1486610759236502,False
29,online,Origin-based,23,2,-2.061704042524359,False
29,online,Origin-based,0,1,-0.007223980429086563,False
29,online,Origin-based,1,1,0.10074164178683376,True
29,online,Origin-based,2,1,-0.8355539086824826,False
29,online,Origin-based,3,1,-1.4413150572249025,False
29,online,Host-based,012,3,1.7066189488406818,True
29,online,Host-based,013,3,1.050915300544851,True
29,online,Host-based,023,3,-2.1002615305614216,False
29,online,Host-based,123,3,-1.43822506744704,False
29,online,Host-based,01,2,2.1508769063735516,True
29,online,Host-based,02,2,-0.01642552509772588,False
29,online,Host-based,03,2,-0.8355957050595308,False
29,online,Host-based,12,2,0.6116895163560292,True
29,online,Host-based,13,2,-0.2035605222606236,False
29,online,Host-based,23,2,-3.814820561235551,False
29,online,Host-based,0,1,0.6949695612189751,True
29,online,Host-based,1,1,1.1516646188499664,True
29,online,Host-based,2,1,-1.4828480039935688,False
29,online,Host-based,3,1,-2.5471374806250084,False
29,online,Work-proportional,012,3,0.6491967001548153,True
29,online,Work-proportional,013,3,0.5732122338577228,True
29,online,Work-proportional,023,3,-1.1942630553504445,False
29,online,Work-proportional,123,3,-0.8090982272850278,False
29,online,Work-proportional,01,2,0.6157515910005583,True
29,online,Work-proportional,02,2,-0.16784929857261344,False
29,online,Work-proportional,03,2,-0.40730029653568023,False
29,online,Work-proportional,12,2,0.1833941078321768,True
29,online,Work-proportional,13,2,-0.05213674878573782,False
29,online,Work-proportional,23,2,-2.279695245862559,False
29,online,Work-proportional,0,1,0.06584272105696098,True
29,online,Work-proportional,1,1,0.2456661436389871,True
29,online,Work-proportional,2,1,-1.0051449373064418,False
29,online,Work-proportional,3,1,-1.4897152319391433,False
29,online,Stand-alone proportional,012,3,0.3063382740648857,True
29,online,Stand-alone proportional,013,3,0.23920398970585666,True
29,online,Stand-alone proportional,023,3,-0.7206692036590256,False
29,online,Stand-alone proportional,123,3,-0.60582540873465,False
29,online,Stand-alone proportional,01,2,-0.06111507924123727,False
29,online,Stand-alone proportional,02,2,-0.03711387297112445,False
29,online,Stand-alone proportional,03,2,-0.26771468899612794,False
29,online,Stand-alone proportional,12,2,0.04380850029262451,True
29,online,Stand-alone proportional,13,2,-0.18287217438722658,False
29,online,Stand-alone proportional,23,2,-1.6028285756207632,False
29,online,Stand-alone proportional,0,1,-0.13743009749341634,False
29,online,Stand-alone proportional,1,1,-0.22792770805243134,False
29,online,Stand-alone proportional,2,1,-0.6711366931545757,False
29,online,Stand-alone proportional,3,1,-1.1468568058492137,False
29,online,Shapley,012,3,-0.2277764218362872,False
29,online,Shapley,013,3,-0.03774565872661784,False
29,online,Shapley,023,3,-0.29726559344192083,False
29,online,Shapley,123,3,-0.21816467461810696,False
29,online,Shapley,01,2,-0.872179423574885,False
29,online,Shapley,02,2,-0.14782495865519274,False
29,online,Shapley,03,2,-0.12126072721149761,False
29,online,Shapley,12,2,-0.1026454614920056,False
29,online,Shapley,13,2,-0.07216108870315852,False
29,online,Shapley,23,2,-0.7917642312871154,False
29,online,Shapley,0,1,-0.5250908316099593,False
29,online,Shapley,1,1,-0.6513313182695362,False
29,online,Shapley,2,1,-0.394187044722101,False
29,online,Shapley,3,1,-0.6127421099480408,False
29,online,Dual (Theorem 3),012,3,-0.32868707355004334,False
29,online,Dual (Theorem 3),013,3,-0.0822937991032413,False
29,online,Dual (Theorem 3),023,3,-0.27688247107694597,False
29,online,Dual (Theorem 3),123,3,-0.09308900489270844,False
29,online,Dual (Theorem 3),01,2,-1.0176382156652624,False
29,online,Dual (Theorem 3),02,2,-0.228352488003972,False
29,online,Dual (Theorem 3),03,2,-0.14542574522314444,False
29,online,Dual (Theorem 3),12,2,-0.0784804434803612,False
29,online,Dual (Theorem 3),13,2,0.008366440645618756,True
29,online,Dual (Theorem 3),23,2,-0.6463054391967402,False
29,online,Dual (Theorem 3),0,1,-0.6501665013353598,False
29,online,Dual (Theorem 3),1,1,-0.6717144406345129,False
29,online,Dual (Theorem 3),2,1,-0.34963890434547973,False
29,online,Dual (Theorem 3),3,1,-0.5118314582342869,False
30,hindsight,Origin-based,012,3,0.37700095552252866,True
30,hindsight,Origin-based,013,3,0.33266504823462295,True
30,hindsight,Origin-based,023,3,-0.810752707281654,False
30,hindsight,Origin-based,123,3,-0.8128039340762112,False
30,hindsight,Origin-based,01,2,0.3117009626935512,True
30,hindsight,Origin-based,02,2,0.04199418948321276,True
30,hindsight,Origin-based,03,2,-0.26755818658808295,False
30,hindsight,Origin-based,12,2,0.023462063750623097,True
30,hindsight,Origin-based,13,2,-0.3011811821139627,False
30,hindsight,Origin-based,23,2,-2.053078610730969,False
30,hindsight,Origin-based,0,1,0.04929836450470626,True
30,hindsight,Origin-based,1,1,0.11073950497385376,True
30,hindsight,Origin-based,2,1,-0.9149982999396995,False
30,hindsight,Origin-based,3,1,-1.438899313286345,False
30,hindsight,Host-based,012,3,1.3477768832726618,True
30,hindsight,Host-based,013,3,1.0830249653389181,True
30,hindsight,Host-based,023,3,-1.8753577503329852,False
30,hindsight,Host-based,123,3,-1.469334735879309,False
30,hindsight,Host-based,01,2,2.0328368075479797,True
30,hindsight,Host-based,02,2,-0.0518349258179851,False
30,hindsight,Host-based,03,2,-0.581803312535119,False
30,hindsight,Host-based,12,2,0.33770718969765867,True
30,hindsight,Host-based,13,2,-0.2073520668127653,False
30,hindsight,Host-based,23,2,-3.7742144555853985,False
30,hindsight,Host-based,0,1,0.7058291663078039,True
30,hindsight,Host-based,1,1,1.1753445480251847,True
30,hindsight,Host-based,2,1,-1.665358217043995,False
30,hindsight,Host-based,3,1,-2.4096752410364783,False
30,hindsight,Work-proportional,012,3,0.5094827132821962,True
30,hindsight,Work-proportional,013,3,0.3472491877602364,True
30,hindsight,Work-proportional,023,3,-0.8524622501132115,False
30,hindsight,Work-proportional,123,3,-0.9181602885299238,False
30,hindsight,Work-proportional,01,2,0.4587668599788284,True
30,hindsight,Work-proportional,02,2,0.13276640441131904,True
30,hindsight,Work-proportional,03,2,-0.294683589894031,False
30,hindsight,Work-proportional,12,2,0.050587467056574464,True
30,hindsight,Work-proportional,13,2,-0.39195339704206544,False
30,hindsight,Work-proportional,23,2,-2.200144508016243,False
30,hindsight,Work-proportional,0,1,0.1546547189584223,True
30,hindsight,Work-proportional,1,1,0.15244904780541502,True
30,hindsight,Work-proportional,2,1,-0.9295824394653094,False
30,hindsight,Work-proportional,3,1,-1.5713810710460088,False
30,hindsight,Stand-alone proportional,012,3,0.13514403370952088,True
30,hindsight,Stand-alone proportional,013,3,0.1081093248618279,True
30,hindsight,Stand-alone proportional,023,3,-0.49152500603489724,False
30,hindsight,Stand-alone proportional,123,3,-0.6656189901371548,False
30,hindsight,Stand-alone proportional,01,2,-0.1547116824922551,False
30,hindsight,Stand-alone proportional,02,2,0.11936496891695825,True
30,hindsight,Stand-alone proportional,03,2,-0.1728862087141252,False
30,hindsight,Stand-alone proportional,12,2,-0.07120991412333177,False
30,hindsight,Stand-alone proportional,13,2,-0.3785519615477053,False
30,hindsight,Stand-alone proportional,23,2,-1.5866659655451598,False
30,hindsight,Stand-alone proportional,0,1,-0.09788657943434673,False
30,hindsight,Stand-alone proportional,1,1,-0.2084881962728995,False
30,hindsight,Stand-alone proportional,2,1,-0.6904425765669011,False
30,hindsight,Stand-alone proportional,3,1,-1.197042391473334,False
30,hindsight,Shapley,012,3,-0.3715496415148958,False
30,hindsight,Shapley,013,3,-0.12077397160197112,False
30,hindsight,Shapley,023,3,-0.20420584000374742,False
30,hindsight,Shapley,123,3,-0.21736118448008934,False
30,hindsight,Shapley,01,2,-0.8902886541804708,False
30,hindsight,Shapley,02,2,-0.10000954027630815,False
30,hindsight,Shapley,03,2,-0.11445033914677394,False
30,hindsight,Shapley,12,2,-0.12964578369068303,False
30,hindsight,Shapley,13,2,-0.15917745235443892,False
30,hindsight,Shapley,23,2,-0.8510889938569441,False
30,hindsight,Shapley,0,1,-0.546144385091412,False
30,hindsight,Shapley,1,1,-0.4958073623040498,False
30,hindsight,Shapley,2,1,-0.4615592801031021,False
30,hindsight,Shapley,3,1,-0.6903487162489172,False
30,hindsight,Dual (Theorem 3),012,3,-0.37012146943317714,False
30,hindsight,Dual (Theorem 3),013,3,-0.09607256856244639,False
30,hindsight,Dual (Theorem 3),023,3,-0.26283793651702547,False
30,hindsight,Dual (Theorem 3),123,3,-0.18485866308806465,False
30,hindsight,Dual (Theorem 3),01,2,-0.8641590790592241,False
30,hindsight,Dual (Theorem 3),02,2,-0.15721346470786446,False
30,hindsight,Dual (Theorem 3),03,2,-0.14838103262052416,False
30,hindsight,Dual (Theorem 3),12,2,-0.09571509021693592,False
30,hindsight,Dual (Theorem 3),13,2,-0.10197352792288594,False
30,hindsight,Dual (Theorem 3),23,2,-0.8772185689781944,False
30,hindsight,Dual (Theorem 3),0,1,-0.5786469064834404,False
30,hindsight,Dual (Theorem 3),1,1,-0.4371752657907748,False
30,hindsight,Dual (Theorem 3),2,1,-0.48626068314262993,False
30,hindsight,Dual (Theorem 3),3,1,-0.6917768883306392,False
30,emissions-only,Shapley,012,3,-0.37154964151489467,False
30,emissions-only,Shapley,013,3,-0.12077397160196801,False
30,emissions-only,Shapley,023,3,-0.2042058400037634,False
30,emissions-only,Shapley,123,3,-0.21736118448009023,False
30,emissions-only,Shapley,01,2,-0.890288654180476,False
30,emissions-only,Shapley,02,2,-0.10000954027630216,False
30,emissions-only,Shapley,03,2,-0.11445033914676772,False
30,emissions-only,Shapley,12,2,-0.12964578369068747,False
30,emissions-only,Shapley,13,2,-0.15917745235444025,False
30,emissions-only,Shapley,23,2,-0.8510889938569361,False
30,emissions-only,Shapley,0,1,-0.5461443850914116,False
30,emissions-only,Shapley,1,1,-0.49580736230405553,False
30,emissions-only,Shapley,2,1,-0.46155928010309966,False
30,emissions-only,Shapley,3,1,-0.6903487162489159,False
30,emissions-only,Dual (Theorem 3),012,3,-0.3701214694331729,False
30,emissions-only,Dual (Theorem 3),013,3,-0.09607256856244062,False
30,emissions-only,Dual (Theorem 3),023,3,-0.26283793651704634,False
30,emissions-only,Dual (Theorem 3),123,3,-0.18485866308806553,False
30,emissions-only,Dual (Theorem 3),01,2,-0.864159079059224,False
30,emissions-only,Dual (Theorem 3),02,2,-0.15721346470786046,False
30,emissions-only,Dual (Theorem 3),03,2,-0.14838103262052016,False
30,emissions-only,Dual (Theorem 3),12,2,-0.09571509021693791,False
30,emissions-only,Dual (Theorem 3),13,2,-0.10197352792288505,False
30,emissions-only,Dual (Theorem 3),23,2,-0.8772185689781917,False
30,emissions-only,Dual (Theorem 3),0,1,-0.5786469064834394,False
30,emissions-only,Dual (Theorem 3),1,1,-0.4371752657907756,False
30,emissions-only,Dual (Theorem 3),2,1,-0.48626068314262993,False
30,emissions-only,Dual (Theorem 3),3,1,-0.6917768883306405,False
30,online,Origin-based,012,3,0.36625159037542976,True
30,online,Origin-based,013,3,0.3215870070244229,True
30,online,Origin-based,023,3,-0.8386349668624575,False
30,online,Origin-based,123,3,-0.8211960004317138,False
30,online,Origin-based,01,2,0.28898738587696327,True
30,online,Origin-based,02,2,-0.014662538249399226,False
30,online,Origin-based,03,2,-0.3262126410941213,False
30,online,Origin-based,12,2,-0.016748740847025934,False
30,online,Origin-based,13,2,-0.3072276554277287,False
30,online,Origin-based,23,2,-2.074329194809204,False
30,online,Origin-based,0,1,0.020719146250384513,True
30,online,Origin-based,1,1,0.08581745588148104,True
30,online,Origin-based,2,1,-0.9608908235662161,False
30,online,Origin-based,3,1,-1.4837278142612178,False
30,online,Host-based,012,3,1.30996271438967,True
30,online,Host-based,013,3,1.0630481032484136,True
30,online,Host-based,023,3,-1.8455963482342588,False
30,online,Host-based,123,3,-1.499406839298144,False
30,online,Host-based,01,2,1.9741596061151943,True
30,online,Host-based,02,2,-0.07791279560696007,False
30,online,Host-based,03,2,-0.5917129262419314,False
30,online,Host-based,12,2,0.24875154430078417,True
30,online,Host-based,13,2,-0.2439773980701685,False
30,online,Host-based,23,2,-3.759501415047435,False
30,online,Host-based,0,1,0.6989299851168146,True
30,online,Host-based,1,1,1.0927788372532818,True
30,online,Host-based,2,1,-1.702351919790207,False
30,online,Host-based,3,1,-2.427438938275458,False
30,online,Work-proportional,012,3,0.5097685274380208,True
30,online,Work-proportional,013,3,0.3584631646202565,True
30,online,Work-proportional,023,3,-0.8949323922345647,False
30,online,Work-proportional,123,3,-0.9452916697180305,False
30,online,Work-proportional,01,2,0.46938048053538795,True
30,online,Work-proportional,02,2,0.0725569734410847,True
30,online,Work-proportional,03,2,-0.3456339088703948,False
30,online,Work-proportional,12,2,0.0026725269292482423,True
30,online,Work-proportional,13,2,-0.39444716711821215,False
30,online,Work-proportional,23,2,-2.254722289467628,False
30,online,Work-proportional,0,1,0.14481481553670172,True
30,online,Work-proportional,1,1,0.1421148812535885,True
30,online,Work-proportional,2,1,-0.9977669811620495,False
30,online,Work-proportional,3,1,-1.6272447513238089,False
30,online,Stand-alone proportional,012,3,0.14273519259861867,True
30,online,Stand-alone proportional,013,3,0.10030465526023358,True
30,online,Stand-alone proportional,023,3,-0.5249548118151304,False
30,online,Stand-alone proportional,123,3,-0.6900774059380419,False
30,online,Stand-alone proportional,01,2,-0.1558113636640368,False
30,online,Stand-alone proportional,02,2,0.07550121902111728,True
30,online,Stand-alone proportional,03,2,-0.233814837810983,False
30,online,Stand-alone proportional,12,2,-0.10914654413016445,False
30,online,Stand-alone proportional,13,2,-0.39739141269824607,False
30,online,Stand-alone proportional,23,2,-1.6295304452682045,False
30,online,Stand-alone proportional,0,1,-0.11039944824328804,False
30,online,Stand-alone proportional,1,1,-0.22786269916584662,False
30,online,Stand-alone proportional,2,1,-0.739608471802027,False
30,online,Stand-alone proportional,3,1,-1.2602114164844074,False
30,online,Shapley,012,3,-0.38367953886264794,False
30,online,Shapley,013,3,-0.13883876129408135,False
30,online,Shapley,023,3,-0.21829207348479596,False
30,online,Shapley,123,3,-0.23118199625279345,False
30,online,Shapley,01,2,-0.9213695116796184,False
30,online,Shapley,02,2,-0.14425077410981557,False
30,online,Shapley,03,2,-0.16629551603496395,False
30,online,Shapley,12,2,-0.17666586590618327,False
30,online,Shapley,13,2,-0.17763941956731255,False
30,online,Shapley,23,2,-0.863972297252622,False
30,online,Shapley,0,1,-0.569294857928536,False
30,online,Shapley,1,1,-0.5345254374961804,False
30,online,Shapley,2,1,-0.5004650552477121,False
30,online,Shapley,3,1,-0.7337966850231403,False
30,online,Dual (Theorem 3),012,3,-0.36983565527735207,False
30,online,Dual (Theorem 3),013,3,-0.08485859170242627,False
30,online,Dual (Theorem 3),023,3,-0.3053080786383786,False
30,online,Dual (Theorem 3),123,3,-0.2119900442761713,False
30,online,Dual (Theorem 3),01,2,-0.8535454585026645,False
30,online,Dual (Theorem 3),02,2,-0.2174228956780988,False
30,online,Dual (Theorem 3),03,2,-0.19933135159688842,False
30,online,Dual (Theorem 3),12,2,-0.14363003034426214,False
30,online,Dual (Theorem 3),13,2,-0.10446729799903309,False
30,online,Dual (Theorem 3),23,2,-0.931796350429579,False
30,online,Dual (Theorem 3),0,1,-0.588486809905161,False
30,online,Dual (Theorem 3),1,1,-0.4475094323426014,False
30,online,Dual (Theorem 3),2,1,-0.5544452248393701,False
30,online,Dual (Theorem 3),3,1,-0.7476405686084395,False
31,hindsight,Origin-based,012,3,0.23142227263695614,True
31,hindsight,Origin-based,013,3,0.06605957023701137,True
31,hindsight,Origin-based,023,3,-0.3273324063738141,False
31,hindsight,Origin-based,123,3,-0.5101517993152931,False
31,hindsight,Origin-based,01,2,0.13613082739094717,True
31,hindsight,Origin-based,02,2,0.15990361666351,True
31,hindsight,Origin-based,03,2,-0.329036911385131,False
31,hindsight,Origin-based,12,2,0.007089737102873306,True
31,hindsight,Origin-based,13,2,-0.47792245938631417,False
31,hindsight,Origin-based,23,2,-1.2695807342141527,False
31,hindsight,Origin-based,0,1,0.013249716701225503,True
31,hindsight,Origin-based,1,1,0.03190814985531448,True
31,hindsight,Origin-based,2,1,-0.26340645940547475,False
31,hindsight,Origin-based,3,1,-1.5100353688177237,False
31,hindsight,Host-based,012,3,0.7425090732879291,True
31,hindsight,Host-based,013,3,0.17188245489584408,True
31,hindsight,Host-based,023,3,-0.6578264125505157,False
31,hindsight,Host-based,123,3,-0.7965674784483969,False
31,hindsight,Host-based,01,2,0.7530405127007529,True
31,hindsight,Host-based,02,2,0.3404964111377814,True
31,hindsight,Host-based,03,2,-0.5537080329030001,False
31,hindsight,Host-based,12,2,0.23176085862074247,True
31,hindsight,Host-based,13,2,-0.6585152538605855,False
31,hindsight,Host-based,23,2,-1.8864904195239585,False
31,hindsight,Host-based,0,1,0.2996653958343295,True
31,hindsight,Host-based,1,1,0.36240215603201614,True
31,hindsight,Host-based,2,1,-0.36922934406430735,False
31,hindsight,Host-based,3,1,-2.021122169468697,False
31,hindsight,Work-proportional,012,3,0.23620144227699913,True
31,hindsight,Work-proportional,013,3,0.11811672575772891,True
31,hindsight,Work-proportional,023,3,-0.32463846934461293,False
31,hindsight,Work-proportional,123,3,-0.569682061505274,False
31,hindsight,Work-proportional,01,2,0.19296715255171415,True
31,hindsight,Work-proportional,02,2,0.16737672333276066,True
31,hindsight,Work-proportional,03,2,-0.27428581883520586,False
31,hindsight,Work-proportional,12,2,-0.047661355447058185,False
31,hindsight,Work-proportional,13,2,-0.4853955660555712,False
31,hindsight,Work-proportional,23,2,-1.3264170593749263,False
31,hindsight,Work-proportional,0,1,0.07277997889120011,True
31,hindsight,Work-proportional,1,1,0.029214212826106867,True
31,hindsight,Work-proportional,2,1,-0.31546361492619873,False
31,hindsight,Work-proportional,3,1,-1.5148145384577731,False
31,hindsight,Stand-alone proportional,012,3,-0.09692174117404662,False
31,hindsight,Stand-alone proportional,013,3,0.17957598202529856,True
31,hindsight,Stand-alone proportional,023,3,-0.15834051865589105,False
31,hindsight,Stand-alone proportional,123,3,-0.46431608501052035,False
31,hindsight,Stand-alone proportional,01,2,-0.07869677463176167,False
31,hindsight,Stand-alone proportional,02,2,0.0005514905704369077,True
31,hindsight,Stand-alone proportional,03,2,-0.046528611878914106,False
31,hindsight,Stand-alone proportional,12,2,-0.2754185624033501,False
31,hindsight,Stand-alone proportional,13,2,-0.3185703332932477,False
31,hindsight,Stand-alone proportional,23,2,-1.0547531321914505,False
31,hindsight,Stand-alone proportional,0,1,-0.032585997603553726,False
31,hindsight,Stand-alone proportional,1,1,-0.13708373786261513,False
31,hindsight,Stand-alone proportional,2,1,-0.3769228711937686,False
31,hindsight,Stand-alone proportional,3,1,-1.1816913550067276,False
31,hindsight,Shapley,012,3,-0.44834549845555965,False
31,hindsight,Shapley,013,3,0.019281123838198355,True
31,hindsight,Shapley,023,3,-0.01656107655620942,False
31,hindsight,Shapley,123,3,-0.09437691164158846,False
31,hindsight,Shapley,01,2,-0.590415390100375,False
31,hindsight,Shapley,02,2,-0.20909282461139467,False
31,hindsight,Shapley,03,2,-0.0650440279663329,False
31,hindsight,Shapley,12,2,-0.2569031463159313,False
31,hindsight,Shapley,13,2,-0.108926018111416,False
31,hindsight,Shapley,23,2,-0.5430345167228372,False
31,hindsight,Shapley,0,1,-0.4025251709724856,False
31,hindsight,Shapley,1,1,-0.2788631799622966,False
31,hindsight,Shapley,2,1,-0.21662801300666834,False
31,hindsight,Shapley,3,1,-0.8302675977252145,False
31,hindsight,Dual (Theorem 3),012,3,-0.21763167791196908,False
31,hindsight,Dual (Theorem 3),013,3,-0.02893465411930818,False
31,hindsight,Dual (Theorem 3),023,3,-0.15431140409549804,False
31,hindsight,Dual (Theorem 3),123,3,-0.13912462668836456,False
31,hindsight,Dual (Theorem 3),01,2,-0.4079173475142975,False
31,hindsight,Dual (Theorem 3),02,2,-0.11612933160709898,False
31,hindsight,Dual (Theorem 3),03,2,-0.2510101334631344,False
31,hindsight,Dual (Theorem 3),12,2,-0.07093704081912333,False
31,hindsight,Dual (Theorem 3),13,2,-0.2018895111157053,False
31,hindsight,Dual (Theorem 3),23,2,-0.7255325593089084,False
31,hindsight,Dual (Theorem 3),0,1,-0.357777455925703,False
31,hindsight,Dual (Theorem 3),1,1,-0.1411128524230017,False
31,hindsight,Dual (Theorem 3),2,1,-0.16841223504915526,False
31,hindsight,Dual (Theorem 3),3,1,-1.0609814182687987,False
31,emissions-only,Shapley,012,3,-0.4483454984555535,False
31,emissions-only,Shapley,013,3,0.01928112383820102,True
31,emissions-only,Shapley,023,3,-0.016561076556209864,False
31,emissions-only,Shapley,123,3,-0.09437691164158646,False
31,emissions-only,Shapley,01,2,-0.590415390100373,False
31,emissions-only,Shapley,02,2,-0.20909282461139128,False
31,emissions-only,Shapley,03,2,-0.06504402796632924,False
31,emissions-only,Shapley,12,2,-0.25690314631592925,False
31,emissions-only,Shapley,13,2,-0.108926018111416,False
31,emissions-only,Shapley,23,2,-0.5430345167228308,False
31,emissions-only,Shapley,0,1,-0.4025251709724844,False
31,emissions-only,Shapley,1,1,-0.27886317996229554,False
31,emissions-only,Shapley,2,1,-0.21662801300666812,False
31,emissions-only,Shapley,3,1,-0.8302675977252101,False
31,emissions-only,Dual (Theorem 3),012,3,-0.21763167791196458,False
31,emissions-only,Dual (Theorem 3),013,3,-0.02893465411930707,False
31,emissions-only,Dual (Theorem 3),023,3,-0.1543114040954976,False
31,emissions-only,Dual (Theorem 3),123,3,-0.1391246266883608,False
31,emissions-only,Dual (Theorem 3),01,2,-0.4079173475142985,False
31,emissions-only,Dual (Theorem 3),02,2,-0.11612933160709638,False
31,emissions-only,Dual (Theorem 3),03,2,-0.2510101334631313,False
31,emissions-only,Dual (Theorem 3),12,2,-0.07093704081912089,False
31,emissions-only,Dual (Theorem 3),13,2,-0.20188951111570463,False
31,emissions-only,Dual (Theorem 3),23,2,-0.7255325593088988,False
31,emissions-only,Dual (Theorem 3),0,1,-0.35777745592570387,False
31,emissions-only,Dual (Theorem 3),1,1,-0.14111285242300148,False
31,emissions-only,Dual (Theorem 3),2,1,-0.16841223504915376,False
31,emissions-only,Dual (Theorem 3),3,1,-1.0609814182687927,False
31,online,Origin-based,012,3,0.2640654371055613,True
31,online,Origin-based,013,3,0.11823158891271202,True
31,online,Origin-based,023,3,-0.35874047131944975,False
31,online,Origin-based,123,3,-0.5359313375163652,False
31,online,Origin-based,01,2,0.13721291835040283,True
31,online,Origin-based,02,2,0.20123096829228337,True
31,online,Origin-based,03,2,-0.4229600425360276,False
31,online,Origin-based,12,2,0.026887857564823925,True
31,online,Origin-based,13,2,-0.5212765639787758,False
31,online,Origin-based,23,2,-1.3347025781736286,False
31,online,Origin-based,0,1,0.004308218157594412,True
31,online,Origin-based,1,1,0.030871525006690326,True
31,online,Origin-based,2,1,-0.2952679836229983,False
31,online,Origin-based,3,1,-1.543612556668093,False
31,online,Host-based,012,3,0.8010141448001724,True
31,online,Host-based,013,3,0.23971340518814255,True
31,online,Host-based,023,3,-0.7350117610815652,False
31,online,Host-based,123,3,-0.8180905717242921,False
31,online,Host-based,01,2,0.7956434423204448,True
31,online,Host-based,02,2,0.3619083862247793,True
31,online,Host-based,03,2,-0.6777495160227125,False
31,online,Host-based,12,2,0.2816773310515085,True
31,online,Host-based,13,2,-0.6819539819112719,False
31,online,Host-based,23,2,-1.993133102143671,False
31,online,Host-based,0,1,0.28646745236552107,True
31,online,Host-based,1,1,0.4071428147688057,True
31,online,Host-based,2,1,-0.4167497998984291,False
31,online,Host-based,3,1,-2.0805612643627045,False
31,online,Work-proportional,012,3,0.28178038498943325,True
31,online,Work-proportional,013,3,0.1914238010302446,True
31,online,Work-proportional,023,3,-0.36994474739106575,False
31,online,Work-proportional,123,3,-0.6156342214461523,False
31,online,Work-proportional,01,2,0.2281200783518071,True
31,online,Work-proportional,02,2,0.20774164010453877,True
31,online,Work-proportional,03,2,-0.3609721064901117,False
31,online,Work-proportional,12,2,-0.035100078481091646,False
31,online,Work-proportional,13,2,-0.5277872357910307,False
31,online,Work-proportional,23,2,-1.4256097381750323,False
31,online,Work-proportional,0,1,0.08401110208738201,True
31,online,Work-proportional,1,1,0.042075801078306996,True
31,online,Work-proportional,2,1,-0.36846019574053057,False
31,online,Work-proportional,3,1,-1.5613275045519646,False
31,online,Stand-alone proportional,012,3,-0.0772607656897436,False
31,online,Stand-alone proportional,013,3,0.2413099218686391,True
31,online,Stand-alone proportional,023,3,-0.18089743978295703,False
31,online,Stand-alone proportional,123,3,-0.4955264992134798,False
31,online,Stand-alone proportional,01,2,-0.08103495148897491,False
31,online,Stand-alone proportional,02,2,0.037747797033470976,True
31,online,Stand-alone proportional,03,2,-0.12203867804360802,False
31,online,Stand-alone proportional,12,2,-0.2740335069275956,False
31,online,Stand-alone proportional,13,2,-0.35779339271996324,False
31,online,Stand-alone proportional,23,2,-1.1164547083342509,False
31,online,Stand-alone proportional,0,1,-0.036096620145290914,False
31,online,Stand-alone proportional,1,1,-0.14697150652980207,False
31,online,Stand-alone proportional,2,1,-0.4183463165789254,False
31,online,Stand-alone proportional,3,1,-1.2022863538727881,False
31,online,Shapley,012,3,-0.4512393037012131,False
31,online,Shapley,013,3,0.06304556058057076,True
31,online,Shapley,023,3,-0.02132131598881193,False
31,online,Shapley,123,3,-0.1028597237080866,False
31,online,Shapley,01,2,-0.6332778507885131,False
31,online,Shapley,02,2,-0.17665461718385367,False
31,online,Shapley,03,2,-0.14072691553753147,False
31,online,Shapley,12,2,-0.255345269433672,False
31,online,Shapley,13,2,-0.14339097850263838,False
31,online,Shapley,23,2,-0.5642118090347124,False
31,online,Shapley,0,1,-0.4287633956506841,False
31,online,Shapley,1,1,-0.306547630323947,False
31,online,Shapley,2,1,-0.24008195529085685,False
31,online,Shapley,3,1,-0.8283078158613184,False
31,online,Dual (Theorem 3),012,3,-0.1720527351995348,False
31,online,Dual (Theorem 3),013,3,0.044372421153207386,True
31,online,Dual (Theorem 3),023,3,-0.19961768214195108,False
31,online,Dual (Theorem 3),123,3,-0.1850767866292431,False
31,online,Dual (Theorem 3),01,2,-0.37276442171420454,False
31,online,Dual (Theorem 3),02,2,-0.07576441483532081,False
31,online,Dual (Theorem 3),03,2,-0.3376964211180403,False
31,online,Dual (Theorem 3),12,2,-0.05837576385315668,False
31,online,Dual (Theorem 3),13,2,-0.2442811808511649,False
31,online,Dual (Theorem 3),23,2,-0.8247252381090147,False
31,online,Dual (Theorem 3),0,1,-0.34654633272952107,False
31,online,Dual (Theorem 3),1,1,-0.12825126417080154,False
31,online,Dual (Theorem 3),2,1,-0.22140881586348704,False
31,online,Dual (Theorem 3),3,1,-1.1074943843629903,False
32,hindsight,Origin-based,012,3,0.3922683596226615,True
32,hindsight,Origin-based,013,3,0.06909174600939827,True
32,hindsight,Origin-based,023,3,-0.5415197076044462,False
32,hindsight,Origin-based,123,3,-0.8042966441154329,False
32,hindsight,Origin-based,01,2,0.2030087432131033,True
32,hindsight,Origin-based,02,2,0.25581808310470955,True
32,hindsight,Origin-based,03,2,-0.5955407982544665,False
32,hindsight,Origin-based,12,2,0.08455250270817949,True
32,hindsight,Origin-based,13,2,-0.8407603071087406,False
32,hindsight,Origin-based,23,2,-1.8540470955678825,False
32,hindsight,Origin-based,0,1,0.0184184785008209,True
32,hindsight,Origin-based,1,1,0.050783577472294894,True
32,hindsight,Origin-based,2,1,-0.2410871437944413,False
32,hindsight,Origin-based,3,1,-2.2397053100592044,False
32,hindsight,Host-based,012,3,1.1819729005513655,True
32,hindsight,Host-based,013,3,0.1972720009468787,True
32,hindsight,Host-based,023,3,-1.069440275649562,False
32,hindsight,Host-based,123,3,-1.1942608719365018,False
32,hindsight,Host-based,01,2,1.1208935390792878,True
32,hindsight,Host-based,02,2,0.5176020559882978,True
32,hindsight,Host-based,03,2,-0.9952811113621017,False
32,hindsight,Host-based,12,2,0.4842928158158146,True
32,hindsight,Host-based,13,2,-1.102544279992329,False
32,hindsight,Host-based,23,2,-2.771931891434067,False
32,hindsight,Host-based,0,1,0.40838270632188967,True
32,hindsight,Host-based,1,1,0.5787041455174106,True
32,hindsight,Host-based,2,1,-0.3692673987319218,False
32,hindsight,Host-based,3,1,-3.0294098509879084,False
32,hindsight,Work-proportional,012,3,0.393349035775175,True
32,hindsight,Work-proportional,013,3,0.1717894956583732,True
32,hindsight,Work-proportional,023,3,-0.5612151134733545,False
32,hindsight,Work-proportional,123,3,-0.8883796640479971,False
32,hindsight,Work-proportional,01,2,0.3067871690145864,True
32,hindsight,Work-proportional,02,2,0.23720335338830933,True
32,hindsight,Work-proportional,03,2,-0.5125384544744052,False
32,hindsight,Work-proportional,12,2,0.0015501589281234907,True
32,hindsight,Work-proportional,13,2,-0.822145577392335,False
32,hindsight,Work-proportional,23,2,-1.9578255213693603,False
32,hindsight,Work-proportional,0,1,0.10250149843339042,True
32,hindsight,Work-proportional,1,1,0.07047898334120856,True
32,hindsight,Work-proportional,2,1,-0.343784893443411,False
32,hindsight,Work-proportional,3,1,-2.2407859862117125,False
32,hindsight,Stand-alone proportional,012,3,-0.1279779172473272,False
32,hindsight,Stand-alone proportional,013,3,0.2927106304320164,True
32,hindsight,Stand-alone proportional,023,3,-0.30724235101143726,False
32,hindsight,Stand-alone proportional,123,3,-0.7419466082610544,False
32,hindsight,Stand-alone proportional,01,2,-0.09361864923427282,False
32,hindsight,Stand-alone proportional,02,2,-0.030150837172275735,False
32,hindsight,Stand-alone proportional,03,2,-0.13764455723884494,False
32,hindsight,Stand-alone proportional,12,2,-0.3733437383074364,False
32,hindsight,Stand-alone proportional,13,2,-0.5547913868317498,False
32,hindsight,Stand-alone proportional,23,2,-1.5574197031205008,False
32,hindsight,Stand-alone proportional,0,1,-0.04393155735355188,False
32,hindsight,Stand-alone proportional,1,1,-0.18349377912070844,False
32,hindsight,Stand-alone proportional,2,1,-0.4647060282170538,False
32,hindsight,Stand-alone proportional,3,1,-1.7194590331892101,False
32,hindsight,Shapley,012,3,-0.6772723117849874,False
32,hindsight,Shapley,013,3,0.0695946164237744,True
32,hindsight,Shapley,023,3,-0.08010987080195386,False
32,hindsight,Shapley,123,3,-0.196668679924636,False
32,hindsight,Shapley,01,2,-0.866029057780175,False
32,hindsight,Shapley,02,2,-0.3523127515004526,False
32,hindsight,Shapley,03,2,-0.13362809103760376,False
32,hindsight,Shapley,12,2,-0.3773602045086778,False
32,hindsight,Shapley,13,2,-0.23262947250357313,False
32,hindsight,Shapley,23,2,-0.7850092945745986,False
32,hindsight,Shapley,0,1,-0.5892094856899707,False
32,hindsight,Shapley,1,1,-0.4106262593301918,False
32,hindsight,Shapley,2,1,-0.24159001420881188,False
32,hindsight,Shapley,3,1,-1.17016463865155,False
32,hindsight,Dual (Theorem 3),012,3,-0.4814642981185454,False
32,hindsight,Dual (Theorem 3),013,3,-0.05446088420281714,False
32,hindsight,Dual (Theorem 3),023,3,-0.17300464483767364,False
32,hindsight,Dual (Theorem 3),123,3,-0.17552641892878373,False
32,hindsight,Dual (Theorem 3),01,2,-0.7942765447403188,False
32,hindsight,Dual (Theorem 3),02,2,-0.24939951186972464,False
32,hindsight,Dual (Theorem 3),03,2,-0.3505783656999093,False
32,hindsight,Dual (Theorem 3),12,2,-0.16040992984637792,False
32,hindsight,Dual (Theorem 3),13,2,-0.33554271213430664,False
32,hindsight,Dual (Theorem 3),23,2,-0.8567618076144603,False
32,hindsight,Dual (Theorem 3),0,1,-0.6103517466858286,False
32,hindsight,Dual (Theorem 3),1,1,-0.3177314852944778,False
32,hindsight,Dual (Theorem 3),2,1,-0.117534513582226,False
32,hindsight,Dual (Theorem 3),3,1,-1.3659726523179976,False
32,emissions-only,Shapley,012,3,-0.6772723117849908,False
32,emissions-only,Shapley,013,3,0.06959461642377374,True
32,emissions-only,Shapley,023,3,-0.08010987080195742,False
32,emissions-only,Shapley,123,3,-0.19666867992464798,False
32,emissions-only,Shapley,01,2,-0.8660290577801775,False
32,emissions-only,Shapley,02,2,-0.35231275150045754,False
32,emissions-only,Shapley,03,2,-0.1336280910376142,False
32,emissions-only,Shapley,12,2,-0.3773602045086778,False
32,emissions-only,Shapley,13,2,-0.23262947250357469,False
32,emissions-only,Shapley,23,2,-0.7850092945745888,False
32,emissions-only,Shapley,0,1,-0.5892094856899739,False
32,emissions-only,Shapley,1,1,-0.41062625933019326,False
32,emissions-only,Shapley,2,1,-0.24159001420881487,False
32,emissions-only,Shapley,3,1,-1.1701646386515523,False
32,emissions-only,Dual (Theorem 3),012,3,-0.4814642981185452,False
32,emissions-only,Dual (Theorem 3),013,3,-0.054460884202817805,False
32,emissions-only,Dual (Theorem 3),023,3,-0.1730046448376772,False
32,emissions-only,Dual (Theorem 3),123,3,-0.17552641892879928,False
32,emissions-only,Dual (Theorem 3),01,2,-0.7942765447403177,False
32,emissions-only,Dual (Theorem 3),02,2,-0.2493995118697257,False
32,emissions-only,Dual (Theorem 3),03,2,-0.3505783656999193,False
32,emissions-only,Dual (Theorem 3),12,2,-0.16040992984637814,False
32,emissions-only,Dual (Theorem 3),13,2,-0.3355427121343122,False
32,emissions-only,Dual (Theorem 3),23,2,-0.8567618076144541,False
32,emissions-only,Dual (Theorem 3),0,1,-0.6103517466858279,False
32,emissions-only,Dual (Theorem 3),1,1,-0.31773148529447937,False
32,emissions-only,Dual (Theorem 3),2,1,-0.117534513582229,False
32,emissions-only,Dual (Theorem 3),3,1,-1.3659726523180036,False
32,online,Origin-based,012,3,0.45046600449514873,True
32,online,Origin-based,013,3,0.0711191308556125,True
32,online,Origin-based,023,3,-0.5273979573431513,False
32,online,Origin-based,123,3,-0.7858000326035044,False
32,online,Origin-based,01,2,0.2080358516227665,True
32,online,Origin-based,02,2,0.2557349157935186,True
32,online,Origin-based,03,2,-0.7144382623464818,False
32,online,Origin-based,12,2,0.10293993826261616,True
32,online,Origin-based,13,2,-0.9367947389389604,False
32,online,Origin-based,23,2,-1.8727071232091512,False
32,online,Origin-based,0,1,-0.0009514111899167066,False
32,online,Origin-based,1,1,0.06444998300054172,True
32,online,Origin-based,2,1,-0.23402349898067265,False
32,online,Origin-based,3,1,-2.283604541774471,False
32,online,Host-based,012,3,1.2770741301457638,True
32,online,Host-based,013,3,0.16049415916852583,True
32,online,Host-based,023,3,-1.0596910807212327,False
32,online,Host-based,123,3,-1.1694900631889518,False
32,online,Host-based,01,2,1.1240190055862949,True
32,online,Host-based,02,2,0.5500499180660522,True
32,online,Host-based,03,2,-1.1573563574116499,False
32,online,Host-based,12,2,0.545858033327784,True
32,online,Host-based,13,2,-1.2311097412114942,False
32,online,Host-based,23,2,-2.78869027717268,False
32,online,Host-based,0,1,0.38273861939553033,True
32,online,Host-based,1,1,0.596743106378623,True
32,online,Host-based,2,1,-0.3233985272935861,False
32,online,Host-based,3,1,-3.1102126674250865,False
32,online,Work-proportional,012,3,0.4664625192289038,True
32,online,Work-proportional,013,3,0.19308522414158635,True
32,online,Work-proportional,023,3,-0.5591960952154857,False
32,online,Work-proportional,123,3,-0.8919645027508984,False
32,online,Work-proportional,01,2,0.3459984596424953,True
32,online,Work-proportional,02,2,0.239933292654939,True
32,online,Work-proportional,03,2,-0.6242703069328426,False
32,online,Work-proportional,12,2,0.012771982848977181,True
32,online,Work-proportional,13,2,-0.9209931158003806,False
32,online,Work-proportional,23,2,-2.0106697312288797,False
32,online,Work-proportional,0,1,0.10521305895747743,True
32,online,Work-proportional,1,1,0.09624812087287637,True
32,online,Work-proportional,2,1,-0.3559895922666464,False
32,online,Work-proportional,3,1,-2.299601056508226,False
32,online,Stand-alone proportional,012,3,-0.10412336574042003,False
32,online,Stand-alone proportional,013,3,0.32019759537746095,True
32,online,Stand-alone proportional,023,3,-0.27376554426420086,False
32,online,Stand-alone proportional,123,3,-0.7339215399687347,False
32,online,Stand-alone proportional,01,2,-0.097475054090954,False
32,online,Stand-alone proportional,02,2,-0.0452220413630996,False
32,online,Stand-alone proportional,03,2,-0.21172738474568287,False
32,online,Stand-alone proportional,12,2,-0.39977093933818275,False
32,online,Stand-alone proportional,13,2,-0.635837781782342,False
32,online,Stand-alone proportional,23,2,-1.5671962174954306,False
32,online,Stand-alone proportional,0,1,-0.05282990382468661,False
32,online,Stand-alone proportional,1,1,-0.1891824300784089,False
32,online,Stand-alone proportional,2,1,-0.48310196350252094,False
32,online,Stand-alone proportional,3,1,-1.7290151715389024,False
32,online,Shapley,012,3,-0.6632353622467969,False
32,online,Shapley,013,3,0.1020450454817079,True
32,online,Shapley,023,3,-0.04943963264049023,False
32,online,Shapley,123,3,-0.1809829051903149,False
32,online,Shapley,01,2,-0.874739600493084,False
32,online,Shapley,02,2,-0.3800081262457661,False
32,online,Shapley,03,2,-0.20555402301772552,False
32,online,Shapley,12,2,-0.40594430106614,False
32,online,Shapley,13,2,-0.3010516968996755,False
32,online,Shapley,23,2,-0.7899316710933006,False
32,online,Shapley,0,1,-0.6057685386031062,False
32,online,Shapley,1,1,-0.41350834170211936,False
32,online,Shapley,2,1,-0.2649494136067678,False
32,online,Shapley,3,1,-1.1699031750325255,False
32,online,Dual (Theorem 3),012,3,-0.4083508146648166,False
32,online,Dual (Theorem 3),013,3,-0.03316515571960399,False
32,online,Dual (Theorem 3),023,3,-0.17098562657980487,False
32,online,Dual (Theorem 3),123,3,-0.17911125763168512,False
32,online,Dual (Theorem 3),01,2,-0.7550652541124101,False
32,online,Dual (Theorem 3),02,2,-0.24666957260309508,False
32,online,Dual (Theorem 3),03,2,-0.4623102181583467,False
32,online,Dual (Theorem 3),12,2,-0.14918810592552423,False
32,online,Dual (Theorem 3),13,2,-0.4343902505423518,False
32,online,Dual (Theorem 3),23,2,-0.9096060174739797,False
32,online,Dual (Theorem 3),0,1,-0.6076401861617416,False
32,online,Dual (Theorem 3),1,1,-0.29196234776281,False
32,online,Dual (Theorem 3),2,1,-0.12973921240546138,False
32,online,Dual (Theorem 3),3,1,-1.4247877226145111,False
33,hindsight,Origin-based,012,3,0.2600059786907551,True
33,hindsight,Origin-based,013,3,0.029146163320118434,True
33,hindsight,Origin-based,023,3,-0.28478735382618525,False
33,hindsight,Origin-based,123,3,-0.4924115789591692,False
33,hindsight,Origin-based,01,2,0.1576569020126553,True
33,hindsight,Origin-based,02,2,0.18789240448916078,True
33,hindsight,Origin-based,03,2,-0.4554623480133232,False
33,hindsight,Origin-based,12,2,0.02753038958602827,True
33,hindsight,Origin-based,13,2,-0.5689371834753979,False
33,hindsight,Origin-based,23,2,-1.1196135801348817,False
33,hindsight,Origin-based,0,1,0.0099823719242296,True
33,hindsight,Origin-based,1,1,0.007715081000585988,True
33,hindsight,Origin-based,2,1,-0.11420854380532303,False
33,hindsight,Origin-based,3,1,-1.6859495536563034,False
33,hindsight,Host-based,012,3,0.7292218137528468,True
33,hindsight,Host-based,013,3,0.022078777669573224,True
33,hindsight,Host-based,023,3,-0.5744783715221625,False
33,hindsight,Host-based,123,3,-0.6648690106747379,False
33,hindsight,Host-based,01,2,0.6198053514242016,True
33,hindsight,Host-based,02,2,0.36741722185527503,True
33,hindsight,Host-based,03,2,-0.7522207513598458,False
33,hindsight,Host-based,12,2,0.324288792932551,True
33,hindsight,Host-based,13,2,-0.748462000841512,False
33,hindsight,Host-based,23,2,-1.5817620295464279,False
33,hindsight,Host-based,0,1,0.1824398036397985,True
33,hindsight,Host-based,1,1,0.2974060986965634,True
33,hindsight,Host-based,2,1,-0.1071411581547777,False
33,hindsight,Host-based,3,1,-2.155165388718395,False
33,hindsight,Work-proportional,012,3,0.2491781969582953,True
33,hindsight,Work-proportional,013,3,0.07756824807791596,True
33,hindsight,Work-proportional,023,3,-0.2611221476251685,False
33,hindsight,Work-proportional,123,3,-0.5536710881855371,False
33,hindsight,Work-proportional,01,2,0.19525120503799753,True
33,hindsight,Work-proportional,02,2,0.2007298289577223,True
33,hindsight,Work-proportional,03,2,-0.3833750570545045,False
33,hindsight,Work-proportional,12,2,-0.04455690137279511,False
33,hindsight,Work-proportional,13,2,-0.5817746079439641,False
33,hindsight,Work-proportional,23,2,-1.1572078831602286,False
33,hindsight,Work-proportional,0,1,0.07124188115059314,True
33,hindsight,Work-proportional,1,1,-0.015950125200435344,False
33,hindsight,Work-proportional,2,1,-0.1626306285631251,False
33,hindsight,Work-proportional,3,1,-1.6751217719238483,False
33,hindsight,Stand-alone proportional,012,3,-0.09247116057001864,False
33,hindsight,Stand-alone proportional,013,3,0.19668699510655308,True
33,hindsight,Stand-alone proportional,023,3,-0.13343368665980804,False
33,hindsight,Stand-alone proportional,123,3,-0.4588289386512212,False
33,hindsight,Stand-alone proportional,01,2,-0.027279405461679174,False
33,hindsight,Stand-alone proportional,02,2,-0.013231067605231017,False
33,hindsight,Stand-alone proportional,03,2,-0.13656784906050667,False
33,hindsight,Stand-alone proportional,12,2,-0.2913641093667929,False
33,hindsight,Stand-alone proportional,13,2,-0.3678137113810108,False
33,hindsight,Stand-alone proportional,23,2,-0.9346772726605519,False
33,hindsight,Stand-alone proportional,0,1,-0.023600268383722943,False
33,hindsight,Stand-alone proportional,1,1,-0.14363858616579595,False
33,hindsight,Stand-alone proportional,2,1,-0.2817493755917623,False
33,hindsight,Stand-alone proportional,3,1,-1.3334724143955343,False
33,hindsight,Shapley,012,3,-0.49053577825402755,False
33,hindsight,Shapley,013,3,0.0861084023765264,True
33,hindsight,Shapley,023,3,0.004200748244789887,True
33,hindsight,Shapley,123,3,-0.08782016314178342,False
33,hindsight,Shapley,01,2,-0.5359226158757148,False
33,hindsight,Shapley,02,2,-0.27366125038464195,False
33,hindsight,Shapley,03,2,-0.10951200688593543,False
33,hindsight,Shapley,12,2,-0.31841995154136415,False
33,hindsight,Shapley,13,2,-0.10738352860159983,False
33,hindsight,Shapley,23,2,-0.4260340622465162,False
33,hindsight,Shapley,0,1,-0.3946090438931606,False
33,hindsight,Shapley,1,1,-0.28127302107039387,False
33,hindsight,Shapley,2,1,-0.1711707828617356,False
33,hindsight,Shapley,3,1,-0.9354077967115255,False
33,hindsight,Dual (Theorem 3),012,3,-0.23791002654182036,False
33,hindsight,Dual (Theorem 3),013,3,-0.02336112486132358,False
33,hindsight,Dual (Theorem 3),023,3,-0.12010484475764471,False
33,hindsight,Dual (Theorem 3),123,3,-0.10667079461369156,False
33,hindsight,Dual (Theorem 3),01,2,-0.3927663914013624,False
33,hindsight,Dual (Theorem 3),02,2,-0.14534109167487436,False
33,hindsight,Dual (Theorem 3),03,2,-0.343287127126225,False
33,hindsight,Dual (Theorem 3),12,2,-0.08464483130106976,False
33,hindsight,Dual (Theorem 3),13,2,-0.2357036873113627,False
33,hindsight,Dual (Theorem 3),23,2,-0.5691902867208638,False
33,hindsight,Dual (Theorem 3),0,1,-0.3757584124212478,False
33,hindsight,Dual (Theorem 3),1,1,-0.1569674280679543,False
33,hindsight,Dual (Theorem 3),2,1,-0.06170125562388079,False
33,hindsight,Dual (Theorem 3),3,1,-1.1880335484237279,False
33,emissions-only,Shapley,012,3,-0.4905357782540238,False
33,emissions-only,Shapley,013,3,0.0861084023765274,True
33,emissions-only,Shapley,023,3,0.004200748244791219,True
33,emissions-only,Shapley,123,3,-0.08782016314177943,False
33,emissions-only,Shapley,01,2,-0.5359226158757113,False
33,emissions-only,Shapley,02,2,-0.27366125038463857,False
33,emissions-only,Shapley,03,2,-0.10951200688593499,False
33,emissions-only,Shapley,12,2,-0.3184199515413636,False
33,emissions-only,Shapley,13,2,-0.10738352860160005,False
33,emissions-only,Shapley,23,2,-0.42603406224651197,False
33,emissions-only,Shapley,0,1,-0.3946090438931574,False
33,emissions-only,Shapley,1,1,-0.28127302107039165,False
33,emissions-only,Shapley,2,1,-0.17117078286173598,False
33,emissions-only,Shapley,3,1,-0.9354077967115204,False
33,emissions-only,Dual (Theorem 3),012,3,-0.23791002654181953,False
33,emissions-only,Dual (Theorem 3),013,3,-0.023361124861324467,False
33,emissions-only,Dual (Theorem 3),023,3,-0.1201048447576436,False
33,emissions-only,Dual (Theorem 3),123,3,-0.10667079461368356,False
33,emissions-only,Dual (Theorem 3),01,2,-0.3927663914013635,False
33,emissions-only,Dual (Theorem 3),02,2,-0.1453410916748737,False
33,emissions-only,Dual (Theorem 3),03,2,-0.3432871271262262,False
33,emissions-only,Dual (Theorem 3),12,2,-0.08464483130106781,False
33,emissions-only,Dual (Theorem 3),13,2,-0.2357036873113605,False
33,emissions-only,Dual (Theorem 3),23,2,-0.5691902867208551,False
33,emissions-only,Dual (Theorem 3),0,1,-0.3757584124212489,False
33,emissions-only,Dual (Theorem 3),1,1,-0.15696742806795227,False
33,emissions-only,Dual (Theorem 3),2,1,-0.06170125562387957,False
33,emissions-only,Dual (Theorem 3),3,1,-1.18803354842372,False
33,online,Origin-based,012,3,0.2661723628884657,True
33,online,Origin-based,013,3,0.09349468884847956,True
33,online,Origin-based,023,3,-0.2801414237642066,False
33,online,Origin-based,123,3,-0.49135796456169545,False
33,online,Origin-based,01,2,0.15889824993709,True
33,online,Origin-based,02,2,0.1908406000189263,True
33,online,Origin-based,03,2,-0.5193122012175155,False
33,online,Origin-based,12,2,0.026721296677191808,True
33,online,Origin-based,13,2,-0.591603940548666,False
33,online,Origin-based,23,2,-1.1829560506686605,False
33,online,Origin-based,0,1,-0.0003242385740522963,False
33,online,Origin-based,1,1,0.008205216026995032,True
33,online,Origin-based,2,1,-0.14408581635216972,False
33,online,Origin-based,3,1,-1.7354314658092451,False
33,online,Host-based,012,3,0.7541838363939339,True
33,online,Host-based,013,3,0.07269933297922182,True
33,online,Host-based,023,3,-0.5826319389717078,False
33,online,Host-based,123,3,-0.6560835669904044,False
33,online,Host-based,01,2,0.6261143675733003,True
33,online,Host-based,02,2,0.3763615583168932,True
33,online,Host-based,03,2,-0.8425980722942745,False
33,online,Host-based,12,2,0.3500071677539508,True
33,online,Host-based,13,2,-0.7771248988466329,False
33,online,Host-based,23,2,-1.650172168304871,False
33,online,Host-based,0,1,0.1644013638546568,True
33,online,Host-based,1,1,0.3106957312344963,True
33,online,Host-based,2,1,-0.12329046048291192,False
33,online,Host-based,3,1,-2.223442939314713,False
33,online,Work-proportional,012,3,0.285443210641697,True
33,online,Work-proportional,013,3,0.13372572762352064,True
33,online,Work-proportional,023,3,-0.26315651994932465,False
33,online,Work-proportional,123,3,-0.5678447549048491,False
33,online,Work-proportional,01,2,0.21840013646536205,True
33,online,Work-proportional,02,2,0.2270963515870393,True
33,online,Work-proportional,03,2,-0.46209625862759274,False
33,online,Work-proportional,12,2,-0.030494645912730767,False
33,online,Work-proportional,13,2,-0.6278596921167788,False
33,online,Work-proportional,23,2,-1.2424579371969322,False
33,online,Work-proportional,0,1,0.07616255176910147,True
33,online,Work-proportional,1,1,-0.00877968778788668,False
33,online,Work-proportional,2,1,-0.18431685512721047,False
33,online,Work-proportional,3,1,-1.754702313562476,False
33,online,Stand-alone proportional,012,3,-0.09003169670405164,False
33,online,Stand-alone proportional,013,3,0.25962548690446563,True
33,online,Stand-alone proportional,023,3,-0.1188633353080728,False
33,online,Stand-alone proportional,123,3,-0.4625627914812973,False
33,online,Stand-alone proportional,01,2,-0.031175011599441416,False
33,online,Stand-alone proportional,02,2,-0.00408537111745752,False
33,online,Stand-alone proportional,03,2,-0.1919033147053958,False
33,online,Stand-alone proportional,12,2,-0.3006875898349277,False
33,online,Stand-alone proportional,13,2,-0.39667796941228195,False
33,online,Stand-alone proportional,23,2,-0.9928827891321288,False
33,online,Stand-alone proportional,0,1,-0.029119411654450193,False
33,online,Stand-alone proportional,1,1,-0.1530728724291385,False
33,online,Stand-alone proportional,2,1,-0.3102166144081556,False
33,online,Stand-alone proportional,3,1,-1.3792274062167276,False
33,online,Shapley,012,3,-0.5019062775898155,False
33,online,Shapley,013,3,0.13483682927960206,True
33,online,Shapley,023,3,0.02974472500389247,True
33,online,Shapley,123,3,-0.074507613282635,False
33,online,Shapley,01,2,-0.5678382501100689,False
33,online,Shapley,02,2,-0.26735189169125606,False
33,online,Shapley,03,2,-0.1680839120182942,False
33,online,Shapley,12,2,-0.3245069925220293,False
33,online,Shapley,13,2,-0.13341144883848344,False
33,online,Shapley,23,2,-0.4562195506215012,False
33,online,Shapley,0,1,-0.41717458985311245,False
33,online,Shapley,1,1,-0.30168093274110386,False
33,online,Shapley,2,1,-0.18542795678329194,False
33,online,Shapley,3,1,-0.9673528253309636,False
33,online,Dual (Theorem 3),012,3,-0.20164501285841863,False
33,online,Dual (Theorem 3),013,3,0.03279635468428099,True
33,online,Dual (Theorem 3),023,3,-0.12213921708180098,False
33,online,Dual (Theorem 3),123,3,-0.1208444613330033,False
33,online,Dual (Theorem 3),01,2,-0.3696174599739978,False
33,online,Dual (Theorem 3),02,2,-0.11897456904555734,False
33,online,Dual (Theorem 3),03,2,-0.4220083286993135,False
33,online,Dual (Theorem 3),12,2,-0.07058257584100536,False
33,online,Dual (Theorem 3),13,2,-0.2817887714841776,False
33,online,Dual (Theorem 3),23,2,-0.6544403407575676,False
33,online,Dual (Theorem 3),0,1,-0.37083774180273943,False
33,online,Dual (Theorem 3),1,1,-0.14979699065540564,False
33,online,Dual (Theorem 3),2,1,-0.08338748218796621,False
33,online,Dual (Theorem 3),3,1,-1.2676140900623558,False
34,hindsight,Origin-based,012,3,0.4525529563227805,True
34,hindsight,Origin-based,013,3,0.32177340598758697,True
34,hindsight,Origin-based,023,3,-1.0466368036950973,False
34,hindsight,Origin-based,123,3,-1.1164933229951184,False
34,hindsight,Origin-based,01,2,0.2164141802625247,True
34,hindsight,Origin-based,02,2,0.14433158447958827,True
34,hindsight,Origin-based,03,2,-0.5541205421431523,False
34,hindsight,Origin-based,12,2,0.04625394406475358,True
34,hindsight,Origin-based,13,2,-0.6312196337811813,False
34,hindsight,Origin-based,23,2,-2.8875222599163246,False
34,hindsight,Origin-based,0,1,0.024446690209511707,True
34,hindsight,Origin-based,1,1,0.07000454901575981,True
34,hindsight,Origin-based,2,1,-0.889363711553334,False
34,hindsight,Origin-based,3,1,-2.689121358850133,False
34,hindsight,Host-based,012,3,1.1173961315170855,True
34,hindsight,Host-based,013,3,0.619635933666695,True
34,hindsight,Host-based,023,3,-1.6397971832837208,False
34,hindsight,Host-based,123,3,-1.4860386462799071,False
34,hindsight,Host-based,01,2,1.1791198831359375,True
34,hindsight,Host-based,02,2,0.2160143800852694,True
34,hindsight,Host-based,03,2,-0.8494183940526678,False
34,hindsight,Host-based,12,2,0.34155179597426955,True
34,hindsight,Host-based,13,2,-0.7029024293868622,False
34,hindsight,Host-based,23,2,-3.850227962789737,False
34,hindsight,Host-based,0,1,0.3939920134943007,True
34,hindsight,Host-based,1,1,0.6631649286043836,True
34,hindsight,Host-based,2,1,-1.187226239232442,False
34,hindsight,Host-based,3,1,-3.3539645340444375,False
34,hindsight,Work-proportional,012,3,0.4882462570703977,True
34,hindsight,Work-proportional,013,3,0.4375969534806994,True
34,hindsight,Work-proportional,023,3,-1.0884134816561022,False
34,hindsight,Work-proportional,123,3,-1.226233493274835,False
34,hindsight,Work-proportional,01,2,0.36793102850325154,True
34,hindsight,Work-proportional,02,2,0.1382482072661977,True
34,hindsight,Work-proportional,03,2,-0.4800736726110473,False
34,hindsight,Work-proportional,12,2,-0.027792925467348684,False
34,hindsight,Work-proportional,13,2,-0.6251362565677883,False
34,hindsight,Work-proportional,23,2,-3.039039108157049,False
34,hindsight,Work-proportional,0,1,0.134186860489231,True
34,hindsight,Work-proportional,1,1,0.1117812269767674,True
34,hindsight,Work-proportional,2,1,-1.005187259046444,False
34,hindsight,Work-proportional,3,1,-2.7248146595977474,False
34,hindsight,Stand-alone proportional,012,3,0.04081444914315491,True
34,hindsight,Stand-alone proportional,013,3,0.4115333874999838,True
34,hindsight,Stand-alone proportional,023,3,-0.8015401384234049,False
34,hindsight,Stand-alone proportional,123,3,-1.039611462599575,False
34,hindsight,Stand-alone proportional,01,2,-0.10556434540470641,False
34,hindsight,Stand-alone proportional,02,2,-0.02231025742834747,False
34,hindsight,Stand-alone proportional,03,2,-0.21926389535906554,False
34,hindsight,Stand-alone proportional,12,2,-0.28860270271933075,False
34,hindsight,Stand-alone proportional,13,2,-0.4645777918732432,False
34,hindsight,Stand-alone proportional,23,2,-2.5655437342490908,False
34,hindsight,Stand-alone proportional,0,1,-0.05243517018602954,False
34,hindsight,Stand-alone proportional,1,1,-0.17509211625593007,False
34,hindsight,Stand-alone proportional,2,1,-0.9791236930657286,False
34,hindsight,Stand-alone proportional,3,1,-2.277382851670505,False
34,hindsight,Shapley,012,3,-0.7933911552222864,False
34,hindsight,Shapley,013,3,-0.051337355602036894,False
34,hindsight,Shapley,023,3,-0.2557572048811152,False
34,hindsight,Shapley,123,3,-0.28831804867440125,False
34,hindsight,Shapley,01,2,-1.4026406928721689,False
34,hindsight,Shapley,02,2,-0.31073292825149945,False
34,hindsight,Shapley,03,2,-0.13635170491879678,False
34,hindsight,Shapley,12,2,-0.3715148931595992,False
34,hindsight,Shapley,13,2,-0.17615512105009112,False
34,hindsight,Shapley,23,2,-1.2684673867816283,False
34,hindsight,Shapley,0,1,-0.8037285841112026,False
34,hindsight,Shapley,1,1,-0.7208750497982196,False
34,hindsight,Shapley,2,1,-0.5162529499637074,False
34,hindsight,Shapley,3,1,-1.443177247305063,False
34,hindsight,Dual (Theorem 3),012,3,-0.5428049365336735,False
34,hindsight,Dual (Theorem 3),013,3,-0.1887835255622874,False
34,hindsight,Dual (Theorem 3),023,3,-0.35973835732772796,False
34,hindsight,Dual (Theorem 3),123,3,-0.29747694495615606,False
34,hindsight,Dual (Theorem 3),01,2,-1.2895006441438048,False
34,hindsight,Dual (Theorem 3),02,2,-0.16412786200949758,False
34,hindsight,Dual (Theorem 3),03,2,-0.3777790273256585,False
34,hindsight,Dual (Theorem 3),12,2,-0.13008757075273913,False
34,hindsight,Dual (Theorem 3),13,2,-0.32276018729209444,False
34,hindsight,Dual (Theorem 3),23,2,-1.3816074355099937,False
34,hindsight,Dual (Theorem 3),0,1,-0.7945696878294497,False
34,hindsight,Dual (Theorem 3),1,1,-0.6168938973516085,False
34,hindsight,Dual (Theorem 3),2,1,-0.37880678000345847,False
34,hindsight,Dual (Theorem 3),3,1,-1.6937634659936776,False
34,emissions-only,Shapley,012,3,-0.7933911552222865,False
34,emissions-only,Shapley,013,3,-0.05133735560204222,False
34,emissions-only,Shapley,023,3,-0.2557572048811205,False
34,emissions-only,Shapley,123,3,-0.288318048674403,False
34,emissions-only,Shapley,01,2,-1.4026406928721693,False
34,emissions-only,Shapley,02,2,-0.31073292825149723,False
34,emissions-only,Shapley,03,2,-0.1363517049187999,False
34,emissions-only,Shapley,12,2,-0.3715148931596014,False
34,emissions-only,Shapley,13,2,-0.17615512105009312,False
34,emissions-only,Shapley,23,2,-1.2684673867816332,False
34,emissions-only,Shapley,0,1,-0.8037285841112014,False
34,emissions-only,Shapley,1,1,-0.7208750497982205,False
34,emissions-only,Shapley,2,1,-0.5162529499637081,False
34,emissions-only,Shapley,3,1,-1.4431772473050555,False
34,emissions-only,Dual (Theorem 3),012,3,-0.5428049365336742,False
34,emissions-only,Dual (Theorem 3),013,3,-0.18878352556229028,False
34,emissions-only,Dual (Theorem 3),023,3,-0.3597383573277355,False
34,emissions-only,Dual (Theorem 3),123,3,-0.29747694495615695,False
34,emissions-only,Dual (Theorem 3),01,2,-1.2895006441438035,False
34,emissions-only,Dual (Theorem 3),02,2,-0.16412786200949825,False
34,emissions-only,Dual (Theorem 3),03,2,-0.3777790273256614,False
34,emissions-only,Dual (Theorem 3),12,2,-0.1300875707527417,False
34,emissions-only,Dual (Theorem 3),13,2,-0.32276018729209355,False
34,emissions-only,Dual (Theorem 3),23,2,-1.3816074355100003,False
34,emissions-only,Dual (Theorem 3),0,1,-0.7945696878294489,False
34,emissions-only,Dual (Theorem 3),1,1,-0.6168938973516073,False
34,emissions-only,Dual (Theorem 3),2,1,-0.3788067800034616,False
34,emissions-only,Dual (Theorem 3),3,1,-1.6937634659936693,False
34,online,Origin-based,012,3,0.4974956748848012,True
34,online,Origin-based,013,3,0.46756720739867563,True
34,online,Origin-based,023,3,-1.067591200852613,False
34,online,Origin-based,123,3,-1.1256148921357148,False
34,online,Origin-based,01,2,0.22868998598206175,True
34,online,Origin-based,02,2,0.05571327518073477,True
34,online,Origin-based,03,2,-0.674480466078393,False
34,online,Origin-based,12,2,0.002762297352413956,True
34,online,Origin-based,13,2,-0.7073285822076216,False
34,online,Origin-based,23,2,-2.8794815314023854,False
34,online,Origin-based,0,1,0.0157388966551925,True
34,online,Origin-based,1,1,0.0848225605588781,True
34,online,Origin-based,2,1,-0.910685766193993,False
34,online,Origin-based,3,1,-2.725387802787803,False
34,online,Host-based,012,3,1.2318088616677823,True
34,online,Host-based,013,3,0.6589451990789494,True
34,online,Host-based,023,3,-1.637387137763805,False
34,online,Host-based,123,3,-1.4815101336877765,False
34,online,Host-based,01,2,1.1543811644453161,True
34,online,Host-based,02,2,0.22023052505252338,True
34,online,Host-based,03,2,-1.0528984113093114,False
34,online,Host-based,12,2,0.38118024258333283,True
34,online,Host-based,13,2,-0.8718458320794098,False
34,online,Host-based,23,2,-3.805172709865639,False
34,online,Host-based,0,1,0.3716341382072545,True
34,online,Host-based,1,1,0.6546184974700703,True
34,online,Host-based,2,1,-1.1020637578742662,False
34,online,Host-based,3,1,-3.4597009895707833,False
34,online,Work-proportional,012,3,0.582969434618523,True
34,online,Work-proportional,013,3,0.58106558547078,True
34,online,Work-proportional,023,3,-1.131043678761002,False
34,online,Work-proportional,123,3,-1.2611345520331536,False
34,online,Work-proportional,01,2,0.42766212378788854,True
34,online,Work-proportional,02,2,0.0777345570060679,True
34,online,Work-proportional,03,2,-0.624434565914677,False
34,online,Work-proportional,12,2,-0.047283602811302394,False
34,online,Work-proportional,13,2,-0.729349864032955,False
34,online,Work-proportional,23,2,-3.078453669208213,False
34,online,Work-proportional,0,1,0.15125855655263054,True
34,online,Work-proportional,1,1,0.14827503846726686,True
34,online,Work-proportional,2,1,-1.024184144266098,False
34,online,Work-proportional,3,1,-2.810861562521525,False
34,online,Stand-alone proportional,012,3,0.07513060473100885,True
34,online,Stand-alone proportional,013,3,0.550876971911898,True
34,online,Stand-alone proportional,023,3,-0.8031892396169451,False
34,online,Stand-alone proportional,123,3,-1.0509615477308145,False
34,online,Stand-alone proportional,01,2,-0.11036531965850765,False
34,online,Stand-alone proportional,02,2,-0.10224983373738905,False
34,online,Stand-alone proportional,03,2,-0.32676874032950187,False
34,online,Stand-alone proportional,12,2,-0.3449494283964776,False
34,online,Stand-alone proportional,13,2,-0.5493654732894981,False
34,online,Stand-alone proportional,23,2,-2.5404262257618164,False
34,online,Stand-alone proportional,0,1,-0.05891444774970841,False
34,online,Stand-alone proportional,1,1,-0.1795794006767904,False
34,online,Stand-alone proportional,2,1,-0.9939955307072159,False
34,online,Stand-alone proportional,3,1,-2.3030227326340107,False
34,online,Shapley,012,3,-0.7635560874344618,False
34,online,Shapley,013,3,0.0614397165759184,True
34,online,Shapley,023,3,-0.2393081700079689,False
34,online,Shapley,123,3,-0.2867186698383404,False
34,online,Shapley,01,2,-1.438489267159958,False
34,online,Shapley,02,2,-0.3770554562938835,False
34,online,Shapley,03,2,-0.25232492605650525,False
34,online,Shapley,12,2,-0.419393242669474,False
34,online,Shapley,13,2,-0.2745598507330036,False
34,online,Shapley,23,2,-1.212302278260366,False
34,online,Shapley,0,1,-0.8231573256421826,False
34,online,Shapley,1,1,-0.7434604702857667,False
34,online,Shapley,2,1,-0.5045582753712361,False
34,online,Shapley,3,1,-1.46433604046854,False
34,online,Dual (Theorem 3),012,3,-0.44808175898554814,False
34,online,Dual (Theorem 3),013,3,-0.04531489357220675,False
34,online,Dual (Theorem 3),023,3,-0.40236855443262787,False
34,online,Dual (Theorem 3),123,3,-0.3323780037144739,False
34,online,Dual (Theorem 3),01,2,-1.229769548859168,False
34,online,Dual (Theorem 3),02,2,-0.22464151226962747,False
34,online,Dual (Theorem 3),03,2,-0.522139920629288,False
34,online,Dual (Theorem 3),12,2,-0.14957824809669273,False
34,online,Dual (Theorem 3),13,2,-0.42697379475726116,False
34,online,Dual (Theorem 3),23,2,-1.4210219965611577,False
34,online,Dual (Theorem 3),0,1,-0.7774979917660502,False
34,online,Dual (Theorem 3),1,1,-0.5804000858611091,False
34,online,Dual (Theorem 3),2,1,-0.3978036652231125,False
34,online,Dual (Theorem 3),3,1,-1.7798103689174551,False
35,hindsight,Origin-based,012,3,0.811232972118025,True
35,hindsight,Origin-based,013,3,0.4590099755875252,True
35,hindsight,Origin-based,023,3,-1.2627527044391407,False
35,hindsight,Origin-based,123,3,-1.528229213173442,False
35,hindsight,Origin-based,01,2,0.360195178109389,True
35,hindsight,Origin-based,02,2,0.48562854683246537,True
35,hindsight,Origin-based,03,2,-0.5954415855827588,False
35,hindsight,Origin-based,12,2,0.17000004634487076,True
35,hindsight,Origin-based,13,2,-0.8815933514342391,False
35,hindsight,Origin-based,23,2,-3.1918590180641075,False
35,hindsight,Origin-based,0,1,0.03909765960876449,True
35,hindsight,Origin-based,1,1,0.07656683729770769,True
35,hindsight,Origin-based,2,1,-0.9821832407333337,False
35,hindsight,Origin-based,3,1,-2.6301930371782127,False
35,hindsight,Host-based,012,3,1.7229227352425438,True
35,hindsight,Host-based,013,3,0.7282198942462192,True
35,hindsight,Host-based,023,3,-2.0047719079799937,False
35,hindsight,Host-based,123,3,-1.967109691415803,False
35,hindsight,Host-based,01,2,1.5410948598926022,True
35,hindsight,Host-based,02,2,0.6552991064161314,True
35,hindsight,Host-based,03,2,-1.0682508704649172,False
35,hindsight,Host-based,12,2,0.6428093312270289,True
35,hindsight,Host-based,13,2,-1.0512639110179056,False
35,hindsight,Host-based,23,2,-4.372758699847321,False
35,hindsight,Host-based,0,1,0.4779781378511252,True
35,hindsight,Host-based,1,1,0.8185860408385603,True
35,hindsight,Host-based,2,1,-1.2513931593920282,False
35,hindsight,Host-based,3,1,-3.541882800302732,False
35,hindsight,Work-proportional,012,3,0.8262992151673,True
35,hindsight,Work-proportional,013,3,0.6846784539685189,True
35,hindsight,Work-proportional,023,3,-1.3411537504805113,False
35,hindsight,Work-proportional,123,3,-1.6905628885623267,False
35,hindsight,Work-proportional,01,2,0.6009298995396533,True
35,hindsight,Work-proportional,02,2,0.4222937438403652,True
35,hindsight,Work-proportional,03,2,-0.44817415324314025,False
35,hindsight,Work-proportional,12,2,0.022732614005256613,True
35,hindsight,Work-proportional,13,2,-0.8182585484421345,False
35,hindsight,Work-proportional,23,2,-3.4325937394943673,False
35,hindsight,Work-proportional,0,1,0.20143133499765362,True
35,hindsight,Work-proportional,1,1,0.154967883339083,True
35,hindsight,Work-proportional,2,1,-1.207851719114323,False
35,hindsight,Work-proportional,3,1,-2.6452592802274832,False
35,hindsight,Stand-alone proportional,012,3,0.2910659043650953,True
35,hindsight,Stand-alone proportional,013,3,0.5260770421465215,True
35,hindsight,Stand-alone proportional,023,3,-0.9273323813849901,False
35,hindsight,Stand-alone proportional,123,3,-1.4105495350336463,False
35,hindsight,Stand-alone proportional,01,2,-0.09290482308454884,False
35,hindsight,Stand-alone proportional,02,2,0.30088180213368176,True
35,hindsight,Stand-alone proportional,03,2,-0.19295419596961638,False
35,hindsight,Stand-alone proportional,12,2,-0.23248734326826748,False
35,hindsight,Stand-alone proportional,13,2,-0.6968466067354511,False
35,hindsight,Stand-alone proportional,23,2,-2.738759016870165,False
35,hindsight,Stand-alone proportional,0,1,-0.07858201853102713,False
35,hindsight,Stand-alone proportional,1,1,-0.2588534857564385,False
35,hindsight,Stand-alone proportional,2,1,-1.0492503072923256,False
35,hindsight,Stand-alone proportional,3,1,-2.1100259694252785,False
35,hindsight,Shapley,012,3,-0.6449711072532,False
35,hindsight,Shapley,013,3,0.024994082240482385,True
35,hindsight,Shapley,023,3,-0.4057922954491491,False
35,hindsight,Shapley,123,3,-0.4949696494451521,False
35,hindsight,Shapley,01,2,-1.5300247946088834,False
35,hindsight,Shapley,02,2,-0.11361512354877257,False
35,hindsight,Shapley,03,2,-0.17249706993981473,False
35,hindsight,Shapley,12,2,-0.2529444692980687,False
35,hindsight,Shapley,13,2,-0.2823496810529966,False
35,hindsight,Shapley,23,2,-1.30163904534583,False
35,hindsight,Shapley,0,1,-0.9941619041195209,False
35,hindsight,Shapley,1,1,-0.7803935716922792,False
35,hindsight,Shapley,2,1,-0.5481673473862863,False
35,hindsight,Shapley,3,1,-1.173988957806983,False
35,hindsight,Dual (Theorem 3),012,3,-0.9234675912519011,False
35,hindsight,Dual (Theorem 3),013,3,-0.15186680311574619,False
35,hindsight,Dual (Theorem 3),023,3,-0.2572508591356941,False
35,hindsight,Dual (Theorem 3),123,3,-0.18815371640369172,False
35,hindsight,Dual (Theorem 3),01,2,-1.9853821639638083,False
35,hindsight,Dual (Theorem 3),02,2,-0.2435701712340138,False
35,hindsight,Dual (Theorem 3),03,2,-0.20081651898258324,False
35,hindsight,Dual (Theorem 3),12,2,-0.22462502025530484,False
35,hindsight,Dual (Theorem 3),13,2,-0.15239463336776016,False
35,hindsight,Dual (Theorem 3),23,2,-0.8462816759909106,False
35,hindsight,Dual (Theorem 3),0,1,-1.300977837160986,False
35,hindsight,Dual (Theorem 3),1,1,-0.928935008005739,False
35,hindsight,Dual (Theorem 3),2,1,-0.37130646203006257,False
35,hindsight,Dual (Theorem 3),3,1,-0.8954924738082868,False
35,emissions-only,Shapley,012,3,-0.6449711072532015,False
35,emissions-only,Shapley,013,3,0.024994082240483495,True
35,emissions-only,Shapley,023,3,-0.4057922954491455,False
35,emissions-only,Shapley,123,3,-0.4949696494451503,False
35,emissions-only,Shapley,01,2,-1.5300247946088845,False
35,emissions-only,Shapley,02,2,-0.1136151235487759,False
35,emissions-only,Shapley,03,2,-0.1724970699398094,False
35,emissions-only,Shapley,12,2,-0.2529444692980689,False
35,emissions-only,Shapley,13,2,-0.28234968105299174,False
35,emissions-only,Shapley,23,2,-1.3016390453458353,False
35,emissions-only,Shapley,0,1,-0.9941619041195223,False
35,emissions-only,Shapley,1,1,-0.7803935716922802,False
35,emissions-only,Shapley,2,1,-0.5481673473862843,False
35,emissions-only,Shapley,3,1,-1.1739889578069906,False
35,emissions-only,Dual (Theorem 3),012,3,-0.9234675912519011,False
35,emissions-only,Dual (Theorem 3),013,3,-0.15186680311574396,False
35,emissions-only,Dual (Theorem 3),023,3,-0.2572508591356897,False
35,emissions-only,Dual (Theorem 3),123,3,-0.18815371640369083,False
35,emissions-only,Dual (Theorem 3),01,2,-1.9853821639638074,False
35,emissions-only,Dual (Theorem 3),02,2,-0.2435701712340156,False
35,emissions-only,Dual (Theorem 3),03,2,-0.20081651898257702,False
35,emissions-only,Dual (Theorem 3),12,2,-0.22462502025530573,False
35,emissions-only,Dual (Theorem 3),13,2,-0.15239463336775616,False
35,emissions-only,Dual (Theorem 3),23,2,-0.8462816759909169,False
35,emissions-only,Dual (Theorem 3),0,1,-1.3009778371609853,False
35,emissions-only,Dual (Theorem 3),1,1,-0.9289350080057404,False
35,emissions-only,Dual (Theorem 3),2,1,-0.371306462030061,False
35,emissions-only,Dual (Theorem 3),3,1,-0.8954924738082952,False
35,online,Origin-based,012,3,0.7816806128721683,True
35,online,Origin-based,013,3,0.6006677336148207,True
35,online,Origin-based,023,3,-1.2709942271257484,False
35,online,Origin-based,123,3,-1.577002096342949,False
35,online,Origin-based,01,2,0.37157021621522396,True
35,online,Origin-based,02,2,0.37829649430505996,True
35,online,Origin-based,03,2,-0.6363516717855866,False
35,online,Origin-based,12,2,0.03260976521984338,True
35,online,Origin-based,13,2,-0.8973906198318806,False
35,online,Origin-based,23,2,-3.1851706619037143,False
35,online,Origin-based,0,1,0.030045522239038003,True
35,online,Origin-based,1,1,0.07341579628031702,True
35,online,Origin-based,2,1,-1.0512398253485502,False
35,online,Origin-based,3,1,-2.628397083993457,False
35,online,Host-based,012,3,1.637542838030516,True
35,online,Host-based,013,3,0.894254630677904,True
35,online,Host-based,023,3,-1.9999560831689216,False
35,online,Host-based,123,3,-1.9974893625212036,False
35,online,Host-based,01,2,1.521019338436654,True
35,online,Host-based,02,2,0.5051968634202335,True
35,online,Host-based,03,2,-1.071726630765677,False
35,online,Host-based,12,2,0.4679847241999353,True
35,online,Host-based,13,2,-1.0242909889470528,False
35,online,Host-based,23,2,-4.3346197841251435,False
35,online,Host-based,0,1,0.45053278841729394,True
35,online,Host-based,1,1,0.8023776523234911,True
35,online,Host-based,2,1,-1.3448267224116326,False
35,online,Host-based,3,1,-3.484259309151804,False
35,online,Work-proportional,012,3,0.8993458363205642,True
35,online,Work-proportional,013,3,0.769489532338669,True
35,online,Work-proportional,023,3,-1.3757201949028914,False
35,online,Work-proportional,123,3,-1.7587631507380506,False
35,online,Work-proportional,01,2,0.6580572383874681,True
35,online,Work-proportional,02,2,0.3912357499763133,True
35,online,Work-proportional,03,2,-0.5722558408388807,False
35,online,Work-proportional,12,2,-0.03148606572686252,False
35,online,Work-proportional,13,2,-0.9103298755031344,False
35,online,Work-proportional,23,2,-3.471657684075958,False
35,online,Work-proportional,0,1,0.2118065766341397,True
35,online,Work-proportional,1,1,0.1781417640574593,True
35,online,Work-proportional,2,1,-1.2200616240723985,False
35,online,Work-proportional,3,1,-2.7460623074418535,False
35,online,Stand-alone proportional,012,3,0.3127397497878852,True
35,online,Stand-alone proportional,013,3,0.6091476794704345,True
35,online,Stand-alone proportional,023,3,-0.9280112034637709,False
35,online,Stand-alone proportional,123,3,-1.459524202776259,False
35,online,Stand-alone proportional,01,2,-0.08889070101344504,False
35,online,Stand-alone proportional,02,2,0.2523386548827551,True
35,online,Stand-alone proportional,03,2,-0.28488870226799445,False
35,online,Stand-alone proportional,12,2,-0.3188532042977492,False
35,online,Stand-alone proportional,13,2,-0.7714327804095764,False
35,online,Stand-alone proportional,23,2,-2.7247097446750455,False
35,online,Stand-alone proportional,0,1,-0.08743237132765261,False
35,online,Stand-alone proportional,1,1,-0.2695672273816614,False
35,online,Stand-alone proportional,2,1,-1.0597197712041644,False
35,online,Stand-alone proportional,3,1,-2.1594562209091746,False
35,online,Shapley,012,3,-0.6375837707014038,False
35,online,Shapley,013,3,0.0915681545323952,True
35,online,Shapley,023,3,-0.4011456514213627,False
35,online,Shapley,123,3,-0.518486709391337,False
35,online,Shapley,01,2,-1.5567937464407737,False
35,online,Shapley,02,2,-0.17111931356412624,False
35,online,Shapley,03,2,-0.2756026751636256,False
35,online,Shapley,12,2,-0.3281392314021174,False
35,online,Shapley,13,2,-0.34797481196269464,False
35,online,Shapley,23,2,-1.2568066992477167,False
35,online,Shapley,0,1,-1.0284698647125736,False
35,online,Shapley,1,1,-0.7964327794240692,False
35,online,Shapley,2,1,-0.5421402462661247,False
35,online,Shapley,3,1,-1.209132700419885,False
35,online,Dual (Theorem 3),012,3,-0.8504209700986369,False
35,online,Dual (Theorem 3),013,3,-0.06705572474559651,False
35,online,Dual (Theorem 3),023,3,-0.2918173035580738,False
35,online,Dual (Theorem 3),123,3,-0.25635397857941644,False
35,online,Dual (Theorem 3),01,2,-1.9282548251159934,False
35,online,Dual (Theorem 3),02,2,-0.27462816509806576,False
35,online,Dual (Theorem 3),03,2,-0.3248982065783239,False
35,online,Dual (Theorem 3),12,2,-0.2788436999874244,False
35,online,Dual (Theorem 3),13,2,-0.24446596042876,False
35,online,Dual (Theorem 3),23,2,-0.8853456205725019,False
35,online,Dual (Theorem 3),0,1,-1.2906025955244997,False
35,online,Dual (Theorem 3),1,1,-0.9057611272873628,False
35,online,Dual (Theorem 3),2,1,-0.38351636698813807,False
35,online,Dual (Theorem 3),3,1,-0.9962955010226571,False
36,hindsight,Origin-based,012,3,0.5499924514218617,True
36,hindsight,Origin-based,013,3,0.35392676417676194,True
36,hindsight,Origin-based,023,3,-0.6101212161698195,False
36,hindsight,Origin-based,123,3,-1.2818558300906058,False
36,hindsight,Origin-based,01,2,0.4196251565696297,True
36,hindsight,Origin-based,02,2,0.2967679892454166,True
36,hindsight,Origin-based,03,2,-0.24447331071679113,False
36,hindsight,Origin-based,12,2,-0.19435513742150468,False
36,hindsight,Origin-based,13,2,-0.8228633547968176,False
36,hindsight,Origin-based,23,2,-2.320230874115305,False
36,hindsight,Origin-based,0,1,0.003383146165775598,True
36,hindsight,Origin-based,1,1,0.0788542616759027,True
36,hindsight,Origin-based,2,1,-0.8682731739638307,False
36,hindsight,Origin-based,3,1,-2.006996331307304,False
36,hindsight,Host-based,012,3,0.9382727643958038,True
36,hindsight,Host-based,013,3,0.5607178197462405,True
36,hindsight,Host-based,023,3,-1.0547923719887755,False
36,hindsight,Host-based,123,3,-1.4322560428150704,False
36,hindsight,Host-based,01,2,1.0146965251130504,True
36,hindsight,Host-based,02,2,0.24037714640040264,True
36,hindsight,Host-based,03,2,-0.48235341096626855,False
36,hindsight,Host-based,12,2,0.0435249628279728,True
36,hindsight,Host-based,13,2,-0.7664725119518037,False
36,hindsight,Host-based,23,2,-2.9153022426587256,False
36,hindsight,Host-based,0,1,0.1537833588902402,True
36,hindsight,Host-based,1,1,0.5235254174948587,True
36,hindsight,Host-based,2,1,-1.0750642295333093,False
36,hindsight,Host-based,3,1,-2.3952766442812456,False
36,hindsight,Work-proportional,012,3,0.5132144747540277,True
36,hindsight,Work-proportional,013,3,0.40038434077988516,True
36,hindsight,Work-proportional,023,3,-0.4818065662206761,False
36,hindsight,Work-proportional,123,3,-1.419850079975041,False
36,hindsight,Work-proportional,01,2,0.42930475650491984,True
36,hindsight,Work-proportional,02,2,0.3883046625267269,True
36,hindsight,Work-proportional,03,2,-0.06970108416452347,False
36,hindsight,Work-proportional,12,2,-0.3691273639737732,False
36,hindsight,Work-proportional,13,2,-0.9144000280781288,False
36,hindsight,Work-proportional,23,2,-2.329910474050596,False
36,hindsight,Work-proportional,0,1,0.14137739605021016,True
36,hindsight,Work-proportional,1,1,-0.04946038827324167,False
36,hindsight,Work-proportional,2,1,-0.9147307505669549,False
36,hindsight,Work-proportional,3,1,-1.9702183546394707,False
36,hindsight,Stand-alone proportional,012,3,0.21933760829941262,True
36,hindsight,Stand-alone proportional,013,3,0.34383031117055773,True
36,hindsight,Stand-alone proportional,023,3,-0.2821628529492717,False
36,hindsight,Stand-alone proportional,123,3,-1.269062897182504,False
36,hindsight,Stand-alone proportional,01,2,0.07887386044097765,True
36,hindsight,Stand-alone proportional,02,2,0.29407150934351656,True
36,hindsight,Stand-alone proportional,03,2,0.07338859949755361,True
36,hindsight,Stand-alone proportional,12,2,-0.5122170476358507,False
36,hindsight,Stand-alone proportional,13,2,-0.8201668748949189,False
36,hindsight,Stand-alone proportional,23,2,-1.9794795779866545,False
36,hindsight,Stand-alone proportional,0,1,-0.009409786742327415,False
36,hindsight,Stand-alone proportional,1,1,-0.24910410154464635,False
36,hindsight,Stand-alone proportional,2,1,-0.8581767209576278,False
36,hindsight,Stand-alone proportional,3,1,-1.676341488184856,False
36,hindsight,Shapley,012,3,-0.47772308292576104,False
36,hindsight,Shapley,013,3,-0.03390090241841637,False
36,hindsight,Shapley,023,3,-0.09085296299577617,False
36,hindsight,Shapley,123,3,-0.3855808823218516,False
36,hindsight,Shapley,01,2,-0.9959180443731702,False
36,hindsight,Shapley,02,2,-0.2116792919281617,False
36,hindsight,Shapley,03,2,-0.11303272413792498,False
36,hindsight,Shapley,12,2,-0.32579572400037193,False
36,hindsight,Shapley,13,2,-0.3144160736232404,False
36,hindsight,Shapley,23,2,-0.9046876731725066,False
36,hindsight,Shapley,0,1,-0.8928918016029799,False
36,hindsight,Shapley,1,1,-0.4404139914981418,False
36,hindsight,Shapley,2,1,-0.48044550736865355,False
36,hindsight,Shapley,3,1,-0.9792807969596822,False
36,hindsight,Dual (Theorem 3),012,3,-0.439838742785602,False
36,hindsight,Dual (Theorem 3),013,3,-0.10289865820029953,False
36,hindsight,Dual (Theorem 3),023,3,-0.19887049567351367,False
36,hindsight,Dual (Theorem 3),123,3,-0.24644993400238757,False
36,hindsight,Dual (Theorem 3),01,2,-1.027031460014895,False
36,hindsight,Dual (Theorem 3),02,2,-0.2818124844657409,False
36,hindsight,Dual (Theorem 3),03,2,-0.2900480125975464,False
36,hindsight,Dual (Theorem 3),12,2,-0.14878043554074982,False
36,hindsight,Dual (Theorem 3),13,2,-0.24428288108566054,False
36,hindsight,Dual (Theorem 3),23,2,-0.8735742575307808,False
36,hindsight,Dual (Theorem 3),0,1,-1.032022749922443,False
36,hindsight,Dual (Theorem 3),1,1,-0.33239645882040353,False
36,hindsight,Dual (Theorem 3),2,1,-0.4114477515867696,False
36,hindsight,Dual (Theorem 3),3,1,-1.0171651370998405,False
36,emissions-only,Shapley,012,3,-0.4777230829257624,False
36,emissions-only,Shapley,013,3,-0.033900902418412704,False
36,emissions-only,Shapley,023,3,-0.09085296299577394,False
36,emissions-only,Shapley,123,3,-0.38558088232185694,False
36,emissions-only,Shapley,01,2,-0.9959180443731694,False
36,emissions-only,Shapley,02,2,-0.2116792919281624,False
36,emissions-only,Shapley,03,2,-0.11303272413793042,False
36,emissions-only,Shapley,12,2,-0.32579572400036727,False
36,emissions-only,Shapley,13,2,-0.314416073623244,False
36,emissions-only,Shapley,23,2,-0.9046876731725035,False
36,emissions-only,Shapley,0,1,-0.8928918016029814,False
36,emissions-only,Shapley,1,1,-0.4404139914981398,False
36,emissions-only,Shapley,2,1,-0.48044550736865277,False
36,emissions-only,Shapley,3,1,-0.9792807969596795,False
36,emissions-only,Dual (Theorem 3),012,3,-0.439838742785604,False
36,emissions-only,Dual (Theorem 3),013,3,-0.10289865820029664,False
36,emissions-only,Dual (Theorem 3),023,3,-0.19887049567351012,False
36,emissions-only,Dual (Theorem 3),123,3,-0.2464499340023929,False
36,emissions-only,Dual (Theorem 3),01,2,-1.0270314600148958,False
36,emissions-only,Dual (Theorem 3),02,2,-0.2818124844657408,False
36,emissions-only,Dual (Theorem 3),03,2,-0.2900480125975512,False
36,emissions-only,Dual (Theorem 3),12,2,-0.14878043554074583,False
36,emissions-only,Dual (Theorem 3),13,2,-0.24428288108566498,False
36,emissions-only,Dual (Theorem 3),23,2,-0.8735742575307763,False
36,emissions-only,Dual (Theorem 3),0,1,-1.0320227499224446,False
36,emissions-only,Dual (Theorem 3),1,1,-0.332396458820403,False
36,emissions-only,Dual (Theorem 3),2,1,-0.41144775158676805,False
36,emissions-only,Dual (Theorem 3),3,1,-1.0171651370998371,False
36,online,Origin-based,012,3,0.5749583881465617,True
36,online,Origin-based,013,3,0.4038998589050681,True
36,online,Origin-based,023,3,-0.596884070804909,False
36,online,Origin-based,123,3,-1.2070752911682487,False
36,online,Origin-based,01,2,0.449823925310012,True
36,online,Origin-based,02,2,0.304269748436874,True
36,online,Origin-based,03,2,-0.256569377569851,False
36,online,Origin-based,12,2,-0.20326293271690687,False
36,online,Origin-based,13,2,-0.8154945825364579,False
36,online,Origin-based,23,2,-2.2744200613877705,False
36,online,Origin-based,0,1,-0.0002976464813513012,False
36,online,Origin-based,1,1,0.09181071793552792,True
36,online,Origin-based,2,1,-0.8991435764576867,False
36,online,Origin-based,3,1,-1.9895477180218224,False
36,online,Host-based,012,3,0.8802715592636693,True
36,online,Host-based,013,3,0.6635998508342443,True
36,online,Host-based,023,3,-1.0201595122766363,False
36,online,Host-based,123,3,-1.3488130127428044,False
36,online,Host-based,01,2,1.0148370883562954,True
36,online,Host-based,02,2,0.18630747808225406,True
36,online,Host-based,03,2,-0.4201448271124022,False
36,online,Host-based,12,2,-0.03968748317435544,False
36,online,Host-based,13,2,-0.6975323121818378,False
36,online,Host-based,23,2,-2.8394332244340537,False
36,online,Host-based,0,1,0.14144007509320472,True
36,online,Host-based,1,1,0.5150861594072553,True
36,online,Host-based,2,1,-1.1588435683868628,False
36,online,Host-based,3,1,-2.29486088913893,False
36,online,Work-proportional,012,3,0.5689734860717209,True
36,online,Work-proportional,013,3,0.44618895592062724,True
36,online,Work-proportional,023,3,-0.4736976253087011,False
36,online,Work-proportional,123,3,-1.3665659316051748,False
36,online,Work-proportional,01,2,0.4861281202507302,True
36,online,Work-proportional,02,2,0.421471291858241,True
36,online,Work-proportional,03,2,-0.091093835058084,False
36,online,Work-proportional,12,2,-0.368738475228674,False
36,online,Work-proportional,13,2,-0.9326961259578253,False
36,online,Work-proportional,23,2,-2.3107242563284887,False
36,online,Work-proportional,0,1,0.15919299395557485,True
36,online,Work-proportional,1,1,-0.03137572756068008,False
36,online,Work-proportional,2,1,-0.9414326734732459,False
36,online,Work-proportional,3,1,-1.9835628159469816,False
36,online,Stand-alone proportional,012,3,0.24677246815966292,True
36,online,Stand-alone proportional,013,3,0.3747273362241289,True
36,online,Stand-alone proportional,023,3,-0.250322669851599,False
36,online,Stand-alone proportional,123,3,-1.1962782494537203,False
36,online,Stand-alone proportional,01,2,0.09246548264217393,True
36,online,Stand-alone proportional,02,2,0.32264522940328505,True
36,online,Stand-alone proportional,03,2,0.060819500702519846,True
36,online,Stand-alone proportional,12,2,-0.5206518109892776,False
36,online,Stand-alone proportional,13,2,-0.8338700635028691,False
36,online,Stand-alone proportional,23,2,-1.9170616187199323,False
36,online,Stand-alone proportional,0,1,-0.011094688195879478,False
36,online,Stand-alone proportional,1,1,-0.25475068301778203,False
36,online,Stand-alone proportional,2,1,-0.8699710537767475,False
36,online,Stand-alone proportional,3,1,-1.6613617980349236,False
36,online,Shapley,012,3,-0.4403134517779208,False
36,online,Shapley,013,3,0.004627371886841369,True
36,online,Shapley,023,3,-0.0648305405013303,False
36,online,Shapley,123,3,-0.3245844945291183,False
36,online,Shapley,01,2,-0.9647204016326972,False
36,online,Shapley,02,2,-0.17894856118402974,False
36,online,Shapley,03,2,-0.12378833428449876,False
36,online,Shapley,12,2,-0.3360439760022592,False
36,online,Shapley,13,2,-0.3322762729155544,False
36,online,Shapley,23,2,-0.8598757344450614,False
36,online,Shapley,0,1,-0.8827884431204817,False
36,online,Shapley,1,1,-0.4402428123680511,False
36,online,Shapley,2,1,-0.4998710894394601,False
36,online,Shapley,3,1,-0.97427587809734,False
36,online,Dual (Theorem 3),012,3,-0.38407973146790886,False
36,online,Dual (Theorem 3),013,3,-0.057094043059557564,False
36,online,Dual (Theorem 3),023,3,-0.1907615547615389,False
36,online,Dual (Theorem 3),123,3,-0.1931657856325213,False
36,online,Dual (Theorem 3),01,2,-0.9702080962690848,False
36,online,Dual (Theorem 3),02,2,-0.24864585513422693,False
36,online,Dual (Theorem 3),03,2,-0.31144076349110683,False
36,online,Dual (Theorem 3),12,2,-0.1483915467956507,False
36,online,Dual (Theorem 3),13,2,-0.26257897896535676,False
36,online,Dual (Theorem 3),23,2,-0.854388039808673,False
36,online,Dual (Theorem 3),0,1,-1.0142071520170783,False
36,online,Dual (Theorem 3),1,1,-0.3143117981078419,False
36,online,Dual (Theorem 3),2,1,-0.43814967449306064,False
36,online,Dual (Theorem 3),3,1,-1.0305095984073513,False
37,hindsight,Origin-based,012,3,0.42155497248956886,True
37,hindsight,Origin-based,013,3,0.6315943756566527,True
37,hindsight,Origin-based,023,3,-0.502824067471197,False
37,hindsight,Origin-based,123,3,-1.4254118317513726,False
37,hindsight,Origin-based,01,2,0.5334026842978753,True
37,hindsight,Origin-based,02,2,0.21342621115555316,True
37,hindsight,Origin-based,03,2,0.3602048700483933,True
37,hindsight,Origin-based,12,2,-0.5905429441826704,False
37,hindsight,Origin-based,13,2,-0.5057163525667216,False
37,hindsight,Origin-based,23,2,-2.450925870241516,False
37,hindsight,Origin-based,0,1,0.029334241363918295,True
37,hindsight,Origin-based,1,1,-0.012337499275097308,False
37,hindsight,Origin-based,2,1,-1.591871117929355,False
37,hindsight,Origin-based,3,1,-1.3268061031744383,False
37,hindsight,Host-based,012,3,1.0158115412254547,True
37,hindsight,Host-based,013,3,1.113818840209508,True
37,hindsight,Host-based,023,3,-1.1866180033747844,False
37,hindsight,Host-based,123,3,-1.8180989291365268,False
37,hindsight,Host-based,01,2,1.6098837175866163,True
37,hindsight,Host-based,02,2,0.12388884398785172,True
37,hindsight,Host-based,03,2,0.1586353986976614,True
37,hindsight,Host-based,12,2,-0.3889734728319385,False
37,hindsight,Host-based,13,2,-0.4161789853990201,False
37,hindsight,Host-based,23,2,-3.5274069035302578,False
37,hindsight,Host-based,0,1,0.4220213387490723,True
37,hindsight,Host-based,1,1,0.67145643662849,True
37,hindsight,Host-based,2,1,-2.0740955824822103,False
37,hindsight,Host-based,3,1,-1.9210626719103243,False
37,hindsight,Work-proportional,012,3,0.679478004081737,True
37,hindsight,Work-proportional,013,3,0.5035203450240657,True
37,hindsight,Work-proportional,023,3,-0.45380034506716616,False
37,hindsight,Work-proportional,123,3,-1.6042845551149947,False
37,hindsight,Work-proportional,01,2,0.6632516852574596,True
37,hindsight,Work-proportional,02,2,0.5203729651517556,True
37,hindsight,Work-proportional,03,2,0.28115456181984033,True
37,hindsight,Work-proportional,12,2,-0.5114926359541208,False
37,hindsight,Work-proportional,13,2,-0.8126631065629275,False
37,hindsight,Work-proportional,23,2,-2.580774871201104,False
37,hindsight,Work-proportional,0,1,0.20820696472753697,True
37,hindsight,Work-proportional,1,1,-0.061361221679131606,False
37,hindsight,Work-proportional,2,1,-1.4637970872967712,False
37,hindsight,Work-proportional,3,1,-1.58472913476661,False
37,hindsight,Stand-alone proportional,012,3,0.5295779814731689,True
37,hindsight,Stand-alone proportional,013,3,0.10473167987950083,True
37,hindsight,Stand-alone proportional,023,3,-0.1581520337357598,False
37,hindsight,Stand-alone proportional,123,3,-1.351244178693269,False
37,hindsight,Stand-alone proportional,01,2,0.11456299750432708,True
37,hindsight,Stand-alone proportional,02,2,0.6661212538745941,True
37,hindsight,Stand-alone proportional,03,2,0.17801420800668222,True
37,hindsight,Stand-alone proportional,12,2,-0.40835228214096286,False
37,hindsight,Stand-alone proportional,13,2,-0.9584113952857662,False
37,hindsight,Stand-alone proportional,23,2,-2.0320861834479715,False
37,hindsight,Stand-alone proportional,0,1,-0.04483341169418911,False
37,hindsight,Stand-alone proportional,1,1,-0.35700953301053806,False
37,hindsight,Stand-alone proportional,2,1,-1.0650084221522067,False
37,hindsight,Stand-alone proportional,3,1,-1.434829112158042,False
37,hindsight,Shapley,012,3,-0.22174283407276763,False
37,hindsight,Shapley,013,3,-0.2086724452978148,False
37,hindsight,Shapley,023,3,-0.060909202695442755,False
37,hindsight,Shapley,123,3,-0.3837620690103316,False
37,hindsight,Shapley,01,2,-0.9501619432189258,False
37,hindsight,Shapley,02,2,0.012043269368973819,True
37,hindsight,Shapley,03,2,-0.03814708613031703,False
37,hindsight,Shapley,12,2,-0.19219098800396273,False
37,hindsight,Shapley,13,2,-0.3043334107801452,False
37,hindsight,Shapley,23,2,-0.967361242724718,False
37,hindsight,Shapley,0,1,-1.0123155213771255,False
37,hindsight,Shapley,1,1,-0.45425236405085445,False
37,hindsight,Shapley,2,1,-0.7516042969748904,False
37,hindsight,Shapley,3,1,-0.6835082966121049,False
37,hindsight,Dual (Theorem 3),012,3,-0.24300662438347143,False
37,hindsight,Dual (Theorem 3),013,3,-0.11028290623623027,False
37,hindsight,Dual (Theorem 3),023,3,-0.22513369190624521,False
37,hindsight,Dual (Theorem 3),123,3,-0.29666332855040256,False
37,hindsight,Dual (Theorem 3),01,2,-0.8730361944680477,False
37,hindsight,Dual (Theorem 3),02,2,-0.173445010152535,False
37,hindsight,Dual (Theorem 3),03,2,-0.10398203627953762,False
37,hindsight,Dual (Theorem 3),12,2,-0.1263560378547397,False
37,hindsight,Dual (Theorem 3),13,2,-0.11884513125863405,False
37,hindsight,Dual (Theorem 3),23,2,-1.0444869914755932,False
37,hindsight,Dual (Theorem 3),0,1,-1.0994142618370526,False
37,hindsight,Dual (Theorem 3),1,1,-0.29002787484004944,False
37,hindsight,Dual (Theorem 3),2,1,-0.8499938360364723,False
37,hindsight,Dual (Theorem 3),3,1,-0.6622445063013984,False
37,emissions-only,Shapley,012,3,-0.2217428340727643,False
37,emissions-only,Shapley,013,3,-0.20867244529781792,False
37,emissions-only,Shapley,023,3,-0.06090920269544409,False
37,emissions-only,Shapley,123,3,-0.3837620690103334,False
37,emissions-only,Shapley,01,2,-0.9501619432189269,False
37,emissions-only,Shapley,02,2,0.012043269368974596,True
37,emissions-only,Shapley,03,2,-0.03814708613031326,False
37,emissions-only,Shapley,12,2,-0.1921909880039654,False
37,emissions-only,Shapley,13,2,-0.3043334107801381,False
37,emissions-only,Shapley,23,2,-0.9673612427247185,False
37,emissions-only,Shapley,0,1,-1.0123155213771262,False
37,emissions-only,Shapley,1,1,-0.45425236405085423,False
37,emissions-only,Shapley,2,1,-0.7516042969748891,False
37,emissions-only,Shapley,3,1,-0.6835082966121049,False
37,emissions-only,Dual (Theorem 3),012,3,-0.24300662438346898,False
37,emissions-only,Dual (Theorem 3),013,3,-0.11028290623623116,False
37,emissions-only,Dual (Theorem 3),023,3,-0.22513369190624744,False
37,emissions-only,Dual (Theorem 3),123,3,-0.29666332855040345,False
37,emissions-only,Dual (Theorem 3),01,2,-0.8730361944680479,False
37,emissions-only,Dual (Theorem 3),02,2,-0.17344501015253644,False
37,emissions-only,Dual (Theorem 3),03,2,-0.10398203627953295,False
37,emissions-only,Dual (Theorem 3),12,2,-0.1263560378547428,False
37,emissions-only,Dual (Theorem 3),13,2,-0.11884513125862428,False
37,emissions-only,Dual (Theorem 3),23,2,-1.044486991475594,False
37,emissions-only,Dual (Theorem 3),0,1,-1.0994142618370537,False
37,emissions-only,Dual (Theorem 3),1,1,-0.2900278748400479,False
37,emissions-only,Dual (Theorem 3),2,1,-0.8499938360364727,False
37,emissions-only,Dual (Theorem 3),3,1,-0.6622445063013971,False
37,online,Origin-based,012,3,0.42990548791008654,True
37,online,Origin-based,013,3,0.7301466163849031,True
37,online,Origin-based,023,3,-0.5702263658394067,False
37,online,Origin-based,123,3,-1.3891430527738926,False
37,online,Origin-based,01,2,0.5837321658344012,True
37,online,Origin-based,02,2,0.15861091632965918,True
37,online,Origin-based,03,2,0.3564028480409911,True
37,online,Origin-based,12,2,-0.5907253437781841,False
37,online,Origin-based,13,2,-0.3957569433354742,False
37,online,Origin-based,23,2,-2.446551305508659,False
37,online,Origin-based,0,1,0.0038712367450565027,True
37,online,Origin-based,1,1,0.051594220400914215,True
37,online,Origin-based,2,1,-1.6496468552015267,False
37,online,Origin-based,3,1,-1.280399074602785,False
37,online,Host-based,012,3,1.0295619367769295,True
37,online,Host-based,013,3,1.2663941164961763,True
37,online,Host-based,023,3,-1.3150538405061059,False
37,online,Host-based,123,3,-1.7802195270853112,False
37,online,Host-based,01,2,1.7196361148125177,True
37,online,Host-based,02,2,0.013439890529803433,True
37,online,Host-based,03,2,0.14782287348556578,True
37,online,Host-based,12,2,-0.3821453692227592,False
37,online,Host-based,13,2,-0.25058591753561865,False
37,online,Host-based,23,2,-3.582455254486776,False
37,online,Host-based,0,1,0.3949477110564744,True
37,online,Host-based,1,1,0.7964216950676127,True
37,online,Host-based,2,1,-2.1858943553128003,False
37,online,Host-based,3,1,-1.8800555234696281,False
37,online,Work-proportional,012,3,0.7104137782717355,True
37,online,Work-proportional,013,3,0.5611558965565888,True
37,online,Work-proportional,023,3,-0.477397039589996,False
37,online,Work-proportional,123,3,-1.5934899495566377,False
37,online,Work-proportional,01,2,0.6952497363677358,True
37,online,Work-proportional,02,2,0.531948532940719,True
37,online,Work-proportional,03,2,0.2802414544620879,True
37,online,Work-proportional,12,2,-0.5145639501992807,False
37,online,Work-proportional,13,2,-0.769094559946534,False
37,online,Work-proportional,23,2,-2.5580688760419936,False
37,online,Work-proportional,0,1,0.20821813352780202,True
37,online,Work-proportional,1,1,-0.041235105848496656,False
37,online,Work-proportional,2,1,-1.4806561353732124,False
37,online,Work-proportional,3,1,-1.5609073649644336,False
37,online,Stand-alone proportional,012,3,0.5614504875881041,True
37,online,Stand-alone proportional,013,3,0.13477254393258642,True
37,online,Stand-alone proportional,023,3,-0.16299084634622663,False
37,online,Stand-alone proportional,123,3,-1.3325494994927727,False
37,online,Stand-alone proportional,01,2,0.11990309306010183,True
37,online,Stand-alone proportional,02,2,0.6973914355008566,True
37,online,Stand-alone proportional,03,2,0.16826429508185448,True
37,online,Stand-alone proportional,12,2,-0.402586790819047,False
37,online,Stand-alone proportional,13,2,-0.9345374625066714,False
37,online,Stand-alone proportional,23,2,-1.9827222327343597,False
37,online,Stand-alone proportional,0,1,-0.05272231653606303,False
37,online,Stand-alone proportional,1,1,-0.35564129909226566,False
37,online,Stand-alone proportional,2,1,-1.0542727827492098,False
37,online,Stand-alone proportional,3,1,-1.411944074280802,False
37,online,Shapley,012,3,-0.18705103133161938,False
37,online,Shapley,013,3,-0.17543292790699594,False
37,online,Shapley,023,3,-0.06261528890940093,False
37,online,Shapley,123,3,-0.3742180661702932,False
37,online,Shapley,01,2,-0.9388038976992039,False
37,online,Shapley,02,2,0.04926547401795889,True
37,online,Shapley,03,2,-0.041565619320902414,False
37,online,Shapley,12,2,-0.19275687641629036,False
37,online,Shapley,13,2,-0.28641150102377333,False
37,online,Shapley,23,2,-0.924015241975054,False
37,online,Shapley,0,1,-1.011053749858543,False
37,online,Shapley,1,1,-0.4560168565290913,False
37,online,Shapley,2,1,-0.7440673109096274,False
37,online,Shapley,3,1,-0.6634425553610788,False
37,online,Dual (Theorem 3),012,3,-0.21207085019347316,False
37,online,Dual (Theorem 3),013,3,-0.05264735470370718,False
37,online,Dual (Theorem 3),023,3,-0.24873038642907508,False
37,online,Dual (Theorem 3),123,3,-0.2858687229920456,False
37,online,Dual (Theorem 3),01,2,-0.8410381433577716,False
37,online,Dual (Theorem 3),02,2,-0.1618694423635716,False
37,online,Dual (Theorem 3),03,2,-0.10489514363729024,False
37,online,Dual (Theorem 3),12,2,-0.12942735209989964,False
37,online,Dual (Theorem 3),13,2,-0.07527658464224052,False
37,online,Dual (Theorem 3),23,2,-1.0217809963164832,False
37,online,Dual (Theorem 3),0,1,-1.0994030930367875,False
37,online,Dual (Theorem 3),1,1,-0.2699017590094146,False
37,online,Dual (Theorem 3),2,1,-0.8668528841129135,False
37,online,Dual (Theorem 3),3,1,-0.6384227364992223,False
38,hindsight,Origin-based,012,3,0.5776219215600644,True
38,hindsight,Origin-based,013,3,0.47050439981413694,True
38,hindsight,Origin-based,023,3,-0.838922466377618,False
38,hindsight,Origin-based,123,3,-1.3266848370997382,False
38,hindsight,Origin-based,01,2,0.41751314284741825,True
38,hindsight,Origin-based,02,2,0.3289004200424246,True
38,hindsight,Origin-based,03,2,-0.10465412056432455,False
38,hindsight,Origin-based,12,2,-0.10833599106174807,False
38,hindsight,Origin-based,13,2,-0.5758971991412709,False
38,hindsight,Origin-based,23,2,-2.6458244329372347,False
38,hindsight,Origin-based,0,1,0.03960584437757711,True
38,hindsight,Origin-based,1,1,0.05593967353060825,True
38,hindsight,Origin-based,2,1,-1.210101137082125,False
38,hindsight,Origin-based,3,1,-1.798208085968518,False
38,hindsight,Host-based,012,3,1.3832689983498074,True
38,hindsight,Host-based,013,3,0.8467875116077104,True
38,hindsight,Host-based,023,3,-1.6577981358409035,False
38,hindsight,Host-based,123,3,-1.6897393562197687,False
38,hindsight,Host-based,01,2,1.5994433314307344,True
38,hindsight,Host-based,02,2,0.315671827368882,True
38,hindsight,Host-based,03,2,-0.5472466782340366,False
38,hindsight,Host-based,12,2,0.33425656660796466,True
38,hindsight,Host-based,13,2,-0.562668606467728,False
38,hindsight,Host-based,23,2,-3.8277546215205507,False
38,hindsight,Host-based,0,1,0.4026603634976077,True
38,hindsight,Host-based,1,1,0.874815342993894,True
38,hindsight,Host-based,2,1,-1.586384248875698,False
38,hindsight,Host-based,3,1,-2.603855162758261,False
38,hindsight,Work-proportional,012,3,0.7360692523251942,True
38,hindsight,Work-proportional,013,3,0.4985760731009554,True
38,hindsight,Work-proportional,023,3,-0.8296215549719173,False
38,hindsight,Work-proportional,123,3,-1.5225047525573396,False
38,hindsight,Work-proportional,01,2,0.6040321468993505,True
38,hindsight,Work-proportional,02,2,0.49664866221323956,True
38,hindsight,Work-proportional,03,2,-0.06728153587182084,False
38,hindsight,Work-proportional,12,2,-0.14570857575423535,False
38,hindsight,Work-proportional,13,2,-0.7436454413120699,False
38,hindsight,Work-proportional,23,2,-2.832343436989151,False
38,hindsight,Work-proportional,0,1,0.2354257598351944,True
38,hindsight,Work-proportional,1,1,0.04663876212492313,True
38,hindsight,Work-proportional,2,1,-1.2381728103689271,False
38,hindsight,Work-proportional,3,1,-1.9566554167336319,False
38,hindsight,Stand-alone proportional,012,3,0.3975963205929285,True
38,hindsight,Stand-alone proportional,013,3,0.24830131831336266,True
38,hindsight,Stand-alone proportional,023,3,-0.5256102079298368,False
38,hindsight,Stand-alone proportional,123,3,-1.2377684130795625,False
38,hindsight,Stand-alone proportional,01,2,0.01528446037949227,True
38,hindsight,Stand-alone proportional,02,2,0.46218707752305455,True
38,hindsight,Stand-alone proportional,03,2,-0.013544943617332939,False
38,hindsight,Stand-alone proportional,12,2,-0.1994451680087237,False
38,hindsight,Stand-alone proportional,13,2,-0.7091838566218853,False
38,hindsight,Stand-alone proportional,23,2,-2.243595750469293,False
38,hindsight,Stand-alone proportional,0,1,-0.04931057964258305,False
38,hindsight,Stand-alone proportional,1,1,-0.25737258491715764,False
38,hindsight,Stand-alone proportional,2,1,-0.9878980555813348,False
38,hindsight,Stand-alone proportional,3,1,-1.6181824850013664,False
38,hindsight,Shapley,012,3,-0.39508563106875316,False
38,hindsight,Shapley,013,3,-0.1202757044895284,False
38,hindsight,Shapley,023,3,-0.2114566856462945,False
38,hindsight,Shapley,123,3,-0.3906629608985317,False
38,hindsight,Shapley,01,2,-1.1459745140850806,False
38,hindsight,Shapley,02,2,-0.016341351855085007,False
38,hindsight,Shapley,03,2,-0.0679684441366819,False
38,hindsight,Shapley,12,2,-0.14502166748937473,False
38,hindsight,Shapley,13,2,-0.23065542724374577,False
38,hindsight,Shapley,23,2,-1.0823367760047202,False
38,hindsight,Shapley,0,1,-0.8964160318236136,False
38,hindsight,Shapley,1,1,-0.5715261072006996,False
38,hindsight,Shapley,2,1,-0.6193210327784437,False
38,hindsight,Shapley,3,1,-0.8255005333396848,False
38,hindsight,Dual (Theorem 3),012,3,-0.5320682788754781,False
38,hindsight,Dual (Theorem 3),013,3,-0.10320096128256662,False
38,hindsight,Dual (Theorem 3),023,3,-0.25190593021824315,False
38,hindsight,Dual (Theorem 3),123,3,-0.2303058117268666,False
38,hindsight,Dual (Theorem 3),01,2,-1.265882418684828,False
38,hindsight,Dual (Theorem 3),02,2,-0.19377324423374276,False
38,hindsight,Dual (Theorem 3),03,2,-0.091342945501653,False
38,hindsight,Dual (Theorem 3),12,2,-0.12164716612441917,False
38,hindsight,Dual (Theorem 3),13,2,-0.05322353486510378,False
38,hindsight,Dual (Theorem 3),23,2,-0.9624288714049882,False
38,hindsight,Dual (Theorem 3),0,1,-1.056773180995294,False
38,hindsight,Dual (Theorem 3),1,1,-0.531076862628767,False
38,hindsight,Dual (Theorem 3),2,1,-0.6363957759854211,False
38,hindsight,Dual (Theorem 3),3,1,-0.6885178855329754,False
38,emissions-only,Shapley,012,3,-0.3673559973788927,False
38,emissions-only,Shapley,013,3,-0.1295189157194936,False
38,emissions-only,Shapley,023,3,-0.22069989687626146,False
38,emissions-only,Shapley,123,3,-0.399906172128496,False
38,emissions-only,Shapley,01,2,-1.1274880916251773,False
38,emissions-only,Shapley,02,2,0.002145070604818722,True
38,emissions-only,Shapley,03,2,-0.08645486659659607,False
38,emissions-only,Shapley,12,2,-0.1265352450294721,False
38,emissions-only,Shapley,13,2,-0.24914184970366504,False
38,emissions-only,Shapley,23,2,-1.1008231984646386,False
38,emissions-only,Shapley,0,1,-0.8871728205936624,False
38,emissions-only,Shapley,1,1,-0.562282895970748,False
38,emissions-only,Shapley,2,1,-0.6100778215484917,False
38,emissions-only,Shapley,3,1,-0.7423116322700865,False
38,emissions-only,Dual (Theorem 3),012,3,-0.5320682788754748,False
38,emissions-only,Dual (Theorem 3),013,3,-0.10320096128257306,False
38,emissions-only,Dual (Theorem 3),023,3,-0.25190593021825736,False
38,emissions-only,Dual (Theorem 3),123,3,-0.23030581172688525,False
38,emissions-only,Dual (Theorem 3),01,2,-1.2658824186848234,False
38,emissions-only,Dual (Theorem 3),02,2,-0.19377324423374354,False
38,emissions-only,Dual (Theorem 3),03,2,-0.09134294550165567,False
38,emissions-only,Dual (Theorem 3),12,2,-0.12164716612442783,False
38,emissions-only,Dual (Theorem 3),13,2,-0.05322353486511844,False
38,emissions-only,Dual (Theorem 3),23,2,-0.9624288714050078,False
38,emissions-only,Dual (Theorem 3),0,1,-1.056773180995289,False
38,emissions-only,Dual (Theorem 3),1,1,-0.5310768626287679,False
38,emissions-only,Dual (Theorem 3),2,1,-0.6363957759854275,False
38,emissions-only,Dual (Theorem 3),3,1,-0.5775993507735198,False
38,online,Origin-based,012,3,0.483256024024014,True
38,online,Origin-based,013,3,0.5479347968596877,True
38,online,Origin-based,023,3,-0.8958091034248103,False
38,online,Origin-based,123,3,-1.3246089413349487,False
38,online,Origin-based,01,2,0.406465017000491,True
38,online,Origin-based,02,2,0.12141510120931609,True
38,online,Origin-based,03,2,-0.1239147245632144,False
38,online,Origin-based,12,2,-0.17648899998288958,False
38,online,Origin-based,13,2,-0.5478208378998128,False
38,online,Origin-based,23,2,-2.605760165287342,False
38,online,Origin-based,0,1,0.0085994380848122,True
38,online,Origin-based,1,1,0.06702268982876625,True
38,online,Origin-based,2,1,-1.2864371206267047,False
38,online,Origin-based,3,1,-1.6044576652709424,False
38,online,Host-based,012,3,1.2384094203105738,True
38,online,Host-based,013,3,0.97958235045984,True
38,online,Host-based,023,3,-1.7273489896902636,False
38,online,Host-based,123,3,-1.679870004956209,False
38,online,Host-based,01,2,1.5932659668872038,True
38,online,Host-based,02,2,0.0450286112304229,True
38,online,Host-based,03,2,-0.523807057228515,False
38,online,Host-based,12,2,0.22340333268241053,True
38,online,Host-based,13,2,-0.47143434792091954,False
38,online,Host-based,23,2,-3.7925611151740553,False
38,online,Host-based,0,1,0.3638605017060718,True
38,online,Host-based,1,1,0.8985625760942194,True
38,online,Host-based,2,1,-1.7180846742268576,False
38,online,Host-based,3,1,-2.3596110615575023,False
38,online,Work-proportional,012,3,0.7390541277574136,True
38,online,Work-proportional,013,3,0.5138895692460728,True
38,online,Work-proportional,023,3,-0.8922664741428048,False
38,online,Work-proportional,123,3,-1.5499044467367389,False
38,online,Work-proportional,01,2,0.6282178931202759,True
38,online,Work-proportional,02,2,0.3807558342247209,True
38,online,Work-proportional,03,2,-0.15441732289482402,False
38,online,Work-proportional,12,2,-0.14598640165128018,False
38,online,Work-proportional,13,2,-0.8071615709152176,False
38,online,Work-proportional,23,2,-2.827513041407127,False
38,online,Work-proportional,0,1,0.23389494348660222,True
38,online,Work-proportional,1,1,0.06348006054676114,True
38,online,Work-proportional,2,1,-1.25239189301309,False
38,online,Work-proportional,3,1,-1.860255769004342,False
38,online,Stand-alone proportional,012,3,0.4115881806298345,True
38,online,Stand-alone proportional,013,3,0.22968178968329145,True
38,online,Stand-alone proportional,023,3,-0.5734046195923912,False
38,online,Stand-alone proportional,123,3,-1.2570925745967925,False
38,online,Stand-alone proportional,01,2,0.01654416642991524,True
38,online,Stand-alone proportional,02,2,0.3721517416475556,True
38,online,Stand-alone proportional,03,2,-0.11976324790719195,False
38,online,Stand-alone proportional,12,2,-0.18064047663891247,False
38,online,Stand-alone proportional,13,2,-0.7985574783380525,False
38,online,Stand-alone proportional,23,2,-2.2158393147167663,False
38,online,Stand-alone proportional,0,1,-0.058916928653344636,False
38,online,Stand-alone proportional,1,1,-0.2553817940036527,False
38,online,Stand-alone proportional,2,1,-0.9681841134503084,False
38,online,Stand-alone proportional,3,1,-1.532789821876763,False
38,online,Shapley,012,3,-0.3795519900634112,False
38,online,Shapley,013,3,-0.12764901600997391,False
38,online,Shapley,023,3,-0.24849347218469875,False
38,online,Shapley,123,3,-0.43353274561797495,False
38,online,Shapley,01,2,-1.1319268099565956,False
38,online,Shapley,02,2,-0.094077281637997,False
38,online,Shapley,03,2,-0.15218290619276398,False
38,online,Shapley,12,2,-0.14822081835334067,False
38,online,Shapley,13,2,-0.3323284550525001,False
38,online,Shapley,23,2,-1.0673683383302563,False
38,online,Shapley,0,1,-0.8824767576321622,False
38,online,Shapley,1,1,-0.580292941411346,False
38,online,Shapley,2,1,-0.6108533077570435,False
38,online,Shapley,3,1,-0.7416496511835176,False
38,online,Dual (Theorem 3),012,3,-0.5290834034432587,False
38,online,Dual (Theorem 3),013,3,-0.08788746513744883,False
38,online,Dual (Theorem 3),023,3,-0.3145508493891307,False
38,online,Dual (Theorem 3),123,3,-0.25770550590626584,False
38,online,Dual (Theorem 3),01,2,-1.2416966724639025,False
38,online,Dual (Theorem 3),02,2,-0.3096660722222615,False
38,online,Dual (Theorem 3),03,2,-0.17847873252465574,False
38,online,Dual (Theorem 3),12,2,-0.12192499202146401,False
38,online,Dual (Theorem 3),13,2,-0.11673966446825101,False
38,online,Dual (Theorem 3),23,2,-0.9575984758229641,False
38,online,Dual (Theorem 3),0,1,-1.0583039973438861,False
38,online,Dual (Theorem 3),1,1,-0.5142355642069288,False
38,online,Dual (Theorem 3),2,1,-0.6506148586295839,False
38,online,Dual (Theorem 3),3,1,-0.5921182378036853,False
39,hindsight,Origin-based,012,3,0.40218301842968296,True
39,hindsight,Origin-based,013,3,0.45079970167828054,True
39,hindsight,Origin-based,023,3,-0.7611564078793069,False
39,hindsight,Origin-based,123,3,-1.270068364539354,False
39,hindsight,Origin-based,01,2,0.33359052011188345,True
39,hindsight,Origin-based,02,2,0.18735285621764192,True
39,hindsight,Origin-based,03,2,-0.11476417259935556,False
39,hindsight,Origin-based,12,2,-0.24236213694285302,False
39,hindsight,Origin-based,13,2,-0.6391395128281221,False
39,hindsight,Origin-based,23,2,-2.5468599316316363,False
39,hindsight,Origin-based,0,1,0.0335621392482023,True
39,hindsight,Origin-based,1,1,0.035507475684036505,True
39,hindsight,Origin-based,2,1,-1.1578101994362844,False
39,hindsight,Origin-based,3,1,-1.8225442436862573,False
39,hindsight,Host-based,012,3,0.931565538004018,True
39,hindsight,Host-based,013,3,0.8258609125763865,True
39,hindsight,Host-based,023,3,-1.4558582460278553,False
39,hindsight,Host-based,123,3,-1.4798102568632456,False
39,hindsight,Host-based,01,2,1.238034250584324,True
39,hindsight,Host-based,02,2,0.022033537643428136,True
39,hindsight,Host-based,03,2,-0.43440479984979863,False
39,hindsight,Host-based,12,2,0.07727849030759026,True
39,hindsight,Host-based,13,2,-0.473820194253908,False
39,hindsight,Host-based,23,2,-3.4513036621040767,False
39,hindsight,Host-based,0,1,0.24330403157209401,True
39,hindsight,Host-based,1,1,0.7302093138325854,True
39,hindsight,Host-based,2,1,-1.53287141033439,False
39,hindsight,Host-based,3,1,-2.3519267632605922,False
39,hindsight,Work-proportional,012,3,0.5572396145916736,True
39,hindsight,Work-proportional,013,3,0.4201221727140194,True
39,hindsight,Work-proportional,023,3,-0.7590239201145137,False
39,hindsight,Work-proportional,123,3,-1.3965799195018627,False
39,hindsight,Work-proportional,01,2,0.4579695873096081,True
39,hindsight,Work-proportional,02,2,0.3445419401444209,True
39,hindsight,Work-proportional,03,2,-0.14330921379882855,False
39,hindsight,Work-proportional,12,2,-0.2138170957433756,False
39,hindsight,Work-proportional,13,2,-0.7963285967548965,False
39,hindsight,Work-proportional,23,2,-2.6712389988293563,False
39,hindsight,Work-proportional,0,1,0.16007369421071532,True
39,hindsight,Work-proportional,1,1,0.033374987919248034,True
39,hindsight,Work-proportional,2,1,-1.1271326704720184,False
39,hindsight,Work-proportional,3,1,-1.9776008398482432,False
39,hindsight,Stand-alone proportional,012,3,0.2905010367936587,True
39,hindsight,Stand-alone proportional,013,3,0.2753576860588276,True
39,hindsight,Stand-alone proportional,023,3,-0.5262310369515926,False
39,hindsight,Stand-alone proportional,123,3,-1.2178697382115766,False
39,hindsight,Stand-alone proportional,01,2,0.04646652285640142,True
39,hindsight,Stand-alone proportional,02,2,0.310596245509327,True
39,hindsight,Stand-alone proportional,03,2,-0.05528081729109946,False
39,hindsight,Stand-alone proportional,12,2,-0.30184549225110446,False
39,hindsight,Stand-alone proportional,13,2,-0.7623829021198023,False
39,hindsight,Stand-alone proportional,23,2,-2.25973593437615,False
39,hindsight,Stand-alone proportional,0,1,-0.018636487079570496,False
39,hindsight,Stand-alone proportional,1,1,-0.1994178952436728,False
39,hindsight,Stand-alone proportional,2,1,-0.9823681838168266,False
39,hindsight,Stand-alone proportional,3,1,-1.7108622620502283,False
39,hindsight,Shapley,012,3,-0.4932512423228086,False
39,hindsight,Shapley,013,3,-0.12277970462337451,False
39,hindsight,Shapley,023,3,-0.19065153883870023,False
39,hindsight,Shapley,123,3,-0.3715595665257996,False
39,hindsight,Shapley,01,2,-1.1354231469422682,False
39,hindsight,Shapley,02,2,-0.1375765354942478,False
39,hindsight,Shapley,03,2,-0.11783870986040901,False
39,hindsight,Shapley,12,2,-0.2392875996817948,False
39,hindsight,Shapley,13,2,-0.31421012111622737,False
39,hindsight,Shapley,23,2,-1.07784626457748,False
39,hindsight,Shapley,0,1,-0.8649466587653476,False
39,hindsight,Shapley,1,1,-0.5349973933565654,False
39,hindsight,Shapley,2,1,-0.5842307931346242,False
39,hindsight,Shapley,3,1,-0.9271099829337608,False
39,hindsight,Dual (Theorem 3),012,3,-0.46814254745944994,False
39,hindsight,Dual (Theorem 3),013,3,-0.11232075495991611,False
39,hindsight,Dual (Theorem 3),023,3,-0.3091234006840238,False
39,hindsight,Dual (Theorem 3),123,3,-0.2886553492073056,False
39,hindsight,Dual (Theorem 3),01,2,-1.099855502415447,False
39,hindsight,Dual (Theorem 3),02,2,-0.23093970247620849,False
39,hindsight,Dual (Theorem 3),03,2,-0.22585162204227016,False
39,hindsight,Dual (Theorem 3),12,2,-0.13127468749993798,False
39,hindsight,Dual (Theorem 3),13,2,-0.22084695413427102,False
39,hindsight,Dual (Theorem 3),23,2,-1.1134139091043052,False
39,hindsight,Dual (Theorem 3),0,1,-0.9478508760838457,False
39,hindsight,Dual (Theorem 3),1,1,-0.416525531511246,False
39,hindsight,Dual (Theorem 3),2,1,-0.5946897427980868,False
39,hindsight,Dual (Theorem 3),3,1,-0.9522186777971238,False
39,emissions-only,Shapley,012,3,-0.49325124232281126,False
39,emissions-only,Shapley,013,3,-0.12277970462337628,False
39,emissions-only,Shapley,023,3,-0.1906515388387029,False
39,emissions-only,Shapley,123,3,-0.3715595665257889,False
39,emissions-only,Shapley,01,2,-1.1354231469422658,False
39,emissions-only,Shapley,02,2,-0.13757653549424803,False
39,emissions-only,Shapley,03,2,-0.11783870986041034,False
39,emissions-only,Shapley,12,2,-0.23928759968180335,False
39,emissions-only,Shapley,13,2,-0.3142101211162338,False
39,emissions-only,Shapley,23,2,-1.0778462645774813,False
39,emissions-only,Shapley,0,1,-0.8649466587653427,False
39,emissions-only,Shapley,1,1,-0.5349973933565675,False
39,emissions-only,Shapley,2,1,-0.5842307931346262,False
39,emissions-only,Shapley,3,1,-0.9271099829337639,False
39,emissions-only,Dual (Theorem 3),012,3,-0.4681425474594507,False
39,emissions-only,Dual (Theorem 3),013,3,-0.11232075495992033,False
39,emissions-only,Dual (Theorem 3),023,3,-0.3091234006840291,False
39,emissions-only,Dual (Theorem 3),123,3,-0.2886553492072923,False
39,emissions-only,Dual (Theorem 3),01,2,-1.0998555024154448,False
39,emissions-only,Dual (Theorem 3),02,2,-0.23093970247620937,False
39,emissions-only,Dual (Theorem 3),03,2,-0.22585162204227638,False
39,emissions-only,Dual (Theorem 3),12,2,-0.13127468749994176,False
39,emissions-only,Dual (Theorem 3),13,2,-0.2208469541342768,False
39,emissions-only,Dual (Theorem 3),23,2,-1.113413909104307,False
39,emissions-only,Dual (Theorem 3),0,1,-0.9478508760838437,False
39,emissions-only,Dual (Theorem 3),1,1,-0.41652553151124555,False
39,emissions-only,Dual (Theorem 3),2,1,-0.5946897427980866,False
39,emissions-only,Dual (Theorem 3),3,1,-0.9522186777971289,False
39,online,Origin-based,012,3,0.3718817827175589,True
39,online,Origin-based,013,3,0.5321057294775837,True
39,online,Origin-based,023,3,-0.828935867687,False
39,online,Origin-based,123,3,-1.2239251526774293,False
39,online,Origin-based,01,2,0.34127149334721063,True
39,online,Origin-based,02,2,0.07604742965655042,True
39,online,Origin-based,03,2,-0.15017444632726784,False
39,online,Origin-based,12,2,-0.26556705384966683,False
39,online,Origin-based,13,2,-0.5965897904546826,False
39,online,Origin-based,23,2,-2.533052767028994,False
39,online,Origin-based,0,1,0.024935002038953102,True
39,online,Origin-based,1,1,0.0435946198648976,True
39,online,Origin-based,2,1,-1.1838622589555796,False
39,online,Origin-based,3,1,-1.7901421268722846,False
39,online,Host-based,012,3,0.8794282974956911,True
39,online,Host-based,013,3,0.9242843495206499,True
39,online,Host-based,023,3,-1.51852944198514,False
39,online,Host-based,123,3,-1.4340567132004902,False
39,online,Host-based,01,2,1.24099662816841,True
39,online,Host-based,02,2,-0.10599962986345657,False
39,online,Host-based,03,2,-0.4475894005823411,False
39,online,Host-based,12,2,0.031847900405405305,True
39,online,Host-based,13,2,-0.41454273093467675,False
39,online,Host-based,23,2,-3.4327779018501943,False
39,online,Host-based,0,1,0.2350665625620132,True
39,online,Host-based,1,1,0.7331881941630368,True
39,online,Host-based,2,1,-1.5760408789986469,False
39,online,Host-based,3,1,-2.2976886416504176,False
39,online,Work-proportional,012,3,0.5665401891146848,True
39,online,Work-proportional,013,3,0.47802467424721673,True
39,online,Work-proportional,023,3,-0.8269555563568429,False
39,online,Work-proportional,123,3,-1.366482815174345,False
39,online,Work-proportional,01,2,0.4818488445139695,True
39,online,Work-proportional,02,2,0.27268614738383345,True
39,online,Work-proportional,03,2,-0.20227519022747797,False
39,online,Work-proportional,12,2,-0.2134663099494567,False
39,online,Work-proportional,13,2,-0.7932285081819657,False
39,online,Work-proportional,23,2,-2.673630118195753,False
39,online,Work-proportional,0,1,0.16749266453586906,True
39,online,Work-proportional,1,1,0.04161430853474052,True
39,online,Work-proportional,2,1,-1.1297812037252126,False
39,online,Work-proportional,3,1,-1.9848005332694105,False
39,online,Stand-alone proportional,012,3,0.2813095991766823,True
39,online,Stand-alone proportional,013,3,0.32373191591378614,True
39,online,Stand-alone proportional,023,3,-0.5786510077579088,False
39,online,Stand-alone proportional,123,3,-1.1752640155018446,False
39,online,Stand-alone proportional,01,2,0.04232549624253587,True
39,online,Stand-alone proportional,02,2,0.2357601060447645,True
39,online,Stand-alone proportional,03,2,-0.1082633999619751,False
39,online,Stand-alone proportional,12,2,-0.30747810021495914,False
39,online,Stand-alone proportional,13,2,-0.7563024668428961,False
39,online,Stand-alone proportional,23,2,-2.2341067699243187,False
39,online,Stand-alone proportional,0,1,-0.02372613513663108,False
39,online,Stand-alone proportional,1,1,-0.20669024006419295,False
39,online,Stand-alone proportional,2,1,-0.9754884453917815,False
39,online,Stand-alone proportional,3,1,-1.6995699433314075,False
39,online,Shapley,012,3,-0.4883734885799148,False
39,online,Shapley,013,3,-0.08659013266952398,False
39,online,Shapley,023,3,-0.21785106446159253,False
39,online,Shapley,123,3,-0.3560588224582544,False
39,online,Shapley,01,2,-1.137679640097371,False
39,online,Shapley,02,2,-0.1731230384155158,False
39,online,Shapley,03,2,-0.1577855052489685,False
39,online,Shapley,12,2,-0.25795599492796617,False
39,online,Shapley,13,2,-0.3474193223826163,False
39,online,Shapley,23,2,-1.0541016335844122,False
39,online,Shapley,0,1,-0.8429313281802211,False
39,online,Shapley,1,1,-0.5674901833605098,False
39,online,Shapley,2,1,-0.5651663968084717,False
39,online,Shapley,3,1,-0.9298868555748108,False
39,online,Dual (Theorem 3),012,3,-0.4588419729364386,False
39,online,Dual (Theorem 3),013,3,-0.0544182534267188,False
39,online,Dual (Theorem 3),023,3,-0.377055036926353,False
39,online,Dual (Theorem 3),123,3,-0.2585582448797883,False
39,online,Dual (Theorem 3),01,2,-1.0759762452110855,False
39,online,Dual (Theorem 3),02,2,-0.30279549523679594,False
39,online,Dual (Theorem 3),03,2,-0.28481759847091936,False
39,online,Dual (Theorem 3),12,2,-0.1309239017060193,False
39,online,Dual (Theorem 3),13,2,-0.21774686556134037,False
39,online,Dual (Theorem 3),23,2,-1.1158050284707022,False
39,online,Dual (Theorem 3),0,1,-0.9404319057586918,False
39,online,Dual (Theorem 3),1,1,-0.40828621089575345,False
39,online,Dual (Theorem 3),2,1,-0.5973382760512811,False
39,online,Dual (Theorem 3),3,1,-0.9594183712182911,False
40,hindsight,Origin-based,012,3,0.6587218391611216,True
40,hindsight,Origin-based,013,3,0.45881160529406406,True
40,hindsight,Origin-based,023,3,-0.9547749751097898,False
40,hindsight,Origin-based,123,3,-1.5268496466846653,False
40,hindsight,Origin-based,01,2,0.45814284849143466,True
40,hindsight,Origin-based,02,2,0.39216611849273836,True
40,hindsight,Origin-based,03,2,-0.26227810856200806,False
40,hindsight,Origin-based,12,2,-0.09966457923035321,False
40,hindsight,Origin-based,13,2,-0.8660473849952703,False
40,hindsight,Origin-based,23,2,-3.13201559269918,False
40,hindsight,Origin-based,0,1,0.019603590030314005,True
40,hindsight,Origin-based,1,1,0.08065682678983743,True
40,hindsight,Origin-based,2,1,-1.2329882095253288,False
40,hindsight,Origin-based,3,1,-2.376767383100768,False
40,hindsight,Host-based,012,3,1.659042407294928,True
40,hindsight,Host-based,013,3,0.8978852005309532,True
40,hindsight,Host-based,023,3,-1.9886281256028568,False
40,hindsight,Host-based,123,3,-1.932390659562294,False
40,hindsight,Host-based,01,2,1.89753701186213,True
40,hindsight,Host-based,02,2,0.358633536133478,True
40,hindsight,Host-based,03,2,-0.8570576638181857,False
40,hindsight,Host-based,12,2,0.49511497602582466,True
40,hindsight,Host-based,13,2,-0.8325148026360099,False
40,hindsight,Host-based,23,2,-4.571409756069875,False
40,hindsight,Host-based,0,1,0.4251446029079427,True
40,hindsight,Host-based,1,1,1.1145099772829044,True
40,hindsight,Host-based,2,1,-1.672061804762218,False
40,hindsight,Host-based,3,1,-3.3770879512345746,False
40,hindsight,Work-proportional,012,3,0.7514725845006103,True
40,hindsight,Work-proportional,013,3,0.5281796502473486,True
40,hindsight,Work-proportional,023,3,-0.9135231342868644,False
40,hindsight,Work-proportional,123,3,-1.7302202778003668,False
40,hindsight,Work-proportional,01,2,0.6202616387842084,True
40,hindsight,Work-proportional,02,2,0.5261687046551535,True
40,hindsight,Work-proportional,03,2,-0.15165822278579721,False
40,hindsight,Work-proportional,12,2,-0.21028446500656495,False
40,hindsight,Work-proportional,13,2,-1.0000499711576865,False
40,hindsight,Work-proportional,23,2,-3.2941343829919547,False
40,hindsight,Work-proportional,0,1,0.2229742211460144,True
40,hindsight,Work-proportional,1,1,0.03940498596691078,True
40,hindsight,Work-proportional,2,1,-1.3023562544786143,False
40,hindsight,Work-proportional,3,1,-2.469518128440258,False
40,hindsight,Stand-alone proportional,012,3,0.3738560029579272,True
40,hindsight,Stand-alone proportional,013,3,0.31607811341383485,True
40,hindsight,Stand-alone proportional,023,3,-0.5838268335723571,False
40,hindsight,Stand-alone proportional,123,3,-1.4701984601386773,False
40,hindsight,Stand-alone proportional,01,2,0.030543520408011837,True
40,hindsight,Stand-alone proportional,02,2,0.4782484238269776,True
40,hindsight,Stand-alone proportional,03,2,-0.03406345890480367,False
40,hindsight,Stand-alone proportional,12,2,-0.32787922888755827,False
40,hindsight,Stand-alone proportional,13,2,-0.9521296903295104,False
40,hindsight,Stand-alone proportional,23,2,-2.704416264615758,False
40,hindsight,Stand-alone proportional,0,1,-0.03704759651567525,False
40,hindsight,Stand-alone proportional,1,1,-0.2902913147475961,False
40,hindsight,Stand-alone proportional,2,1,-1.0902547176451005,False
40,hindsight,Stand-alone proportional,3,1,-2.091901546897575,False
40,hindsight,Shapley,012,3,-0.5919063578881429,False
40,hindsight,Shapley,013,3,-0.10711561713775763,False
40,hindsight,Shapley,023,3,-0.2229675023515041,False
40,hindsight,Shapley,123,3,-0.4421016999618699,False
40,hindsight,Shapley,01,2,-1.35841257098965,False
40,hindsight,Shapley,02,2,-0.12665460579823867,False
40,hindsight,Shapley,03,2,-0.09639785823554226,False
40,hindsight,Shapley,12,2,-0.26554482955682057,False
40,hindsight,Shapley,13,2,-0.34722666070429486,False
40,hindsight,Shapley,23,2,-1.3154601732180975,False
40,hindsight,Shapley,0,1,-1.065144356692483,False
40,hindsight,Shapley,1,1,-0.65115064596845,False
40,hindsight,Shapley,2,1,-0.6670609870935089,False
40,hindsight,Shapley,3,1,-1.1261391860515055,False
40,hindsight,Dual (Theorem 3),012,3,-0.6841876486017846,False
40,hindsight,Dual (Theorem 3),013,3,-0.13900379581998834,False
40,hindsight,Dual (Theorem 3),023,3,-0.3031943721723316,False
40,hindsight,Dual (Theorem 3),123,3,-0.2377053607451698,False
40,hindsight,Dual (Theorem 3),01,2,-1.4825820403855225,False
40,hindsight,Dual (Theorem 3),02,2,-0.2991627663327076,False
40,hindsight,Dual (Theorem 3),03,2,-0.20851290673860023,False
40,hindsight,Dual (Theorem 3),12,2,-0.15342978105376237,False
40,hindsight,Dual (Theorem 3),13,2,-0.17471850016982593,False
40,hindsight,Dual (Theorem 3),23,2,-1.191290703822224,False
40,hindsight,Dual (Theorem 3),0,1,-1.2695406959091828,False
40,hindsight,Dual (Theorem 3),1,1,-0.5709237761476228,False
40,hindsight,Dual (Theorem 3),2,1,-0.635172808411278,False
40,hindsight,Dual (Theorem 3),3,1,-1.0338578953378637,False
40,emissions-only,Shapley,012,3,-0.5919063578881433,False
40,emissions-only,Shapley,013,3,-0.10711561713776097,False
40,emissions-only,Shapley,023,3,-0.2229675023515023,False
40,emissions-only,Shapley,123,3,-0.4421016999618739,False
40,emissions-only,Shapley,01,2,-1.3584125709896502,False
40,emissions-only,Shapley,02,2,-0.12665460579824017,False
40,emissions-only,Shapley,03,2,-0.09639785823554625,False
40,emissions-only,Shapley,12,2,-0.26554482955681613,False
40,emissions-only,Shapley,13,2,-0.34722666070429664,False
40,emissions-only,Shapley,23,2,-1.315460173218101,False
40,emissions-only,Shapley,0,1,-1.0651443566924832,False
40,emissions-only,Shapley,1,1,-0.6511506459684485,False
40,emissions-only,Shapley,2,1,-0.66706098709351,False
40,emissions-only,Shapley,3,1,-1.1261391860514993,False
40,emissions-only,Dual (Theorem 3),012,3,-0.6841876486017849,False
40,emissions-only,Dual (Theorem 3),013,3,-0.13900379581999278,False
40,emissions-only,Dual (Theorem 3),023,3,-0.3031943721723289,False
40,emissions-only,Dual (Theorem 3),123,3,-0.23770536074517512,False
40,emissions-only,Dual (Theorem 3),01,2,-1.482582040385523,False
40,emissions-only,Dual (Theorem 3),02,2,-0.2991627663327081,False
40,emissions-only,Dual (Theorem 3),03,2,-0.20851290673860445,False
40,emissions-only,Dual (Theorem 3),12,2,-0.1534297810537586,False
40,emissions-only,Dual (Theorem 3),13,2,-0.17471850016982948,False
40,emissions-only,Dual (Theorem 3),23,2,-1.1912907038222285,False
40,emissions-only,Dual (Theorem 3),0,1,-1.2695406959091824,False
40,emissions-only,Dual (Theorem 3),1,1,-0.5709237761476222,False
40,emissions-only,Dual (Theorem 3),2,1,-0.6351728084112789,False
40,emissions-only,Dual (Theorem 3),3,1,-1.0338578953378583,False
40,online,Origin-based,012,3,0.6954117423355745,True
40,online,Origin-based,013,3,0.5231062693228081,True
40,online,Origin-based,023,3,-0.9464719290059467,False
40,online,Origin-based,123,3,-1.503049586635508,False
40,online,Origin-based,01,2,0.443015244283047,True
40,online,Origin-based,02,2,0.3407666577993257,True
40,online,Origin-based,03,2,-0.34625748016009417,False
40,online,Origin-based,12,2,-0.07001599846505813,False
40,online,Origin-based,13,2,-0.8645215319873589,False
40,online,Origin-based,23,2,-3.0557857918523172,False
40,online,Origin-based,0,1,-0.0019731349955564997,False
40,online,Origin-based,1,1,0.08111971287290587,True
40,online,Origin-based,2,1,-1.1824763007608583,False
40,online,Origin-based,3,1,-2.3011256988992876,False
40,online,Host-based,012,3,1.6329432750527966,True
40,online,Host-based,013,3,0.9487075936613738,True
40,online,Host-based,023,3,-1.9064941838248282,False
40,online,Host-based,123,3,-1.906160188872414,False
40,online,Host-based,01,2,1.806148101338835,True
40,online,Host-based,02,2,0.3182759356976662,True
40,online,Host-based,03,2,-0.8806784106404102,False
40,online,Host-based,12,2,0.4644049320152581,True
40,online,Host-based,13,2,-0.8420308098856988,False
40,online,Host-based,23,2,-4.418918648908105,False
40,online,Host-based,0,1,0.4011374672413497,True
40,online,Host-based,1,1,1.0411419676917877,True
40,online,Host-based,2,1,-1.608077625099424,False
40,online,Host-based,3,1,-3.23865723161651,False
40,online,Work-proportional,012,3,0.8382793833778678,True
40,online,Work-proportional,013,3,0.6095544651837483,True
40,online,Work-proportional,023,3,-0.9367658484745318,False
40,online,Work-proportional,123,3,-1.7420715040701533,False
40,online,Work-proportional,01,2,0.6723310811862797,True
40,online,Work-proportional,02,2,0.4933403793730323,True
40,online,Work-proportional,03,2,-0.2501032037677404,False
40,online,Work-proportional,12,2,-0.1661702748574112,False
40,online,Work-proportional,13,2,-1.0170952535610644,False
40,online,Work-proportional,23,2,-3.285101628755549,False
40,online,Work-proportional,0,1,0.23704878243908956,True
40,online,Work-proportional,1,1,0.07141363234149245,True
40,online,Work-proportional,2,1,-1.2689244966217976,False
40,online,Work-proportional,3,1,-2.4439933399415796,False
40,online,Stand-alone proportional,012,3,0.4220493566712794,True
40,online,Stand-alone proportional,013,3,0.38631449585908295,True
40,online,Stand-alone proportional,023,3,-0.5777749287113254,False
40,online,Stand-alone proportional,123,3,-1.4615924278021053,False
40,online,Stand-alone proportional,01,2,0.03286108515502573,True
40,online,Stand-alone proportional,02,2,0.43610127242965036,True
40,online,Stand-alone proportional,03,2,-0.11435225332919963,False
40,online,Stand-alone proportional,12,2,-0.3019212252959518,False
40,online,Stand-alone proportional,13,2,-0.9598561466176823,False
40,online,Stand-alone proportional,23,2,-2.645631632724295,False
40,online,Stand-alone proportional,0,1,-0.04343029382895807,False
40,online,Stand-alone proportional,1,1,-0.2875772874217138,False
40,online,Stand-alone proportional,2,1,-1.045684527297132,False
40,online,Stand-alone proportional,3,1,-2.0277633132349915,False
40,online,Shapley,012,3,-0.5373406372274921,False
40,online,Shapley,013,3,-0.03240620794290683,False
40,online,Shapley,023,3,-0.20867419455937508,False
40,online,Shapley,123,3,-0.45258246425329585,False
40,online,Shapley,01,2,-1.3452496125457352,False
40,online,Shapley,02,2,-0.15418798731717043,False
40,online,Shapley,03,2,-0.16397222297923864,False
40,online,Shapley,12,2,-0.2523012556459132,False
40,online,Shapley,13,2,-0.3695668868708619,False
40,online,Shapley,23,2,-1.2675209350235344,False
40,online,Shapley,0,1,-1.0524402573777683,False
40,online,Shapley,1,1,-0.6566780215736647,False
40,online,Shapley,2,1,-0.6269638234951427,False
40,online,Shapley,3,1,-1.0683733193362204,False
40,online,Dual (Theorem 3),012,3,-0.5973808497245271,False
40,online,Dual (Theorem 3),013,3,-0.057628980883588365,False
40,online,Dual (Theorem 3),023,3,-0.32643708635999946,False
40,online,Dual (Theorem 3),123,3,-0.24955658701495675,False
40,online,Dual (Theorem 3),01,2,-1.4305125979834512,False
40,online,Dual (Theorem 3),02,2,-0.33199109161482887,False
40,online,Dual (Theorem 3),03,2,-0.30695788772054367,False
40,online,Dual (Theorem 3),12,2,-0.10931559090460863,False
40,online,Dual (Theorem 3),13,2,-0.19176378257320392,False
40,online,Dual (Theorem 3),23,2,-1.1822579495858188,False
40,online,Dual (Theorem 3),0,1,-1.2554661346161078,False
40,online,Dual (Theorem 3),1,1,-0.5389151297730412,False
40,online,Dual (Theorem 3),2,1,-0.6017410505544616,False
40,online,Dual (Theorem 3),3,1,-1.0083331068391859,False
41,hindsight,Origin-based,012,3,0.6541974757354927,True
41,hindsight,Origin-based,013,3,0.5016317790238876,True
41,hindsight,Origin-based,023,3,-0.8825604435030705,False
41,hindsight,Origin-based,123,3,-1.6904223905496147,False
41,hindsight,Origin-based,01,2,0.5135854241197181,True
41,hindsight,Origin-based,02,2,0.41611396169438086,True
41,hindsight,Origin-based,03,2,-0.2515971894843594,False
41,hindsight,Origin-based,12,2,-0.20237037915920286,False
41,hindsight,Origin-based,13,2,-1.0288021490814296,False
41,hindsight,Origin-based,23,2,-3.257803905895889,False
41,hindsight,Origin-based,0,1,0.022889180033698303,True
41,hindsight,Origin-based,1,1,0.04156347074984734,True
41,hindsight,Origin-based,2,1,-1.3576511335638481,False
41,hindsight,Origin-based,3,1,-2.633387627437922,False
41,hindsight,Host-based,012,3,1.468989139718952,True
41,hindsight,Host-based,013,3,0.9050463697999185,True
41,hindsight,Host-based,023,3,-1.6694644330016961,False
41,hindsight,Host-based,123,3,-2.12172465581048,False
41,hindsight,Host-based,01,2,1.7317916788792087,True
41,hindsight,Host-based,02,2,0.4440016361792146,True
41,hindsight,Host-based,03,2,-0.6350865882069536,False
41,hindsight,Host-based,12,2,0.1811190195633916,True
41,hindsight,Host-based,13,2,-1.0566898235662636,False
41,hindsight,Host-based,23,2,-4.476010160655379,False
41,hindsight,Host-based,0,1,0.45419144529456335,True
41,hindsight,Host-based,1,1,0.8284674602484727,True
41,hindsight,Host-based,2,1,-1.7610657243398795,False
41,hindsight,Host-based,3,1,-3.448179291421382,False
41,hindsight,Work-proportional,012,3,0.6879073665038078,True
41,hindsight,Work-proportional,013,3,0.5864499859033285,True
41,hindsight,Work-proportional,023,3,-0.7925231039822496,False
41,hindsight,Work-proportional,123,3,-1.8989878277182317,False
41,hindsight,Work-proportional,01,2,0.6321135217674875,True
41,hindsight,Work-proportional,02,2,0.5398611919835304,True
41,hindsight,Work-proportional,03,2,-0.07674164308408393,False
41,hindsight,Work-proportional,12,2,-0.3772259255594914,False
41,hindsight,Work-proportional,13,2,-1.1525493793705923,False
41,hindsight,Work-proportional,23,2,-3.3763320035436717,False
41,hindsight,Work-proportional,0,1,0.23145461720230207,True
41,hindsight,Work-proportional,1,1,-0.04847386877098703,False
41,hindsight,Work-proportional,2,1,-1.4424693404433024,False
41,hindsight,Work-proportional,3,1,-2.6670975182062504,False
41,hindsight,Stand-alone proportional,012,3,0.28021268069882144,True
41,hindsight,Stand-alone proportional,013,3,0.3746508495101908,True
41,hindsight,Stand-alone proportional,023,3,-0.4485690896130756,False
41,hindsight,Stand-alone proportional,123,3,-1.623448019889282,False
41,hindsight,Stand-alone proportional,01,2,0.012619699569363596,True
41,hindsight,Stand-alone proportional,02,2,0.47612052054771803,True
41,hindsight,Stand-alone proportional,03,2,0.05541323489195227,True
41,hindsight,Stand-alone proportional,12,2,-0.5093808035355276,False
41,hindsight,Stand-alone proportional,13,2,-1.0888087079347804,False
41,hindsight,Stand-alone proportional,23,2,-2.7568381813455476,False
41,hindsight,Stand-alone proportional,0,1,-0.04408519062664794,False
41,hindsight,Stand-alone proportional,1,1,-0.3924278831401609,False
41,hindsight,Stand-alone proportional,2,1,-1.230670204050165,False
41,hindsight,Stand-alone proportional,3,1,-2.2594028324012645,False
41,hindsight,Shapley,012,3,-0.6713392020049602,False
41,hindsight,Shapley,013,3,-0.09878034833784421,False
41,hindsight,Shapley,023,3,-0.16742475871128537,False
41,hindsight,Shapley,123,3,-0.4796092702392558,False
41,hindsight,Shapley,01,2,-1.4123633809824532,False
41,hindsight,Shapley,02,2,-0.19428703125427338,False
41,hindsight,Shapley,03,2,-0.13687363205429226,False
41,hindsight,Shapley,12,2,-0.3170939365892831,False
41,hindsight,Shapley,13,2,-0.4184011561327887,False
41,hindsight,Shapley,23,2,-1.3318551007937307,False
41,hindsight,Shapley,0,1,-1.1879239402766744,False
41,hindsight,Shapley,1,1,-0.6735722140419512,False
41,hindsight,Shapley,2,1,-0.7572390062021299,False
41,hindsight,Shapley,3,1,-1.3078509496974826,False
41,hindsight,Dual (Theorem 3),012,3,-0.6644503441029772,False
41,hindsight,Dual (Theorem 3),013,3,-0.13307114457215774,False
41,hindsight,Dual (Theorem 3),023,3,-0.2852702356641039,False
41,hindsight,Dual (Theorem 3),123,3,-0.3343618549540661,False
41,hindsight,Dual (Theorem 3),01,2,-1.4397653193147972,False
41,hindsight,Dual (Theorem 3),02,2,-0.3052436503051227,False
41,hindsight,Dual (Theorem 3),03,2,-0.2890099052414381,False
41,hindsight,Dual (Theorem 3),12,2,-0.1649576634021237,False
41,hindsight,Dual (Theorem 3),13,2,-0.3074445370819259,False
41,hindsight,Dual (Theorem 3),23,2,-1.3044531624613738,False
41,hindsight,Dual (Theorem 3),0,1,-1.3331713555618507,False
41,hindsight,Dual (Theorem 3),1,1,-0.555726737089119,False
41,hindsight,Dual (Theorem 3),2,1,-0.7229482099678028,False
41,hindsight,Dual (Theorem 3),3,1,-1.314739807599452,False
41,emissions-only,Shapley,012,3,-0.6713392020049489,False
41,emissions-only,Shapley,013,3,-0.09878034833783711,False
41,emissions-only,Shapley,023,3,-0.1674247587112747,False
41,emissions-only,Shapley,123,3,-0.47960927023925226,False
41,emissions-only,Shapley,01,2,-1.4123633809824483,False
41,emissions-only,Shapley,02,2,-0.19428703125426805,False
41,emissions-only,Shapley,03,2,-0.13687363205428627,False
41,emissions-only,Shapley,12,2,-0.3170939365892762,False
41,emissions-only,Shapley,13,2,-0.41840115613278117,False
41,emissions-only,Shapley,23,2,-1.3318551007937245,False
41,emissions-only,Shapley,0,1,-1.1879239402766735,False
41,emissions-only,Shapley,1,1,-0.6735722140419443,False
41,emissions-only,Shapley,2,1,-0.7572390062021255,False
41,emissions-only,Shapley,3,1,-1.3078509496974764,False
41,emissions-only,Dual (Theorem 3),012,3,-0.6644503441029741,False
41,emissions-only,Dual (Theorem 3),013,3,-0.1330711445721522,False
41,emissions-only,Dual (Theorem 3),023,3,-0.28527023566408793,False
41,emissions-only,Dual (Theorem 3),123,3,-0.33436185495405724,False
41,emissions-only,Dual (Theorem 3),01,2,-1.4397653193148021,False
41,emissions-only,Dual (Theorem 3),02,2,-0.30524365030512024,False
41,emissions-only,Dual (Theorem 3),03,2,-0.28900990524142833,False
41,emissions-only,Dual (Theorem 3),12,2,-0.16495766340212037,False
41,emissions-only,Dual (Theorem 3),13,2,-0.3074445370819152,False
41,emissions-only,Dual (Theorem 3),23,2,-1.304453162461357,False
41,emissions-only,Dual (Theorem 3),0,1,-1.3331713555618545,False
41,emissions-only,Dual (Theorem 3),1,1,-0.5557267370891174,False
41,emissions-only,Dual (Theorem 3),2,1,-0.7229482099677966,False
41,emissions-only,Dual (Theorem 3),3,1,-1.3147398075994374,False
41,online,Origin-based,012,3,0.6239524715356566,True
41,online,Origin-based,013,3,0.546905676457742,True
41,online,Origin-based,023,3,-0.8709113016006054,False
41,online,Origin-based,123,3,-1.6648744036314644,False
41,online,Origin-based,01,2,0.5070423807476818,True
41,online,Origin-based,02,2,0.2847659746023802,True
41,online,Origin-based,03,2,-0.35263657613888744,False
41,online,Origin-based,12,2,-0.37599260196888795,False
41,online,Origin-based,13,2,-1.0702104982474392,False
41,online,Origin-based,23,2,-3.2556290031932473,False
41,online,Origin-based,0,1,0.0062114128915436995,True
41,online,Origin-based,1,1,0.037017306397863714,True
41,online,Origin-based,2,1,-1.386416704761096,False
41,online,Origin-based,3,1,-2.567061404215681,False
41,online,Host-based,012,3,1.4414063518993891,True
41,online,Host-based,013,3,0.9727718989825966,True
41,online,Host-based,023,3,-1.6932599136891104,False
41,online,Host-based,123,3,-2.085845894431543,False
41,online,Host-based,01,2,1.750362483636268,True
41,online,Host-based,02,2,0.27987124287760634,True
41,online,Host-based,03,2,-0.7491189657025388,False
41,online,Host-based,12,2,0.02048978759476494,True
41,online,Host-based,13,2,-1.065315766522664,False
41,online,Host-based,23,2,-4.498949106081832,False
41,online,Host-based,0,1,0.4271829036916234,True
41,online,Host-based,1,1,0.8593659184863701,True
41,online,Host-based,2,1,-1.8122829272859495,False
41,online,Host-based,3,1,-3.3845152845794124,False
41,online,Work-proportional,012,3,0.7199101266449051,True
41,online,Work-proportional,013,3,0.6088978831182428,True
41,online,Work-proportional,023,3,-0.7912137313043672,False
41,online,Work-proportional,123,3,-1.9025218356974527,False
41,online,Work-proportional,01,2,0.6649922425174317,True
41,online,Work-proportional,02,2,0.460421200007867,True
41,online,Work-proportional,03,2,-0.2109467991821481,False
41,online,Work-proportional,12,2,-0.5176823789256275,False
41,online,Work-proportional,13,2,-1.2458657236529258,False
41,online,Work-proportional,23,2,-3.413578864962997,False
41,online,Work-proportional,0,1,0.2438588449575317,True
41,online,Work-proportional,1,1,-0.042680263898374426,False
41,online,Work-proportional,2,1,-1.4484089114215974,False
41,online,Work-proportional,3,1,-2.66301905932493,False
41,online,Stand-alone proportional,012,3,0.2958546507354092,True
41,online,Stand-alone proportional,013,3,0.38472267264234583,True
41,online,Stand-alone proportional,023,3,-0.43361056554010746,False
41,online,Stand-alone proportional,123,3,-1.6118943150763183,False
41,online,Stand-alone proportional,01,2,0.016761556132038058,True
41,online,Stand-alone proportional,02,2,0.39396888986263023,True
41,online,Stand-alone proportional,03,2,-0.0775188438937855,False
41,online,Stand-alone proportional,12,2,-0.6511103342139895,False
41,online,Stand-alone proportional,13,2,-1.1794134135076888,False
41,online,Stand-alone proportional,23,2,-2.765348178577603,False
41,online,Stand-alone proportional,0,1,-0.046768675663602446,False
41,online,Stand-alone proportional,1,1,-0.4002834296626339,False
41,online,Stand-alone proportional,2,1,-1.2242337009456998,False
41,online,Stand-alone proportional,3,1,-2.2389635834154333,False
41,online,Shapley,012,3,-0.6521329869241266,False
41,online,Shapley,013,3,-0.08801254265457192,False
41,online,Shapley,023,3,-0.15746337245863185,False
41,online,Shapley,123,3,-0.46731865520134086,False
41,online,Shapley,01,2,-1.403961296824415,False
41,online,Shapley,02,2,-0.27787155471542946,False
41,online,Shapley,03,2,-0.27410686610922763,False
41,online,Shapley,12,2,-0.45452231199854776,False
41,online,Shapley,13,2,-0.5075729689296296,False
41,online,Shapley,23,2,-1.3446253256211502,False
41,online,Shapley,0,1,-1.1913443355385798,False
41,online,Shapley,1,1,-0.6764306227441099,False
41,online,Shapley,2,1,-0.7514984856487823,False
41,online,Shapley,3,1,-1.290975945755898,False
41,online,Dual (Theorem 3),012,3,-0.6324475839618799,False
41,online,Dual (Theorem 3),013,3,-0.11062324735724305,False
41,online,Dual (Theorem 3),023,3,-0.28396086298622203,False
41,online,Dual (Theorem 3),123,3,-0.3378958629332871,False
41,online,Dual (Theorem 3),01,2,-1.4068865985648529,False
41,online,Dual (Theorem 3),02,2,-0.38468364228078633,False
41,online,Dual (Theorem 3),03,2,-0.42321506133950226,False
41,online,Dual (Theorem 3),12,2,-0.3054141167682598,False
41,online,Dual (Theorem 3),13,2,-0.40076088136425936,False
41,online,Dual (Theorem 3),23,2,-1.3417000238806995,False
41,online,Dual (Theorem 3),0,1,-1.320767127806621,False
41,online,Dual (Theorem 3),1,1,-0.5499331322165064,False
41,online,Dual (Theorem 3),2,1,-0.7288877809460979,False
41,online,Dual (Theorem 3),3,1,-1.3106613487181313,False
42,hindsight,Origin-based,012,3,0.6319628754435758,True
42,hindsight,Origin-based,013,3,0.45875646139610615,True
42,hindsight,Origin-based,023,3,-1.13561446695455,False
42,hindsight,Origin-based,123,3,-1.650128244261614,False
42,hindsight,Origin-based,01,2,0.4067427543577544,True
42,hindsight,Origin-based,02,2,0.38867368032521177,True
42,hindsight,Origin-based,03,2,-0.6719095084146693,False
42,hindsight,Origin-based,12,2,-0.09580731762295103,False
42,hindsight,Origin-based,13,2,-1.1086755013987628,False
42,hindsight,Origin-based,23,2,-3.476843898217952,False
42,hindsight,Origin-based,0,1,0.034180652781673704,True
42,hindsight,Origin-based,1,1,0.06414102278630018,True
42,hindsight,Origin-based,2,1,-1.1092488559723843,False
42,hindsight,Origin-based,3,1,-3.1144509679729815,False
42,hindsight,Host-based,012,3,1.3871948407333878,True
42,hindsight,Host-based,013,3,0.8455122837916458,True
42,hindsight,Host-based,023,3,-1.8797561902017774,False
42,hindsight,Host-based,123,3,-2.0479743086997377,False
42,hindsight,Host-based,01,2,1.548730542043106,True
42,hindsight,Host-based,02,2,0.39976392236779623,True
42,hindsight,Host-based,03,2,-1.0292954092663575,False
42,hindsight,Host-based,12,2,0.26157858322873717,True
42,hindsight,Host-based,13,2,-1.1197657434413473,False
42,hindsight,Host-based,23,2,-4.618831685903303,False
42,hindsight,Host-based,0,1,0.4320267172197976,True
42,hindsight,Host-based,1,1,0.8082827460335278,True
42,hindsight,Host-based,2,1,-1.4960046783679237,False
42,hindsight,Host-based,3,1,-3.869682933262794,False
42,hindsight,Work-proportional,012,3,0.7551692037730304,True
42,hindsight,Work-proportional,013,3,0.5124904432619453,True
42,hindsight,Work-proportional,023,3,-1.1290043949353845,False
42,hindsight,Work-proportional,123,3,-1.8336786264760558,False
42,hindsight,Work-proportional,01,2,0.5836830645530423,True
42,hindsight,Work-proportional,02,2,0.5184900806738262,True
42,hindsight,Work-proportional,03,2,-0.6115654545296707,False
42,hindsight,Work-proportional,12,2,-0.15615137150794411,False
42,hindsight,Work-proportional,13,2,-1.2384919017473717,False
42,hindsight,Work-proportional,23,2,-3.6537842084132346,False
42,hindsight,Work-proportional,0,1,0.21773103499612143,True
42,hindsight,Work-proportional,1,1,0.05753095076714032,True
42,hindsight,Work-proportional,2,1,-1.1629828378382177,False
42,hindsight,Work-proportional,3,1,-3.237657296302431,False
42,hindsight,Stand-alone proportional,012,3,0.14033044698301111,True
42,hindsight,Stand-alone proportional,013,3,0.45880848192164847,True
42,hindsight,Stand-alone proportional,023,3,-0.7324660563997414,False
42,hindsight,Stand-alone proportional,123,3,-1.5616962468813838,False
42,hindsight,Stand-alone proportional,01,2,-0.08483765357727346,False
42,hindsight,Stand-alone proportional,02,2,0.30018966241945033,True
42,hindsight,Stand-alone proportional,03,2,-0.26870907733432414,False
42,hindsight,Stand-alone proportional,12,2,-0.4990077487032909,False
42,hindsight,Stand-alone proportional,13,2,-1.020191483492996,False
42,hindsight,Stand-alone proportional,23,2,-2.985263490282919,False
42,hindsight,Stand-alone proportional,0,1,-0.05425134459855099,False
42,hindsight,Stand-alone proportional,1,1,-0.33900738776850303,False
42,hindsight,Stand-alone proportional,2,1,-1.109300876497921,False
42,hindsight,Stand-alone proportional,3,1,-2.6228185395124117,False
42,hindsight,Shapley,012,3,-0.9107320099528131,False
42,hindsight,Shapley,013,3,-0.012227019898311875,False
42,hindsight,Shapley,023,3,-0.286304767403899,False
42,hindsight,Shapley,123,3,-0.48575957712144113,False
42,hindsight,Shapley,01,2,-1.606935612333058,False
42,hindsight,Shapley,02,2,-0.30471150552053183,False
42,hindsight,Shapley,03,2,-0.29358329015844253,False
42,hindsight,Shapley,12,2,-0.47413353587917295,False
42,hindsight,Shapley,13,2,-0.4152903155530141,False
42,hindsight,Shapley,23,2,-1.4631655315271344,False
42,hindsight,Shapley,0,1,-1.1301880143584935,False
42,hindsight,Shapley,1,1,-0.7851686767643452,False
42,hindsight,Shapley,2,1,-0.6382653746779607,False
42,hindsight,Shapley,3,1,-1.5717560825765875,False
42,hindsight,Dual (Theorem 3),012,3,-0.7954992995662487,False
42,hindsight,Dual (Theorem 3),013,3,-0.17680992261908757,False
42,hindsight,Dual (Theorem 3),023,3,-0.36953697267026087,False
42,hindsight,Dual (Theorem 3),123,3,-0.35317717952088135,False
42,hindsight,Dual (Theorem 3),01,2,-1.6562858046672648,False
42,hindsight,Dual (Theorem 3),02,2,-0.2727110004003248,False
42,hindsight,Dual (Theorem 3),03,2,-0.5413983981455754,False
42,hindsight,Dual (Theorem 3),12,2,-0.22631842789204404,False
42,hindsight,Dual (Theorem 3),13,2,-0.44729082067322556,False
42,hindsight,Dual (Theorem 3),23,2,-1.413815339192932,False
42,hindsight,Dual (Theorem 3),0,1,-1.2627704119590577,False
42,hindsight,Dual (Theorem 3),1,1,-0.7019364714979878,False
42,hindsight,Dual (Theorem 3),2,1,-0.4736824719571895,False
42,hindsight,Dual (Theorem 3),3,1,-1.6869887929631564,False
42,emissions-only,Shapley,012,3,-0.9107320099528136,False
42,emissions-only,Shapley,013,3,-0.012227019898312319,False
42,emissions-only,Shapley,023,3,-0.28630476740389543,False
42,emissions-only,Shapley,123,3,-0.4857595771214367,False
42,emissions-only,Shapley,01,2,-1.606935612333057,False
42,emissions-only,Shapley,02,2,-0.3047115055205343,False
42,emissions-only,Shapley,03,2,-0.29358329015843987,False
42,emissions-only,Shapley,12,2,-0.4741335358791714,False
42,emissions-only,Shapley,13,2,-0.4152903155530199,False
42,emissions-only,Shapley,23,2,-1.463165531527137,False
42,emissions-only,Shapley,0,1,-1.1301880143584933,False
42,emissions-only,Shapley,1,1,-0.785168676764344,False
42,emissions-only,Shapley,2,1,-0.6382653746779636,False
42,emissions-only,Shapley,3,1,-1.571756082576587,False
42,emissions-only,Dual (Theorem 3),012,3,-0.7954992995662482,False
42,emissions-only,Dual (Theorem 3),013,3,-0.1768099226190889,False
42,emissions-only,Dual (Theorem 3),023,3,-0.3695369726702573,False
42,emissions-only,Dual (Theorem 3),123,3,-0.3531771795208787,False
42,emissions-only,Dual (Theorem 3),01,2,-1.6562858046672628,False
42,emissions-only,Dual (Theorem 3),02,2,-0.2727110004003255,False
42,emissions-only,Dual (Theorem 3),03,2,-0.5413983981455732,False
42,emissions-only,Dual (Theorem 3),12,2,-0.2263184278920436,False
42,emissions-only,Dual (Theorem 3),13,2,-0.447290820673234,False
42,emissions-only,Dual (Theorem 3),23,2,-1.4138153391929364,False
42,emissions-only,Dual (Theorem 3),0,1,-1.2627704119590557,False
42,emissions-only,Dual (Theorem 3),1,1,-0.7019364714979874,False
42,emissions-only,Dual (Theorem 3),2,1,-0.4736824719571924,False
42,emissions-only,Dual (Theorem 3),3,1,-1.6869887929631577,False
42,online,Origin-based,012,3,0.5162599092633906,True
42,online,Origin-based,013,3,0.5919185550488884,True
42,online,Origin-based,023,3,-1.2086252963665278,False
42,online,Origin-based,123,3,-1.6295736912586607,False
42,online,Origin-based,01,2,0.4131163586657682,True
42,online,Origin-based,02,2,0.18821031902020813,True
42,online,Origin-based,03,2,-0.6626258033833605,False
42,online,Origin-based,12,2,-0.2843176510273633,False
42,online,Origin-based,13,2,-1.0780500760316651,False
42,online,Origin-based,23,2,-3.3924969934784412,False
42,online,Origin-based,0,1,0.023485982944785017,True
42,online,Origin-based,1,1,0.07699512906666905,True
42,online,Origin-based,2,1,-1.2098886596711322,False
42,online,Origin-based,3,1,-2.9760718457822213,False
42,online,Host-based,012,3,1.2219216584504666,True
42,online,Host-based,013,3,0.9585820259582585,True
42,online,Host-based,023,3,-1.900789891657765,False
42,online,Host-based,123,3,-2.0097343160638657,False
42,online,Host-based,01,2,1.4854415787622135,True
42,online,Host-based,02,2,0.20170747291604585,True
42,online,Host-based,03,2,-0.9881269277652289,False
42,online,Host-based,12,2,0.04118347335450645,True
42,online,Host-based,13,2,-1.0915472299275017,False
42,online,Host-based,23,2,-4.464822213574886,False
42,online,Host-based,0,1,0.40364660774999167,True
42,online,Host-based,1,1,0.7691597243579077,True
42,online,Host-based,2,1,-1.5765521305805015,False
42,online,Host-based,3,1,-3.6817335949692964,False
42,online,Work-proportional,012,3,0.7482565928488971,True
42,online,Work-proportional,013,3,0.5868064297404336,True
42,online,Work-proportional,023,3,-1.2258190289756419,False
42,online,Work-proportional,123,3,-1.8392645169265989,False
42,online,Work-proportional,01,2,0.6400009169428207,True
42,online,Work-proportional,02,2,0.4030132699966006,True
42,online,Work-proportional,03,2,-0.6849316613009289,False
42,online,Work-proportional,12,2,-0.26201179310979494,False
42,online,Work-proportional,13,2,-1.292853027008058,False
42,online,Work-proportional,23,2,-3.6193815517554935,False
42,online,Work-proportional,0,1,0.23317680861272333,True
42,online,Work-proportional,1,1,0.09418886167578322,True
42,online,Work-proportional,2,1,-1.2047765343626782,False
42,online,Work-proportional,3,1,-3.208068529367728,False
42,online,Stand-alone proportional,012,3,0.10381210516166095,True
42,online,Stand-alone proportional,013,3,0.5059647484483181,True
42,online,Stand-alone proportional,023,3,-0.7934123382320273,False
42,online,Stand-alone proportional,123,3,-1.5463850386908624,False
42,online,Stand-alone proportional,01,2,-0.08528525203653131,False
42,online,Stand-alone proportional,02,2,0.19097547305297946,True
42,online,Stand-alone proportional,03,2,-0.3333666518494298,False
42,online,Stand-alone proportional,12,2,-0.6135768025612944,False
42,online,Stand-alone proportional,13,2,-1.0808152300644371,False
42,online,Stand-alone proportional,23,2,-2.894095382776142,False
42,online,Stand-alone proportional,0,1,-0.059702669623013474,False
42,online,Stand-alone proportional,1,1,-0.33821782906783193,False
42,online,Stand-alone proportional,2,1,-1.1239348530705624,False
42,online,Stand-alone proportional,3,1,-2.563624041680492,False
42,online,Shapley,012,3,-0.9057442615370705,False
42,online,Shapley,013,3,0.007517322258268511,True
42,online,Shapley,023,3,-0.3406584895906857,False
42,online,Shapley,123,3,-0.49113509444342274,False
42,online,Shapley,01,2,-1.5932890449253123,False
42,online,Shapley,02,2,-0.36582704500441043,False
42,online,Shapley,03,2,-0.37906022939813777,False
42,online,Shapley,12,2,-0.5678832250125863,False
42,online,Shapley,13,2,-0.524012712007047,False
42,online,Shapley,23,2,-1.3860915898873607,False
42,online,Shapley,0,1,-1.114952613870453,False
42,online,Shapley,1,1,-0.7909716777091735,False
42,online,Shapley,2,1,-0.6254874268805128,False
42,online,Shapley,3,1,-1.5540676749817601,False
42,online,Dual (Theorem 3),012,3,-0.802411910490382,False
42,online,Dual (Theorem 3),013,3,-0.10249393614059876,False
42,online,Dual (Theorem 3),023,3,-0.4663516067105187,False
42,online,Dual (Theorem 3),123,3,-0.35876306997142393,False
42,online,Dual (Theorem 3),01,2,-1.5999679522774866,False
42,online,Dual (Theorem 3),02,2,-0.3881878110775504,False
42,online,Dual (Theorem 3),03,2,-0.6147646049168334,False
42,online,Dual (Theorem 3),12,2,-0.33217884949389487,False
42,online,Dual (Theorem 3),13,2,-0.501651945933911,False
42,online,Dual (Theorem 3),23,2,-1.3794126825351913,False
42,online,Dual (Theorem 3),0,1,-1.2473246383424559,False
42,online,Dual (Theorem 3),1,1,-0.6652785605893448,False
42,online,Dual (Theorem 3),2,1,-0.51547616848165,False
42,online,Dual (Theorem 3),3,1,-1.6574000260284532,False
43,hindsight,Origin-based,012,3,0.9382989413642697,True
43,hindsight,Origin-based,013,3,0.8967432256214845,True
43,hindsight,Origin-based,023,3,-2.00296874742736,False
43,hindsight,Origin-based,123,3,-2.041997451989035,False
43,hindsight,Origin-based,01,2,0.5283514439531698,True
43,hindsight,Origin-based,02,2,0.20227688031621982,True
43,hindsight,Origin-based,03,2,-0.7513443240427438,False
43,hindsight,Origin-based,12,2,0.23125978704065409,True
43,hindsight,Origin-based,13,2,-0.7737094079145397,False
43,hindsight,Origin-based,23,2,-4.599438284432727,False
43,hindsight,Origin-based,0,1,0.09915769308334968,True
43,hindsight,Origin-based,1,1,0.18107320279834294,True
43,hindsight,Origin-based,2,1,-1.9281405170467938,False
43,hindsight,Origin-based,3,1,-3.231011613193257,False
43,hindsight,Host-based,012,3,2.4930293854992707,True
43,hindsight,Host-based,013,3,1.765570412580098,True
43,hindsight,Host-based,023,3,-3.1980080633990005,False
43,hindsight,Host-based,123,3,-3.2705157671110117,False
43,hindsight,Host-based,01,2,2.9519090750467845,True
43,hindsight,Host-based,02,2,0.5619680084795813,True
43,hindsight,Host-based,03,2,-1.0775564530557693,False
43,hindsight,Host-based,12,2,0.5574719160536792,True
43,hindsight,Host-based,13,2,-1.133400536077902,False
43,hindsight,Host-based,23,2,-7.022995915526343,False
43,hindsight,Host-based,0,1,1.327676008205325,True
43,hindsight,Host-based,1,1,1.376112518769982,True
43,hindsight,Host-based,2,1,-2.796967704005408,False
43,hindsight,Host-based,3,1,-4.7857420573282585,False
43,hindsight,Work-proportional,012,3,1.2201622112901909,True
43,hindsight,Work-proportional,013,3,1.0364821295562838,True
43,hindsight,Work-proportional,023,3,-2.2586833414708867,False
43,hindsight,Work-proportional,123,3,-2.207885031806253,False
43,hindsight,Work-proportional,01,2,0.9499536178138979,True
43,hindsight,Work-proportional,02,2,0.22842555619862237,True
43,hindsight,Work-proportional,03,2,-0.8673200141514625,False
43,hindsight,Work-proportional,12,2,0.3472354771493653,True
43,hindsight,Work-proportional,13,2,-0.7998580837969502,False
43,hindsight,Work-proportional,23,2,-5.021040458293464,False
43,hindsight,Work-proportional,0,1,0.26504527290055935,True
43,hindsight,Work-proportional,1,1,0.4367877968418613,True
43,hindsight,Work-proportional,2,1,-2.067879420981601,False
43,hindsight,Work-proportional,3,1,-3.512874883119186,False
43,hindsight,Stand-alone proportional,012,3,0.49224458298370166,True
43,hindsight,Stand-alone proportional,013,3,0.6182619680979284,True
43,hindsight,Stand-alone proportional,023,3,-1.4857077757951913,False
43,hindsight,Stand-alone proportional,123,3,-1.8347228077171032,False
43,hindsight,Stand-alone proportional,01,2,-0.1961841719509465,False
43,hindsight,Stand-alone proportional,02,2,0.2734834935678281,True
43,hindsight,Stand-alone proportional,03,2,-0.512564609934123,False
43,hindsight,Stand-alone proportional,12,2,-0.007519927067974663,False
43,hindsight,Stand-alone proportional,13,2,-0.8449160211661559,False
43,hindsight,Stand-alone proportional,23,2,-3.8749026685286196,False
43,hindsight,Stand-alone proportional,0,1,-0.10811695118859002,False
43,hindsight,Stand-alone proportional,1,1,-0.3361877688338338,False
43,hindsight,Stand-alone proportional,2,1,-1.649659259523246,False
43,hindsight,Stand-alone proportional,3,1,-2.7849572548126966,False
43,hindsight,Shapley,012,3,-0.8195864873026066,False
43,hindsight,Shapley,013,3,-0.08656819919661585,False
43,hindsight,Shapley,023,3,-0.6246710345882782,False
43,hindsight,Shapley,123,3,-0.6790983113431652,False
43,hindsight,Shapley,01,2,-2.2128454095317993,False
43,hindsight,Shapley,02,2,-0.177310835511566,False
43,hindsight,Shapley,03,2,-0.3563580360217533,False
43,hindsight,Shapley,12,2,-0.16372650098034436,False
43,hindsight,Shapley,13,2,-0.3941216920867623,False
43,hindsight,Shapley,23,2,-1.8582414309477668,False
43,hindsight,Shapley,0,1,-1.2637414475625286,False
43,hindsight,Shapley,1,1,-1.197224510040748,False
43,hindsight,Shapley,2,1,-0.9448290922287015,False
43,hindsight,Shapley,3,1,-1.4731261845263885,False
43,hindsight,Dual (Theorem 3),012,3,-1.4142400535596038,False
43,hindsight,Dual (Theorem 3),013,3,-0.299402266954655,False
43,hindsight,Dual (Theorem 3),023,3,-0.2479258845062109,False
43,hindsight,Dual (Theorem 3),123,3,-0.24835582741017248,False
43,hindsight,Dual (Theorem 3),01,2,-3.020333043546843,False
43,hindsight,Dual (Theorem 3),02,2,-0.39521925168650385,False
43,hindsight,Dual (Theorem 3),03,2,-0.19244695369773268,False
43,hindsight,Dual (Theorem 3),12,2,-0.32763758330435655,False
43,hindsight,Dual (Theorem 3),13,2,-0.17621327591181668,False
43,hindsight,Dual (Theorem 3),23,2,-1.0507537969327156,False
43,hindsight,Dual (Theorem 3),0,1,-1.6944839314955131,False
43,hindsight,Dual (Theorem 3),1,1,-1.573969660122807,False
43,hindsight,Dual (Theorem 3),2,1,-0.7319950244706548,False
43,hindsight,Dual (Theorem 3),3,1,-0.8784726182693836,False
43,emissions-only,Shapley,012,3,-0.8195864873026104,False
43,emissions-only,Shapley,013,3,-0.08656819919661096,False
43,emissions-only,Shapley,023,3,-0.6246710345882587,False
43,emissions-only,Shapley,123,3,-0.6790983113431635,False
43,emissions-only,Shapley,01,2,-2.212845409531796,False
43,emissions-only,Shapley,02,2,-0.17731083551156224,False
43,emissions-only,Shapley,03,2,-0.35635803602175997,False
43,emissions-only,Shapley,12,2,-0.16372650098034036,False
43,emissions-only,Shapley,13,2,-0.3941216920867543,False
43,emissions-only,Shapley,23,2,-1.8582414309477882,False
43,emissions-only,Shapley,0,1,-1.2637414475625326,False
43,emissions-only,Shapley,1,1,-1.1972245100407417,False
43,emissions-only,Shapley,2,1,-0.9448290922286935,False
43,emissions-only,Shapley,3,1,-1.4731261845263859,False
43,emissions-only,Dual (Theorem 3),012,3,-1.4142400535596158,False
43,emissions-only,Dual (Theorem 3),013,3,-0.29940226695464656,False
43,emissions-only,Dual (Theorem 3),023,3,-0.24792588450618602,False
43,emissions-only,Dual (Theorem 3),123,3,-0.24835582741017426,False
43,emissions-only,Dual (Theorem 3),01,2,-3.020333043546844,False
43,emissions-only,Dual (Theorem 3),02,2,-0.3952192516865023,False
43,emissions-only,Dual (Theorem 3),03,2,-0.19244695369773002,False
43,emissions-only,Dual (Theorem 3),12,2,-0.3276375833043632,False
43,emissions-only,Dual (Theorem 3),13,2,-0.1762132759118078,False
43,emissions-only,Dual (Theorem 3),23,2,-1.0507537969327334,False
43,emissions-only,Dual (Theorem 3),0,1,-1.694483931495515,False
43,emissions-only,Dual (Theorem 3),1,1,-1.573969660122807,False
43,emissions-only,Dual (Theorem 3),2,1,-0.7319950244706512,False
43,emissions-only,Dual (Theorem 3),3,1,-0.8784726182693738,False
43,online,Origin-based,012,3,0.7175135203107965,True
43,online,Origin-based,013,3,1.0319671932506438,True
43,online,Origin-based,023,3,-1.9048567298182997,False
43,online,Origin-based,123,3,-1.97002731040629,False
43,online,Origin-based,01,2,0.4567962842201314,True
43,online,Origin-based,02,2,-0.2557701620383537,False
43,online,Origin-based,03,2,-0.5505945624808155,False
43,online,Origin-based,12,2,-0.12516475330017984,False
43,online,Origin-based,13,2,-0.638835748893003,False
43,online,Origin-based,23,2,-4.372786495952485,False
43,online,Origin-based,0,1,0.07597410447140324,True
43,online,Origin-based,1,1,0.1300417946392851,True
43,online,Origin-based,2,1,-2.1050289591659244,False
43,online,Origin-based,3,1,-2.883113600377264,False
43,online,Host-based,012,3,2.168065584934848,True
43,online,Host-based,013,3,1.9690460624317616,True
43,online,Host-based,023,3,-3.074622211902799,False
43,online,Host-based,123,3,-3.1878927621269613,False
43,online,Host-based,01,2,2.8444272180253005,True
43,online,Host-based,02,2,0.02501642050119912,True
43,online,Host-based,03,2,-0.7832811753841962,False
43,online,Host-based,12,2,0.10752185960320082,True
43,online,Host-based,13,2,-0.9196223314325565,False
43,online,Host-based,23,2,-6.760417429757655,False
43,online,Host-based,0,1,1.2938395561920741,True
43,online,Host-based,1,1,1.2998072767237838,True
43,online,Host-based,2,1,-3.042107828347042,False
43,online,Host-based,3,1,-4.333665665001316,False
43,online,Work-proportional,012,3,1.3009541999423178,True
43,online,Work-proportional,013,3,0.9958288193558991,True
43,online,Work-proportional,023,3,-2.2568017924859847,False
43,online,Work-proportional,123,3,-2.1653845534753824,False
43,online,Work-proportional,01,2,1.004098589956908,True
43,online,Work-proportional,02,2,-0.02427454507451632,False
43,online,Work-proportional,03,2,-0.9386779990432448,False
43,online,Work-proportional,12,2,0.262918683262249,True
43,online,Work-proportional,13,2,-0.870331365856841,False
43,online,Work-proportional,23,2,-4.920088801689262,False
43,online,Work-proportional,0,1,0.2713313475404957,True
43,online,Work-proportional,1,1,0.4819868573069692,True
43,online,Work-proportional,2,1,-2.0688905852711796,False
43,online,Work-proportional,3,1,-3.466554280008786,False
43,online,Stand-alone proportional,012,3,0.5492891519185128,True
43,online,Stand-alone proportional,013,3,0.5477739768565222,True
43,online,Stand-alone proportional,023,3,-1.4421705559864728,False
43,online,Stand-alone proportional,123,3,-1.7802958994517137,False
43,online,Stand-alone proportional,01,2,-0.1956213005662738,False
43,online,Stand-alone proportional,02,2,0.03869164340119102,True
43,online,Stand-alone proportional,03,2,-0.5721016050431094,False
43,online,Stand-alone proportional,12,2,-0.10365771073788688,False
43,online,Stand-alone proportional,13,2,-0.9332975543325488,False
43,online,Stand-alone proportional,23,2,-3.72036891116608,False
43,online,Stand-alone proportional,0,1,-0.11375730648317364,False
43,online,Stand-alone proportional,1,1,-0.33264437919254314,False
43,online,Stand-alone proportional,2,1,-1.6208357427718028,False
43,online,Stand-alone proportional,3,1,-2.7148892319849813,False
43,online,Shapley,012,3,-0.7311417567884364,False
43,online,Shapley,013,3,-0.12739519508554364,False
43,online,Shapley,023,3,-0.5991680269767752,False
43,online,Shapley,123,3,-0.6676983478123937,False
43,online,Shapley,01,2,-2.151221381215289,False
43,online,Shapley,02,2,-0.3987367362960621,False
43,online,Shapley,03,2,-0.40426824797547845,False
43,online,Shapley,12,2,-0.27149106780551646,False
43,online,Shapley,13,2,-0.49586917463529456,False
43,online,Shapley,23,2,-1.7647688305170641,False
43,online,Shapley,0,1,-1.226354858122493,False
43,online,Shapley,1,1,-1.1756469082022394,False
43,online,Shapley,2,1,-0.9456665708297365,False
43,online,Shapley,3,1,-1.4344583232780312,False
43,online,Dual (Theorem 3),012,3,-1.3334480649074765,False
43,online,Dual (Theorem 3),013,3,-0.34005557715503976,False
43,online,Dual (Theorem 3),023,3,-0.2460443355213089,False
43,online,Dual (Theorem 3),123,3,-0.2058553490793038,False
43,online,Dual (Theorem 3),01,2,-2.966188071403833,False
43,online,Dual (Theorem 3),02,2,-0.6479193529596425,False
43,online,Dual (Theorem 3),03,2,-0.2638049385895149,False
43,online,Dual (Theorem 3),12,2,-0.4119543771914733,False
43,online,Dual (Theorem 3),13,2,-0.24668655797170747,False
43,online,Dual (Theorem 3),23,2,-0.9498021403285133,False
43,online,Dual (Theorem 3),0,1,-1.6881978568555767,False
43,online,Dual (Theorem 3),1,1,-1.5287705996576992,False
43,online,Dual (Theorem 3),2,1,-0.7330061887602333,False
43,online,Dual (Theorem 3),3,1,-0.8321520151589841,False
44,hindsight,Origin-based,012,3,1.2483767088250044,True
44,hindsight,Origin-based,013,3,0.8261531365879042,True
44,hindsight,Origin-based,023,3,-2.1750815519512203,False
44,hindsight,Origin-based,123,3,-2.449146099217642,False
44,hindsight,Origin-based,01,2,0.5907912180939849,True
44,hindsight,Origin-based,02,2,0.6101754090894069,True
44,hindsight,Origin-based,03,2,-0.993406259574992,False
44,hindsight,Origin-based,12,2,0.2746497565449242,True
44,hindsight,Origin-based,13,2,-1.28462227972408,False
44,hindsight,Origin-based,23,2,-5.369744741895561,False
44,hindsight,Origin-based,0,1,0.0972456263259662,True
44,hindsight,Origin-based,1,1,0.16790947619901686,True
44,hindsight,Origin-based,2,1,-1.7616520155608806,False
44,hindsight,Origin-based,3,1,-4.117842773536978,False
44,hindsight,Host-based,012,3,2.9775694380418845,True
44,hindsight,Host-based,013,3,1.3919187645546192,True
44,hindsight,Host-based,023,3,-3.4217777637216797,False
44,hindsight,Host-based,123,3,-3.4974082446307744,False
44,hindsight,Host-based,01,2,2.885749575277579,True
44,hindsight,Host-based,02,2,1.0926719265358258,True
44,hindsight,Host-based,03,2,-1.674336843378737,False
44,hindsight,Host-based,12,2,0.9555803403486705,True
44,hindsight,Host-based,13,2,-1.7671187971704976,False
44,hindsight,Host-based,23,2,-7.664703099079153,False
44,hindsight,Host-based,0,1,1.1455077717390993,True
44,hindsight,Host-based,1,1,1.4146056879694773,True
44,hindsight,Host-based,2,1,-2.327417643527595,False
44,hindsight,Host-based,3,1,-5.847035502753856,False
44,hindsight,Work-proportional,012,3,1.425780520347442,True
44,hindsight,Work-proportional,013,3,1.1454449684179266,True
44,hindsight,Work-proportional,023,3,-2.4355257053830393,False
44,hindsight,Work-proportional,123,3,-2.685397589138324,False
44,hindsight,Work-proportional,01,2,1.087486861446459,True
44,hindsight,Work-proportional,02,2,0.527135067180039,True
44,hindsight,Work-proportional,03,2,-0.9345585811767747,False
44,hindsight,Work-proportional,12,2,0.2158020781466936,True
44,hindsight,Work-proportional,13,2,-1.2015819378147254,False
44,hindsight,Work-proportional,23,2,-5.8664403852480485,False
44,hindsight,Work-proportional,0,1,0.3334971162466347,True
44,hindsight,Work-proportional,1,1,0.42835362963082246,True
44,hindsight,Work-proportional,2,1,-2.080943847390917,False
44,hindsight,Work-proportional,3,1,-4.29524658505943,False
44,hindsight,Stand-alone proportional,012,3,0.445463010831209,True
44,hindsight,Stand-alone proportional,013,3,0.8396134563081548,True
44,hindsight,Stand-alone proportional,023,3,-1.6016519942755387,False
44,hindsight,Stand-alone proportional,123,3,-2.2331222786198213,False
44,hindsight,Stand-alone proportional,01,2,-0.19866216017954574,False
44,hindsight,Stand-alone proportional,02,2,0.3806912687713073,True
44,hindsight,Stand-alone proportional,03,2,-0.40651638217904473,False
44,hindsight,Stand-alone proportional,12,2,-0.3122401208510368,False
44,hindsight,Stand-alone proportional,13,2,-1.0551381394059947,False
44,hindsight,Stand-alone proportional,23,2,-4.5802913636220435,False
44,hindsight,Stand-alone proportional,0,1,-0.11877819427186831,False
44,hindsight,Stand-alone proportional,1,1,-0.40552008147667934,False
44,hindsight,Stand-alone proportional,2,1,-1.7751123352811453,False
44,hindsight,Stand-alone proportional,3,1,-3.314929075543197,False
44,hindsight,Shapley,012,3,-1.0452587673045026,False
44,hindsight,Shapley,013,3,-0.014201945314969766,False
44,hindsight,Shapley,023,3,-0.6942148618917443,False
44,hindsight,Shapley,123,3,-0.7960222312447804,False
44,hindsight,Shapley,01,2,-2.543199339938382,False
44,hindsight,Shapley,02,2,-0.20259337698060964,False
44,hindsight,Shapley,03,2,-0.3528946514183753,False
44,hindsight,Shapley,12,2,-0.36586185161170715,False
44,hindsight,Shapley,13,2,-0.4718534936540779,False
44,hindsight,Shapley,23,2,-2.2357541838632082,False
44,hindsight,Shapley,0,1,-1.5558782416469097,False
44,hindsight,Shapley,1,1,-1.3129572138604737,False
44,hindsight,Shapley,2,1,-0.921296933658021,False
44,hindsight,Shapley,3,1,-1.8242072974074857,False
44,hindsight,Dual (Theorem 3),012,3,-1.6749506611740497,False
44,hindsight,Dual (Theorem 3),013,3,-0.30514505768802636,False
44,hindsight,Dual (Theorem 3),023,3,-0.3098392489972639,False
44,hindsight,Dual (Theorem 3),123,3,-0.2597628378966128,False
44,hindsight,Dual (Theorem 3),01,2,-3.4638343461809997,False
44,hindsight,Dual (Theorem 3),02,2,-0.44790965795569115,False
44,hindsight,Dual (Theorem 3),03,2,-0.2594621508969661,False
44,hindsight,Dual (Theorem 3),12,2,-0.4592943521331012,False
44,hindsight,Dual (Theorem 3),13,2,-0.22653721267898153,False
44,hindsight,Dual (Theorem 3),23,2,-1.3151191776205753,False
44,hindsight,Dual (Theorem 3),0,1,-2.0921376349950624,False
44,hindsight,Dual (Theorem 3),1,1,-1.6973328267549395,False
44,hindsight,Dual (Theorem 3),2,1,-0.6303538212849498,False
44,hindsight,Dual (Theorem 3),3,1,-1.194515403537924,False
44,emissions-only,Shapley,012,3,-1.0452587673044993,False
44,emissions-only,Shapley,013,3,-0.014201945314965325,False
44,emissions-only,Shapley,023,3,-0.6942148618917354,False
44,emissions-only,Shapley,123,3,-0.796022231244768,False
44,emissions-only,Shapley,01,2,-2.543199339938376,False
44,emissions-only,Shapley,02,2,-0.2025933769806052,False
44,emissions-only,Shapley,03,2,-0.3528946514183722,False
44,emissions-only,Shapley,12,2,-0.3658618516117018,False
44,emissions-only,Shapley,13,2,-0.47185349365406903,False
44,emissions-only,Shapley,23,2,-2.2357541838632162,False
44,emissions-only,Shapley,0,1,-1.5558782416469035,False
44,emissions-only,Shapley,1,1,-1.3129572138604741,False
44,emissions-only,Shapley,2,1,-0.9212969336580161,False
44,emissions-only,Shapley,3,1,-1.824207297407483,False
44,emissions-only,Dual (Theorem 3),012,3,-1.6749506611740523,False
44,emissions-only,Dual (Theorem 3),013,3,-0.3051450576880299,False
44,emissions-only,Dual (Theorem 3),023,3,-0.3098392489972541,False
44,emissions-only,Dual (Theorem 3),123,3,-0.2597628378965906,False
44,emissions-only,Dual (Theorem 3),01,2,-3.4638343461810073,False
44,emissions-only,Dual (Theorem 3),02,2,-0.4479096579556905,False
44,emissions-only,Dual (Theorem 3),03,2,-0.2594621508969688,False
44,emissions-only,Dual (Theorem 3),12,2,-0.45929435213309144,False
44,emissions-only,Dual (Theorem 3),13,2,-0.22653721267896998,False
44,emissions-only,Dual (Theorem 3),23,2,-1.31511917762057,False
44,emissions-only,Dual (Theorem 3),0,1,-2.092137634995067,False
44,emissions-only,Dual (Theorem 3),1,1,-1.697332826754942,False
44,emissions-only,Dual (Theorem 3),2,1,-0.6303538212849378,False
44,emissions-only,Dual (Theorem 3),3,1,-1.194515403537916,False
44,online,Origin-based,012,3,1.2008790320574478,True
44,online,Origin-based,013,3,0.8234071212714609,True
44,online,Origin-based,023,3,-2.160906827938641,False
44,online,Origin-based,123,3,-2.3790737334529517,False
44,online,Origin-based,01,2,0.521260227839136,True
44,online,Origin-based,02,2,0.4760340565232073,True
44,online,Origin-based,03,2,-1.0132302768584744,False
44,online,Origin-based,12,2,0.22943779207054593,True
44,online,Origin-based,13,2,-1.291695272461662,False
44,online,Origin-based,23,2,-5.189241816243201,False
44,online,Origin-based,0,1,0.04024354606932662,True
44,online,Origin-based,1,1,0.15488053545486813,True
44,online,Origin-based,2,1,-1.6709819469365699,False
44,online,Origin-based,3,1,-4.021424973417455,False
44,online,Host-based,012,3,2.87134998361449,True
44,online,Host-based,013,3,1.3478935016216047,True
44,online,Host-based,023,3,-3.385695353433859,False
44,online,Host-based,123,3,-3.3492425398649157,False
44,online,Host-based,01,2,2.7162175597463203,True
44,online,Host-based,02,2,0.9217164825850297,True
44,online,Host-based,03,2,-1.7135324220035493,False
44,online,Host-based,12,2,0.9297399372156221,True
44,online,Host-based,13,2,-1.737377698523483,False
44,online,Host-based,23,2,-7.384199148150384,False
44,online,Host-based,0,1,1.010412352481292,True
44,online,Host-based,1,1,1.3796690609500872,True
44,online,Host-based,2,1,-2.1954683272867124,False
44,online,Host-based,3,1,-5.691895924974496,False
44,online,Work-proportional,012,3,1.4764986400618794,True
44,online,Work-proportional,013,3,1.149759945702507,True
44,online,Work-proportional,023,3,-2.4824890322433175,False
44,online,Work-proportional,123,3,-2.6594639615837554,False
44,online,Work-proportional,01,2,1.1232326602746139,True
44,online,Work-proportional,02,2,0.43007146022296316,True
44,online,Work-proportional,03,2,-1.0084596567321045,False
44,online,Work-proportional,12,2,0.22466717194417463,True
44,online,Work-proportional,13,2,-1.2457326761614187,False
44,online,Work-proportional,23,2,-5.79121424867868,False
44,online,Work-proportional,0,1,0.32063377420012923,True
44,online,Work-proportional,1,1,0.4764627397595438,True
44,online,Work-proportional,2,1,-1.9973347713676166,False
44,online,Work-proportional,3,1,-4.297044581421888,False
44,online,Stand-alone proportional,012,3,0.4350735121405651,True
44,online,Stand-alone proportional,013,3,0.861805589432425,True
44,online,Stand-alone proportional,023,3,-1.6077449082014903,False
44,online,Stand-alone proportional,123,3,-2.2048286014341887,False
44,online,Stand-alone proportional,01,2,-0.20614682391678096,False
44,online,Stand-alone proportional,02,2,0.263390456343477,True
44,online,Stand-alone proportional,03,2,-0.42166988896035784,False
44,online,Stand-alone proportional,12,2,-0.36212259582757245,False
44,online,Stand-alone proportional,13,2,-1.0790516722819339,False
44,online,Stand-alone proportional,23,2,-4.4618347644872856,False
44,online,Stand-alone proportional,0,1,-0.1340015859494375,False
44,online,Stand-alone proportional,1,1,-0.39828138428228455,False
44,online,Stand-alone proportional,2,1,-1.7093804150975358,False
44,online,Stand-alone proportional,3,1,-3.2556194535005742,False
44,online,Shapley,012,3,-1.0181648873699447,False
44,online,Shapley,013,3,0.015401080585341287,True
44,online,Shapley,023,3,-0.7083919389080027,False
44,online,Shapley,123,3,-0.8045386623700823,False
44,online,Shapley,01,2,-2.5057897322743745,False
44,online,Shapley,02,2,-0.2904949738735456,False
44,online,Shapley,03,2,-0.3687214285139544,False
44,online,Shapley,12,2,-0.4150710562739759,False
44,online,Shapley,13,2,-0.5251662420649108,False
44,online,Shapley,23,2,-2.1621918561296916,False
44,online,Shapley,0,1,-1.534291525013544,False
44,online,Shapley,1,1,-1.2976343535757713,False
44,online,Shapley,2,1,-0.8629759062504521,False
44,online,Shapley,3,1,-1.8023810539900644,False
44,online,Dual (Theorem 3),012,3,-1.6242325414596133,False
44,online,Dual (Theorem 3),013,3,-0.3008300804034465,False
44,online,Dual (Theorem 3),023,3,-0.35680257585754127,False
44,online,Dual (Theorem 3),123,3,-0.23382921034204251,False
44,online,Dual (Theorem 3),01,2,-3.4280885473528455,False
44,online,Dual (Theorem 3),02,2,-0.5449732649127672,False
44,online,Dual (Theorem 3),03,2,-0.33336322645229544,False
44,online,Dual (Theorem 3),12,2,-0.4504292583356202,False
44,online,Dual (Theorem 3),13,2,-0.2706879510256748,False
44,online,Dual (Theorem 3),23,2,-1.2398930410512072,False
44,online,Dual (Theorem 3),0,1,-2.105000977041568,False
44,online,Dual (Theorem 3),1,1,-1.6492237166262185,False
44,online,Dual (Theorem 3),2,1,-0.5467447452616496,False
44,online,Dual (Theorem 3),3,1,-1.1963133999003812,False
45,hindsight,Origin-based,012,3,0.9936823130449821,True
45,hindsight,Origin-based,013,3,0.4716860215281775,True
45,hindsight,Origin-based,023,3,-1.4583161485491019,False
45,hindsight,Origin-based,123,3,-2.0826888695888934,False
45,hindsight,Origin-based,01,2,0.502595342876075,True
45,hindsight,Origin-based,02,2,0.7403050350135355,True
45,hindsight,Origin-based,03,2,-0.8097749733717612,False
45,hindsight,Origin-based,12,2,0.14552467685468162,True
45,hindsight,Origin-based,13,2,-1.3844378726051136,False
45,hindsight,Origin-based,23,2,-4.266598227557599,False
45,hindsight,Origin-based,0,1,0.03726211308752139,True
45,hindsight,Origin-based,1,1,0.09234463738962384,True
45,hindsight,Origin-based,2,1,-1.1250583273840733,False
45,hindsight,Origin-based,3,1,-3.719505552749397,False
45,hindsight,Host-based,012,3,2.238751539569975,True
45,hindsight,Host-based,013,3,0.7794153029836952,True
45,hindsight,Host-based,023,3,-2.398371967546936,False
45,hindsight,Host-based,123,3,-2.695431558571569,False
45,hindsight,Host-based,01,2,2.0553938508565857,True
45,hindsight,Host-based,02,2,1.0453184425406938,True
45,hindsight,Host-based,03,2,-1.4421015109140782,False
45,hindsight,Host-based,12,2,0.7778512143969984,True
45,hindsight,Host-based,13,2,-1.689451280132272,False
45,hindsight,Host-based,23,2,-5.819396735538109,False
45,hindsight,Host-based,0,1,0.6500048020701974,True
45,hindsight,Host-based,1,1,1.032400456387458,True
45,hindsight,Host-based,2,1,-1.4327876088395906,False
45,hindsight,Host-based,3,1,-4.964574779274391,False
45,hindsight,Work-proportional,012,3,0.9640271289439184,True
45,hindsight,Work-proportional,013,3,0.7420205706741467,True
45,hindsight,Work-proportional,023,3,-1.4708951604756075,False
45,hindsight,Work-proportional,123,3,-2.3107892227073066,False
45,hindsight,Work-proportional,01,2,0.7432747079209852,True
45,hindsight,Work-proportional,02,2,0.6980708389859708,True
45,hindsight,Work-proportional,03,2,-0.5520194361522934,False
45,hindsight,Work-proportional,12,2,-0.1122308603647908,False
45,hindsight,Work-proportional,13,2,-1.3422036765775531,False
45,hindsight,Work-proportional,23,2,-4.507277592602513,False
45,hindsight,Work-proportional,0,1,0.2653624662059303,True
45,hindsight,Work-proportional,1,1,0.10492364931612519,True
45,hindsight,Work-proportional,2,1,-1.395392876530047,False
45,hindsight,Work-proportional,3,1,-3.6898503686483384,False
45,hindsight,Stand-alone proportional,012,3,0.21788503335968867,True
45,hindsight,Stand-alone proportional,013,3,0.6181625731330422,True
45,hindsight,Stand-alone proportional,023,3,-0.9399951453272135,False
45,hindsight,Stand-alone proportional,123,3,-1.9716891447303642,False
45,hindsight,Stand-alone proportional,01,2,-0.12672538520434995,False
45,hindsight,Stand-alone proportional,02,2,0.48282875855013396,True
45,hindsight,Stand-alone proportional,03,2,-0.1449774185450048,False
45,hindsight,Stand-alone proportional,12,2,-0.5192728779720786,False
45,hindsight,Stand-alone proportional,13,2,-1.1269615961417156,False
45,hindsight,Stand-alone proportional,23,2,-3.6372774994771775,False
45,hindsight,Stand-alone proportional,0,1,-0.07373761177101176,False
45,hindsight,Stand-alone proportional,1,1,-0.42597636583226794,False
45,hindsight,Stand-alone proportional,2,1,-1.2715348789889416,False
45,hindsight,Stand-alone proportional,3,1,-2.9437082730641078,False
45,hindsight,Shapley,012,3,-1.0115399490687538,False
45,hindsight,Shapley,013,3,0.018618691349332916,True
45,hindsight,Shapley,023,3,-0.42150665664178355,False
45,hindsight,Shapley,123,3,-0.661208769203645,False
45,hindsight,Shapley,01,2,-1.9556942494165008,False
45,hindsight,Shapley,02,2,-0.22810773519287764,False
45,hindsight,Shapley,03,2,-0.22603281164328326,False
45,hindsight,Shapley,12,2,-0.43821748487380097,False
45,hindsight,Shapley,13,2,-0.41602510239870494,False
45,hindsight,Shapley,23,2,-1.8083086352650275,False
45,hindsight,Shapley,0,1,-1.3842179872977318,False
45,hindsight,Shapley,1,1,-0.9444648545176988,False
45,hindsight,Shapley,2,1,-0.6719909972052331,False
45,hindsight,Shapley,3,1,-1.7142832906356662,False
45,hindsight,Dual (Theorem 3),012,3,-1.1764664723127014,False
45,hindsight,Dual (Theorem 3),013,3,-0.17622921222098187,False
45,hindsight,Dual (Theorem 3),023,3,-0.39466611708215016,False
45,hindsight,Dual (Theorem 3),123,3,-0.32827488194899956,False
45,hindsight,Dual (Theorem 3),01,2,-2.315468676230769,False
45,hindsight,Dual (Theorem 3),02,2,-0.366193718877197,False
45,hindsight,Dual (Theorem 3),03,2,-0.39404017565397,False
45,hindsight,Dual (Theorem 3),12,2,-0.2702101208631089,False
45,hindsight,Dual (Theorem 3),13,2,-0.2779391187143805,False
45,hindsight,Dual (Theorem 3),23,2,-1.448534208450754,False
45,hindsight,Dual (Theorem 3),0,1,-1.7171518745523715,False
45,hindsight,Dual (Theorem 3),1,1,-0.9713053940773271,False
45,hindsight,Dual (Theorem 3),2,1,-0.4771430936349128,False
45,hindsight,Dual (Theorem 3),3,1,-1.5493567673917132,False
45,emissions-only,Shapley,012,3,-1.0115399490687556,False
45,emissions-only,Shapley,013,3,0.018618691349340466,True
45,emissions-only,Shapley,023,3,-0.42150665664176845,False
45,emissions-only,Shapley,123,3,-0.6612087692036415,False
45,emissions-only,Shapley,01,2,-1.9556942494164997,False
45,emissions-only,Shapley,02,2,-0.2281077351928783,False
45,emissions-only,Shapley,03,2,-0.22603281164328637,False
45,emissions-only,Shapley,12,2,-0.43821748487379875,False
45,emissions-only,Shapley,13,2,-0.4160251023986956,False
45,emissions-only,Shapley,23,2,-1.8083086352650328,False
45,emissions-only,Shapley,0,1,-1.3842179872977336,False
45,emissions-only,Shapley,1,1,-0.9444648545176957,False
45,emissions-only,Shapley,2,1,-0.6719909972052285,False
45,emissions-only,Shapley,3,1,-1.7142832906356729,False
45,emissions-only,Dual (Theorem 3),012,3,-1.1764664723127052,False
45,emissions-only,Dual (Theorem 3),013,3,-0.1762292122209752,False
45,emissions-only,Dual (Theorem 3),023,3,-0.3946661170821315,False
45,emissions-only,Dual (Theorem 3),123,3,-0.3282748819489978,False
45,emissions-only,Dual (Theorem 3),01,2,-2.31546867623077,False
45,emissions-only,Dual (Theorem 3),02,2,-0.3661937188771959,False
45,emissions-only,Dual (Theorem 3),03,2,-0.39404017565397,False
45,emissions-only,Dual (Theorem 3),12,2,-0.27021012086311,False
45,emissions-only,Dual (Theorem 3),13,2,-0.27793911871437293,False
45,emissions-only,Dual (Theorem 3),23,2,-1.4485342084507566,False
45,emissions-only,Dual (Theorem 3),0,1,-1.717151874552372,False
45,emissions-only,Dual (Theorem 3),1,1,-0.9713053940773277,False
45,emissions-only,Dual (Theorem 3),2,1,-0.4771430936349077,False
45,emissions-only,Dual (Theorem 3),3,1,-1.5493567673917181,False
45,online,Origin-based,012,3,0.9458094965704549,True
45,online,Origin-based,013,3,0.5104778207714848,True
45,online,Origin-based,023,3,-1.4329388000760779,False
45,online,Origin-based,123,3,-2.0347765122509998,False
45,online,Origin-based,01,2,0.4937989175956836,True
45,online,Origin-based,02,2,0.6670275064129355,True
45,online,Origin-based,03,2,-0.8211754095593919,False
45,online,Origin-based,12,2,0.09236562636652579,True
45,online,Origin-based,13,2,-1.3856497590136954,False
45,online,Origin-based,23,2,-4.215658872695306,False
45,online,Origin-based,0,1,0.01381529557562991,True
45,online,Origin-based,1,1,0.0988849735703804,True
45,online,Origin-based,2,1,-1.1698140740867586,False
45,online,Origin-based,3,1,-3.652373955500429,False
45,online,Host-based,012,3,2.198462280235379,True
45,online,Host-based,013,3,0.8171108504019395,True
45,online,Host-based,023,3,-2.373852572577498,False
45,online,Host-based,123,3,-2.6531485530449603,False
45,online,Host-based,01,2,2.0530847308910634,True
45,online,Host-based,02,2,0.9787665175764405,True
45,online,Host-based,03,2,-1.4554561524303566,False
45,online,Host-based,12,2,0.72664636923749,True
45,online,Host-based,13,2,-1.6973887701772008,False
45,online,Host-based,23,2,-5.774944685990686,False
45,online,Host-based,0,1,0.6321873363695902,True
45,online,Host-based,1,1,1.0397987460718001,True
45,online,Host-based,2,1,-1.4764471037172142,False
45,online,Host-based,3,1,-4.905026739165354,False
45,online,Work-proportional,012,3,1.0066064338867806,True
45,online,Work-proportional,013,3,0.7292393149926109,True
45,online,Work-proportional,023,3,-1.4550935472014048,False
45,online,Work-proportional,123,3,-2.292180196663126,False
45,online,Work-proportional,01,2,0.7733573491331363,True
45,online,Work-proportional,02,2,0.705669696603935,True
45,online,Work-proportional,03,2,-0.624568662463592,False
45,online,Work-proportional,12,2,-0.10424112072927416,False
45,online,Work-proportional,13,2,-1.424291949204695,False
45,online,Work-proportional,23,2,-4.495217304232758,False
45,online,Work-proportional,0,1,0.27121897998775596,True
45,online,Work-proportional,1,1,0.12103972069570701,True
45,online,Work-proportional,2,1,-1.3885755683078853,False
45,online,Work-proportional,3,1,-3.7131708928167546,False
45,online,Stand-alone proportional,012,3,0.2272958921319288,True
45,online,Stand-alone proportional,013,3,0.604532592205167,True
45,online,Stand-alone proportional,023,3,-0.9022127285111399,False
45,online,Stand-alone proportional,123,3,-1.941043750811093,False
45,online,Stand-alone proportional,01,2,-0.13065991540916022,False
45,online,Stand-alone proportional,02,2,0.479239973539347,True
45,online,Stand-alone proportional,03,2,-0.1963945665607718,False
45,online,Stand-alone proportional,12,2,-0.5324152166320939,False
45,online,Stand-alone proportional,13,2,-1.1978622261401068,False
45,online,Stand-alone proportional,23,2,-3.591200039690462,False
45,online,Stand-alone proportional,0,1,-0.07991746586427632,False
45,online,Stand-alone proportional,1,1,-0.43184109799455717,False
45,online,Stand-alone proportional,2,1,-1.263868845520441,False
45,online,Stand-alone proportional,3,1,-2.9338603510619023,False
45,online,Shapley,012,3,-1.0017196813021314,False
45,online,Shapley,013,3,0.029948878861870032,True
45,online,Shapley,023,3,-0.39996576500673253,False
45,online,Shapley,123,3,-0.6396914275381445,False
45,online,Shapley,01,2,-1.934259202186517,False
45,online,Shapley,02,2,-0.24752863639030498,False
45,online,Shapley,03,2,-0.26873131639966097,False
45,online,Shapley,12,2,-0.4600784667932054,False
45,online,Shapley,13,2,-0.4710936162104553,False
45,online,Shapley,23,2,-1.7876007529131055,False
45,online,Shapley,0,1,-1.381269789137225,False
45,online,Shapley,1,1,-0.9340880614989653,False
45,online,Shapley,2,1,-0.6892851321771443,False
45,online,Shapley,3,1,-1.7048447776278426,False
45,online,Dual (Theorem 3),012,3,-1.1338871673698394,False
45,online,Dual (Theorem 3),013,3,-0.18901046790251774,False
45,online,Dual (Theorem 3),023,3,-0.37886450380794745,False
45,online,Dual (Theorem 3),123,3,-0.3096658559048189,False
45,online,Dual (Theorem 3),01,2,-2.285386035018618,False
45,online,Dual (Theorem 3),02,2,-0.358594861259233,False
45,online,Dual (Theorem 3),03,2,-0.46658940196526855,False
45,online,Dual (Theorem 3),12,2,-0.2622203812275925,False
45,online,Dual (Theorem 3),13,2,-0.36002739134152195,False
45,online,Dual (Theorem 3),23,2,-1.4364739200809993,False
45,online,Dual (Theorem 3),0,1,-1.711295360770546,False
45,online,Dual (Theorem 3),1,1,-0.9551893226977453,False
45,online,Dual (Theorem 3),2,1,-0.4703257854127514,False
45,online,Dual (Theorem 3),3,1,-1.5726772915601295,False
46,hindsight,Origin-based,012,3,0.7017050600256226,True
46,hindsight,Origin-based,013,3,0.46981877676744443,True
46,hindsight,Origin-based,023,3,-1.3247023781759375,False
46,hindsight,Origin-based,123,3,-1.5503142770182219,False
46,hindsight,Origin-based,01,2,0.36481676542165214,True
46,hindsight,Origin-based,02,2,0.44802279206367046,True
46,hindsight,Origin-based,03,2,-0.729762828513062,False
46,hindsight,Origin-based,12,2,0.15930181624627737,True
46,hindsight,Origin-based,13,2,-0.9246062865514726,False
46,hindsight,Origin-based,23,2,-3.400599467248071,False
46,hindsight,Origin-based,0,1,0.027159794488693392,True
46,hindsight,Origin-based,1,1,0.0658011859488356,True
46,hindsight,Origin-based,2,1,-1.0316687897229988,False
46,hindsight,Origin-based,3,1,-3.026358878454248,False
46,hindsight,Host-based,012,3,1.6978126943376384,True
46,hindsight,Host-based,013,3,0.7441732777438073,True
46,hindsight,Host-based,023,3,-2.2030858336431516,False
46,hindsight,Host-based,123,3,-1.9423929568393858,False
46,hindsight,Host-based,01,2,1.6352789007100308,True
46,hindsight,Host-based,02,2,0.565746970908472,True
46,hindsight,Host-based,03,2,-1.3337917830039132,False
46,hindsight,Host-based,12,2,0.7633307707371291,True
46,hindsight,Host-based,13,2,-1.0423304653962742,False
46,hindsight,Host-based,23,2,-4.671061602536449,False
46,hindsight,Host-based,0,1,0.41923847430985783,True
46,hindsight,Host-based,1,1,0.94418464141605,True
46,hindsight,Host-based,2,1,-1.3060232906993616,False
46,hindsight,Host-based,3,1,-4.022466512766264,False
46,hindsight,Work-proportional,012,3,0.8544534143775527,True
46,hindsight,Work-proportional,013,3,0.6110611120572955,True
46,hindsight,Work-proportional,023,3,-1.4008027529147271,False
46,hindsight,Work-proportional,123,3,-1.7682045919211737,False
46,hindsight,Work-proportional,01,2,0.6588074550634202,True
46,hindsight,Work-proportional,02,2,0.5246707716767981,True
46,hindsight,Work-proportional,03,2,-0.6646208679620138,False
46,hindsight,Work-proportional,12,2,0.09415985569524254,True
46,hindsight,Work-proportional,13,2,-1.0012542661645871,False
46,hindsight,Work-proportional,23,2,-3.694590156889826,False
46,hindsight,Work-proportional,0,1,0.24505010939165875,True
46,hindsight,Work-proportional,1,1,0.14190156068763832,True
46,hindsight,Work-proportional,2,1,-1.1729111250128366,False
46,hindsight,Work-proportional,3,1,-3.1791072328061656,False
46,hindsight,Stand-alone proportional,012,3,0.2457022633073379,True
46,hindsight,Stand-alone proportional,013,3,0.5231229468276097,True
46,hindsight,Stand-alone proportional,023,3,-1.0012098627905361,False
46,hindsight,Stand-alone proportional,123,3,-1.4711081657454645,False
46,hindsight,Stand-alone proportional,01,2,-0.03788186123648041,False
46,hindsight,Stand-alone proportional,02,2,0.31551251073077413,True
46,hindsight,Stand-alone proportional,03,2,-0.3529661430675084,False
46,hindsight,Stand-alone proportional,12,2,-0.21749486919926286,False
46,hindsight,Stand-alone proportional,13,2,-0.7920960052185633,False
46,hindsight,Stand-alone proportional,23,2,-2.9979008405899252,False
46,hindsight,Stand-alone proportional,0,1,-0.0520463167840508,False
46,hindsight,Stand-alone proportional,1,1,-0.2576913294365527,False
46,hindsight,Stand-alone proportional,2,1,-1.0849729597831508,False
46,hindsight,Stand-alone proportional,3,1,-2.5703560817359508,False
46,hindsight,Shapley,012,3,-0.8547775933597893,False
46,hindsight,Shapley,013,3,0.03247720127425535,True
46,hindsight,Shapley,023,3,-0.39924905112162445,False
46,hindsight,Shapley,123,3,-0.48194337519389396,False
46,hindsight,Shapley,01,2,-1.629007463456962,False
46,hindsight,Shapley,02,2,-0.18300653426744162,False
46,hindsight,Shapley,03,2,-0.2416510769519511,False
46,hindsight,Shapley,12,2,-0.32880993531481995,False
46,hindsight,Shapley,13,2,-0.2935769602203475,False
46,hindsight,Shapley,23,2,-1.4067752383694438,False
46,hindsight,Shapley,0,1,-1.041211107335621,False
46,hindsight,Shapley,1,1,-0.8596521411054642,False
46,hindsight,Shapley,2,1,-0.5943272142297964,False
46,hindsight,Shapley,3,1,-1.4698762250688233,False
46,hindsight,Dual (Theorem 3),012,3,-1.0020138370311233,False
46,hindsight,Dual (Theorem 3),013,3,-0.18518575288908612,False
46,hindsight,Dual (Theorem 3),023,3,-0.2857241235218395,False
46,hindsight,Dual (Theorem 3),123,3,-0.23056910495904503,False
46,hindsight,Dual (Theorem 3),01,2,-1.9939066612916239,False
46,hindsight,Dual (Theorem 3),02,2,-0.21671785033897717,False
46,hindsight,Dual (Theorem 3),03,2,-0.34578910351549386,False
46,hindsight,Dual (Theorem 3),12,2,-0.22467190875129095,False
46,hindsight,Dual (Theorem 3),13,2,-0.25986564414882585,False
46,hindsight,Dual (Theorem 3),23,2,-1.0418760405347953,False
46,hindsight,Dual (Theorem 3),0,1,-1.2925853775704843,False
46,hindsight,Dual (Theorem 3),1,1,-0.973177068705263,False
46,hindsight,Dual (Theorem 3),2,1,-0.3766642600664687,False
46,hindsight,Dual (Theorem 3),3,1,-1.322639981397503,False
46,emissions-only,Shapley,012,3,-0.8547775933598034,False
46,emissions-only,Shapley,013,3,0.032477201274244916,True
46,emissions-only,Shapley,023,3,-0.39924905112162534,False
46,emissions-only,Shapley,123,3,-0.4819433751939064,False
46,emissions-only,Shapley,01,2,-1.6290074634569698,False
46,emissions-only,Shapley,02,2,-0.1830065342674554,False
46,emissions-only,Shapley,03,2,-0.24165107695196353,False
46,emissions-only,Shapley,12,2,-0.3288099353148266,False
46,emissions-only,Shapley,13,2,-0.29357696022035773,False
46,emissions-only,Shapley,23,2,-1.4067752383694572,False
46,emissions-only,Shapley,0,1,-1.0412111073356276,False
46,emissions-only,Shapley,1,1,-0.8596521411054636,False
46,emissions-only,Shapley,2,1,-0.5943272142298013,False
46,emissions-only,Shapley,3,1,-1.46987622506883,False
46,emissions-only,Dual (Theorem 3),012,3,-1.0020138370311265,False
46,emissions-only,Dual (Theorem 3),013,3,-0.1851857528890939,False
46,emissions-only,Dual (Theorem 3),023,3,-0.2857241235218426,False
46,emissions-only,Dual (Theorem 3),123,3,-0.23056910495907168,False
46,emissions-only,Dual (Theorem 3),01,2,-1.993906661291617,False
46,emissions-only,Dual (Theorem 3),02,2,-0.21671785033898106,False
46,emissions-only,Dual (Theorem 3),03,2,-0.34578910351550496,False
46,emissions-only,Dual (Theorem 3),12,2,-0.22467190875129983,False
46,emissions-only,Dual (Theorem 3),13,2,-0.2598656441488467,False
46,emissions-only,Dual (Theorem 3),23,2,-1.0418760405348246,False
46,emissions-only,Dual (Theorem 3),0,1,-1.2925853775704774,False
46,emissions-only,Dual (Theorem 3),1,1,-0.973177068705261,False
46,emissions-only,Dual (Theorem 3),2,1,-0.37666426006647713,False
46,emissions-only,Dual (Theorem 3),3,1,-1.3226399813975216,False
46,online,Origin-based,012,3,0.7063732598818141,True
46,online,Origin-based,013,3,0.39429864923161806,True
46,online,Origin-based,023,3,-1.3282614138477666,False
46,online,Origin-based,123,3,-1.5778342286510343,False
46,online,Origin-based,01,2,0.3482009764336004,True
46,online,Origin-based,02,2,0.3736487837540411,True
46,online,Origin-based,03,2,-0.9846074573491603,False
46,online,Origin-based,12,2,0.15986010983061272,True
46,online,Origin-based,13,2,-1.1904714758636747,False
46,online,Origin-based,23,2,-3.4071384002784177,False
46,online,Origin-based,0,1,0.01652987351022979,True
46,online,Origin-based,1,1,0.04973037712196182,True
46,online,Origin-based,2,1,-0.9831971960680125,False
46,online,Origin-based,3,1,-3.0581279932335006,False
46,online,Host-based,012,3,1.6544698259891222,True
46,online,Host-based,013,3,0.6802556908034199,True
46,online,Host-based,023,3,-2.1716410778106963,False
46,online,Host-based,123,3,-1.968508172367216,False
46,online,Host-based,01,2,1.5822545841127102,True
46,online,Host-based,02,2,0.4783656858984199,True
46,online,Host-based,03,2,-1.5420300797402877,False
46,online,Host-based,12,2,0.7172827322217397,True
46,online,Host-based,13,2,-1.2951883780080542,False
46,online,Host-based,23,2,-4.641192007957528,False
46,online,Host-based,0,1,0.4072038172264107,True
46,online,Host-based,1,1,0.8931100410848908,True
46,online,Host-based,2,1,-1.2691542376398144,False
46,online,Host-based,3,1,-4.006224559340809,False
46,online,Work-proportional,012,3,0.8337442591819985,True
46,online,Work-proportional,013,3,0.5810613989681339,True
46,online,Work-proportional,023,3,-1.4104866845428061,False
46,online,Work-proportional,123,3,-1.8097427069926955,False
46,online,Work-proportional,01,2,0.6623347254703005,True
46,online,Work-proportional,02,2,0.41879451235918597,True
46,online,Work-proportional,03,2,-0.880069978307684,False
46,online,Work-proportional,12,2,0.05532263078913635,True
46,online,Work-proportional,13,2,-1.2356172044688196,False
46,online,Work-proportional,23,2,-3.7212721493151175,False
46,online,Work-proportional,0,1,0.24843835185189034,True
46,online,Work-proportional,1,1,0.13195564781700142,True
46,online,Work-proportional,2,1,-1.1699599458045282,False
46,online,Work-proportional,3,1,-3.1854989925336854,False
46,online,Stand-alone proportional,012,3,0.20847547652480214,True
46,online,Stand-alone proportional,013,3,0.49330773082345325,True
46,online,Stand-alone proportional,023,3,-1.0042362396822795,False
46,online,Stand-alone proportional,123,3,-1.5029707010513427,False
46,online,Stand-alone proportional,01,2,-0.05068772533157728,False
46,online,Stand-alone proportional,02,2,0.1997761745625154,True
46,online,Stand-alone proportional,03,2,-0.5615732015918384,False
46,online,Stand-alone proportional,12,2,-0.2631741459267083,False
46,online,Stand-alone proportional,13,2,-1.0165988666721484,False
46,online,Stand-alone proportional,23,2,-3.0082496985132394,False
46,online,Stand-alone proportional,0,1,-0.05833365408946145,False
46,online,Stand-alone proportional,1,1,-0.27429479704352455,False
46,online,Stand-alone proportional,2,1,-1.082206277659847,False
46,online,Stand-alone proportional,3,1,-2.560230209876488,False
46,online,Shapley,012,3,-0.90631765767542,False
46,online,Shapley,013,3,0.02870750541252698,True
46,online,Shapley,023,3,-0.41015349272802126,False
46,online,Shapley,123,3,-0.5176600883944529,False
46,online,Shapley,01,2,-1.6300810849427254,False
46,online,Shapley,02,2,-0.32093421268344813,False
46,online,Shapley,03,2,-0.4320906800485065,False
46,online,Shapley,12,2,-0.3926566674700407,False
46,online,Shapley,13,2,-0.4958884794261853,False
46,online,Shapley,23,2,-1.4288563389020918,False
46,online,Shapley,0,1,-1.043644266746351,False
46,online,Shapley,1,1,-0.8683775439977832,False
46,online,Shapley,2,1,-0.6176060522489208,False
46,online,Shapley,3,1,-1.4454370756762662,False
46,online,Dual (Theorem 3),012,3,-1.0227229922266776,False
46,online,Dual (Theorem 3),013,3,-0.21518546597824728,False
46,online,Dual (Theorem 3),023,3,-0.2954080551499185,False
46,online,Dual (Theorem 3),123,3,-0.2721072200305654,False
46,online,Dual (Theorem 3),01,2,-1.9903793908847436,False
46,online,Dual (Theorem 3),02,2,-0.3225941096565891,False
46,online,Dual (Theorem 3),03,2,-0.5612382138611638,False
46,online,Dual (Theorem 3),12,2,-0.2635091336573969,False
46,online,Dual (Theorem 3),13,2,-0.49422858245305834,False
46,online,Dual (Theorem 3),23,2,-1.0685580329600874,False
46,online,Dual (Theorem 3),0,1,-1.2891971351102525,False
46,online,Dual (Theorem 3),1,1,-0.9831229815758998,False
46,online,Dual (Theorem 3),2,1,-0.37371308085816035,False
46,online,Dual (Theorem 3),3,1,-1.3290317411250223,False
47,hindsight,Origin-based,012,3,0.7028015323637675,True
47,hindsight,Origin-based,013,3,0.5630482598526712,True
47,hindsight,Origin-based,023,3,-0.8814853753325043,False
47,hindsight,Origin-based,123,3,-1.7042053248350593,False
47,hindsight,Origin-based,01,2,0.6138231338794252,True
47,hindsight,Origin-based,02,2,0.4286080464748898,True
47,hindsight,Origin-based,03,2,-0.4776381342453324,False
47,hindsight,Origin-based,12,2,-0.28972546972391555,False
47,hindsight,Origin-based,13,2,-1.2098975555655684,False
47,hindsight,Origin-based,23,2,-3.3669344869818163,False
47,hindsight,Origin-based,0,1,0.023908917681583597,True
47,hindsight,Origin-based,1,1,0.053959602493452,True
47,hindsight,Origin-based,2,1,-1.240195580604512,False
47,hindsight,Origin-based,3,1,-3.1009804753595853,False
47,hindsight,Host-based,012,3,1.9378758897050765,True
47,hindsight,Host-based,013,3,1.1655767475048169,True
47,hindsight,Host-based,023,3,-2.132268534707638,False
47,hindsight,Host-based,123,3,-2.2910250104533816,False
47,hindsight,Host-based,01,2,2.4514259788728805,True
47,hindsight,Host-based,02,2,0.4128992444410655,True
47,hindsight,Host-based,03,2,-1.12589280596832,False
47,hindsight,Host-based,12,2,0.35852920199907157,True
47,hindsight,Host-based,13,2,-1.1941887535317446,False
47,hindsight,Host-based,23,2,-5.204537331975272,False
47,hindsight,Host-based,0,1,0.6107286032999055,True
47,hindsight,Host-based,1,1,1.3047427618685856,True
47,hindsight,Host-based,2,1,-1.8427240682566581,False
47,hindsight,Host-based,3,1,-4.336054832700895,False
47,hindsight,Work-proportional,012,3,0.7967389308547592,True
47,hindsight,Work-proportional,013,3,0.5887139257039404,True
47,hindsight,Work-proportional,023,3,-0.7738664606206012,False
47,hindsight,Work-proportional,123,3,-1.93142730388917,False
47,hindsight,Work-proportional,01,2,0.7334261982216687,True
47,hindsight,Work-proportional,02,2,0.6301643596777668,True
47,hindsight,Work-proportional,03,2,-0.34435355368217735,False
47,hindsight,Work-proportional,12,2,-0.42301005028705263,False
47,hindsight,Work-proportional,13,2,-1.4114538687684277,False
47,hindsight,Work-proportional,23,2,-3.4865375513240418,False
47,hindsight,Work-proportional,0,1,0.2511308967357122,True
47,hindsight,Work-proportional,1,1,-0.05365931221843312,False
47,hindsight,Work-proportional,2,1,-1.2658612464557637,False
47,hindsight,Work-proportional,3,1,-3.1949178738505593,False
47,hindsight,Stand-alone proportional,012,3,0.16913462823885905,True
47,hindsight,Stand-alone proportional,013,3,0.4686273398734775,True
47,hindsight,Stand-alone proportional,023,3,-0.35713057729745934,False
47,hindsight,Stand-alone proportional,123,3,-1.6004722987659497,False
47,hindsight,Stand-alone proportional,01,2,-0.014264690224694343,False
47,hindsight,Stand-alone proportional,02,2,0.4192959403850085,True
47,hindsight,Stand-alone proportional,03,2,-0.04770425618949892,False
47,hindsight,Stand-alone proportional,12,2,-0.7196593477797317,False
47,hindsight,Stand-alone proportional,13,2,-1.2005854494756694,False
47,hindsight,Stand-alone proportional,23,2,-2.7388466628776786,False
47,hindsight,Stand-alone proportional,0,1,-0.07982410838750897,False
47,hindsight,Stand-alone proportional,1,1,-0.47039519554157505,False
47,hindsight,Stand-alone proportional,2,1,-1.1457746606253008,False
47,hindsight,Stand-alone proportional,3,1,-2.567313571234659,False
47,hindsight,Shapley,012,3,-0.8037682418427683,False
47,hindsight,Shapley,013,3,0.02772758582850443,True
47,hindsight,Shapley,023,3,-0.11353444012549385,False
47,hindsight,Shapley,123,3,-0.43026581181131274,False
47,hindsight,Shapley,01,2,-1.4280673143512952,False
47,hindsight,Shapley,02,2,-0.3100107925246536,False
47,hindsight,Shapley,03,2,-0.2450078730625065,False
47,hindsight,Shapley,12,2,-0.5223557309067233,False
47,hindsight,Shapley,13,2,-0.4712787165660073,False
47,hindsight,Shapley,23,2,-1.325044038751078,False
47,hindsight,Shapley,0,1,-1.2500305953421444,False
47,hindsight,Shapley,1,1,-0.7139913327135402,False
47,hindsight,Shapley,2,1,-0.7048749065803273,False
47,hindsight,Shapley,3,1,-1.5944107011530315,False
47,hindsight,Dual (Theorem 3),012,3,-0.5341248681156809,False
47,hindsight,Dual (Theorem 3),013,3,-0.12243720278963321,False
47,hindsight,Dual (Theorem 3),023,3,-0.35121513480582234,False
47,hindsight,Dual (Theorem 3),123,3,-0.312063702239989,False
47,hindsight,Dual (Theorem 3),01,2,-1.3085887292423273,False
47,hindsight,Dual (Theorem 3),02,2,-0.2780481134778767,False
47,hindsight,Dual (Theorem 3),03,2,-0.6328533563609549,False
47,hindsight,Dual (Theorem 3),12,2,-0.13451024760829355,False
47,hindsight,Dual (Theorem 3),13,2,-0.5032413956128021,False
47,hindsight,Dual (Theorem 3),23,2,-1.4445226238600641,False
47,hindsight,Dual (Theorem 3),0,1,-1.368232704913487,False
47,hindsight,Dual (Theorem 3),1,1,-0.4763106380332297,False
47,hindsight,Dual (Theorem 3),2,1,-0.5547101179622078,False
47,hindsight,Dual (Theorem 3),3,1,-1.864054074880137,False
47,emissions-only,Shapley,012,3,-0.8037682418427787,False
47,emissions-only,Shapley,013,3,0.02772758582849244,True
47,emissions-only,Shapley,023,3,-0.11353444012551073,False
47,emissions-only,Shapley,123,3,-0.43026581181132784,False
47,emissions-only,Shapley,01,2,-1.4280673143513098,False
47,emissions-only,Shapley,02,2,-0.31001079252466235,False
47,emissions-only,Shapley,03,2,-0.2450078730625065,False
47,emissions-only,Shapley,12,2,-0.5223557309067317,False
47,emissions-only,Shapley,13,2,-0.47127871656600684,False
47,emissions-only,Shapley,23,2,-1.3250440387510913,False
47,emissions-only,Shapley,0,1,-1.2500305953421518,False
47,emissions-only,Shapley,1,1,-0.713991332713549,False
47,emissions-only,Shapley,2,1,-0.7048749065803275,False
47,emissions-only,Shapley,3,1,-1.5944107011530395,False
47,emissions-only,Dual (Theorem 3),012,3,-0.5341248681156832,False
47,emissions-only,Dual (Theorem 3),013,3,-0.12243720278963632,False
47,emissions-only,Dual (Theorem 3),023,3,-0.35121513480584277,False
47,emissions-only,Dual (Theorem 3),123,3,-0.31206370224001656,False
47,emissions-only,Dual (Theorem 3),01,2,-1.308588729242325,False
47,emissions-only,Dual (Theorem 3),02,2,-0.2780481134778813,False
47,emissions-only,Dual (Theorem 3),03,2,-0.63285335636095,False
47,emissions-only,Dual (Theorem 3),12,2,-0.13451024760830643,False
47,emissions-only,Dual (Theorem 3),13,2,-0.5032413956128061,False
47,emissions-only,Dual (Theorem 3),23,2,-1.4445226238600943,False
47,emissions-only,Dual (Theorem 3),0,1,-1.3682327049134815,False
47,emissions-only,Dual (Theorem 3),1,1,-0.47631063803323453,False
47,emissions-only,Dual (Theorem 3),2,1,-0.5547101179622167,False
47,emissions-only,Dual (Theorem 3),3,1,-1.864054074880153,False
47,online,Origin-based,012,3,0.5973431494979249,True
47,online,Origin-based,013,3,0.4836306390554417,True
47,online,Origin-based,023,3,-0.9380901414841425,False
47,online,Origin-based,123,3,-1.7097528703990976,False
47,online,Origin-based,01,2,0.586505898888884,True
47,online,Origin-based,02,2,0.31390821560160087,True
47,online,Origin-based,03,2,-0.5784157257511775,False
47,online,Origin-based,12,2,-0.42777714602344963,False
47,online,Origin-based,13,2,-1.3894875407619183,False
47,online,Origin-based,23,2,-3.365077276925901,False
47,online,Origin-based,0,1,0.006365147957137912,True
47,online,Origin-based,1,1,0.0027153242584210258,True
47,online,Origin-based,2,1,-1.2684896629799944,False
47,online,Origin-based,3,1,-3.0733686360235204,False
47,online,Host-based,012,3,1.7075728973147422,True
47,online,Host-based,013,3,1.182616492375602,True
47,online,Host-based,023,3,-2.2081792406401255,False
47,online,Host-based,123,3,-2.248879372380086,False
47,online,Host-based,01,2,2.3957215000258594,True
47,online,Host-based,02,2,0.15404886426243314,True
47,online,Host-based,03,2,-1.1495189715870018,False
47,online,Host-based,12,2,0.1433260998123771,True
47,online,Host-based,13,2,-1.2296281894227485,False
47,online,Host-based,23,2,-5.174292878062875,False
47,online,Host-based,0,1,0.5454916499381287,True
47,online,Host-based,1,1,1.2728044234144058,True
47,online,Host-based,2,1,-1.967475516300153,False
47,online,Host-based,3,1,-4.183598383840335,False
47,online,Work-proportional,012,3,0.7460974527882829,True
47,online,Work-proportional,013,3,0.5025859206527259,True
47,online,Work-proportional,023,3,-0.8576523904120066,False
47,online,Work-proportional,123,3,-1.9579002063588762,False
47,online,Work-proportional,01,2,0.7542154837765263,True
47,online,Work-proportional,02,2,0.5431002699640948,True
47,online,Work-proportional,03,2,-0.47902269308175693,False
47,online,Work-proportional,12,2,-0.52717017869287,False
47,online,Work-proportional,13,2,-1.6186795951244122,False
47,online,Work-proportional,23,2,-3.532786861813544,False
47,online,Work-proportional,0,1,0.25451248391691633,True
47,online,Work-proportional,1,1,-0.0777224268137151,False
47,online,Work-proportional,2,1,-1.2874449445772789,False
47,online,Work-proportional,3,1,-3.2221229393138784,False
47,online,Stand-alone proportional,012,3,0.11250672283784269,True
47,online,Stand-alone proportional,013,3,0.3784568258074321,True
47,online,Stand-alone proportional,023,3,-0.4403312664810448,False
47,online,Stand-alone proportional,123,3,-1.6175015054941033,False
47,online,Stand-alone proportional,01,2,-0.003504341019207935,False
47,online,Stand-alone proportional,02,2,0.32683066394461635,True
47,online,Stand-alone proportional,03,2,-0.18583066399608894,False
47,online,Stand-alone proportional,12,2,-0.8203622077785377,False
47,online,Stand-alone proportional,13,2,-1.4024099891049335,False
47,online,Stand-alone proportional,23,2,-2.775067037017809,False
47,online,Stand-alone proportional,0,1,-0.08588621694785611,False
47,online,Stand-alone proportional,1,1,-0.4950435507446769,False
47,online,Stand-alone proportional,2,1,-1.1633158497319849,False
47,online,Stand-alone proportional,3,1,-2.588532209363438,False
47,online,Shapley,012,3,-0.879536521379886,False
47,online,Shapley,013,3,-0.04471281464515853,False
47,online,Shapley,023,3,-0.1940937693501983,False
47,online,Shapley,123,3,-0.44852611795463115,False
47,online,Shapley,01,2,-1.418717225689527,False
47,online,Shapley,02,2,-0.41897508314226584,False
47,online,Shapley,03,2,-0.3627628073178335,False
47,online,Shapley,12,2,-0.6434300644567938,False
47,online,Shapley,13,2,-0.6566042420180516,False
47,online,Shapley,23,2,-1.3598541523474905,False
47,online,Shapley,0,1,-1.2548616044873286,False
47,online,Shapley,1,1,-0.7412810478755234,False
47,online,Shapley,2,1,-0.7401462092793945,False
47,online,Shapley,3,1,-1.5964889651457095,False
47,online,Dual (Theorem 3),012,3,-0.5847663461821573,False
47,online,Dual (Theorem 3),013,3,-0.20856520784084775,False
47,online,Dual (Theorem 3),023,3,-0.4350010645972282,False
47,online,Dual (Theorem 3),123,3,-0.33853660470969515,False
47,online,Dual (Theorem 3),01,2,-1.2877994436874696,False
47,online,Dual (Theorem 3),02,2,-0.3651122031915488,False
47,online,Dual (Theorem 3),03,2,-0.767522495760534,False
47,online,Dual (Theorem 3),12,2,-0.2386703760141109,False
47,online,Dual (Theorem 3),13,2,-0.7104671219687866,False
47,online,Dual (Theorem 3),23,2,-1.4907719343495662,False
47,online,Dual (Theorem 3),0,1,-1.3648511177322828,False
47,online,Dual (Theorem 3),1,1,-0.5003737526285117,False
47,online,Dual (Theorem 3),2,1,-0.5762938160837232,False
47,online,Dual (Theorem 3),3,1,-1.8912591403434562,False
48,hindsight,Origin-based,012,3,0.8378254184783747,True
48,hindsight,Origin-based,013,3,0.372850095436811,True
48,hindsight,Origin-based,023,3,-0.9941249123367828,False
48,hindsight,Origin-based,123,3,-1.7686115837893208,False
48,hindsight,Origin-based,01,2,0.5364148108775915,True
48,hindsight,Origin-based,02,2,0.5642508328819544,True
48,hindsight,Origin-based,03,2,-0.5398957375983806,False
48,hindsight,Origin-based,12,2,-0.010037852315089246,False
48,hindsight,Origin-based,13,2,-1.29728778226204,False
48,hindsight,Origin-based,23,2,-3.309369097093535,False
48,hindsight,Origin-based,0,1,0.03292839249050819,True
48,hindsight,Origin-based,1,1,0.11148947807466991,True
48,hindsight,Origin-based,2,1,-0.8810554463208068,False
48,hindsight,Origin-based,3,1,-2.9428979467986354,False
48,hindsight,Host-based,012,3,1.9226983958148078,True
48,hindsight,Host-based,013,3,0.7309325380174831,True
48,hindsight,Host-based,023,3,-1.9532669975585228,False
48,hindsight,Host-based,123,3,-2.252424918484686,False
48,hindsight,Host-based,01,2,1.9793702307946965,True
48,hindsight,Host-based,02,2,0.6899817249966478,True
48,hindsight,Host-based,03,2,-1.1409553802394485,False
48,hindsight,Host-based,12,2,0.5910217903259789,True
48,hindsight,Host-based,13,2,-1.423018674376733,False
48,hindsight,Host-based,23,2,-4.75232451701064,False
48,hindsight,Host-based,0,1,0.5167417271858735,True
48,hindsight,Host-based,1,1,1.0706315632964096,True
48,hindsight,Host-based,2,1,-1.2391378889014788,False
48,hindsight,Host-based,3,1,-4.027770924135068,False
48,hindsight,Work-proportional,012,3,0.7618412602999596,True
48,hindsight,Work-proportional,013,3,0.49408778901887507,True
48,hindsight,Work-proportional,023,3,-0.8868215291067147,False
48,hindsight,Work-proportional,123,3,-1.9211685024230247,False
48,hindsight,Work-proportional,01,2,0.5816683462812358,True
48,hindsight,Work-proportional,02,2,0.5955700579336032,True
48,hindsight,Work-proportional,03,2,-0.31135466078625296,False
48,hindsight,Work-proportional,12,2,-0.23857892912721246,False
48,hindsight,Work-proportional,13,2,-1.3286070073136842,False
48,hindsight,Work-proportional,23,2,-3.354622632497175,False
48,hindsight,Work-proportional,0,1,0.1854853111242164,True
48,hindsight,Work-proportional,1,1,0.004186094844606081,True
48,hindsight,Work-proportional,2,1,-1.002293139902866,False
48,hindsight,Work-proportional,3,1,-2.8669137886202156,False
48,hindsight,Stand-alone proportional,012,3,0.19348153436045368,True
48,hindsight,Stand-alone proportional,013,3,0.4619463538808315,True
48,hindsight,Stand-alone proportional,023,3,-0.5200428756352742,False
48,hindsight,Stand-alone proportional,123,3,-1.6874459948169158,False
48,hindsight,Stand-alone proportional,01,2,-0.018832814796313768,False
48,hindsight,Stand-alone proportional,02,2,0.3939889854655376,True
48,hindsight,Stand-alone proportional,03,2,0.023282557547144034,True
48,hindsight,Stand-alone proportional,12,2,-0.5732161474606094,False
48,hindsight,Stand-alone proportional,13,2,-1.1270259348456189,False
48,hindsight,Stand-alone proportional,23,2,-2.7541214714196256,False
48,hindsight,Stand-alone proportional,0,1,-0.048237196481892744,False
48,hindsight,Stand-alone proportional,1,1,-0.36259255862683437,False
48,hindsight,Stand-alone proportional,2,1,-0.9701517047648227,False
48,hindsight,Stand-alone proportional,3,1,-2.2985540626807097,False
48,hindsight,Shapley,012,3,-0.7648911922852142,False
48,hindsight,Shapley,013,3,0.010972175917567384,True
48,hindsight,Shapley,023,3,-0.2387886389951479,False
48,hindsight,Shapley,123,3,-0.5593533268481101,False
48,hindsight,Shapley,01,2,-1.4281797194052457,False
48,hindsight,Shapley,02,2,-0.28312950454000374,False
48,hindsight,Shapley,03,2,-0.1464373837759938,False
48,hindsight,Shapley,12,2,-0.4034962061374716,False
48,hindsight,Shapley,13,2,-0.4499074448400773,False
48,hindsight,Shapley,23,2,-1.3447745668106936,False
48,hindsight,Shapley,0,1,-1.1763298644506983,False
48,hindsight,Shapley,1,1,-0.6438467952669608,False
48,hindsight,Shapley,2,1,-0.5191775268015586,False
48,hindsight,Shapley,3,1,-1.3401813360350419,False
48,hindsight,Dual (Theorem 3),012,3,-0.672477065535364,False
48,hindsight,Dual (Theorem 3),013,3,-0.11759234710707189,False
48,hindsight,Dual (Theorem 3),023,3,-0.3565230792088303,False
48,hindsight,Dual (Theorem 3),123,3,-0.4054684903596515,False
48,hindsight,Dual (Theorem 3),01,2,-1.4643301156800306,False
48,hindsight,Dual (Theorem 3),02,2,-0.30844981800383175,False
48,hindsight,Dual (Theorem 3),03,2,-0.39273634701431126,False
48,hindsight,Dual (Theorem 3),12,2,-0.15719724289915837,False
48,hindsight,Dual (Theorem 3),13,2,-0.42458713137625326,False
48,hindsight,Dual (Theorem 3),23,2,-1.3086241705359125,False
48,hindsight,Dual (Theorem 3),0,1,-1.3302147009391614,False
48,hindsight,Dual (Theorem 3),1,1,-0.5261123550532825,False
48,hindsight,Dual (Theorem 3),2,1,-0.39061300377692354,False
48,hindsight,Dual (Theorem 3),3,1,-1.4325954627848962,False
48,emissions-only,Shapley,012,3,-0.7648911922852173,False
48,emissions-only,Shapley,013,3,0.010972175917560723,True
48,emissions-only,Shapley,023,3,-0.23878863899515945,False
48,emissions-only,Shapley,123,3,-0.5593533268481083,False
48,emissions-only,Shapley,01,2,-1.4281797194052472,False
48,emissions-only,Shapley,02,2,-0.28312950454000263,False
48,emissions-only,Shapley,03,2,-0.14643738377599247,False
48,emissions-only,Shapley,12,2,-0.40349620613748094,False
48,emissions-only,Shapley,13,2,-0.44990744484007905,False
48,emissions-only,Shapley,23,2,-1.3447745668106954,False
48,emissions-only,Shapley,0,1,-1.176329864450697,False
48,emissions-only,Shapley,1,1,-0.6438467952669658,False
48,emissions-only,Shapley,2,1,-0.5191775268015595,False
48,emissions-only,Shapley,3,1,-1.3401813360350436,False
48,emissions-only,Dual (Theorem 3),012,3,-0.6724770655353647,False
48,emissions-only,Dual (Theorem 3),013,3,-0.117592347107077,False
48,emissions-only,Dual (Theorem 3),023,3,-0.3565230792088441,False
48,emissions-only,Dual (Theorem 3),123,3,-0.4054684903596488,False
48,emissions-only,Dual (Theorem 3),01,2,-1.4643301156800288,False
48,emissions-only,Dual (Theorem 3),02,2,-0.3084498180038311,False
48,emissions-only,Dual (Theorem 3),03,2,-0.39273634701431126,False
48,emissions-only,Dual (Theorem 3),12,2,-0.1571972428991657,False
48,emissions-only,Dual (Theorem 3),13,2,-0.42458713137625415,False
48,emissions-only,Dual (Theorem 3),23,2,-1.308624170535917,False
48,emissions-only,Dual (Theorem 3),0,1,-1.3302147009391596,False
48,emissions-only,Dual (Theorem 3),1,1,-0.5261123550532847,False
48,emissions-only,Dual (Theorem 3),2,1,-0.3906130037769253,False
48,emissions-only,Dual (Theorem 3),3,1,-1.4325954627848998,False
48,online,Origin-based,012,3,0.7858631584816547,True
48,online,Origin-based,013,3,0.41014349932717886,True
48,online,Origin-based,023,3,-0.9933795449959915,False
48,online,Origin-based,123,3,-1.7681195782341081,False
48,online,Origin-based,01,2,0.5297799630438389,True
48,online,Origin-based,02,2,0.5592515482854832,True
48,online,Origin-based,03,2,-0.5910181880934477,False
48,online,Origin-based,12,2,-0.12600768703002463,False
48,online,Origin-based,13,2,-1.3309926542773312,False
48,online,Origin-based,23,2,-3.2877738360089417,False
48,online,Origin-based,0,1,0.015086571634876297,True
48,online,Origin-based,1,1,0.09137467484789641,True
48,online,Origin-based,2,1,-0.928764344329666,False
48,online,Origin-based,3,1,-2.835581795465625,False
48,online,Host-based,012,3,1.7776603346249924,True
48,online,Host-based,013,3,0.8215415183583619,True
48,online,Host-based,023,3,-1.9677856101926232,False
48,online,Host-based,123,3,-2.196908708211998,False
48,online,Host-based,01,2,1.9329751582183599,True
48,online,Host-based,02,2,0.5766426592321894,True
48,online,Host-based,03,2,-1.1540262342588963,False
48,online,Host-based,12,2,0.43700035913542346,True
48,online,Host-based,13,2,-1.348383765224038,False
48,online,Host-based,23,2,-4.690969031183463,False
48,online,Host-based,0,1,0.4438757016127658,True
48,online,Host-based,1,1,1.0657807400445276,True
48,online,Host-based,2,1,-1.3401623633608493,False
48,online,Host-based,3,1,-3.8273789716089626,False
48,online,Work-proportional,012,3,0.8076075781749654,True
48,online,Work-proportional,013,3,0.49595694877773555,True
48,online,Work-proportional,023,3,-0.9203273314780822,False
48,online,Work-proportional,123,3,-1.9487296608958804,False
48,online,Work-proportional,01,2,0.6373378321877048,True
48,online,Work-proportional,02,2,0.6540481814967019,True
48,online,Work-proportional,03,2,-0.4321525251249829,False
48,online,Work-proportional,12,2,-0.2848733499984879,False
48,online,Work-proportional,13,2,-1.4257892874885485,False
48,online,Work-proportional,23,2,-3.395331705152806,False
48,online,Work-proportional,0,1,0.19569665429665026,True
48,online,Work-proportional,1,1,0.01832246132998827,True
48,online,Work-proportional,2,1,-1.0145777937802212,False
48,online,Work-proportional,3,1,-2.857326215158934,False
48,online,Stand-alone proportional,012,3,0.21612172101642613,True
48,online,Stand-alone proportional,013,3,0.45374116339096426,True
48,online,Stand-alone proportional,023,3,-0.5339569121561056,False
48,online,Stand-alone proportional,123,3,-1.7013984376725473,False
48,online,Stand-alone proportional,01,2,0.0036361896423945383,True
48,online,Stand-alone proportional,02,2,0.44893274366013936,True
48,online,Stand-alone proportional,03,2,-0.08799789118977763,False
48,online,Stand-alone proportional,12,2,-0.6290279839336936,False
48,online,Stand-alone proportional,13,2,-1.2206738496519862,False
48,online,Stand-alone proportional,23,2,-2.7616300626074963,False
48,online,Stand-alone proportional,0,1,-0.05163456892668322,False
48,online,Stand-alone proportional,1,1,-0.36804795799198836,False
48,online,Stand-alone proportional,2,1,-0.9723620083934503,False
48,online,Stand-alone proportional,3,1,-2.265840358000395,False
48,online,Shapley,012,3,-0.7613198323997512,False
48,online,Shapley,013,3,0.016348662480290432,True
48,online,Shapley,023,3,-0.25806876126097444,False
48,online,Shapley,123,3,-0.5624525342408271,False
48,online,Shapley,01,2,-1.4111978646844563,False
48,online,Shapley,02,2,-0.252620658860907,False
48,online,Shapley,03,2,-0.24950224120532027,False
48,online,Shapley,12,2,-0.467523633918151,False
48,online,Shapley,13,2,-0.5191204471309399,False
48,online,Shapley,23,2,-1.3467960082806458,False
48,online,Shapley,0,1,-1.1905804723584033,False
48,online,Shapley,1,1,-0.6439361088871194,False
48,online,Shapley,2,1,-0.5349695074827767,False
48,online,Shapley,3,1,-1.2883988045842178,False
48,online,Dual (Theorem 3),012,3,-0.6267107476603586,False
48,online,Dual (Theorem 3),013,3,-0.11572318734821163,False
48,online,Dual (Theorem 3),023,3,-0.3900288815801978,False
48,online,Dual (Theorem 3),123,3,-0.43302964883250716,False
48,online,Dual (Theorem 3),01,2,-1.4086606297735618,False
48,online,Dual (Theorem 3),02,2,-0.2499716944407333,False
48,online,Dual (Theorem 3),03,2,-0.5135342113530412,False
48,online,Dual (Theorem 3),12,2,-0.20349166377043404,False
48,online,Dual (Theorem 3),13,2,-0.5217694115511176,False
48,online,Dual (Theorem 3),23,2,-1.349333243191544,False
48,online,Dual (Theorem 3),0,1,-1.3200033577667276,False
48,online,Dual (Theorem 3),1,1,-0.5119759885679003,False
48,online,Dual (Theorem 3),2,1,-0.40289765765427865,False
48,online,Dual (Theorem 3),3,1,-1.4230078893236144,False
49,hindsight,Origin-based,012,3,0.5172507033470124,True
49,hindsight,Origin-based,013,3,0.8118792665972769,True
49,hindsight,Origin-based,023,3,-1.1921955683991357,False
49,hindsight,Origin-based,123,3,-1.648062813106013,False
49,hindsight,Origin-based,01,2,0.42206975681852277,True
49,hindsight,Origin-based,02,2,0.1043266754221448,True
49,hindsight,Origin-based,03,2,-0.04172781728465491,False
49,hindsight,Origin-based,12,2,-0.28893995006034023,False
49,hindsight,Origin-based,13,2,-0.429797813218606,False
49,hindsight,Origin-based,23,2,-3.286369047745893,False
49,hindsight,Origin-based,0,1,0.050914098033556676,True
49,hindsight,Origin-based,1,1,0.09912007462600925,True
49,hindsight,Origin-based,2,1,-2.0408466009825075,False
49,hindsight,Origin-based,3,1,-2.0382668139871014,False
49,hindsight,Host-based,012,3,1.807849410907595,True
49,hindsight,Host-based,013,3,2.1134024132609284,True
49,hindsight,Host-based,023,3,-2.6036096962360364,False
49,hindsight,Host-based,123,3,-2.828770539493351,False
49,hindsight,Host-based,01,2,3.014191611042758,True
49,hindsight,Host-based,02,2,-0.016488744854171067,False
49,hindsight,Host-based,03,2,-0.1516187984579025,False
49,hindsight,Host-based,12,2,-0.17904896888709398,False
49,hindsight,Host-based,13,2,-0.30898239294229146,False
49,hindsight,Host-based,23,2,-5.87849090197013,False
49,hindsight,Host-based,0,1,1.2316218244208934,True
49,hindsight,Host-based,1,1,1.510534202462908,True
49,hindsight,Host-based,2,1,-3.34236974764616,False
49,hindsight,Host-based,3,1,-3.3288655215476854,False
49,hindsight,Work-proportional,012,3,1.0604695355779077,True
49,hindsight,Work-proportional,013,3,0.6822091496444935,True
49,hindsight,Work-proportional,023,3,-1.305297689985137,False
49,hindsight,Work-proportional,123,3,-1.9485094067980162,False
49,hindsight,Work-proportional,01,2,0.835618472096598,True
49,hindsight,Work-proportional,02,2,0.5344433860670033,True
49,hindsight,Work-proportional,03,2,-0.2845000558234756,False
49,hindsight,Work-proportional,12,2,-0.04616771152148402,False
49,hindsight,Work-proportional,13,2,-0.8599145238634289,False
49,hindsight,Work-proportional,23,2,-3.699917763023933,False
49,hindsight,Work-proportional,0,1,0.3513606917255953,True
49,hindsight,Work-proportional,1,1,0.21222219621204585,True
49,hindsight,Work-proportional,2,1,-1.9111764840296874,False
49,hindsight,Work-proportional,3,1,-2.5814856462179607,False
49,hindsight,Stand-alone proportional,012,3,0.4706108600215271,True
49,hindsight,Stand-alone proportional,013,3,0.0639480233876748,True
49,hindsight,Stand-alone proportional,023,3,-0.5941594114262685,False
49,hindsight,Stand-alone proportional,123,3,-1.4515278835436876,False
49,hindsight,Stand-alone proportional,01,2,-0.3725013297166,False
49,hindsight,Stand-alone proportional,02,2,0.655722989069492,True
49,hindsight,Stand-alone proportional,03,2,-0.19162290352142408,False
49,hindsight,Stand-alone proportional,12,2,-0.13904486382353554,False
49,hindsight,Stand-alone proportional,13,2,-0.9811941268659181,False
49,hindsight,Stand-alone proportional,23,2,-2.491797961210735,False
49,hindsight,Stand-alone proportional,0,1,-0.1456208315287334,False
49,hindsight,Stand-alone proportional,1,1,-0.4989160823468235,False
49,hindsight,Stand-alone proportional,2,1,-1.2929153577728698,False
49,hindsight,Stand-alone proportional,3,1,-1.9916269706615806,False
49,hindsight,Shapley,012,3,-0.46603849657102403,False
49,hindsight,Shapley,013,3,-0.22266065742513863,False
49,hindsight,Shapley,023,3,-0.31633593623263057,False
49,hindsight,Shapley,123,3,-0.50609332133196,False
49,hindsight,Shapley,01,2,-1.5957593671219645,False
49,hindsight,Shapley,02,2,-0.003102892329421847,False
49,hindsight,Shapley,03,2,-0.20040810914060003,False
49,hindsight,Shapley,12,2,-0.13025965820435914,False
49,hindsight,Shapley,13,2,-0.32236824546700404,False
49,hindsight,Shapley,23,2,-1.2685399238053705,False
49,hindsight,Shapley,0,1,-1.0910553937404606,False
49,hindsight,Shapley,1,1,-0.7767395575404608,False
49,hindsight,Shapley,2,1,-1.0063066769600564,False
49,hindsight,Shapley,3,1,-1.0549776140690295,False
49,hindsight,Dual (Theorem 3),012,3,-0.7342304293887754,False
49,hindsight,Dual (Theorem 3),013,3,-0.29704762546245167,False
49,hindsight,Dual (Theorem 3),023,3,-0.22264838667120834,False
49,hindsight,Dual (Theorem 3),123,3,-0.25720197003842493,False
49,hindsight,Dual (Theorem 3),01,2,-1.9383382679769936,False
49,hindsight,Dual (Theorem 3),02,2,-0.17760727558571476,False
49,hindsight,Dual (Theorem 3),03,2,-0.18110752761645577,False
49,hindsight,Dual (Theorem 3),12,2,-0.14956023972853938,False
49,hindsight,Dual (Theorem 3),13,2,-0.14786386221074732,False
49,hindsight,Dual (Theorem 3),23,2,-0.9259610229503767,False
49,hindsight,Dual (Theorem 3),0,1,-1.3399467450340314,False
49,hindsight,Dual (Theorem 3),1,1,-0.870427107101919,False
49,hindsight,Dual (Theorem 3),2,1,-0.9319197089227784,False
49,hindsight,Dual (Theorem 3),3,1,-0.7867856812513141,False
49,emissions-only,Shapley,012,3,-0.4981203519653663,False
49,emissions-only,Shapley,013,3,-0.1264150912422206,False
49,emissions-only,Shapley,023,3,-0.3484177916269662,False
49,emissions-only,Shapley,123,3,-0.5381751767262877,False
49,emissions-only,Shapley,01,2,-1.5315956563333541,False
49,emissions-only,Shapley,02,2,-0.06726660311805777,False
49,emissions-only,Shapley,03,2,-0.13624439835200164,False
49,emissions-only,Shapley,12,2,-0.1944233689930024,False
49,emissions-only,Shapley,13,2,-0.258204534678411,False
49,emissions-only,Shapley,23,2,-1.3327036345940213,False
49,emissions-only,Shapley,0,1,-1.0589735383461545,False
49,emissions-only,Shapley,1,1,-0.7446577021461561,False
49,emissions-only,Shapley,2,1,-0.717569978411253,False
49,emissions-only,Shapley,3,1,-1.022895758674724,False
49,emissions-only,Dual (Theorem 3),012,3,-0.7342304293887962,False
49,emissions-only,Dual (Theorem 3),013,3,-0.29704762546246144,False
49,emissions-only,Dual (Theorem 3),023,3,-0.22264838667123765,False
49,emissions-only,Dual (Theorem 3),123,3,-0.257201970038448,False
49,emissions-only,Dual (Theorem 3),01,2,-1.9383382679769903,False
49,emissions-only,Dual (Theorem 3),02,2,-0.1776072755857252,False
49,emissions-only,Dual (Theorem 3),03,2,-0.18110752761647975,False
49,emissions-only,Dual (Theorem 3),12,2,-0.14956023972855892,False
49,emissions-only,Dual (Theorem 3),13,2,-0.1478638622107784,False
49,emissions-only,Dual (Theorem 3),23,2,-0.9259610229504194,False
49,emissions-only,Dual (Theorem 3),0,1,-1.339946745034028,False
49,emissions-only,Dual (Theorem 3),1,1,-0.8704271071019188,False
49,emissions-only,Dual (Theorem 3),2,1,-0.5469374441910468,False
49,emissions-only,Dual (Theorem 3),3,1,-0.7867856812513283,False
49,online,Origin-based,012,3,0.47788174090690916,True
49,online,Origin-based,013,3,0.7189533461061623,True
49,online,Origin-based,023,3,-1.1511553726990842,False
49,online,Origin-based,123,3,-1.5627540904762958,False
49,online,Origin-based,01,2,0.35762027433380794,True
49,online,Origin-based,02,2,-0.009236706865642486,False
49,online,Origin-based,03,2,-0.16263672197307066,False
49,online,Origin-based,12,2,-0.3701895412555607,False
49,online,Origin-based,13,2,-0.5028479063616551,False
49,online,Origin-based,23,2,-3.158351665604627,False
49,online,Origin-based,0,1,0.020381660430971393,True
49,online,Origin-based,1,1,0.08430253955194789,True
49,online,Origin-based,2,1,-1.5571704889648856,False
49,online,Origin-based,3,1,-2.0593981148946057,False
49,online,Host-based,012,3,1.8201890983772064,True
49,online,Host-based,013,3,1.9356594407450993,True
49,online,Host-based,023,3,-2.5252167813339836,False
49,online,Host-based,123,3,-2.747706133950622,False
49,online,Host-based,01,2,2.916633726443039,True
49,online,Host-based,02,2,-0.040990758030247765,False
49,online,Host-based,03,2,-0.3199920359690367,False
49,online,Host-based,12,2,-0.212834227259592,False
49,online,Host-based,13,2,-0.47109385519704716,False
49,online,Host-based,23,2,-5.717365117713856,False
49,online,Host-based,0,1,1.2053337039052998,True
49,online,Host-based,1,1,1.4583639481868507,True
49,online,Host-based,2,1,-2.7738765836038195,False
49,online,Host-based,3,1,-3.4017054723649003,False
49,online,Work-proportional,012,3,1.032771333708855,True
49,online,Work-proportional,013,3,0.6663174965772534,True
49,online,Work-proportional,023,3,-1.3113884639529152,False
49,online,Work-proportional,123,3,-1.9047747424955013,False
49,online,Work-proportional,01,2,0.8598740176068445,True
49,online,Work-proportional,02,2,0.385419794682472,True
49,online,Work-proportional,03,2,-0.37550566275581154,False
49,online,Work-proportional,12,2,-0.15732060047282026,False
49,online,Work-proportional,13,2,-0.8975044079097687,False
49,online,Work-proportional,23,2,-3.6606054088776627,False
49,online,Work-proportional,0,1,0.36240231245017646,True
49,online,Work-proportional,1,1,0.24453563080577934,True
49,online,Work-proportional,2,1,-1.5045346394359764,False
49,online,Work-proportional,3,1,-2.614287707696551,False
49,online,Stand-alone proportional,012,3,0.26928079457751686,True
49,online,Stand-alone proportional,013,3,0.22298314544039233,True
49,online,Stand-alone proportional,023,3,-0.6050188717784888,False
49,online,Stand-alone proportional,123,3,-1.4043194444017315,False
49,online,Stand-alone proportional,01,2,-0.34695087266135394,False
49,online,Stand-alone proportional,02,2,0.3282988477255615,True
49,online,Stand-alone proportional,03,2,-0.11247042171824528,False
49,online,Stand-alone proportional,12,2,-0.42035584151038785,False
49,online,Stand-alone proportional,13,2,-0.84038346095286,False
49,online,Stand-alone proportional,23,2,-2.4537805186094657,False
49,online,Stand-alone proportional,0,1,-0.1380529856435942,False
49,online,Stand-alone proportional,1,1,-0.4618339613686484,False
49,online,Stand-alone proportional,2,1,-1.061200288299116,False
49,online,Stand-alone proportional,3,1,-1.8507971685652143,False
49,online,Shapley,012,3,-0.5184799020634041,False
49,online,Shapley,013,3,-0.14267989325174124,False
49,online,Shapley,023,3,-0.33853457287589084,False
49,online,Shapley,123,3,-0.5173800079712745,False
49,online,Shapley,01,2,-1.5003746079944085,False
49,online,Shapley,02,2,-0.19297755001276196,False
49,online,Shapley,03,2,-0.2116491615077809,False
49,online,Shapley,12,2,-0.32117710172085134,False
49,online,Shapley,13,2,-0.31910706321453564,False
49,online,Shapley,23,2,-1.3003567832764107,False
49,online,Shapley,0,1,-1.0249924220740512,False
49,online,Shapley,1,1,-0.7283182602712459,False
49,online,Shapley,2,1,-0.6955372496069825,False
49,online,Shapley,3,1,-1.0630364719242928,False
49,online,Dual (Theorem 3),012,3,-0.761928631257828,False
49,online,Dual (Theorem 3),013,3,-0.31293927852969183,False
49,online,Dual (Theorem 3),023,3,-0.22873916063898658,False
49,online,Dual (Theorem 3),123,3,-0.2134673057359091,False
49,online,Dual (Theorem 3),01,2,-1.9140827224667474,False
49,online,Dual (Theorem 3),02,2,-0.326630866970246,False
49,online,Dual (Theorem 3),03,2,-0.2721131345487917,False
49,online,Dual (Theorem 3),12,2,-0.26071312867987606,False
49,online,Dual (Theorem 3),13,2,-0.1854537462570871,False
49,online,Dual (Theorem 3),23,2,-0.8866486688041073,False
49,online,Dual (Theorem 3),0,1,-1.3289051243094503,False
49,online,Dual (Theorem 3),1,1,-0.8381136725081855,False
49,online,Dual (Theorem 3),2,1,-0.5252778643290674,False
49,online,Dual (Theorem 3),3,1,-0.8195877427299045,False
50,hindsight,Origin-based,012,3,0.28429069552805675,True
50,hindsight,Origin-based,013,3,0.1193661936099687,True
50,hindsight,Origin-based,023,3,-0.6704661879584464,False
50,hindsight,Origin-based,123,3,-0.7083752020198648,False
50,hindsight,Origin-based,01,2,0.12820122282792196,True
50,hindsight,Origin-based,02,2,0.13944462960708237,True
50,hindsight,Origin-based,03,2,-0.506846993882798,False
50,hindsight,Origin-based,12,2,0.08251257475026552,True
50,hindsight,Origin-based,13,2,-0.5364290022599973,False
50,hindsight,Origin-based,23,2,-1.7634176961768284,False
50,hindsight,Origin-based,0,1,0.012291708709530301,True
50,hindsight,Origin-based,1,1,0.028387156607431685,True
50,hindsight,Origin-based,2,1,-0.42137216445481473,False
50,hindsight,Origin-based,3,1,-1.8219773089478108,False
50,hindsight,Host-based,012,3,0.7041552094780847,True
50,hindsight,Host-based,013,3,0.20768339287768522,True
50,hindsight,Host-based,023,3,-0.9926474455039453,False
50,hindsight,Host-based,123,3,-0.8943756576921107,False
50,hindsight,Host-based,01,2,0.6363829360456668,True
50,hindsight,Host-based,02,2,0.2371278860116115,True
50,hindsight,Host-based,03,2,-0.7407110521605804,False
50,hindsight,Host-based,12,2,0.31637663302804775,True
50,hindsight,Host-based,13,2,-0.6341122586645266,False
50,hindsight,Host-based,23,2,-2.2715994093945735,False
50,hindsight,Host-based,0,1,0.1982921643817761,True
50,hindsight,Host-based,1,1,0.3505684141529306,True
50,hindsight,Host-based,2,1,-0.5096893637225315,False
50,hindsight,Host-based,3,1,-2.241841822897839,False
50,hindsight,Work-proportional,012,3,0.305647608022086,True
50,hindsight,Work-proportional,013,3,0.20972083900080207,True
50,hindsight,Work-proportional,023,3,-0.7031355645158147,False
50,hindsight,Work-proportional,123,3,-0.7874173833473477,False
50,hindsight,Work-proportional,01,2,0.23991278071278077,True
50,hindsight,Work-proportional,02,2,0.1281321655437394,True
50,hindsight,Work-proportional,03,2,-0.4491617250493368,False
50,hindsight,Work-proportional,12,2,0.02482730591680804,True
50,hindsight,Work-proportional,13,2,-0.5251165381966507,False
50,hindsight,Work-proportional,23,2,-1.8751292540616835,False
50,hindsight,Work-proportional,0,1,0.09133389003701695,True
50,hindsight,Work-proportional,1,1,0.06105653316480383,True
50,hindsight,Work-proportional,2,1,-0.5117268098456443,False
50,hindsight,Work-proportional,3,1,-1.8433342214418365,False
50,hindsight,Stand-alone proportional,012,3,-0.0220207140423041,False
50,hindsight,Stand-alone proportional,013,3,0.23203405605178806,True
50,hindsight,Stand-alone proportional,023,3,-0.5197469242979984,False
50,hindsight,Stand-alone proportional,123,3,-0.6654509185517599,False
50,hindsight,Stand-alone proportional,01,2,-0.06544232430062333,False
50,hindsight,Stand-alone proportional,02,2,-0.016147516302834397,False
50,hindsight,Stand-alone proportional,03,2,-0.24345986778053452,False
50,hindsight,Stand-alone proportional,12,2,-0.1808745513519942,False
50,hindsight,Stand-alone proportional,13,2,-0.3808368563500768,False
50,hindsight,Stand-alone proportional,23,2,-1.5697741490482793,False
50,hindsight,Stand-alone proportional,0,1,-0.030632574758570848,False
50,hindsight,Stand-alone proportional,1,1,-0.12233210705301248,False
50,hindsight,Stand-alone proportional,2,1,-0.5340400268966303,False
50,hindsight,Stand-alone proportional,3,1,-1.5156658993774463,False
50,hindsight,Shapley,012,3,-0.578579140318856,False
50,hindsight,Shapley,013,3,-0.010788226683225544,False
50,hindsight,Shapley,023,3,-0.1847991595184748,False
50,hindsight,Shapley,123,3,-0.20101797431971824,False
50,hindsight,Shapley,01,2,-0.8648230333121887,False
50,hindsight,Shapley,02,2,-0.23775817779986264,False
50,hindsight,Shapley,03,2,-0.15133438573602442,False
50,hindsight,Shapley,12,2,-0.2730000333965044,False
50,hindsight,Shapley,13,2,-0.15922619485304867,False
50,hindsight,Shapley,23,2,-0.7703934400367143,False
50,hindsight,Shapley,0,1,-0.49506551899061246,False
50,hindsight,Shapley,1,1,-0.45727987183253604,False
50,hindsight,Shapley,2,1,-0.29121774416161694,False
50,hindsight,Shapley,3,1,-0.9591074731008946,False
50,hindsight,Dual (Theorem 3),012,3,-0.5117106420185837,False
50,hindsight,Dual (Theorem 3),013,3,-0.11242924414462718,False
50,hindsight,Dual (Theorem 3),023,3,-0.20022523679293158,False
50,hindsight,Dual (Theorem 3),123,3,-0.15081937788414246,False
50,hindsight,Dual (Theorem 3),01,2,-0.8995955524733146,False
50,hindsight,Dual (Theorem 3),02,2,-0.18631575677404355,False
50,hindsight,Dual (Theorem 3),03,2,-0.2684014804718793,False
50,hindsight,Dual (Theorem 3),12,2,-0.15593293866065294,False
50,hindsight,Dual (Theorem 3),13,2,-0.2106686158788711,False
50,hindsight,Dual (Theorem 3),23,2,-0.7356209208755917,False
50,hindsight,Dual (Theorem 3),0,1,-0.5452641154261917,False
50,hindsight,Dual (Theorem 3),1,1,-0.44185379455808294,False
50,hindsight,Dual (Theorem 3),2,1,-0.18957672670021863,False
50,hindsight,Dual (Theorem 3),3,1,-1.0259759714011703,False
50,emissions-only,Shapley,012,3,-0.5785791403188592,False
50,emissions-only,Shapley,013,3,-0.010788226683226765,False
50,emissions-only,Shapley,023,3,-0.18479915951847659,False
50,emissions-only,Shapley,123,3,-0.20101797431972224,False
50,emissions-only,Shapley,01,2,-0.8648230333121906,False
50,emissions-only,Shapley,02,2,-0.23775817779986613,False
50,emissions-only,Shapley,03,2,-0.1513343857360241,False
50,emissions-only,Shapley,12,2,-0.2730000333965064,False
50,emissions-only,Shapley,13,2,-0.15922619485304712,False
50,emissions-only,Shapley,23,2,-0.7703934400367074,False
50,emissions-only,Shapley,0,1,-0.49506551899061496,False
50,emissions-only,Shapley,1,1,-0.4572798718325376,False
50,emissions-only,Shapley,2,1,-0.29121774416161983,False
50,emissions-only,Shapley,3,1,-0.9591074731009026,False
50,emissions-only,Dual (Theorem 3),012,3,-0.5117106420185835,False
50,emissions-only,Dual (Theorem 3),013,3,-0.11242924414462852,False
50,emissions-only,Dual (Theorem 3),023,3,-0.20022523679293425,False
50,emissions-only,Dual (Theorem 3),123,3,-0.15081937788414956,False
50,emissions-only,Dual (Theorem 3),01,2,-0.8995955524733129,False
50,emissions-only,Dual (Theorem 3),02,2,-0.18631575677404455,False
50,emissions-only,Dual (Theorem 3),03,2,-0.26840148047187984,False
50,emissions-only,Dual (Theorem 3),12,2,-0.15593293866065433,False
50,emissions-only,Dual (Theorem 3),13,2,-0.21066861587887242,False
50,emissions-only,Dual (Theorem 3),23,2,-0.7356209208755888,False
50,emissions-only,Dual (Theorem 3),0,1,-0.5452641154261914,False
50,emissions-only,Dual (Theorem 3),1,1,-0.4418537945580835,False
50,emissions-only,Dual (Theorem 3),2,1,-0.18957672670022185,False
50,emissions-only,Dual (Theorem 3),3,1,-1.025975971401182,False
50,online,Origin-based,012,3,0.2731937372255186,True
50,online,Origin-based,013,3,-0.040631155700114885,False
50,online,Origin-based,023,3,-0.7084335780097406,False
50,online,Origin-based,123,3,-0.7213455679502461,False
50,online,Origin-based,01,2,0.11585718039532888,True
50,online,Origin-based,02,2,0.11539616277091885,True
50,online,Origin-based,03,2,-0.6594528473244858,False
50,online,Origin-based,12,2,0.06869836107868466,True
50,online,Origin-based,13,2,-0.7108381402882674,False
50,online,Origin-based,23,2,-1.7441311761823113,False
50,online,Origin-based,0,1,0.0053456616189268,True
50,online,Origin-based,1,1,0.016370445379721904,True
50,online,Origin-based,2,1,-0.4201121811627796,False
50,online,Origin-based,3,1,-1.8346583891520487,False
50,online,Host-based,012,3,0.7554885079972462,True
50,online,Host-based,013,3,-0.026052742978232346,False
50,online,Host-based,023,3,-1.0311672337371829,False
50,online,Host-based,123,3,-0.8954850957164158,False
50,online,Host-based,01,2,0.6127303638889396,True
50,online,Host-based,02,2,0.2749572778152047,True
50,online,Host-based,03,2,-0.967608090330045,False
50,online,Host-based,12,2,0.3768536040842432,True
50,online,Host-based,13,2,-0.8703992553325539,False
50,online,Host-based,23,2,-2.241004359675923,False
50,online,Host-based,0,1,0.17948518938509578,True
50,online,Host-based,1,1,0.33910410110716366,True
50,online,Host-based,2,1,-0.4346905938846628,False
50,online,Host-based,3,1,-2.3169531599237767,False
50,online,Work-proportional,012,3,0.31185909700651887,True
50,online,Work-proportional,013,3,0.06913195632643265,True
50,online,Work-proportional,023,3,-0.7615467488325101,False
50,online,Work-proportional,123,3,-0.816660868935025,False
50,online,Work-proportional,01,2,0.26428565220287686,True
50,online,Work-proportional,02,2,0.10094835172914979,True
50,online,Work-proportional,03,2,-0.6028029061207076,False
50,online,Work-proportional,12,2,0.012048419874906346,True
50,online,Work-proportional,13,2,-0.6963903292464986,False
50,online,Work-proportional,23,2,-1.8925596479898594,False
50,online,Work-proportional,0,1,0.10066096260370538,True
50,online,Work-proportional,1,1,0.06948361620249127,True
50,online,Work-proportional,2,1,-0.5298752931893272,False
50,online,Work-proportional,3,1,-1.8733237489330492,False
50,online,Stand-alone proportional,012,3,-0.044156961823000274,False
50,online,Stand-alone proportional,013,3,0.08903772841974111,True
50,online,Stand-alone proportional,023,3,-0.560378066980425,False
50,online,Stand-alone proportional,123,3,-0.6817192640508989,False
50,online,Stand-alone proportional,01,2,-0.07182463453333394,False
50,online,Stand-alone proportional,02,2,-0.05389902524828444,False
50,online,Stand-alone proportional,03,2,-0.38172845217531415,False
50,online,Stand-alone proportional,12,2,-0.20902603407048703,False
50,online,Stand-alone proportional,13,2,-0.5415429522690642,False
50,online,Stand-alone proportional,23,2,-1.5564493612536485,False
50,online,Stand-alone proportional,0,1,-0.03428064228042047,False
50,online,Stand-alone proportional,1,1,-0.13168506564959367,False
50,online,Stand-alone proportional,2,1,-0.5497810652826356,False
50,online,Stand-alone proportional,3,1,-1.5173076901035298,False
50,online,Shapley,012,3,-0.6276349689968705,False
50,online,Shapley,013,3,-0.10627190970714384,False
50,online,Shapley,023,3,-0.2336869734796514,False
50,online,Shapley,123,3,-0.22962271225091735,False
50,online,Shapley,01,2,-0.850612279834089,False
50,online,Shapley,02,2,-0.31068593892138097,False
50,online,Shapley,03,2,-0.2503469968014256,False
50,online,Shapley,12,2,-0.3404074894443757,False
50,online,Shapley,13,2,-0.28475603859596776,False
50,online,Shapley,23,2,-0.7776617159528936,False
50,online,Shapley,0,1,-0.4863771940804019,False
50,online,Shapley,1,1,-0.45837615915036733,False
50,online,Shapley,2,1,-0.35447142715575075,False
50,online,Shapley,3,1,-0.9338296829296597,False
50,online,Dual (Theorem 3),012,3,-0.5054991530341508,False
50,online,Dual (Theorem 3),013,3,-0.2530181268189966,False
50,online,Dual (Theorem 3),023,3,-0.2586364211096268,False
50,online,Dual (Theorem 3),123,3,-0.18006286347181977,False
50,online,Dual (Theorem 3),01,2,-0.8752226809832185,False
50,online,Dual (Theorem 3),02,2,-0.21349957058863311,False
50,online,Dual (Theorem 3),03,2,-0.4220426615432502,False
50,online,Dual (Theorem 3),12,2,-0.16871182470255475,False
50,online,Dual (Theorem 3),13,2,-0.38194240692871917,False
50,online,Dual (Theorem 3),23,2,-0.7530513148037676,False
50,online,Dual (Theorem 3),0,1,-0.5359370428595033,False
50,online,Dual (Theorem 3),1,1,-0.43342671152039547,False
50,online,Dual (Theorem 3),2,1,-0.20772521004390154,False
50,online,Dual (Theorem 3),3,1,-1.055965498892383,False
51,hindsight,Origin-based,012,3,0.7640096933896486,True
51,hindsight,Origin-based,013,3,0.12140976303869211,True
51,hindsight,Origin-based,023,3,-1.1866043139244415,False
51,hindsight,Origin-based,123,3,-1.483531391591034,False
51,hindsight,Origin-based,01,2,0.2883177621855063,True
51,hindsight,Origin-based,02,2,0.5977767403178108,True
51,hindsight,Origin-based,03,2,-1.0177809807164602,False
51,hindsight,Origin-based,12,2,0.3106955419025328,True
51,hindsight,Origin-based,13,2,-1.3065015907341522,False
51,hindsight,Origin-based,23,2,-3.150939542422176,False
51,hindsight,Origin-based,0,1,0.013693494689545394,True
51,hindsight,Origin-based,1,1,0.05164163436471286,True
51,hindsight,Origin-based,2,1,-0.571081517965002,False
51,hindsight,Origin-based,3,1,-3.3158262408869974,False
51,hindsight,Host-based,012,3,1.7808687721747343,True
51,hindsight,Host-based,013,3,0.22514865304811904,True
51,hindsight,Host-based,023,3,-1.9274992488248466,False
51,hindsight,Host-based,123,3,-1.8632344254851425,False
51,hindsight,Host-based,01,2,1.4089157309800195,True
51,hindsight,Host-based,02,2,0.873740884202492,True
51,hindsight,Host-based,03,2,-1.654937025607438,False
51,hindsight,Host-based,12,2,0.9478515867935104,True
51,hindsight,Host-based,13,2,-1.5824657346188333,False
51,hindsight,Host-based,23,2,-4.271537511216689,False
51,hindsight,Host-based,0,1,0.3933965285836536,True
51,hindsight,Host-based,1,1,0.7925365692651178,True
51,hindsight,Host-based,2,1,-0.6748204079744291,False
51,hindsight,Host-based,3,1,-4.332685319672083,False
51,hindsight,Work-proportional,012,3,0.652828122589166,True
51,hindsight,Work-proportional,013,3,0.47883971796256786,True
51,hindsight,Work-proportional,023,3,-1.28373493786764,False
51,hindsight,Work-proportional,123,3,-1.6326491517712087,False
51,hindsight,Work-proportional,01,2,0.5345661463088925,True
51,hindsight,Work-proportional,02,2,0.38946454557412313,True
51,hindsight,Work-proportional,03,2,-0.7574816497357895,False
51,hindsight,Work-proportional,12,2,0.050396210921868745,True
51,hindsight,Work-proportional,13,2,-1.0981893959904578,False
51,hindsight,Work-proportional,23,2,-3.3971879265455556,False
51,hindsight,Work-proportional,0,1,0.16281125486972653,True
51,hindsight,Work-proportional,1,1,0.1487722583079179,True
51,hindsight,Work-proportional,2,1,-0.9285114728888708,False
51,hindsight,Work-proportional,3,1,-3.204644670086508,False
51,hindsight,Stand-alone proportional,012,3,0.0179353430927206,True
51,hindsight,Stand-alone proportional,013,3,0.4812810515591095,True
51,hindsight,Stand-alone proportional,023,3,-0.8714068435840838,False
51,hindsight,Stand-alone proportional,123,3,-1.4125258001548597,False
51,hindsight,Stand-alone proportional,01,2,-0.09788529959101147,False
51,hindsight,Stand-alone proportional,02,2,0.1668998603612334,True
51,hindsight,Stand-alone proportional,03,2,-0.34271222185569217,False
51,hindsight,Stand-alone proportional,12,2,-0.364373216958228,False
51,hindsight,Stand-alone proportional,13,2,-0.8756247107775676,False
51,hindsight,Stand-alone proportional,23,2,-2.7647364806456514,False
51,hindsight,Stand-alone proportional,0,1,-0.05731209674662189,False
51,hindsight,Stand-alone proportional,1,1,-0.2635558359756377,False
51,hindsight,Stand-alone proportional,2,1,-0.9309528064854121,False
51,hindsight,Stand-alone proportional,3,1,-2.5697518905900623,False
51,hindsight,Shapley,012,3,-0.9821985994998973,False
51,hindsight,Shapley,013,3,0.04310883018528955,True
51,hindsight,Shapley,023,3,-0.3654963414209411,False
51,hindsight,Shapley,123,3,-0.48013013835156393,False
51,hindsight,Shapley,01,2,-1.5361914635574494,False
51,hindsight,Shapley,02,2,-0.32732358006824214,False
51,hindsight,Shapley,03,2,-0.27497394106636985,False
51,hindsight,Shapley,12,2,-0.4321114977475503,False
51,hindsight,Shapley,13,2,-0.3814012703480918,False
51,hindsight,Shapley,23,2,-1.3264303166792129,False
51,hindsight,Shapley,0,1,-0.9897077585499174,False
51,hindsight,Shapley,1,1,-0.7694663381387801,False
51,hindsight,Shapley,2,1,-0.49278058511159206,False
51,hindsight,Shapley,3,1,-1.5696179479974441,False
51,hindsight,Dual (Theorem 3),012,3,-1.0734391756749497,False
51,hindsight,Dual (Theorem 3),013,3,-0.17565174495409153,False
51,hindsight,Dual (Theorem 3),023,3,-0.27974996911693584,False
51,hindsight,Dual (Theorem 3),123,3,-0.2558753593411569,False
51,hindsight,Dual (Theorem 3),01,2,-1.846192614871876,False
51,hindsight,Dual (Theorem 3),02,2,-0.3328177839392822,False
51,hindsight,Dual (Theorem 3),03,2,-0.4079881439017383,False
51,hindsight,Dual (Theorem 3),12,2,-0.2990972949121887,False
51,hindsight,Dual (Theorem 3),13,2,-0.37590706647705874,False
51,hindsight,Dual (Theorem 3),23,2,-1.0164291653647934,False
51,hindsight,Dual (Theorem 3),0,1,-1.2139625375603316,False
51,hindsight,Dual (Theorem 3),1,1,-0.8552127104427925,False
51,hindsight,Dual (Theorem 3),2,1,-0.2740200099722181,False
51,hindsight,Dual (Theorem 3),3,1,-1.4783773718223987,False
51,emissions-only,Shapley,012,3,-0.9821985994999012,False
51,emissions-only,Shapley,013,3,0.04310883018528355,True
51,emissions-only,Shapley,023,3,-0.36549634142094334,False
51,emissions-only,Shapley,123,3,-0.48013013835156704,False
51,emissions-only,Shapley,01,2,-1.5361914635574474,False
51,emissions-only,Shapley,02,2,-0.3273235800682478,False
51,emissions-only,Shapley,03,2,-0.2749739410663752,False
51,emissions-only,Shapley,12,2,-0.4321114977475551,False
51,emissions-only,Shapley,13,2,-0.38140127034809623,False
51,emissions-only,Shapley,23,2,-1.326430316679203,False
51,emissions-only,Shapley,0,1,-0.9897077585499152,False
51,emissions-only,Shapley,1,1,-0.7694663381387777,False
51,emissions-only,Shapley,2,1,-0.49278058511159717,False
51,emissions-only,Shapley,3,1,-1.5696179479974486,False
51,emissions-only,Dual (Theorem 3),012,3,-1.0734391756749497,False
51,emissions-only,Dual (Theorem 3),013,3,-0.1756517449540993,False
51,emissions-only,Dual (Theorem 3),023,3,-0.2797499691169367,False
51,emissions-only,Dual (Theorem 3),123,3,-0.2558753593411618,False
51,emissions-only,Dual (Theorem 3),01,2,-1.8461926148718721,False
51,emissions-only,Dual (Theorem 3),02,2,-0.3328177839392833,False
51,emissions-only,Dual (Theorem 3),03,2,-0.4079881439017452,False
51,emissions-only,Dual (Theorem 3),12,2,-0.29909729491219195,False
51,emissions-only,Dual (Theorem 3),13,2,-0.3759070664770672,False
51,emissions-only,Dual (Theorem 3),23,2,-1.0164291653647846,False
51,emissions-only,Dual (Theorem 3),0,1,-1.213962537560327,False
51,emissions-only,Dual (Theorem 3),1,1,-0.8552127104427908,False
51,emissions-only,Dual (Theorem 3),2,1,-0.274020009972221,False
51,emissions-only,Dual (Theorem 3),3,1,-1.4783773718224067,False
51,online,Origin-based,012,3,0.658876944693078,True
51,online,Origin-based,013,3,0.06527597952861974,True
51,online,Origin-based,023,3,-1.2921071574364693,False
51,online,Origin-based,123,3,-1.6341743142740963,False
51,online,Origin-based,01,2,0.2399971972893038,True
51,online,Origin-based,02,2,0.4762959045459182,True
51,online,Origin-based,03,2,-1.121250937485004,False
51,online,Origin-based,12,2,0.11894324158106029,True
51,online,Origin-based,13,2,-1.485586466527216,False
51,online,Origin-based,23,2,-3.2547980700168657,False
51,online,Origin-based,0,1,0.011857155869429606,True
51,online,Origin-based,1,1,-0.0026459137860511683,False
51,online,Origin-based,2,1,-0.5967294461212351,False
51,online,Origin-based,3,1,-3.321023580039428,False
51,online,Host-based,012,3,1.6553004671126574,True
51,online,Host-based,013,3,0.1626032916217759,True
51,online,Host-based,023,3,-2.0176676505420144,False
51,online,Host-based,123,3,-2.0023646556812875,False
51,online,Host-based,01,2,1.33374803180204,True
51,online,Host-based,02,2,0.7471589338599526,True
51,online,Host-based,03,2,-1.7494841184973926,False
51,online,Host-based,12,2,0.7471764225934487,True
51,online,Host-based,13,2,-1.7564494958412504,False
51,online,Host-based,23,2,-4.348548904529602,False
51,online,Host-based,0,1,0.38004749727662057,True
51,online,Host-based,1,1,0.722914579319494,True
51,online,Host-based,2,1,-0.6940567582143917,False
51,online,Host-based,3,1,-4.317447102459008,False
51,online,Work-proportional,012,3,0.619727549148839,True
51,online,Work-proportional,013,3,0.40895292238074266,True
51,online,Work-proportional,023,3,-1.4338573685370224,False
51,online,Work-proportional,123,3,-1.7969516504814291,False
51,online,Work-proportional,01,2,0.5445247445971888,True
51,online,Work-proportional,02,2,0.29539629790112676,True
51,online,Work-proportional,03,2,-0.9193242057334332,False
51,online,Work-proportional,12,2,-0.08298349017051088,False
51,online,Work-proportional,13,2,-1.304686859882425,False
51,online,Work-proportional,23,2,-3.559325617324751,False
51,online,Work-proportional,0,1,0.1746344920767621,True
51,online,Work-proportional,1,1,0.13910429731450136,True
51,online,Work-proportional,2,1,-0.940406388973359,False
51,online,Work-proportional,3,1,-3.2818741844951895,False
51,online,Stand-alone proportional,012,3,-0.0531516925728035,False
51,online,Stand-alone proportional,013,3,0.4156201571634055,True
51,online,Stand-alone proportional,023,3,-1.003871798148635,False
51,online,Stand-alone proportional,123,3,-1.5607252139308363,False
51,online,Stand-alone proportional,01,2,-0.12168726234179122,False
51,online,Stand-alone proportional,02,2,0.05250262656787108,True
51,online,Stand-alone proportional,03,2,-0.48267140056238356,False
51,online,Stand-alone proportional,12,2,-0.5196362953415605,False
51,online,Stand-alone proportional,13,2,-1.0617931885491694,False
51,online,Stand-alone proportional,23,2,-2.893113610385771,False
51,online,Stand-alone proportional,0,1,-0.06159194447383096,False
51,online,Stand-alone proportional,1,1,-0.29088127307388567,False
51,online,Stand-alone proportional,2,1,-0.9470736237560216,False
51,online,Stand-alone proportional,3,1,-2.608994942773547,False
51,online,Shapley,012,3,-1.0836281119558369,False
51,online,Shapley,013,3,-0.0375846190695448,False
51,online,Shapley,023,3,-0.4889933835623701,False
51,online,Shapley,123,3,-0.5919224329011161,False
51,online,Shapley,01,2,-1.6053684579577754,False
51,online,Shapley,02,2,-0.46309537822889757,False
51,online,Shapley,03,2,-0.42099776220906904,False
51,online,Shapley,12,2,-0.5813099336948744,False
51,online,Shapley,13,2,-0.5461951837524004,False
51,online,Shapley,23,2,-1.4094324147697863,False
51,online,Shapley,0,1,-1.0303947255035504,False
51,online,Shapley,1,1,-0.8057596876601503,False
51,online,Shapley,2,1,-0.4938688475230708,False
51,online,Shapley,3,1,-1.578518523390513,False
51,online,Dual (Theorem 3),012,3,-1.1065397491152766,False
51,online,Dual (Theorem 3),013,3,-0.2455385405359165,False
51,online,Dual (Theorem 3),023,3,-0.42987239978631875,False
51,online,Dual (Theorem 3),123,3,-0.4201778580513782,False
51,online,Dual (Theorem 3),01,2,-1.8362340165835795,False
51,online,Dual (Theorem 3),02,2,-0.4268860316122788,False
51,online,Dual (Theorem 3),03,2,-0.5698306998993825,False
51,online,Dual (Theorem 3),12,2,-0.4324769960045687,False
51,online,Dual (Theorem 3),13,2,-0.5824045303690264,False
51,online,Dual (Theorem 3),23,2,-1.1785668561439895,False
51,online,Dual (Theorem 3),0,1,-1.202139300353296,False
51,online,Dual (Theorem 3),1,1,-0.864880671436209,False
51,online,Dual (Theorem 3),2,1,-0.28591492605670643,False
51,online,Dual (Theorem 3),3,1,-1.5556068862310806,False
