kind,week,t0,coal,value,late,phys0,phys1,phys2,phys3,host0,host1,host2,host3,emis,slack,phi0,phi1,phi2,phi3,philo0,philo1,philo2,philo3,phihi0,phihi1,phihi2,phihi3,work0,work1,work2,work3
carma,0,17520,0123,5.015207477527306,0.0,0.196252551350992,1.0179951959005364,1.167533293922284,2.633426436353493,1.0417490634954214,2.1270498109051443,0.12437064249153285,1.7220379606352056,,,,,,,,,,,,,,,,,,
carma,1,17688,0123,9.58769108032761,0.0,0.5657236931302846,2.1119271128717934,2.217524485004539,4.692515789320994,2.2567966360104497,3.8255087237981615,0.43421157947920896,3.071174141039789,,,,,,,,,,,,,,,,,,
carma,2,17856,0123,6.580650028408866,0.0,0.2418290655707309,1.100404691743096,1.7541358590349776,3.48428041206006,1.109798262032764,2.457280982017564,0.9776252494957922,2.0359455348627438,,,,,,,,,,,,,,,,,,
carma,3,18024,0123,2.6179025815802097,0.0,0.12563670150165518,0.39922534483096855,0.7800207509528331,1.3130197842947529,0.42653823927083173,1.0167111683804086,0.5311103950910616,0.6435427788379083,,,,,,,,,,,,,,,,,,
carma,4,18192,0123,2.145731636012717,0.0,0.075167935711839,0.44476621546673323,0.6665937337600705,0.9592037510740741,0.4157216732050399,0.9465422932715017,0.508930973809358,0.27453669572681744,,,,,,,,,,,,,,,,,,
carma,5,18360,0123,3.172331277355694,0.0,0.17351814762370912,0.6168211068856183,0.7952637749175449,1.5867282479288216,0.6886122325904668,1.411499309437878,0.22772483953216255,0.8444948957951866,,,,,,,,,,,,,,,,,,
carma,6,18528,0123,3.4710617178420535,0.0,0.14329860318529872,0.6560443216623668,0.9580265143791188,1.7136922786152695,0.5922934235572985,1.3914561643707155,0.37664845550544496,1.110663674408594,,,,,,,,,,,,,,,,,,
carma,7,18696,0123,3.63946900862619,0.0,0.1817368443244144,0.6399268213014586,0.9957243159957008,1.822081027004617,0.6950348292216993,1.3382870336599009,0.5916623645860054,1.0144847811585853,,,,,,,,,,,,,,,,,,
carma,8,18864,0123,5.023876980906982,0.0,0.16147581950626408,1.0410141364147667,1.2420190707573915,2.57936795422856,0.697541737292679,2.0384611219206072,0.865151358814805,1.422722762878891,,,,,,,,,,,,,,,,,,
carma,9,19032,0123,4.281794474799945,0.0,0.10808967980302073,0.6801945681209076,1.0145746170873298,2.478935609788687,0.5123071202411424,1.7082468176550356,0.5969153313714413,1.4643252055323257,,,,,,,,,,,,,,,,,,
carma,10,19200,0123,2.7456033129010144,0.0,0.07613491947037258,0.5053524506585425,0.6581001129677985,1.5060158298043007,0.40067551855349903,1.2415017137722684,0.18582309548285697,0.917602985092389,,,,,,,,,,,,,,,,,,
carma,11,19368,0123,3.310804209861859,0.0,0.07976469125380131,0.6691075618382665,0.837686528172756,1.724245428597036,0.4115708126553232,1.4171640642241086,0.3362914827616762,1.1457778502207516,,,,,,,,,,,,,,,,,,
carma,12,19536,0123,2.297734712112667,0.0,0.08245062845060933,0.43725891358856517,0.6073491104735715,1.1706760595999206,0.4142011126383543,0.9699297451422164,0.1906327972655326,0.7229710570665641,,,,,,,,,,,,,,,,,,
carma,13,19704,0123,1.8867195171492048,0.0,0.07803646588336088,0.4250890115840648,0.3994503242333821,0.9841437154483972,0.37798842914291697,0.8436686460746414,0.09830121279102516,0.5667612291406213,,,,,,,,,,,,,,,,,,
carma,14,19872,0123,0.990218048176231,0.0,0.05003799234647283,0.13420257498954402,0.37266803243016894,0.4333094484100453,0.2051341544502645,0.34768938199092925,0.2835155949913361,0.15387891674370094,,,,,,,,,,,,,,,,,,
carma,15,20040,0123,2.2717487570777046,0.0,0.09430304099661138,0.31737439119596544,0.6509052445893105,1.2091660802958175,0.40069957590601885,0.8693740526038961,0.4225464766853022,0.579128651882488,,,,,,,,,,,,,,,,,,
carma,16,20208,0123,4.135257854339259,0.0,0.11865155252140204,0.7786709708453412,0.999213610799982,2.2387217201725336,0.6479832005556452,1.4826308134951216,0.6627845150225504,1.3418593252659423,,,,,,,,,,,,,,,,,,
carma,17,20376,0123,2.8821871780838753,0.0,0.11749605100337128,0.5239537735461632,0.850754323032174,1.3899830305021663,0.6395143661416477,1.0813318895248454,0.660271786842071,0.5010691355753107,,,,,,,,,,,,,,,,,,
carma,18,20544,0123,4.852764384343575,0.0,0.22158955065751407,0.9605515513347606,1.3878328382760845,2.282790444075216,0.8301707669777322,2.0224480228703428,0.9600433862559581,1.0401022082395426,,,,,,,,,,,,,,,,,,
carma,19,20712,0123,5.099007761637341,0.0,0.17007315140023663,0.9537237726041077,1.5125132144533848,2.462697623179612,0.9173476913237751,2.203531940188694,1.0573372540140737,0.9207908761107982,,,,,,,,,,,,,,,,,,
carma,20,20880,0123,4.663296580936962,0.0,0.22005462156592145,0.8396300596495329,1.3114781156916084,2.2921337840299008,0.883741215727049,2.0521728853666183,0.6231421268393298,1.104240353003965,,,,,,,,,,,,,,,,,,
carma,21,21048,0123,2.263017329759759,0.0,0.12116080975563526,0.4207894129804092,0.6486079393299178,1.0724591676937967,0.48229784812229237,1.0116436547017333,0.3921665359983334,0.3769092909373998,,,,,,,,,,,,,,,,,,
carma,22,21216,0123,1.4541831383002395,0.0,0.05198334101956795,0.3726758569555327,0.4129606247971925,0.6165633155279464,0.29937637144933166,0.7333180273525352,0.35870606017280865,0.0627826793255641,,,,,,,,,,,,,,,,,,
carma,23,21384,0123,3.005109397336263,0.0,0.14575571580558425,0.5659843115933532,0.876522387401799,1.4168469825355268,0.6253526011863424,1.1592156748955729,0.5529786786533828,0.6675624426009651,,,,,,,,,,,,,,,,,,
carma,24,21552,0123,3.587000614304038,0.0,0.1597595355765933,0.8721507443365398,1.0316666844702616,1.5234236499206437,0.6549193345044699,1.6044891782540067,0.703419037395449,0.624173064150113,,,,,,,,,,,,,,,,,,
carma,25,21720,0123,3.1743847317745115,0.0,0.12916615458952108,0.650773867758374,1.1016639856083994,1.2927807238182174,0.5612341711858625,1.3683534134825568,0.861509584716835,0.3832875623892591,,,,,,,,,,,,,,,,,,
carma,26,21888,0123,2.4136454534005027,0.0,0.17969872548216587,0.4252199324471664,0.7025128509000768,1.106213944571094,0.6434306687022988,0.882479057593034,0.4836631202214754,0.40407260688369406,,,,,,,,,,,,,,,,,,
carma,27,22056,0123,3.7474766020258046,0.0,0.24112759045744048,0.7560035513000025,0.9681010169617658,1.7822444433065956,0.9444572189092948,1.686422632963249,0.3282243009837737,0.7883724491694865,,,,,,,,,,,,,,,,,,
carma,28,22224,0123,4.37122404517518,0.0,0.3681809477134808,0.7768278540616168,1.1701195791398236,2.0560956642602584,0.9493585538018067,1.8044667906131158,0.7873742786069085,0.8300244221533488,,,,,,,,,,,,,,,,,,
carma,29,22392,0123,5.1155460814284215,0.0,0.44928864149706493,0.8594413257777545,1.3974219608390606,2.4093941533145418,1.1449928585664904,1.8939721024324365,0.7659659138567916,1.3106152065727035,,,,,,,,,,,,,,,,,,
carma,30,22560,0123,4.044817823585047,0.0,0.3239109171606306,0.709270237048113,1.0458988250034595,1.9657378443728442,0.9907177548732209,1.7077876581902198,0.3131545375093328,1.0331578730122744,,,,,,,,,,,,,,,,,,
carma,31,22728,0123,1.531630513794935,0.0,0.07092088331587953,0.3016469462400474,0.48469742013851685,0.6743652641004914,0.3549861282173582,0.6669874850591995,0.355789191687013,0.15386770883136483,,,,,,,,,,,,,,,,,,
carma,32,22896,0123,2.3954013713283406,0.0,0.10356852599546945,0.433297313253969,0.7256056747324374,1.1329298573464646,0.48531271171639473,0.9722210358439459,0.6357035154790825,0.3021641082889178,,,,,,,,,,,,,,,,,,
carma,33,23064,0123,1.326685111799427,0.0,0.04950607869421058,0.2694014199998784,0.3881459060792213,0.6196317070261164,0.21443310884859015,0.5603946932808836,0.42047548968640897,0.1313818199835439,,,,,,,,,,,,,,,,,,
carma,34,23232,0123,2.4525527441586163,0.0,0.11445854468044417,0.387512504192798,0.774017909454962,1.1765637858304123,0.4701883837599767,0.956577624957854,0.5802594369882564,0.4455272984525291,,,,,,,,,,,,,,,,,,
carma,35,23400,0123,3.4766714982828,0.0,0.1974445128574209,0.602055413610211,1.0713092515759701,1.6058623202391975,0.6239304031224167,1.3331669870922445,0.7799205341084525,0.7396535739596859,,,,,,,,,,,,,,,,,,
carma,36,23568,0123,1.900470923393927,0.0,0.018164169645244293,0.5201382135391915,0.5682978642270361,0.7938706759824555,0.1592831536756564,0.9573728167630502,0.29867562976689277,0.48513932318832853,,,,,,,,,,,,,,,,,,
carma,37,23736,0123,3.5420747952635874,0.0,0.1195207009989114,0.8438599964760212,0.7071727588706088,1.8715213389180458,0.5218593422070266,1.5878840910198042,0.1624961305428228,1.2698352314939347,,,,,,,,,,,,,,,,,,
carma,38,23904,0123,3.2715447623017493,0.0,0.13700537044884545,0.610584727971428,0.8016293303028966,1.7223253335785786,0.48913328644825343,1.4456437038797547,0.3549526924099535,0.9818150795637854,,,,,,,,,,,,,,,,,,
carma,39,24072,0123,2.2874698060772345,0.0,0.06721392297936502,0.4128833150720593,0.5725540710293279,1.234818496996482,0.2784087032540508,1.1118455840834953,0.18404757941763783,0.7131679393220498,,,,,,,,,,,,,,,,,,
carma,40,24240,0123,3.2373825322034726,0.0,0.08410340701575525,0.6431168114120474,0.838814498619994,1.6713478151556762,0.4790472703285447,1.6036630172689212,0.43127236437937666,0.723399880226629,,,,,,,,,,,,,,,,,,
carma,41,24408,0123,3.436161053887398,0.0,0.09383701978894929,0.7875887908922813,0.9036193860928351,1.6511158571133322,0.5004647094839291,1.6146536191807683,0.471478983412417,0.8495637418102847,,,,,,,,,,,,,,,,,,
carma,42,24576,0123,3.552188812144489,0.0,0.13557756320298794,0.7111037071116593,0.9031249405838198,1.802382601246022,0.5140180880788373,1.392428324427343,0.5393441432534302,1.1063982563848778,,,,,,,,,,,,,,,,,,
carma,43,24744,0123,6.247831560736283,0.0,0.3353603289442757,0.9024351019549414,1.6479806700960788,3.3620554597409855,1.5430605093232337,2.076998180280392,0.7419364087815464,1.8858364623511084,,,,,,,,,,,,,,,,,,
carma,44,24912,0123,6.3882695205481825,0.0,0.32958521558387627,1.0128666774072372,2.020216483468682,3.025601144088387,1.2974314502927586,2.242077810475305,1.5113718869086072,1.3373883728715126,,,,,,,,,,,,,,,,,,
carma,45,25080,0123,4.281483168536615,0.0,0.17177519325350835,0.9234832611520675,1.2494298513828836,1.9367948627481553,0.7830252304946314,1.8643612424529474,0.9496335990962019,0.6844630964928324,,,,,,,,,,,,,,,,,,
carma,46,25248,0123,3.2921495018609703,0.0,0.12067761620631133,0.548200532932921,0.9795938863218208,1.643677466399917,0.5209005618328157,1.3907282402346837,0.6976783217352716,0.6828423780581986,,,,,,,,,,,,,,,,,,
carma,47,25416,0123,4.468996139614296,0.0,0.18183314308174858,1.0059064744245565,1.0782416436795905,2.2030148784284,0.7192598555570351,2.2593227679823236,0.3546284641031435,1.1357850519717925,,,,,,,,,,,,,,,,,,
carma,48,25584,0123,3.562178216192103,0.0,0.11590073894448782,0.8217796518080699,0.9856262210471707,1.638871604392375,0.5443593734749144,1.7933961425338472,0.5847200973384074,0.6397026028449351,,,,,,,,,,,,,,,,,,
carma,49,25752,0123,7.43679173487092,0.0,0.4513529906707641,1.522665529191915,1.729496444249792,3.7332767707584495,1.6359335497345273,2.8962659069779013,0.488300452648372,2.4162918255101222,,,,,,,,,,,,,,,,,,
carma,50,25920,0123,1.3689817243372202,0.0,0.06030131306587615,0.2309761163434862,0.4776955747004872,0.6000087202273707,0.23657615600189286,0.5428548151610489,0.46937050478421843,0.12018024839006018,,,,,,,,,,,,,,,,,,
carma,51,26088,0123,3.1005791954769095,0.0,0.12189747884543194,0.5216372242739823,1.0920397610372883,1.3650047313202074,0.4963732538862157,1.2387021330074366,0.9995352220945776,0.36596858648867986,,,,,,,,,,,,,,,,,,
carma,0,17520,012,1.872090285749571,0.0,0.19234037733845577,0.8419839754740289,0.8377659329370863,0.0,0.9572701081010061,0.9148201776485648,0.0,0.0,,,,,,,,,,,,,,,,,,
carma,0,17520,013,3.150469672262268,0.0,0.19960305922760674,0.9661536784627824,0.0,1.9847129345718784,0.9894457781321229,1.5794642855990149,0.0,0.5815596085311309,,,,,,,,,,,,,,,,,,
carma,0,17520,023,4.568739520557435,0.0,0.19401896069623242,0.0,1.1605737007293082,3.214146859131894,1.0525654619098788,0.0,0.4186253410310964,3.0975487176164616,,,,,,,,,,,,,,,,,,
carma,0,17520,123,6.313331486476567,0.0,0.0,1.0621658566181027,1.7693754714656584,3.4817901583928066,0.0,2.5486074951412134,0.35868533096439853,3.406038660370956,,,,,,,,,,,,,,,,,,
carma,1,17688,012,4.374201617857284,0.0,0.5499879809838357,1.9487536347249734,1.8754600021484753,0.0,2.0529347924976538,2.1111156333596424,0.21015119199998913,0.0,,,,,,,,,,,,,,,,,,
carma,1,17688,013,6.3650729325754964,0.0,0.568270988261543,2.077506167851439,0.0,3.719295776462514,2.197884665931273,3.1825842068574395,0.0,0.9846040597867842,,,,,,,,,,,,,,,,,,
carma,1,17688,023,8.71010167140532,0.0,0.5708414504687874,0.0,2.5022363892789636,5.63702383165757,2.245446760953771,0.0,1.2643396724717497,5.200315237979798,,,,,,,,,,,,,,,,,,
carma,1,17688,123,11.342248651768976,0.0,0.0,2.153853116528223,3.2015013755021156,5.98689415973864,0.0,4.308952574763389,1.2266311618204537,5.806664915185141,,,,,,,,,,,,,,,,,,
carma,2,17856,012,2.2403938993117705,0.0,0.2444673254984562,0.954541445318452,1.0413851284948623,0.0,1.0463031064948642,1.1497245232766857,0.044366269540220424,0.0,,,,,,,,,,,,,,,,,,
carma,2,17856,013,4.062050793334341,0.0,0.24360699150527892,1.140531311079274,0.0,2.677912490749787,1.06456631072599,2.113141524346268,0.0,0.8843429582620824,,,,,,,,,,,,,,,,,,
carma,2,17856,023,6.833734153317139,0.0,0.24369750528956396,0.0,2.0323706443206873,4.557666003706888,1.1285894368774587,0.0,1.771144016790571,3.9340006996491095,,,,,,,,,,,,,,,,,,
carma,2,17856,123,8.460091075593397,0.0,0.0,1.1056534004595058,2.412805117084434,4.941632558049459,0.0,2.681724057293954,1.73563270556299,4.042734312736454,,,,,,,,,,,,,,,,,,
carma,3,18024,012,0.839244988165662,0.0,0.11931335214452807,0.3298819074260943,0.39004972859503967,0.0,0.36779362244728303,0.44748630487499363,0.023965060843385597,0.0,,,,,,,,,,,,,,,,,,
carma,3,18024,013,1.5028003308390254,0.0,0.12353522249200616,0.38318921673410256,0.0,0.9960758916129163,0.4173740913427899,0.833514642312569,0.0,0.2519115971836665,,,,,,,,,,,,,,,,,,
carma,3,18024,023,3.125897220220622,0.0,0.12819102129879625,0.0,1.086250251550359,1.9114559473714665,0.4305102228262479,0.0,1.1199100765382002,1.5754769208561736,,,,,,,,,,,,,,,,,,
carma,3,18024,123,3.537975074451819,0.0,0.0,0.3815059304727899,1.156550709463959,1.9999184345150696,0.0,1.0463803775398097,1.1047414502737016,1.3868532466383072,,,,,,,,,,,,,,,,,,
carma,4,18192,012,0.7946537835328547,0.0,0.0832058192875911,0.3771705736282276,0.33427739061703604,0.0,0.37454747284451845,0.3959888351709476,0.02411747551738871,0.0,,,,,,,,,,,,,,,,,,
carma,4,18192,013,1.3931737652522613,0.0,0.07604807045913255,0.42360756264660626,0.0,0.8935181321465225,0.4066551036903033,0.7403906580870308,0.0,0.24612800347492786,,,,,,,,,,,,,,,,,,
carma,4,18192,023,2.322942248109845,0.0,0.07229300388700287,0.0,0.7706649982144292,1.479984246008413,0.4194249953076601,0.0,0.9146907580560651,0.98882649474612,,,,,,,,,,,,,,,,,,
carma,4,18192,123,3.033602189650024,0.0,0.0,0.4269259854652303,0.9237353896548939,1.6829408145298994,0.0,1.0433140163849703,0.9353847289970071,1.0549034442680465,,,,,,,,,,,,,,,,,,
carma,5,18360,012,1.2185816504188034,0.0,0.1583472044751522,0.4851787899679618,0.5750556559756894,0.0,0.6009685676566673,0.5472566777621358,0.070356405,0.0,,,,,,,,,,,,,,,,,,
carma,5,18360,013,1.8802453017113214,0.0,0.17026829582554567,0.5884544012744285,0.0,1.1215226046113473,0.6705872720242511,1.0921089267265116,0.0,0.11754910296055843,,,,,,,,,,,,,,,,,,
carma,5,18360,023,3.4284559422203564,0.0,0.16836516132923804,0.0,0.9742257293486025,2.2858650515425154,0.709005724576827,0.0,0.7293984040766872,1.9900518135668417,,,,,,,,,,,,,,,,,,
carma,5,18360,123,4.192628036742229,0.0,0.0,0.6106649096899245,1.2259957787957136,2.355967348256591,0.0,1.6458296557567145,0.6431095623882374,1.9036888185972762,,,,,,,,,,,,,,,,,,
carma,6,18528,012,1.2802839077412271,0.0,0.1425207399638088,0.5335257470898028,0.6042374206876154,0.0,0.543458767736796,0.7327874425044308,0.0040376975,0.0,,,,,,,,,,,,,,,,,,
carma,6,18528,013,1.7936974569143365,0.0,0.14211217975869278,0.6396637322750065,0.0,1.011921544880637,0.5572259382447585,1.0791984459093291,0.0,0.15727307276024927,,,,,,,,,,,,,,,,,,
carma,6,18528,023,3.8516032877300272,0.0,0.14455618194996459,0.0,1.2841879054163472,2.4228592003637157,0.6173279730689099,0.0,0.9475816115395097,2.2866937031216077,,,,,,,,,,,,,,,,,,
carma,6,18528,123,4.854911430438825,0.0,0.0,0.6604774939552408,1.581230461722975,2.6132034747606085,0.0,1.5665451578479828,0.9609302771933926,2.3274359953974497,,,,,,,,,,,,,,,,,,
carma,7,18696,012,1.1814773351107994,0.0,0.17386430403106934,0.5046664251082396,0.5029466059714907,0.0,0.5645464718271153,0.6132180419190664,0.0037128213646179984,0.0,,,,,,,,,,,,,,,,,,
carma,7,18696,013,2.118396278195315,0.0,0.1831628013537665,0.6009310340757947,0.0,1.3343024427657542,0.6677094162157079,0.9798478411908912,0.0,0.4708390207887157,,,,,,,,,,,,,,,,,,
carma,7,18696,023,4.259582024484046,0.0,0.1770555222721122,0.0,1.152653412183729,2.929873090028204,0.7016277987418696,0.0,0.8584295320491996,2.6995246936929758,,,,,,,,,,,,,,,,,,
carma,7,18696,123,5.141854599461833,0.0,0.0,0.651276580407078,1.3551164132860698,3.1354616057686844,0.0,1.5231572535253355,0.8821086714685198,2.736588674467976,,,,,,,,,,,,,,,,,,
carma,8,18864,012,1.4879339353164729,0.0,0.15496008261261446,0.7818060015616236,0.5511678511422349,0.0,0.5762542604477966,0.8909022469237191,0.020777427944957506,0.0,,,,,,,,,,,,,,,,,,
carma,8,18864,013,2.9872791652042037,0.0,0.15919032692425517,0.9894903366180728,0.0,1.8385985016618758,0.6790661619528768,1.7223611319698526,0.0,0.5858518712814751,,,,,,,,,,,,,,,,,,
carma,8,18864,023,5.1669444729800835,0.0,0.16443159172723573,0.0,1.4271375603823755,3.575375320870473,0.7099569488351137,0.0,1.4771351399179815,2.9798523842269904,,,,,,,,,,,,,,,,,,
carma,8,18864,123,6.887840641206329,0.0,0.0,1.0781880874949592,1.862642010280083,3.9470105434312868,0.0,2.3477749653441187,1.5101820062364486,3.0298836696257605,,,,,,,,,,,,,,,,,,
carma,9,19032,012,1.0905534092060913,0.0,0.10554499117952452,0.507863991039521,0.4771444269870459,0.0,0.4412904321976406,0.6492629770084507,0.0,0.0,,,,,,,,,,,,,,,,,,
carma,9,19032,013,2.145764572912029,0.0,0.10380151520307827,0.6420837776435845,0.0,1.3998792800653665,0.4959648378430828,1.3508712102833986,0.0,0.29892852478554754,,,,,,,,,,,,,,,,,,
carma,9,19032,023,5.29233479073477,0.0,0.1059722013548407,0.0,1.3982682080649471,3.7880943813149823,0.5338034850701315,0.0,1.3698314093310098,3.388699896333629,,,,,,,,,,,,,,,,,,
carma,9,19032,123,6.330319046328083,0.0,0.0,0.6622475673948746,1.775821391320877,3.892250087612332,0.0,1.7922994620348722,1.1951906483117916,3.342828935981418,,,,,,,,,,,,,,,,,,
carma,10,19200,012,0.8411515656296761,0.0,0.07636911336749917,0.35055415010457835,0.4142283021575986,0.0,0.36049764574007653,0.47699508988959954,0.00365883,0.0,,,,,,,,,,,,,,,,,,
carma,10,19200,013,1.3892760712079317,0.0,0.07578142151291317,0.42431779700590905,0.0,0.8891768526891095,0.3723276807620171,0.8690438646584949,0.0,0.14790452578741994,,,,,,,,,,,,,,,,,,
carma,10,19200,023,3.339393749036512,0.0,0.07653703091070482,0.0,0.9291590614646498,2.3336976566611574,0.4154687504276064,0.0,0.6979625460588659,2.2259624525500388,,,,,,,,,,,,,,,,,,
carma,10,19200,123,4.127927783922067,0.0,0.0,0.5054361540589902,1.2164949436250683,2.4059966862380087,0.0,1.3914456241258937,0.6086076846972941,2.127874475098879,,,,,,,,,,,,,,,,,,
carma,11,19368,012,1.0658623080048062,0.0,0.07995322028193158,0.5610054325913868,0.42490365513148787,0.0,0.39804841823299175,0.6300025727762159,0.03781131699559924,0.0,,,,,,,,,,,,,,,,,,
carma,11,19368,013,1.7164517512814699,0.0,0.0823157071863714,0.6329820966879863,0.0,1.001153947407112,0.38749826790688596,1.0608480021515034,0.0,0.2681054812230803,,,,,,,,,,,,,,,,,,
carma,11,19368,023,3.5074992981752056,0.0,0.07742172585859777,0.0,0.9965625880157526,2.433514984300855,0.4222888057719486,0.0,0.6624314339620658,2.4227790584411903,,,,,,,,,,,,,,,,,,
carma,11,19368,123,4.693126478301426,0.0,0.0,0.6590123513138896,1.440153076964515,2.593961050023021,0.0,1.5390832179746226,0.6159800159032403,2.5380632444235607,,,,,,,,,,,,,,,,,,
carma,12,19536,012,0.7451229512892639,0.0,0.08195044694866985,0.3180515083112728,0.34512099602932134,0.0,0.33071944557814287,0.4128243957111214,0.00157911,0.0,,,,,,,,,,,,,,,,,,
carma,12,19536,013,1.1588011848293402,0.0,0.08167635212549536,0.3834936855112263,0.0,0.6936311471926184,0.36066160923449786,0.6858505459642251,0.0,0.1122890296306167,,,,,,,,,,,,,,,,,,
carma,12,19536,023,2.844665276808086,0.0,0.08098256655757637,0.0,0.9133559931221558,1.850326717128354,0.42105117131727526,0.0,0.7441829243991304,1.6794311810916807,,,,,,,,,,,,,,,,,,
carma,12,19536,123,3.4744204301982515,0.0,0.0,0.4204423903515705,1.1594369598231509,1.8945410800235303,0.0,1.1753543240523237,0.6622669028017265,1.636799203344201,,,,,,,,,,,,,,,,,,
carma,13,19704,012,0.6597505201917525,0.0,0.0771287737927303,0.29622014007921366,0.28640160631980854,0.0,0.30205979436520686,0.3576907258265456,0.0,0.0,,,,,,,,,,,,,,,,,,
carma,13,19704,013,1.175125379156248,0.0,0.07995166657036906,0.4207153916637348,0.0,0.6744583209221442,0.3388030723480564,0.6713949080820866,0.0,0.16492739872610476,,,,,,,,,,,,,,,,,,
carma,13,19704,023,2.139104619713636,0.0,0.07769790436660683,0.0,0.6482311863233816,1.4131755290236476,0.39741361173055134,0.0,0.536239919478791,1.2054510885042926,,,,,,,,,,,,,,,,,,
carma,13,19704,123,2.73798587343655,0.0,0.0,0.4094243478358618,0.7930148053884187,1.5355467202122688,0.0,0.966102248571533,0.500317899829359,1.2715657250356578,,,,,,,,,,,,,,,,,,
carma,14,19872,012,0.3291444838440572,0.0,0.041830749390793544,0.10545143757980088,0.18186229687346273,0.0,0.14594352946464378,0.17930355558051841,0.0038973987988949596,0.0,,,,,,,,,,,,,,,,,,
carma,14,19872,013,0.5004382559693697,0.0,0.04580545513167467,0.11932174120172329,0.0,0.3353110596359719,0.18173633945928933,0.25994197751551434,0.0,0.05875993899456612,,,,,,,,,,,,,,,,,,
carma,14,19872,023,1.3360848384623387,0.0,0.0474916173950192,0.0,0.5181406032192286,0.7704526178480913,0.2174034543047964,0.0,0.59538280046302,0.5232985836945221,,,,,,,,,,,,,,,,,,
carma,14,19872,123,1.4278085050084501,0.0,0.0,0.1268536629520218,0.49786495252605295,0.8030898895303756,0.0,0.3692898668465048,0.5674457053491957,0.49107293281274933,,,,,,,,,,,,,,,,,,
carma,15,20040,012,0.6995885862809073,0.0,0.09000192288570974,0.27210887944332357,0.337477783951874,0.0,0.3439720086765878,0.3464661966285701,0.009150380975749632,0.0,,,,,,,,,,,,,,,,,,
carma,15,20040,013,1.3745464380704302,0.0,0.09303686941067692,0.31194234976265056,0.0,0.9695672188971027,0.38864605301480987,0.7183253634337482,0.0,0.2675750216218723,,,,,,,,,,,,,,,,,,
carma,15,20040,023,2.714677550626169,0.0,0.09015374313428505,0.0,0.7733146008915431,1.8512092066003407,0.4275356344383501,0.0,0.8063635388198058,1.4807783773680139,,,,,,,,,,,,,,,,,,
carma,15,20040,123,3.175091254879244,0.0,0.0,0.3180761016514845,0.9351537303006195,1.92186142292714,0.0,1.0145684038588023,0.8023800479551972,1.358142803065244,,,,,,,,,,,,,,,,,,
carma,16,20208,012,1.2390468555243783,0.0,0.11817109833895852,0.6214776044558571,0.4993981527295629,0.0,0.5571587963428302,0.6631330549447946,0.018755004236753928,0.0,,,,,,,,,,,,,,,,,,
carma,16,20208,013,2.4939203323450636,0.0,0.11977688785813635,0.7444596409002674,0.0,1.6296838035866599,0.6150832809810498,1.2074724631779017,0.0,0.6713645881861112,,,,,,,,,,,,,,,,,,
carma,16,20208,023,4.633555966761103,0.0,0.12074099361151323,0.0,1.1864251708938065,3.3263898022557825,0.6562412387522176,0.0,1.1764818145343647,2.8008329134745193,,,,,,,,,,,,,,,,,,
carma,16,20208,123,6.028318102247781,0.0,0.0,0.7657489829580155,1.6237227862903216,3.6388463329994436,0.0,1.6129375650515787,1.3367787801925577,3.078601757003644,,,,,,,,,,,,,,,,,,
carma,17,20376,012,0.855900442034187,0.0,0.11172903360660268,0.3550175823586833,0.389153826068901,0.0,0.5161369466312271,0.33921062790295975,0.0005528675,0.0,,,,,,,,,,,,,,,,,,
carma,17,20376,013,1.6808724877036694,0.0,0.11663383950345249,0.5027081950479109,0.0,1.061530453152306,0.6045658601375975,0.919225915709911,0.0,0.15708071185616107,,,,,,,,,,,,,,,,,,
carma,17,20376,023,3.4761616518483858,0.0,0.12248540588646396,0.0,1.1300907713649637,2.223585474596958,0.6530372243344873,0.0,1.3249766147783888,1.4981478127355095,,,,,,,,,,,,,,,,,,
carma,17,20376,123,4.138810430449543,0.0,0.0,0.5218259505982461,1.1720755097185014,2.4449089701327957,0.0,1.3741227897258865,1.2945253526930531,1.4701622880306036,,,,,,,,,,,,,,,,,,
carma,18,20544,012,1.6470439270368837,0.0,0.22141282904598755,0.7377868576861779,0.6878442403047181,0.0,0.7864512164127382,0.8585539906241448,0.00203872,0.0,,,,,,,,,,,,,,,,,,
carma,18,20544,013,2.958848023461962,0.0,0.21934195532894674,0.8928585657996849,0.0,1.84664750233333,0.8218269132825601,1.6395123665325637,0.0,0.4975087436468384,,,,,,,,,,,,,,,,,,
carma,18,20544,023,5.101071368666546,0.0,0.2282413274091626,0.0,1.5950195765518331,3.27781046470555,0.8239662043273877,0.0,1.7197055462734092,2.5573996180657503,,,,,,,,,,,,,,,,,,
carma,18,20544,123,6.2754644056075275,0.0,0.0,0.9231829186086685,1.819861103304421,3.532420383694438,0.0,2.2843702930999963,1.5661780780877232,2.4249160344198084,,,,,,,,,,,,,,,,,,
carma,19,20712,012,1.7617898518459947,0.0,0.1734090153858217,0.7644821530564981,0.8238986834036746,0.0,0.8314443973115258,0.8825191095090474,0.047826345025420706,0.0,,,,,,,,,,,,,,,,,,
carma,19,20712,013,3.1293031267121387,0.0,0.17079011714138312,0.9212504629613328,0.0,2.0372625466094223,0.9086995422671498,1.7134824431349513,0.0,0.5071211413100359,,,,,,,,,,,,,,,,,,
carma,19,20712,023,5.367572176266156,0.0,0.17277680645458895,0.0,1.7825971716728346,3.4121981981387326,0.896282283172855,0.0,1.9597676971079072,2.511522195985394,,,,,,,,,,,,,,,,,,
carma,19,20712,123,6.859772390302923,0.0,0.0,0.9396751821155191,2.0329469834770966,3.887150224710306,0.0,2.3857894209989987,1.9669736127542805,2.507009356549641,,,,,,,,,,,,,,,,,,
carma,20,20880,012,1.8549804577309055,0.0,0.21486912783951048,0.7224833406545372,0.9176279892368576,0.0,0.8226485749371262,0.9352632662559506,0.09706861653782906,0.0,,,,,,,,,,,,,,,,,,
carma,20,20880,013,2.8269397862616614,0.0,0.2214227006552017,0.8058248075675682,0.0,1.7996922780388918,0.8742285297478036,1.6109713068885414,0.0,0.3417399496253165,,,,,,,,,,,,,,,,,,
carma,20,20880,023,4.698218927074904,0.0,0.22731647928758636,0.0,1.4266816659409007,3.0442207818464166,0.8947941288242921,0.0,1.226078086824062,2.577346711426551,,,,,,,,,,,,,,,,,,
carma,20,20880,123,5.7887080017125605,0.0,0.0,0.8413815431314455,1.7606363639173046,3.1866900946638106,0.0,2.3143465700614243,1.167957254744248,2.306404176906886,,,,,,,,,,,,,,,,,,
carma,21,21048,012,0.8568066216467367,0.0,0.1222305338068777,0.34753722796637193,0.38703885987348713,0.0,0.4489546276397108,0.40456896040946355,0.0032830335975625557,0.0,,,,,,,,,,,,,,,,,,
carma,21,21048,013,1.4091665131790672,0.0,0.12270975202991473,0.3891068609535015,0.0,0.8973499001956508,0.46713408703229237,0.7285589089877779,0.0,0.21347351715899726,,,,,,,,,,,,,,,,,,
carma,21,21048,023,2.3865122934553016,0.0,0.12012398872008524,0.0,0.7605683815598304,1.5058199231753862,0.48036414606591116,0.0,0.7824753664125557,1.1236727809768352,,,,,,,,,,,,,,,,,,
carma,21,21048,123,2.96204398839965,0.0,0.0,0.425995811884275,0.9071571188680674,1.6288910576473075,0.0,1.2135980179014998,0.7817714705298172,0.9666744999683334,,,,,,,,,,,,,,,,,,
carma,22,21216,012,0.5055078989240923,0.0,0.049800840746247604,0.2735831618017099,0.18212389637613477,0.0,0.2454025030588863,0.2500964260711691,0.010008969794036844,0.0,,,,,,,,,,,,,,,,,,
carma,22,21216,013,0.9543294814456031,0.0,0.052465782709621184,0.3507700908890143,0.0,0.5510936078469678,0.3030814851690746,0.5840173206150436,0.0,0.0672306756614852,,,,,,,,,,,,,,,,,,
carma,22,21216,023,1.5453154072691888,0.0,0.050414614126777314,0.0,0.6392519545842205,0.8556488385581912,0.3025206713362949,0.0,0.9520517696082518,0.29074296632464186,,,,,,,,,,,,,,,,,,
carma,22,21216,123,2.171594696473302,0.0,0.0,0.36923791714068227,0.6582092721154331,1.1441475072171865,0.0,0.792623509099941,0.9993481128111888,0.37962307456217204,,,,,,,,,,,,,,,,,,
carma,23,21384,012,1.1235617408667415,0.0,0.14001613132193022,0.5067206724933061,0.4768249370515054,0.0,0.5333097279249315,0.5827784676453714,0.0074735452964387016,0.0,,,,,,,,,,,,,,,,,,
carma,23,21384,013,1.7492623330108952,0.0,0.14498266324986853,0.5300308216238737,0.0,1.074248848137153,0.591066987999623,0.953489105879796,0.0,0.2047062391314759,,,,,,,,,,,,,,,,,,
carma,23,21384,023,3.263896078968542,0.0,0.14714560536356233,0.0,1.1298909053970696,1.98685956820791,0.626132383388835,0.0,1.232344753598163,1.405418941981543,,,,,,,,,,,,,,,,,,
carma,23,21384,123,3.983036799349401,0.0,0.0,0.5532194559192809,1.2906636754248397,2.1391536680052807,0.0,1.221618313278167,1.2470114470118392,1.5144070390593942,,,,,,,,,,,,,,,,,,
carma,24,21552,012,1.2759685816309274,0.0,0.15504983378969306,0.6282418047536326,0.49267694308760185,0.0,0.5866176672283469,0.6765117179412833,0.012839196461297895,0.0,,,,,,,,,,,,,,,,,,
carma,24,21552,013,2.190395496495561,0.0,0.15888188453171972,0.7528158214810691,0.0,1.2786977904827725,0.635040726944739,1.1377113202297722,0.0,0.41764344932104974,,,,,,,,,,,,,,,,,,
carma,24,21552,023,3.4533819447213143,0.0,0.1587059955773594,0.0,1.2900035643075696,2.0046723848363848,0.6780579679054419,0.0,1.610081746503507,1.165242230312365,,,,,,,,,,,,,,,,,,
carma,24,21552,123,4.7169120315417015,0.0,0.0,0.8736554020021832,1.4639327385809202,2.379323890958598,0.0,1.8456342395503875,1.5054913240215282,1.3657864679697855,,,,,,,,,,,,,,,,,,
carma,25,21720,012,1.2192688758275037,0.0,0.1268899049819474,0.5255857061556418,0.5667932646899144,0.0,0.497177697680415,0.6540030652093237,0.0680881129377648,0.0,,,,,,,,,,,,,,,,,,
carma,25,21720,013,1.7950963514551193,0.0,0.13016736733288986,0.5905059557486988,0.0,1.07442302837353,0.549394654632796,1.0463588027651387,0.0,0.1993428940571845,,,,,,,,,,,,,,,,,,
carma,25,21720,023,3.3597462923021744,0.0,0.1462170258883656,0.0,1.3668932117643968,1.8466360546494123,0.5613449951969536,0.0,1.5960443374494078,1.2023569596558132,,,,,,,,,,,,,,,,,,
carma,25,21720,123,4.214571506646463,0.0,0.0,0.644395110052588,1.4704251422760524,2.099751254317823,0.0,1.5171252554804495,1.5233349881105063,1.1741112630555068,,,,,,,,,,,,,,,,,,
carma,26,21888,012,0.9638161213459377,0.0,0.154613015885494,0.3611338673155171,0.4480692381449267,0.0,0.3161905828940549,0.6274291316714771,0.020196406780405938,0.0,,,,,,,,,,,,,,,,,,
carma,26,21888,013,1.522376021259811,0.0,0.17232753485097846,0.3976098008167415,0.0,0.952438685592091,0.5274818350716013,0.7958969192832159,0.0,0.19899726690499447,,,,,,,,,,,,,,,,,,
carma,26,21888,023,2.5967596405240703,0.0,0.1845366942946351,0.0,0.8936523395078735,1.5185706067215614,0.722463258693452,0.0,0.8686787331206384,1.0056176487099802,,,,,,,,,,,,,,,,,,
carma,26,21888,123,2.8278595924850927,0.0,0.0,0.38983024862577037,0.8802895856669003,1.557739758192422,0.0,0.9276043485713206,0.8581519979375187,1.0421032459762531,,,,,,,,,,,,,,,,,,
carma,27,22056,012,1.5364078952866698,0.0,0.2439659937322929,0.6059677654649794,0.6864741360893972,0.0,0.6055260199692278,0.8945490501064418,0.036332825210999696,0.0,,,,,,,,,,,,,,,,,,
carma,27,22056,013,2.3706252718359453,0.0,0.24515607185609925,0.6915702109141393,0.0,1.4338989890657066,0.8165368140074813,1.2905601834568874,0.0,0.26352827437157683,,,,,,,,,,,,,,,,,,
carma,27,22056,023,3.7006720984307946,0.0,0.2454963970657169,0.0,1.167056546614105,2.288119154750973,0.9925502660669618,0.0,0.8868369753799138,1.8212848569839188,,,,,,,,,,,,,,,,,,
carma,27,22056,123,4.363649686735866,0.0,0.0,0.6867851806440961,1.2848255092803151,2.392038996811455,0.0,1.8956176948203072,0.8089571132198766,1.659074878695683,,,,,,,,,,,,,,,,,,
carma,28,22224,012,1.6065003972250316,0.0,0.32189697213032653,0.5905914416155379,0.6940119834791674,0.0,0.6667665177940794,0.8806822353722401,0.05905164405871207,0.0,,,,,,,,,,,,,,,,,,
carma,28,22224,013,2.8604314959620556,0.0,0.3617063842982829,0.7313496674157139,0.0,1.7673754442480583,0.8428352046394005,1.4769663024126256,0.0,0.5406299889100271,,,,,,,,,,,,,,,,,,
carma,28,22224,023,4.709069223794703,0.0,0.39066024771858876,0.0,1.5320969648955487,2.7863120111805664,1.0942438919112687,0.0,1.677733617276204,1.9370917146072306,,,,,,,,,,,,,,,,,,
carma,28,22224,123,4.938726168435677,0.0,0.0,0.7426803021382771,1.5258292096581965,2.670216656639203,0.0,1.9140072569515731,1.4429692663472709,1.581749645136835,,,,,,,,,,,,,,,,,,
carma,29,22392,012,2.1370128416453804,0.0,0.36773337404260575,0.7817574619979079,0.9875220056048665,0.0,0.5931483074272549,1.3885751055125903,0.15528942870553472,0.0,,,,,,,,,,,,,,,,,,
carma,29,22392,013,3.290154694088286,0.0,0.42384444485932515,0.8300807581794951,0.0,2.0362294910494665,0.870968395688306,1.6851642167582923,0.0,0.7340220816416891,,,,,,,,,,,,,,,,,,
carma,29,22392,023,5.3437279772545585,0.0,0.47183991161679084,0.0,1.6908702209253563,3.181017844712411,1.4681887038159815,0.0,1.4031514760482124,2.472387797390363,,,,,,,,,,,,,,,,,,
carma,29,22392,123,5.450519827542321,0.0,0.0,0.8654216739087509,1.6552665831641866,2.9298315704693825,0.0,2.0722249507783355,1.1774994946010746,2.200795382162909,,,,,,,,,,,,,,,,,,
carma,30,22560,012,1.73317558314015,0.0,0.30873968566649185,0.5977598229747477,0.8266760744989106,0.0,0.6456930222015695,1.0515782161838652,0.03590434475471603,0.0,,,,,,,,,,,,,,,,,,
carma,30,22560,013,2.6448676992147147,0.0,0.32074801233870415,0.6887502953996607,0.0,1.6353693914763494,0.7993433353003216,1.5123810079959452,0.0,0.33314335591844724,,,,,,,,,,,,,,,,,,
carma,30,22560,023,4.206641444239626,0.0,0.3443503595757695,0.0,1.2881721747744828,2.574118909889373,1.0738476895836804,0.0,0.6569322507185246,2.475861503937424,,,,,,,,,,,,,,,,,,
carma,30,22560,123,4.575792696274578,0.0,0.0,0.6916614653486602,1.2420447118277553,2.6420865190981635,0.0,1.8786935693401456,0.5318254221333519,2.1652737048010815,,,,,,,,,,,,,,,,,,
carma,31,22728,012,0.5982927036593303,0.0,0.06737279568232526,0.23463158185554142,0.29628832612146355,0.0,0.28539402284465176,0.27594009027544475,0.036958590539233525,0.0,,,,,,,,,,,,,,,,,,
carma,31,22728,013,0.9458270712199847,0.0,0.0743518731232842,0.28931165937906816,0.0,0.5821635387176323,0.3402978266362046,0.5328375664078726,0.0,0.07269167817590716,,,,,,,,,,,,,,,,,,
carma,31,22728,023,1.6260731357465017,0.0,0.0693594443908348,0.0,0.6207006816546067,0.9360130097010602,0.35702895917572824,0.0,0.7687938230130824,0.5002503535576915,,,,,,,,,,,,,,,,,,
carma,31,22728,123,2.010563449186749,0.0,0.0,0.2976888404456753,0.6492916950457848,1.0635829136952886,0.0,0.8066512148136614,0.735815412319785,0.4680968220533025,,,,,,,,,,,,,,,,,,
carma,32,22896,012,0.8248109639889174,0.0,0.09678305056333379,0.3207885025712576,0.407239410854326,0.0,0.3821836884022266,0.41004707701944665,0.032580198567244284,0.0,,,,,,,,,,,,,,,,,,
carma,32,22896,013,1.6002774904813133,0.0,0.11137792153764256,0.4222093222615806,0.0,1.0666902466820902,0.47997269525153,0.8333190529229852,0.0,0.28698574230679824,,,,,,,,,,,,,,,,,,
carma,32,22896,023,2.5247303258039406,0.0,0.10710940452143478,0.0,0.9264085527824609,1.491212368500045,0.500653929557583,0.0,1.216728922429346,0.8073474738170103,,,,,,,,,,,,,,,,,,
carma,32,22896,123,3.083743357053715,0.0,0.0,0.42623809370735255,0.9503686394591447,1.7071366238872177,0.0,1.1031336398670233,1.211612555271711,0.7689971619149786,,,,,,,,,,,,,,,,,,
carma,33,23064,012,0.46095356964475337,0.0,0.04926032456473984,0.2054824648796924,0.2062107802003211,0.0,0.163124312093635,0.22892381514630775,0.06890544240481072,0.0,,,,,,,,,,,,,,,,,,
carma,33,23064,013,0.8532417322364276,0.0,0.04889184127488133,0.26392180566879125,0.0,0.540428085292755,0.20926669898520894,0.5418862219370533,0.0,0.1020888113141651,,,,,,,,,,,,,,,,,,
carma,33,23064,023,1.384397438621051,0.0,0.04947749427182446,0.0,0.5157140867327802,0.8192058576164464,0.22614391990944654,0.0,0.7777712001342443,0.3804823185773596,,,,,,,,,,,,,,,,,,
carma,33,23064,123,1.8079113058505483,0.0,0.0,0.28848124672876146,0.5174192226278036,1.0020108364939833,0.0,0.6739370125252202,0.7333124360503344,0.40066185727499387,,,,,,,,,,,,,,,,,,
carma,34,23232,012,0.7576721268674599,0.0,0.09908344510628173,0.2715754475525753,0.38701323420860273,0.0,0.33855271981845814,0.4073984522129807,0.011720954836020966,0.0,,,,,,,,,,,,,,,,,,
carma,34,23232,013,1.2149998661963752,0.0,0.11442556707448291,0.36939575046756146,0.0,0.7311785486543309,0.4391815241739362,0.7155113276779101,0.0,0.06030701434452899,,,,,,,,,,,,,,,,,,
carma,34,23232,023,3.1341638051666307,0.0,0.11182548508754223,0.0,1.1585809148119026,1.863757405267186,0.5088988388110114,0.0,1.2438278460066885,1.3814371203489306,,,,,,,,,,,,,,,,,,
carma,34,23232,123,3.467624332357049,0.0,0.0,0.3806936695978389,1.1726152968117904,1.9143153659474192,0.0,1.0295117533246985,1.1197912688604124,1.318321310171938,,,,,,,,,,,,,,,,,,
carma,35,23400,012,1.0360790550174408,0.0,0.16604189794681928,0.42289609415333446,0.44714106291728706,0.0,0.4060884768997452,0.6271363631176956,0.0028542150000000002,0.0,,,,,,,,,,,,,,,,,,
carma,35,23400,013,1.8084364174323027,0.0,0.17105275529837613,0.5193189803856084,0.0,1.118064681748318,0.48713740966882785,1.0938449356285354,0.0,0.2274540721349397,,,,,,,,,,,,,,,,,,
carma,35,23400,023,4.10791775557447,0.0,0.20844866200159168,0.0,1.523755999514578,2.3757130940583013,0.6316337194986048,0.0,1.7048427008467708,1.7714413352290945,,,,,,,,,,,,,,,,,,
carma,35,23400,123,4.830175297061498,0.0,0.0,0.6318992791072116,1.66874962561456,2.5295263923397258,0.0,1.5002348742671003,1.5443362226041726,1.7856042001902266,,,,,,,,,,,,,,,,,,
carma,36,23568,012,0.5326124252371697,0.0,0.017950446057693848,0.30521095567080425,0.20945102350867165,0.0,0.13379435337226003,0.3964979868649098,0.002320085,0.0,,,,,,,,,,,,,,,,,,
carma,36,23568,013,0.9321520142664175,0.0,0.01835307815935328,0.42607019562531945,0.0,0.48772874048174497,0.15005816977256858,0.6750369701417991,0.0,0.10705687435204973,,,,,,,,,,,,,,,,,,
carma,36,23568,023,2.000904666488384,0.0,0.017867932719240004,0.0,0.767066975540677,1.2159697582284663,0.1633103234180882,0.0,0.7921989634060647,1.0453953796642306,,,,,,,,,,,,,,,,,,
carma,36,23568,123,3.1161438713390717,0.0,0.0,0.5101077314648763,1.056600644941305,1.5494354949328903,0.0,1.163229901666189,0.7975276378015715,1.1553863318713113,,,,,,,,,,,,,,,,,,
carma,37,23736,012,1.2180032353138903,0.0,0.10963431696942216,0.6290200516545525,0.4793488666899155,0.0,0.35401114692685537,0.8614775858870349,0.0025145025000000002,0.0,,,,,,,,,,,,,,,,,,
carma,37,23736,013,2.098905705769612,0.0,0.11578206075328629,0.6738494720731338,0.0,1.3092741729431916,0.47366074884530995,1.08585248917149,0.0,0.5393924677528118,,,,,,,,,,,,,,,,,,
carma,37,23736,023,3.283993725166456,0.0,0.12400839867235579,0.0,0.846231627352282,2.313753699141819,0.5609082967853973,0.0,0.5519225462558466,2.1711628821252122,,,,,,,,,,,,,,,,,,
carma,37,23736,123,4.833190760584466,0.0,0.0,0.9216298781919022,1.341551879810631,2.5700090025819327,0.0,2.06004340292586,0.5333127313160276,2.239834626342579,,,,,,,,,,,,,,,,,,
carma,38,23904,012,1.0396345035852042,0.0,0.1296630963748463,0.42372236615803743,0.4862490410523205,0.0,0.34781720919609055,0.6101843879166039,0.08163290647250959,0.0,,,,,,,,,,,,,,,,,,
carma,38,23904,013,1.9254538169293895,0.0,0.1215820934823012,0.5572716304938806,0.0,1.2466000929532077,0.4112192606992434,1.1577736822439317,0.0,0.35646087398621407,,,,,,,,,,,,,,,,,,
carma,38,23904,023,3.5315702727595353,0.0,0.13274047608640555,0.0,0.9521381751880261,2.4466916214851033,0.5310512015663007,0.0,0.6722876287138111,2.328231442479424,,,,,,,,,,,,,,,,,,
carma,38,23904,123,4.462038101428718,0.0,0.0,0.6039580713825415,1.2308935481116352,2.6271864819345403,0.0,1.6298096925677699,0.6332079026159432,2.199020506245004,,,,,,,,,,,,,,,,,,
carma,39,24072,012,0.6372104701884735,0.0,0.061537986947396865,0.24965082005321837,0.3260216631878585,0.0,0.22363706810668746,0.40400836059132444,0.009565041490461891,0.0,,,,,,,,,,,,,,,,,,
carma,39,24072,013,1.2002752780763355,0.0,0.060750156946567574,0.3585459785769859,0.0,0.7809791425527821,0.26032120228449673,0.79261701193908,0.0,0.14733706385275905,,,,,,,,,,,,,,,,,,
carma,39,24072,023,2.6859713523184583,0.0,0.06512214334237199,0.0,0.7783084208660178,1.8425407881100684,0.2840085067566774,0.0,0.703076504122336,1.698886341439444,,,,,,,,,,,,,,,,,,
carma,39,24072,123,3.4492759910826325,0.0,0.0,0.39484199451682334,1.0663903480295012,1.9880436485363078,0.0,1.3145115491653623,0.6268508441866816,1.5079135977305886,,,,,,,,,,,,,,,,,,
carma,40,24240,012,0.879197643256854,0.0,0.08026243198134575,0.4183786563658284,0.38055655490967993,0.0,0.37687240443546816,0.500608578821386,0.0017166599999999998,0.0,,,,,,,,,,,,,,,,,,
carma,40,24240,013,1.8217838678043856,0.0,0.08049170340878141,0.599407634234396,0.0,1.1418845301612084,0.42982287521903123,1.2380195337215836,0.0,0.153941458863771,,,,,,,,,,,,,,,,,,
carma,40,24240,023,3.6190738724237574,0.0,0.0933876625920471,0.0,0.9920011300207239,2.5336850798109865,0.5103026739514847,0.0,0.9879043299310423,2.1208668685412317,,,,,,,,,,,,,,,,,,
carma,40,24240,123,4.719557952724237,0.0,0.0,0.6259534650834091,1.3080065552756084,2.7855979323652194,0.0,1.8550173181665779,0.8973454404166499,1.9671951941410095,,,,,,,,,,,,,,,,,,
carma,41,24408,012,1.1529341007226765,0.0,0.09252130175723774,0.592847813100774,0.4675649858646649,0.0,0.4177626790994058,0.7213681918636721,0.013803229759598827,0.0,,,,,,,,,,,,,,,,,,
carma,41,24408,013,2.014892782108835,0.0,0.09210247349690835,0.7382298297927603,0.0,1.1845604788191664,0.4755976335106134,1.1621845242868187,0.0,0.377110624311403,,,,,,,,,,,,,,,,,,
carma,41,24408,023,3.5168650340305314,0.0,0.09646622197033534,0.0,1.0954936308397032,2.3249051812204926,0.5414962650558176,0.0,1.1102357826821656,1.865132986292549,,,,,,,,,,,,,,,,,,
carma,41,24408,123,5.01555009434165,0.0,0.0,0.8035052767214589,1.5207723228728045,2.691272494747387,0.0,1.8927455940980527,1.1001328103636945,2.022671689879903,,,,,,,,,,,,,,,,,,
carma,42,24576,012,1.1589643638976501,0.0,0.13254335323031674,0.5343329026056568,0.49208810806167624,0.0,0.45295307475841634,0.6625740370902494,0.043437252048983695,0.0,,,,,,,,,,,,,,,,,,
carma,42,24576,013,2.0418957579074726,0.0,0.1356708763713142,0.6792491893491374,0.0,1.2269756921870212,0.5101736310592581,1.1838077875017792,0.0,0.3479143393464363,,,,,,,,,,,,,,,,,,
carma,42,24576,023,4.045748773352195,0.0,0.14404369722760285,0.0,1.3207360392871095,2.580969036837483,0.5173894435436237,0.0,1.419613090626883,2.108746239181689,,,,,,,,,,,,,,,,,,
carma,42,24576,123,5.010944806127638,0.0,0.0,0.7051076565956778,1.538007071600561,2.7678300779313987,0.0,1.546091286054376,1.3895761900612504,2.0752773300120118,,,,,,,,,,,,,,,,,,
carma,43,24744,012,2.116389034377125,0.0,0.2815507015801765,0.8047893168081625,1.030049015988786,0.0,0.7394442595021236,1.366162367845233,0.010782407029768522,0.0,,,,,,,,,,,,,,,,,,
carma,43,24744,013,3.5427637430513217,0.0,0.31446772133920525,0.9100666186527983,0.0,2.3182294030593176,1.1975073564139453,1.7691323672343409,0.0,0.5761240194030349,,,,,,,,,,,,,,,,,,
carma,43,24744,023,7.1970114292464515,0.0,0.33147053380200864,0.0,2.169282984832578,4.696257910611865,1.593609913175031,0.0,1.6303643955956058,3.973037120475814,,,,,,,,,,,,,,,,,,
carma,43,24744,123,7.859040727996754,0.0,0.0,0.8243271436046721,2.3284857947505926,4.706227789641488,0.0,2.1922014316074634,1.5779971060758842,4.088842190313404,,,,,,,,,,,,,,,,,,
carma,44,24912,012,2.1668008988776073,0.0,0.29141158874681217,0.8658983022473539,1.009491007883441,0.0,0.837225132352889,1.2415970352349983,0.08797873128971992,0.0,,,,,,,,,,,,,,,,,,
carma,44,24912,013,3.5770658546795238,0.0,0.3120934424182912,1.00921940676475,0.0,2.255753005496483,1.0272495296722588,1.9364734823937697,0.0,0.6133428426134943,,,,,,,,,,,,,,,,,,
carma,44,24912,023,7.520202166286533,0.0,0.3378383114994189,0.0,2.7562552384076984,4.426108616379416,1.431288878853994,0.0,2.955233794453952,3.133679492978586,,,,,,,,,,,,,,,,,,
carma,44,24912,123,8.415828456206318,0.0,0.0,0.9453042906663034,2.925539306967843,4.544984858572172,0.0,2.3624239744216817,2.8778909702963906,3.1755135114882447,,,,,,,,,,,,,,,,,,
carma,45,25080,012,1.4031144112504772,0.0,0.16061580949376753,0.6700073251093023,0.5724912766474073,0.0,0.669862254915399,0.6844831615218528,0.0487689948132253,0.0,,,,,,,,,,,,,,,,,,
carma,45,25080,013,2.504241635957244,0.0,0.17306931456460564,0.8923146757100735,0.0,1.438857645682565,0.7669390196900584,1.5321394537981394,0.0,0.20516316246904573,,,,,,,,,,,,,,,,,,
carma,45,25080,023,4.825260709342088,0.0,0.16704345693206624,0.0,1.7026152360404296,2.9556020163695935,0.7830851413770251,0.0,2.016255567972881,2.0259199999921824,,,,,,,,,,,,,,,,,,
carma,45,25080,123,6.189572990150491,0.0,0.0,0.8620831069597481,1.9470991526310981,3.3803907305596446,0.0,2.013021995358795,1.9339298098794273,2.24262118491227,,,,,,,,,,,,,,,,,,
carma,46,25248,012,0.9566393427833787,0.0,0.11584848877439488,0.4150643140099054,0.4257265399990785,0.0,0.40313417600226825,0.5281608167811098,0.025344349999999998,0.0,,,,,,,,,,,,,,,,,,
carma,46,25248,013,1.8776515359902066,0.0,0.12318824804868694,0.526318991378782,0.0,1.2281442965627374,0.4637775160431642,1.129397501857655,0.0,0.284476518089387,,,,,,,,,,,,,,,,,,
carma,46,25248,023,4.073973724785215,0.0,0.11766137974763359,0.0,1.3013673797182124,2.6549449653193684,0.5437859084931189,0.0,1.5771561583428493,1.9530316579492464,,,,,,,,,,,,,,,,,,
carma,46,25248,123,4.747086947062737,0.0,0.0,0.527832244645892,1.388512567721568,2.8307421346952775,0.0,1.5034309023240762,1.452392011849116,1.7912640328895462,,,,,,,,,,,,,,,,,,
carma,47,25416,012,1.685710953863665,0.0,0.1792978899811729,0.86635472673237,0.6400583371501221,0.0,0.6831483771468667,0.9812438772676116,0.02131869944918721,0.0,,,,,,,,,,,,,,,,,,
carma,47,25416,013,2.80350114476394,0.0,0.17778648422559742,0.9891852948504747,0.0,1.636529365687868,0.7106901337564001,1.8654146107998617,0.0,0.22739640020767882,,,,,,,,,,,,,,,,,,
carma,47,25416,023,4.369728562686908,0.0,0.18003374038924116,0.0,1.3254859478905592,2.864208874407108,0.7206257802381248,0.0,1.2828443447894298,2.366258437659353,,,,,,,,,,,,,,,,,,
carma,47,25416,123,5.9763278848638395,0.0,0.0,1.022656867049239,1.7275066335644005,3.2261643842501995,0.0,2.440654389494184,1.2472604658400641,2.2884130295295906,,,,,,,,,,,,,,,,,,
carma,48,25584,012,1.1352103583338382,0.0,0.11324903624164927,0.5784001485184347,0.44356117357375413,0.0,0.5083820316404022,0.5885286411358942,0.03829968555754169,0.0,,,,,,,,,,,,,,,,,,
carma,48,25584,013,2.1367969337983066,0.0,0.12414149361359059,0.7663126423749838,0.0,1.2463427978097323,0.5479830124639389,1.3523619519737304,0.0,0.23645196936063737,,,,,,,,,,,,,,,,,,
carma,48,25584,023,3.7791077099888692,0.0,0.11952182761254686,0.0,1.3174734536190649,2.3421124287572574,0.5471899147867704,0.0,1.5131187869679634,1.7187990082341353,,,,,,,,,,,,,,,,,,
carma,48,25584,123,5.231461056389956,0.0,0.0,0.7905944659831892,1.5973358606341503,2.8435307297726164,0.0,1.9162189881113836,1.536455714032726,1.778786354245845,,,,,,,,,,,,,,,,,,
carma,49,25752,012,3.19737709358372,0.0,0.45004153522928775,1.380258298214423,1.3670772601400092,0.0,1.4433697857073455,1.6531524706038994,0.10085483727247488,0.0,,,,,,,,,,,,,,,,,,
carma,49,25752,013,4.958886705386749,0.0,0.4579590494372939,1.4947421843333215,0.0,3.006185471616134,1.6090732851870566,2.523080934651833,0.0,0.8267324855478596,,,,,,,,,,,,,,,,,,
carma,49,25752,023,7.029947961530188,0.0,0.43282584479908304,0.0,2.188642572379388,4.408479544351716,1.6397078716023958,0.0,1.5623872415938778,3.8278528483339143,,,,,,,,,,,,,,,,,,
carma,49,25752,123,8.512750757232702,0.0,0.0,1.5036680909261428,2.443587742497581,4.565494923808977,0.0,2.9845958952959304,1.7326610923537633,3.795493769583006,,,,,,,,,,,,,,,,,,
carma,50,25920,012,0.47263663133260225,0.0,0.06028478149038469,0.18768253185005912,0.2246693179921584,0.0,0.1932722700099946,0.24395821307860013,0.03540614824400752,0.0,,,,,,,,,,,,,,,,,,
carma,50,25920,013,0.8567173666409423,0.0,0.060726764942822455,0.22696386302721916,0.0,0.5690267386709006,0.22826843996745663,0.4336819283461563,0.0,0.19476699832732988,,,,,,,,,,,,,,,,,,
carma,50,25920,023,1.8100648521991136,0.0,0.06027731287737297,0.0,0.7149546744839959,1.0348328648377447,0.2465621038505743,0.0,1.0435216156217408,0.5199811327267987,,,,,,,,,,,,,,,,,,
carma,50,25920,123,2.025381763875757,0.0,0.0,0.21924905435530123,0.7096277631163357,1.0965049464041203,0.0,0.5993992859048666,0.9827741316869972,0.44320834628389305,,,,,,,,,,,,,,,,,,
carma,51,26088,012,1.0201948564121586,0.0,0.11189691409194531,0.4789398722507343,0.429358070069479,0.0,0.40052953550509685,0.5974407163262195,0.022224604580841835,0.0,,,,,,,,,,,,,,,,,,
carma,51,26088,013,1.905245449733378,0.0,0.11776370115934635,0.5144286789442702,0.0,1.2730530696297613,0.480330141862947,1.0698966091966764,0.0,0.3550186986737543,,,,,,,,,,,,,,,,,,
carma,51,26088,023,3.799220121103814,0.0,0.11775615043783694,0.0,1.4348530711634662,2.246610899502511,0.5183486493292035,0.0,2.05643661658769,1.2244348551869213,,,,,,,,,,,,,,,,,,
carma,51,26088,123,4.523150847388746,0.0,0.0,0.5196675969282387,1.4765965875489022,2.526886662911605,0.0,1.2694570321742922,1.9247839932466484,1.3289098219678044,,,,,,,,,,,,,,,,,,
carma,0,17520,01,0.6855675045817489,0.0,0.1865719276789744,0.4989955769027745,0.0,0.0,0.5821488895844484,0.10341861499730039,0.0,0.0,,,,,,,,,,,,,,,,,,
carma,0,17520,02,1.1554893780982747,0.0,0.19571766650927575,0.0,0.9597717115889988,0.0,0.9248717601948677,0.0,0.23061761790340657,0.0,,,,,,,,,,,,,,,,,,
carma,0,17520,03,2.4727295930540367,0.0009901995827540414,0.20010818931637547,0.0,0.0,2.2726214037376615,0.9895346970187309,0.0,0.0,1.4831948960353063,,,,,,,,,,,,,,,,,,
carma,0,17520,12,2.8525215552627015,0.0,0.0,1.122951381002335,1.7295701742603666,0.0,0.0,2.5815444887061942,0.2709770665565081,0.0,,,,,,,,,,,,,,,,,,
carma,0,17520,13,4.184535430049388,0.000990000631200368,0.0,1.0546615936387354,0.0,3.1298738364106526,0.0,2.218237572537427,0.0,1.9662978575119623,,,,,,,,,,,,,,,,,,
carma,0,17520,23,6.128447845821662,0.0,0.0,0.0,2.298321248632347,3.8301265971893157,0.0,0.0,0.84190717537081,5.286540670450855,,,,,,,,,,,,,,,,,,
carma,1,17688,01,2.039408826406535,0.0013064141581689782,0.5339008029309404,1.5055080234755949,0.0,0.0,1.491444690241989,0.547964136164546,0.0,0.0,,,,,,,,,,,,,,,,,,
carma,1,17688,02,2.5564365632213915,0.0,0.5572739423974423,0.0,1.999162620823949,0.0,1.9991647735897566,0.0,0.5572717896316365,0.0,,,,,,,,,,,,,,,,,,
carma,1,17688,03,5.049907796498513,0.0,0.5634843940342336,0.0,0.0,4.48642340246428,2.149254439871505,0.0,0.0,2.900653356627008,,,,,,,,,,,,,,,,,,
carma,1,17688,12,5.2886840358390845,0.00266145195364298,0.0,2.182849213249321,3.1058348225897636,0.0,0.0,4.090628546906082,1.1980554889330024,0.0,,,,,,,,,,,,,,,,,,
carma,1,17688,13,7.614223389568252,0.0,0.0,2.1204777943379516,0.0,5.4937455952303,0.0,4.037989521124707,0.0,3.576233868443547,,,,,,,,,,,,,,,,,,
carma,1,17688,23,11.168178432301193,0.00040725514587406384,0.0,0.0,4.148997583917661,7.019180848383532,0.0,0.0,2.7238999632155876,8.444278469085601,,,,,,,,,,,,,,,,,,
carma,2,17856,01,0.8868122471642973,0.0,0.2478224678772737,0.6389897792870236,0.0,0.0,0.8379215736805068,0.04889067348379113,0.0,0.0,,,,,,,,,,,,,,,,,,
carma,2,17856,02,1.5145677258343007,0.0001805865358360654,0.24379032459907,0.0,1.2707774012352313,0.0,1.0065517063944092,0.0,0.5080160194398918,0.0,,,,,,,,,,,,,,,,,,
carma,2,17856,03,3.9716799467386013,0.0,0.24710193071255337,0.0,0.0,3.724578016026048,1.0818880437146328,0.0,0.0,2.88979190302397,,,,,,,,,,,,,,,,,,
carma,2,17856,12,3.0341918350962525,0.0,0.0,1.097733098192966,1.9364587369032866,0.0,0.0,2.4134902043951354,0.6207016307011158,0.0,,,,,,,,,,,,,,,,,,
carma,2,17856,13,5.599857550806664,0.0003354836273373981,0.0,1.1238520538129724,0.0,4.476005496993692,0.0,2.5989778822958245,0.0,3.000879668510838,,,,,,,,,,,,,,,,,,
carma,2,17856,23,9.416507498208915,0.0008892637263756303,0.0,0.0,3.4007434661787257,6.01576403203019,0.0,0.0,3.7261330269010156,5.690374471307898,,,,,,,,,,,,,,,,,,
carma,3,18024,01,0.323775730667583,0.0,0.11426970049106552,0.20950603017651737,0.0,0.0,0.26017912580373836,0.06359660486384457,0.0,0.0,,,,,,,,,,,,,,,,,,
carma,3,18024,02,0.6661433560133614,0.0,0.12228371211417399,0.0,0.5438596438991873,0.0,0.39408082171106107,0.0,0.2720625343023003,0.0,,,,,,,,,,,,,,,,,,
carma,3,18024,03,1.8437223473377722,0.0,0.1256039046582047,0.0,0.0,1.7181184426795673,0.42155499985370193,0.0,0.0,1.4221673474840695,,,,,,,,,,,,,,,,,,
carma,3,18024,12,1.116812053646631,0.0,0.0,0.4012151446524152,0.715596908994216,0.0,0.0,0.9052066376221105,0.21160541602452068,0.0,,,,,,,,,,,,,,,,,,
carma,3,18024,13,2.27109544801357,0.0,0.0,0.38916833134834733,0.0,1.8819271166652227,0.0,1.0261099428383142,0.0,1.2449855051752556,,,,,,,,,,,,,,,,,,
carma,3,18024,23,4.389810020042341,0.0,0.0,0.0,1.4777569581640666,2.9120530618782734,0.0,0.0,1.6422376939809198,2.747572326061421,,,,,,,,,,,,,,,,,,
carma,4,18192,01,0.2990152534461859,0.0,0.07240269385427905,0.2266125595919069,0.0,0.0,0.2598522940179744,0.03916295942821166,0.0,0.0,,,,,,,,,,,,,,,,,,
carma,4,18192,02,0.43476946538445504,0.0,0.07669624571032022,0.0,0.35807321967413486,0.0,0.3501231274344952,0.0,0.08464633794995967,0.0,,,,,,,,,,,,,,,,,,
carma,4,18192,03,1.7351227659653872,0.0,0.07355200495453937,0.0,0.0,1.6615707610108479,0.3921561876751439,0.0,0.0,1.3429665782902438,,,,,,,,,,,,,,,,,,
carma,4,18192,12,1.0701614985644037,0.0,0.0,0.44785119924859185,0.6223102993158118,0.0,0.0,0.9138716385880549,0.1562898599763485,0.0,,,,,,,,,,,,,,,,,,
carma,4,18192,13,2.445094252394915,0.0,0.0,0.4397243919978205,0.0,2.005369860397094,0.0,1.0049298827138162,0.0,1.4401643696810984,,,,,,,,,,,,,,,,,,
carma,4,18192,23,3.7806625470740554,0.0,0.0,0.0,1.134329247344787,2.646333299729269,0.0,0.0,1.3486374965639407,2.4320250505101133,,,,,,,,,,,,,,,,,,
carma,5,18360,01,0.5136768232724191,0.0,0.1477331816956402,0.3659436415767789,0.0,0.0,0.402023158407231,0.111653664865188,0.0,0.0,,,,,,,,,,,,,,,,,,
carma,5,18360,02,0.7751077578526204,0.0,0.16405145495258452,0.0,0.6110563029000359,0.0,0.6167398615055337,0.0,0.15836789634708703,0.0,,,,,,,,,,,,,,,,,,
carma,5,18360,03,2.0221990735938236,0.00032114744860790135,0.17323013737385126,0.0,0.0,1.8489689362199722,0.6713680624840201,0.0,0.0,1.3508310111098036,,,,,,,,,,,,,,,,,,
carma,5,18360,12,1.6471136209174586,0.002576405621551064,0.0,0.6308667225076255,1.0162468984098327,0.0,0.0,1.3263913967415217,0.3207222241759369,0.0,,,,,,,,,,,,,,,,,,
carma,5,18360,13,2.7575568258611622,0.0,0.0,0.6262657935881061,0.0,2.131291032273056,0.0,1.5312187091911345,0.0,1.2263381166700282,,,,,,,,,,,,,,,,,,
carma,5,18360,23,5.061258775146212,0.0,0.0,0.0,1.8097064002012386,3.251552374944974,0.0,0.0,1.2976201360594661,3.763638639086747,,,,,,,,,,,,,,,,,,
carma,6,18528,01,0.4525071073626955,0.0,0.14208147920594452,0.310425628156751,0.0,0.0,0.3952953796241206,0.057211727738574546,0.0,0.0,,,,,,,,,,,,,,,,,,
carma,6,18528,02,1.2140054535413445,0.00020937820888841945,0.1468909855111463,0.0,1.067114468030198,0.0,0.5452031197780152,0.0,0.6688023337633291,0.0,,,,,,,,,,,,,,,,,,
carma,6,18528,03,2.0535803956508105,0.0,0.14602997078814428,0.0,0.0,1.9075504248626662,0.5620989396439039,0.0,0.0,1.4914814560069072,,,,,,,,,,,,,,,,,,
carma,6,18528,12,2.056107234039632,0.00011146533462848153,0.0,0.6250017706011542,1.4311054634384777,0.0,0.0,1.3687823804307035,0.6873248536089284,0.0,,,,,,,,,,,,,,,,,,
carma,6,18528,13,3.012130225348316,0.0,0.0,0.6545710554033067,0.0,2.35755916994501,0.0,1.4723001644624205,0.0,1.5398300608858957,,,,,,,,,,,,,,,,,,
carma,6,18528,23,5.885387269372068,0.0,0.0,0.0,2.3196879949373956,3.565699274434673,0.0,0.0,1.6543190845518143,4.231068184820256,,,,,,,,,,,,,,,,,,
carma,7,18696,01,0.5056980411525339,0.0,0.16194320190469033,0.34375483924784367,0.0,0.0,0.37200588572891546,0.13369215542361834,0.0,0.0,,,,,,,,,,,,,,,,,,
carma,7,18696,02,0.9401153319846559,0.0,0.17711996457097764,0.0,0.7629953674136785,0.0,0.5667685483623097,0.0,0.37334678362234613,0.0,,,,,,,,,,,,,,,,,,
carma,7,18696,03,2.5353246959265405,0.00040799686528719377,0.17502790634732243,0.0,0.0,2.360296789579218,0.6414353510031445,0.0,0.0,1.893889344923395,,,,,,,,,,,,,,,,,,
carma,7,18696,12,1.634586084207326,0.0,0.0,0.6324885676830024,1.0020975165243238,0.0,0.0,1.3290912717762224,0.3054948124311045,0.0,,,,,,,,,,,,,,,,,,
carma,7,18696,13,3.3945410225060035,0.0,0.0,0.6357753463956092,0.0,2.7587656761103942,0.0,1.4161626642052914,0.0,1.9783783583007135,,,,,,,,,,,,,,,,,,
carma,7,18696,23,6.113695520922594,0.0018261676641641675,0.0,0.0,2.159598634137408,3.9540968867851864,0.0,0.0,1.5003135937042515,4.613381927218343,,,,,,,,,,,,,,,,,,
carma,8,18864,01,0.5820511329503781,0.0,0.14451737224323047,0.43753376070714767,0.0,0.0,0.39006510910148334,0.19198602384889488,0.0,0.0,,,,,,,,,,,,,,,,,,
carma,8,18864,02,0.8854935710070485,0.0,0.1673844842252566,0.0,0.7181090867817919,0.0,0.5669171040673651,0.0,0.31857646693968356,0.0,,,,,,,,,,,,,,,,,,
carma,8,18864,03,3.2617824776860243,0.0,0.16488711055390531,0.0,0.0,3.096895367132119,0.6547945517596625,0.0,0.0,2.6069879259263633,,,,,,,,,,,,,,,,,,
carma,8,18864,12,2.453739643212677,0.0,0.0,1.0365078864657788,1.4172317567468977,0.0,0.0,1.943434486827838,0.5103051563848395,0.0,,,,,,,,,,,,,,,,,,
carma,8,18864,13,4.910139699752188,0.0,0.0,1.0622765599383568,0.0,3.8478631398138305,0.0,2.279181677657917,0.0,2.630958022094271,,,,,,,,,,,,,,,,,,
carma,8,18864,23,7.585900856765915,0.0,0.0,0.0,2.4677339251413883,5.118166931624525,0.0,0.0,2.0277071026642712,5.5581937541016435,,,,,,,,,,,,,,,,,,
carma,9,19032,01,0.3115213137403327,0.0,0.0968885497609004,0.2146327639794323,0.0,0.0,0.24555383597845631,0.06596747776187611,0.0,0.0,,,,,,,,,,,,,,,,,,
carma,9,19032,02,0.8232522165679477,0.0,0.10159172741884691,0.0,0.7216604891491007,0.0,0.4486592691079452,0.0,0.3745929474600022,0.0,,,,,,,,,,,,,,,,,,
carma,9,19032,03,2.967270388399327,0.0,0.10796069600690378,0.0,0.0,2.859309692392424,0.5018218636582261,0.0,0.0,2.4654485247411,,,,,,,,,,,,,,,,,,
carma,9,19032,12,1.8855710633930018,0.0,0.0,0.6655010141894235,1.2200700492035783,0.0,0.0,1.527410152343936,0.35816091104906556,0.0,,,,,,,,,,,,,,,,,,
carma,9,19032,13,3.995924636918993,0.0,0.0,0.6675709245606328,0.0,3.32835371235836,0.0,1.7540878016884898,0.0,2.241836835230503,,,,,,,,,,,,,,,,,,
carma,9,19032,23,7.917647204833235,0.0006204685436799457,0.0,0.0,2.6835235363743277,5.234123668458907,0.0,0.0,2.5429508706915587,5.374696334141673,,,,,,,,,,,,,,,,,,
carma,10,19200,01,0.24978666684558004,0.0,0.07693447092966885,0.17285219591591117,0.0,0.0,0.2316459796266885,0.018140687218891595,0.0,0.0,,,,,,,,,,,,,,,,,,
carma,10,19200,02,0.4988354206916706,0.0,0.07517348942267146,0.0,0.42366193126899904,0.0,0.3807121335426099,0.0,0.11812328714906065,0.0,,,,,,,,,,,,,,,,,,
carma,10,19200,03,1.7196132042313028,0.0,0.0776832102397764,0.0,0.0,1.6419299939915264,0.3739446415507024,0.0,0.0,1.3456685626806002,,,,,,,,,,,,,,,,,,
carma,10,19200,12,1.3173006058298087,0.0,0.0,0.4831402140583193,0.8341603917714894,0.0,0.0,1.2220961580481309,0.09520444778167896,0.0,,,,,,,,,,,,,,,,,,
carma,10,19200,13,2.4641764100788306,0.0,0.0,0.5065065322975545,0.0,1.9576698777812762,0.0,1.2778060560216784,0.0,1.1863703540571517,,,,,,,,,,,,,,,,,,
carma,10,19200,23,5.251432432807909,0.0,0.0,0.0,2.0099298768517726,3.241502555956137,0.0,0.0,1.4482790725634644,3.8031533602444463,,,,,,,,,,,,,,,,,,
carma,11,19368,01,0.31724147442018974,0.0,0.07990188489685307,0.2373395895233367,0.0,0.0,0.2667728732118965,0.05046860120829337,0.0,0.0,,,,,,,,,,,,,,,,,,
carma,11,19368,02,0.6748131044412852,0.0,0.08299477006839073,0.0,0.5918183343728944,0.0,0.3917499929747191,0.0,0.2830631114665662,0.0,,,,,,,,,,,,,,,,,,
carma,11,19368,03,1.78298260613504,0.0,0.08186539329193256,0.0,0.0,1.7011172128431076,0.38355001902004826,0.0,0.0,1.3994325871149915,,,,,,,,,,,,,,,,,,
carma,11,19368,12,1.8500097802338302,0.0,0.0,0.675669002417072,1.1743407778167585,0.0,0.0,1.4399866513049935,0.41002312892883647,0.0,,,,,,,,,,,,,,,,,,
carma,11,19368,13,2.9410085065467446,0.0,0.0,0.6777312272724526,0.0,2.2632772792742917,0.0,1.4597879416967423,0.0,1.4812205648500014,,,,,,,,,,,,,,,,,,
carma,11,19368,23,5.407339379345925,0.0,0.0,0.0,2.107686196296598,3.2996531830493274,0.0,0.0,1.1838564446204414,4.223482934725486,,,,,,,,,,,,,,,,,,
carma,12,19536,01,0.25694143927779395,0.0,0.08057364494596089,0.17636779433183303,0.0,0.0,0.20711491949140953,0.049826519786384325,0.0,0.0,,,,,,,,,,,,,,,,,,
carma,12,19536,02,0.5890592581230554,0.0,0.08219945407653008,0.0,0.5068598040465253,0.0,0.35621776076139167,0.0,0.2328414973616638,0.0,,,,,,,,,,,,,,,,,,
carma,12,19536,03,1.3747284100246404,0.0,0.08430812209299197,0.0,0.0,1.2904202879316486,0.38861243704582377,0.0,0.0,0.986115972978817,,,,,,,,,,,,,,,,,,
carma,12,19536,12,1.2881538414815992,0.0,0.0,0.4317426291895126,0.8564112122920866,0.0,0.0,0.9780399018082218,0.3101139396733773,0.0,,,,,,,,,,,,,,,,,,
carma,12,19536,13,1.9628086837457133,0.0,0.0,0.43722738004229944,0.0,1.5255813037034138,0.0,1.092754191642609,0.0,0.8700544921031033,,,,,,,,,,,,,,,,,,
carma,12,19536,23,4.494641882567426,0.0,0.0,0.0,1.7622980193265214,2.7323438632409056,0.0,0.0,1.4932994213975945,3.0013424611698327,,,,,,,,,,,,,,,,,,
carma,13,19704,01,0.26150450189500823,0.0,0.06932170650686117,0.19218279538814706,0.0,0.0,0.19263228379803962,0.06887221809696863,0.0,0.0,,,,,,,,,,,,,,,,,,
carma,13,19704,02,0.4411667548093622,0.0,0.0858184242522512,0.0,0.35534833055711096,0.0,0.3366086938961503,0.0,0.10455806091321182,0.0,,,,,,,,,,,,,,,,,,
carma,13,19704,03,1.0807908467911147,0.0,0.07375393043000349,0.0,0.0,1.007036916361111,0.38056021366437615,0.0,0.0,0.7002306331267382,,,,,,,,,,,,,,,,,,
carma,13,19704,12,1.020076658283359,0.0,0.0,0.44175245158613585,0.5783242066972232,0.0,0.0,0.8562941603942992,0.16378249788905966,0.0,,,,,,,,,,,,,,,,,,
carma,13,19704,13,1.6644848263992373,0.0,0.0,0.41911384929942447,0.0,1.245370977099813,0.0,0.9157793788074282,0.0,0.7487054475918086,,,,,,,,,,,,,,,,,,
carma,13,19704,23,3.4333370483991192,0.0,0.0,0.0,1.2675355242293787,2.16580152416974,0.0,0.0,1.0243659602313242,2.408971088167795,,,,,,,,,,,,,,,,,,
carma,14,19872,01,0.12454294523564127,0.0,0.040737416095886415,0.08380552913975486,0.0,0.0,0.07157401078184689,0.05296893445379445,0.0,0.0,,,,,,,,,,,,,,,,,,
carma,14,19872,02,0.3180536836426304,0.0,0.04635158650206736,0.0,0.27170209714056304,0.0,0.1763889067060961,0.0,0.14166477693653415,0.0,,,,,,,,,,,,,,,,,,
carma,14,19872,03,0.9479433950066284,0.0,0.04296797085118876,0.0,0.0,0.9049754241554396,0.19682439326122703,0.0,0.0,0.7511190017454016,,,,,,,,,,,,,,,,,,
carma,14,19872,12,0.42168394128696585,0.0,0.0,0.12449128404309635,0.29719265724386945,0.0,0.0,0.30709990269083476,0.11458403859613107,0.0,,,,,,,,,,,,,,,,,,
carma,14,19872,13,1.032032788630849,0.0,0.0,0.11920433177905601,0.0,0.912828456851793,0.0,0.34300721941237605,0.0,0.6890255692184731,,,,,,,,,,,,,,,,,,
carma,14,19872,23,2.14362166909854,0.0,0.0,0.0,0.6747098206651266,1.4689118484334136,0.0,0.0,0.8908506628363508,1.2527710062621888,,,,,,,,,,,,,,,,,,
carma,15,20040,01,0.24898273037851998,0.0,0.09012703800114603,0.15885569237737396,0.0,0.0,0.2091112802263099,0.03987145015220999,0.0,0.0,,,,,,,,,,,,,,,,,,
carma,15,20040,02,0.478743784007306,0.0,0.09388423186804659,0.0,0.38485955213925943,0.0,0.35327853659036346,0.0,0.12546524741694223,0.0,,,,,,,,,,,,,,,,,,
carma,15,20040,03,1.7797130241571404,0.0,0.09581758065133618,0.0,0.0,1.6838954435058044,0.4079456997715003,0.0,0.0,1.3717673243856403,,,,,,,,,,,,,,,,,,
carma,15,20040,12,0.90602604569213,0.0,0.0,0.3216833252166811,0.584342720475449,0.0,0.0,0.8159497817566747,0.09007626393545548,0.0,,,,,,,,,,,,,,,,,,
carma,15,20040,13,2.1204183235040457,0.0,0.0,0.3202950985250117,0.0,1.8001232249790342,0.0,0.966471805803339,0.0,1.1539465177007062,,,,,,,,,,,,,,,,,,
carma,15,20040,23,4.146602180860423,0.0023964749607515807,0.0,0.0,1.3601964030901141,2.786405777770309,0.0,0.0,1.2701693675376229,2.8764328133228,,,,,,,,,,,,,,,,,,
carma,16,20208,01,0.5291345153045569,0.0,0.1177640424901979,0.411370472814359,0.0,0.0,0.3992307759551558,0.1299037393494013,0.0,0.0,,,,,,,,,,,,,,,,,,
carma,16,20208,02,0.6701770948088202,0.0,0.11775220085005686,0.0,0.5524248939587633,0.0,0.5227496397716834,0.0,0.14742745503713703,0.0,,,,,,,,,,,,,,,,,,
carma,16,20208,03,2.7852469477403528,0.0,0.11973679939784918,0.0,0.0,2.665510148342504,0.6108950227979368,0.0,0.0,2.174351924942417,,,,,,,,,,,,,,,,,,
carma,16,20208,12,1.905706272115086,0.0,0.0,0.7644604989204574,1.1412457731946286,0.0,0.0,1.446855345751411,0.45885092636367486,0.0,,,,,,,,,,,,,,,,,,
carma,16,20208,13,4.1016360292273,0.0,0.0,0.7895834316556494,0.0,3.3120525975716504,0.0,1.5382001095619597,0.0,2.5634359196653373,,,,,,,,,,,,,,,,,,
carma,16,20208,23,7.088124292053063,0.0,0.0,0.0,2.3770675840435924,4.71105670800947,0.0,0.0,2.154620423480082,4.93350386857298,,,,,,,,,,,,,,,,,,
carma,17,20376,01,0.38526167968040165,0.0,0.1086169011290169,0.2766447785513848,0.0,0.0,0.30796316000037405,0.07729851968002764,0.0,0.0,,,,,,,,,,,,,,,,,,
carma,17,20376,02,0.5577021996236727,0.0,0.11462774000830325,0.0,0.4430744596153695,0.0,0.4891012953206065,0.0,0.06860090430306628,0.0,,,,,,,,,,,,,,,,,,
carma,17,20376,03,2.3508869383100066,0.0,0.11795224643528635,0.0,0.0,2.232934691874721,0.6205134633044211,0.0,0.0,1.7303734750055861,,,,,,,,,,,,,,,,,,
carma,17,20376,12,1.1302117434402466,0.0,0.0,0.48950996648513023,0.6407017769551161,0.0,0.0,1.0450123105766935,0.08519943286355285,0.0,,,,,,,,,,,,,,,,,,
carma,17,20376,13,3.0120924193789773,0.0,0.0,0.5026885233921049,0.0,2.5094038959868725,0.0,1.2689146371065523,0.0,1.7431777822724257,,,,,,,,,,,,,,,,,,
carma,17,20376,23,5.432291351438904,0.0,0.0,0.0,1.6200619073270366,3.8122294441118667,0.0,0.0,2.0989072750080853,3.333384076430818,,,,,,,,,,,,,,,,,,
carma,18,20544,01,0.6758815794566299,0.0,0.21793943811799218,0.45794214133863764,0.0,0.0,0.5811684503166635,0.09471312913996614,0.0,0.0,,,,,,,,,,,,,,,,,,
carma,18,20544,02,1.0261052570745737,0.0,0.2313996093269604,0.0,0.7947056477476133,0.0,0.7503733628956454,0.0,0.2757318941789284,0.0,,,,,,,,,,,,,,,,,,
carma,18,20544,03,3.01676836213204,0.0,0.22685727999183003,0.0,0.0,2.7899110821402098,0.8057389060901763,0.0,0.0,2.2110294560418633,,,,,,,,,,,,,,,,,,
carma,18,20544,12,2.2302559766526744,0.0,0.0,0.9125060386027369,1.3177499380499376,0.0,0.0,1.9367766524826118,0.2934793241700645,0.0,,,,,,,,,,,,,,,,,,
carma,18,20544,13,4.184841909549928,0.0,0.0,0.9635212380649962,0.0,3.2213206714849325,0.0,2.1939029769422222,0.0,1.9909389326077065,,,,,,,,,,,,,,,,,,
carma,18,20544,23,6.935288468290314,0.0,0.0,0.0,2.3504043899916542,4.58488407829866,0.0,0.0,2.7484802015296297,4.186808266760685,,,,,,,,,,,,,,,,,,
carma,19,20712,01,0.6363444046369873,0.0,0.16728522072294855,0.4690591839140386,0.0,0.0,0.5865648116744862,0.04977959296250068,0.0,0.0,,,,,,,,,,,,,,,,,,
carma,19,20712,02,1.0651401423094582,0.0,0.17591645918804596,0.0,0.8892236831214122,0.0,0.7712809208585631,0.0,0.2938592214508944,0.0,,,,,,,,,,,,,,,,,,
carma,19,20712,03,3.1479124687210294,0.0,0.1734919151992541,0.0,0.0,2.9744205535217754,0.8739149236803723,0.0,0.0,2.273997545040656,,,,,,,,,,,,,,,,,,
carma,19,20712,12,2.4322310711165462,0.0,0.0,0.9666039139592655,1.4656271571572805,0.0,0.0,2.0638300368583966,0.3684010342581494,0.0,,,,,,,,,,,,,,,,,,
carma,19,20712,13,4.647986732753968,0.0,0.0,0.9543395100032629,0.0,3.693647222750705,0.0,2.3134678893411977,0.0,2.3345188434127704,,,,,,,,,,,,,,,,,,
carma,19,20712,23,7.672564170465027,0.0,0.0,0.0,2.5407514139939398,5.1318127564710885,0.0,0.0,3.097943968421564,4.574620202043463,,,,,,,,,,,,,,,,,,
carma,20,20880,01,0.6672439576970188,0.0,0.2249603846247992,0.44228357307221966,0.0,0.0,0.5991094872471504,0.0681344704498682,0.0,0.0,,,,,,,,,,,,,,,,,,
carma,20,20880,02,1.2478356290161592,0.0,0.2248688828228577,0.0,1.0229667461933012,0.0,0.7610492477043543,0.0,0.48678638131180535,0.0,,,,,,,,,,,,,,,,,,
carma,20,20880,03,2.6030431641526772,0.0,0.22224532474651218,0.0,0.0,2.3807978394061644,0.87996397491245,0.0,0.0,1.7230791892402273,,,,,,,,,,,,,,,,,,
carma,20,20880,12,2.324105696173189,0.0,0.0,0.836237897693086,1.4878677984801034,0.0,0.0,1.9520027218732825,0.3721029742999063,0.0,,,,,,,,,,,,,,,,,,
carma,20,20880,13,3.693731140685404,0.0,0.0,0.837372623478887,0.0,2.8563585172065165,0.0,2.2329640533016004,0.0,1.4607670873838026,,,,,,,,,,,,,,,,,,
carma,20,20880,23,6.051964248493618,0.0,0.0,0.0,2.2345602105752564,3.8174040379183607,0.0,0.0,1.948905653886748,4.10305859460687,,,,,,,,,,,,,,,,,,
carma,21,21048,01,0.3415703288849583,0.0,0.12410634322462123,0.21746398566033703,0.0,0.0,0.31337454795586794,0.028195780929090388,0.0,0.0,,,,,,,,,,,,,,,,,,
carma,21,21048,02,0.5377578357515997,0.0,0.1239503669159908,0.0,0.4138074688356089,0.0,0.42726594847915295,0.0,0.11049188727244627,0.0,,,,,,,,,,,,,,,,,,
carma,21,21048,03,1.6198609438621159,0.0,0.12250535946566189,0.0,0.0,1.497355584396454,0.45174203344933517,0.0,0.0,1.168118910412781,,,,,,,,,,,,,,,,,,
carma,21,21048,12,1.1339620308994045,0.0,0.0,0.42308379442682537,0.7108782364725792,0.0,0.0,1.0208574196670401,0.11310461123236401,0.0,,,,,,,,,,,,,,,,,,
carma,21,21048,13,2.1577754390568384,0.0,0.0,0.4308026511074882,0.0,1.7269727879493506,0.0,1.1014778186325112,0.0,1.0562976204243275,,,,,,,,,,,,,,,,,,
carma,21,21048,23,3.348303492439662,0.0,0.0,0.0,1.086211236781836,2.2620922556578256,0.0,0.0,1.1170518854031963,2.2312516070364645,,,,,,,,,,,,,,,,,,
carma,22,21216,01,0.2174055849838751,0.0,0.04864027688491019,0.16876530809896492,0.0,0.0,0.18156035830232878,0.03584522668154634,0.0,0.0,,,,,,,,,,,,,,,,,,
carma,22,21216,02,0.23427106811406218,0.0,0.051023995012053965,0.0,0.1832470731020082,0.0,0.21073408973676466,0.0,0.02353697837729752,0.0,,,,,,,,,,,,,,,,,,
carma,22,21216,03,1.1960736351980017,0.0,0.05124261235137699,0.0,0.0,1.1448310228466247,0.29484853419039636,0.0,0.0,0.9012251010076053,,,,,,,,,,,,,,,,,,
carma,22,21216,12,0.7701222119331835,0.0,0.0,0.36258411305101024,0.4075380988821733,0.0,0.0,0.6376771545412169,0.13244505739196644,0.0,,,,,,,,,,,,,,,,,,
carma,22,21216,13,1.8476182038719677,0.0,0.0,0.3666700750167478,0.0,1.48094812885522,0.0,0.786363395397909,0.0,1.0612548084740587,,,,,,,,,,,,,,,,,,
carma,22,21216,23,2.6605911325085705,0.0,0.0,0.0,0.7393006694572766,1.9212904630512935,0.0,0.0,1.4210183684991649,1.2395727640094054,,,,,,,,,,,,,,,,,,
carma,23,21384,01,0.47301490076861785,0.0,0.12927006458624712,0.34374483618237067,0.0,0.0,0.3565185508821683,0.11649634988644948,0.0,0.0,,,,,,,,,,,,,,,,,,
carma,23,21384,02,0.7057243325776423,0.0,0.1503845382917659,0.0,0.5553397942858763,0.0,0.5726963232551581,0.0,0.13302800932248415,0.0,,,,,,,,,,,,,,,,,,
carma,23,21384,03,1.9375285328737433,0.0,0.14548589115418079,0.0,0.0,1.792042641719562,0.6074085156635408,0.0,0.0,1.3301200172102015,,,,,,,,,,,,,,,,,,
carma,23,21384,12,1.4320610599088963,0.0,0.0,0.5403699401971954,0.8916911197117008,0.0,0.0,1.1075972174820528,0.3244638424268442,0.0,,,,,,,,,,,,,,,,,,
carma,23,21384,13,2.6002558216383878,0.0,0.0,0.5501495466240468,0.0,2.0501062750143406,0.0,1.1848774024916535,0.0,1.4153784191467345,,,,,,,,,,,,,,,,,,
carma,23,21384,23,4.533129331040405,0.0,0.0,0.0,1.616282449212921,2.916846881827484,0.0,0.0,1.8480096173394522,2.6851197137009533,,,,,,,,,,,,,,,,,,
carma,24,21552,01,0.5629278073571662,0.0,0.15597409874230928,0.4069537086148569,0.0,0.0,0.4619842148956623,0.10094359246150403,0.0,0.0,,,,,,,,,,,,,,,,,,
carma,24,21552,02,0.6916931931372363,0.0,0.1589799347015522,0.0,0.5327132584356841,0.0,0.5605740850699227,0.0,0.1311191080673135,0.0,,,,,,,,,,,,,,,,,,
carma,24,21552,03,2.1784078860333973,0.0,0.15844598404901516,0.0,0.0,2.0199619019843817,0.6342801299012844,0.0,0.0,1.5441277561321127,,,,,,,,,,,,,,,,,,
carma,24,21552,12,1.841844879510238,0.0,0.0,0.8443910281187764,0.9974538513914615,0.0,0.0,1.5691702848937512,0.2726745946164869,0.0,,,,,,,,,,,,,,,,,,
carma,24,21552,13,3.3881932324724358,0.0,0.0,0.8771967059520618,0.0,2.5109965265203744,0.0,1.7219438528107722,0.0,1.666249379661664,,,,,,,,,,,,,,,,,,
carma,24,21552,23,5.122489991051561,0.0,0.0,0.0,1.7080210516805254,3.4144689393710355,0.0,0.0,2.5327512899287496,2.589738701122813,,,,,,,,,,,,,,,,,,
carma,25,21720,01,0.45105374044977303,0.0,0.12641220643108933,0.3246415340186838,0.0,0.0,0.3803366014262243,0.0707171390235487,0.0,0.0,,,,,,,,,,,,,,,,,,
carma,25,21720,02,0.8142767099717771,0.0,0.134312345554693,0.0,0.6799643644170841,0.0,0.4719269944426603,0.0,0.34234971552911686,0.0,,,,,,,,,,,,,,,,,,
carma,25,21720,03,2.0556470488691283,0.0,0.15140719321548893,0.0,0.0,1.9042398556536393,0.5475914203112887,0.0,0.0,1.5080556285578388,,,,,,,,,,,,,,,,,,
carma,25,21720,12,1.6365649080457498,0.0,0.0,0.6337524806597913,1.0028124273859587,0.0,0.0,1.3061040179970123,0.33046089004873774,0.0,,,,,,,,,,,,,,,,,,
carma,25,21720,13,2.8720276060693823,0.0,0.0,0.6415937287411412,0.0,2.2304338773282413,0.0,1.4519339011467536,0.0,1.4200937049226283,,,,,,,,,,,,,,,,,,
carma,25,21720,23,4.889535562498292,0.0,0.0,0.0,1.6786147806670846,3.2109207818312067,0.0,0.0,2.1635602724336005,2.72597529006469,,,,,,,,,,,,,,,,,,
carma,26,21888,01,0.4394496936538179,0.0,0.13619806750564176,0.30325162614817613,0.0,0.0,0.14451759169422587,0.2949321019595921,0.0,0.0,,,,,,,,,,,,,,,,,,
carma,26,21888,02,0.7545060159848621,0.0,0.17554681216768456,0.0,0.5789592038171776,0.0,0.6357934280183348,0.0,0.11871258796652724,0.0,,,,,,,,,,,,,,,,,,
carma,26,21888,03,1.8096317128946096,0.0,0.18843397339376897,0.0,0.0,1.6211977395008406,0.713225694212572,0.0,0.0,1.0964060186820381,,,,,,,,,,,,,,,,,,
carma,26,21888,12,0.9506105795658211,0.0,0.0,0.39875335899657915,0.551857220569242,0.0,0.0,0.8052002253712928,0.1454103541945283,0.0,,,,,,,,,,,,,,,,,,
carma,26,21888,13,2.077677686375189,0.0,0.0,0.4028920176521381,0.0,1.674785668723051,0.0,0.876139194653431,0.0,1.2015384917217584,,,,,,,,,,,,,,,,,,
carma,26,21888,23,3.344407683081044,0.0,0.0,0.0,1.096239030360683,2.248168652720361,0.0,0.0,1.3760562182721647,1.9683514648088785,,,,,,,,,,,,,,,,,,
carma,27,22056,01,0.6618871793440411,0.0,0.21953422014656787,0.44235295919747314,0.0,0.0,0.38538887095465746,0.27649830838938355,0.0,0.0,,,,,,,,,,,,,,,,,,
carma,27,22056,02,1.1093726493586586,0.0,0.2591891214649574,0.0,0.8501835278937012,0.0,0.8453121189610893,0.0,0.26406053039756944,0.0,,,,,,,,,,,,,,,,,,
carma,27,22056,03,2.220392622566887,0.0,0.24237279550568444,0.0,0.0,1.9780198270612024,0.9488545638456566,0.0,0.0,1.2715380587212302,,,,,,,,,,,,,,,,,,
carma,27,22056,12,1.7284194364743606,0.0,0.0,0.7125171340060087,1.015902302468352,0.0,0.0,1.5299488935946879,0.19847054287967336,0.0,,,,,,,,,,,,,,,,,,
carma,27,22056,13,2.936473453886621,0.0,0.0,0.7368596116440087,0.0,2.1996138422426124,0.0,1.7725712482533378,0.0,1.1639022056332848,,,,,,,,,,,,,,,,,,
carma,27,22056,23,4.731579961700641,0.0,0.0,0.0,1.707975907075774,3.023604054624866,0.0,0.0,1.531845825412248,3.1997341362883898,,,,,,,,,,,,,,,,,,
carma,28,22224,01,0.7519767052441919,0.0,0.2787594137688562,0.4732172914753358,0.0,0.0,0.38039945719552687,0.37157724804866504,0.0,0.0,,,,,,,,,,,,,,,,,,
carma,28,22224,02,1.3229156424226811,0.0,0.379607649365148,0.0,0.9433079930575333,0.0,0.972193504289907,0.0,0.35072213813277403,0.0,,,,,,,,,,,,,,,,,,
carma,28,22224,03,3.1484033492936705,0.0,0.3947031662447903,0.0,0.0,2.7537001830488803,1.0347501014872411,0.0,0.0,2.11365324780643,,,,,,,,,,,,,,,,,,
carma,28,22224,12,1.71353528973233,0.0,0.0,0.7058645956202557,1.0076706941120743,0.0,0.0,1.4786639886312931,0.2348713011010364,0.0,,,,,,,,,,,,,,,,,,
carma,28,22224,13,3.410436868105217,0.0,0.0,0.7644717126221073,0.0,2.64596515548311,0.0,1.8802605082230663,0.0,1.5301763598821516,,,,,,,,,,,,,,,,,,
carma,28,22224,23,5.5963817778223985,0.0,0.0,0.0,1.7777416590319557,3.8186401187904426,0.0,0.0,2.50342943549696,3.0929523423254417,,,,,,,,,,,,,,,,,,
carma,29,22392,01,0.9093117298813505,0.0,0.3027886011715096,0.6065231287098408,0.0,0.0,0.2898605464049118,0.6194511834764385,0.0,0.0,,,,,,,,,,,,,,,,,,
carma,29,22392,02,1.9027344262431107,0.0,0.47898263016606935,0.0,1.4237517960770414,0.0,1.2985857253671678,0.0,0.6041487008759443,0.0,,,,,,,,,,,,,,,,,,
carma,29,22392,03,3.308189534808486,0.0,0.46672654017825904,0.0,0.0,2.8414629946302266,1.3207469853765879,0.0,0.0,1.9874425494318968,,,,,,,,,,,,,,,,,,
carma,29,22392,12,2.059561312413727,0.0,0.0,0.8679354792025122,1.1916258332112148,0.0,0.0,1.8179122997063664,0.24164901270736117,0.0,,,,,,,,,,,,,,,,,,
carma,29,22392,13,3.4400181872521554,0.0,0.0,0.851834237921813,0.0,2.588183949330342,0.0,1.9340076014689358,0.0,1.5060105857832187,,,,,,,,,,,,,,,,,,
carma,29,22392,23,5.9333817821651476,0.0,0.0,0.0,2.1340994855844824,3.7992822965806647,0.0,0.0,2.1626970186571524,3.7706847635079925,,,,,,,,,,,,,,,,,,
carma,30,22560,01,0.7422134956020624,0.0,0.27042963077765386,0.4717838648244086,0.0,0.0,0.3016138550649134,0.44059964053714906,0.0,0.0,,,,,,,,,,,,,,,,,,
carma,30,22560,02,1.358596712619421,0.0,0.3314778911965066,0.0,1.0271188214229143,0.0,1.0544053400045663,0.0,0.30419137261485485,0.0,,,,,,,,,,,,,,,,,,
carma,30,22560,03,2.5994007614385533,0.0,0.3383942941219718,0.0,0.0,2.261006467316582,0.9764642043247019,0.0,0.0,1.6229365571138514,,,,,,,,,,,,,,,,,,
carma,30,22560,12,1.748766320990796,0.0,0.0,0.6734772177686973,1.0752891032220986,0.0,0.0,1.5509189572631144,0.19784736372768116,0.0,,,,,,,,,,,,,,,,,,
carma,30,22560,13,3.012116937327136,0.0,0.0,0.7083137268669324,0.0,2.303803210460204,0.0,1.7902271085814017,0.0,1.2218898287457356,,,,,,,,,,,,,,,,,,
carma,30,22560,23,5.085519705546946,0.0,0.0,0.0,1.869243132750275,3.216276572796671,0.0,0.0,1.3552959011309824,3.7302238044159655,,,,,,,,,,,,,,,,,,
carma,31,22728,01,0.2435400501206441,0.0,0.06584256006328566,0.17769749005735846,0.0,0.0,0.17151473368695222,0.07202531643369188,0.0,0.0,,,,,,,,,,,,,,,,,,
carma,31,22728,02,0.37311195316954143,0.0,0.06825923318025601,0.0,0.30485271998928537,0.0,0.280794440815979,0.0,0.09231751235356216,0.0,,,,,,,,,,,,,,,,,,
carma,31,22728,03,1.1585940316952852,0.0,0.07263321992787852,0.0,0.0,1.0859608117674067,0.3392934532794389,0.0,0.0,0.819300578415846,,,,,,,,,,,,,,,,,,
carma,31,22728,12,0.7648837043717871,0.0,0.0,0.2853521664360345,0.47953153793575265,0.0,0.0,0.6131900312831547,0.1516936730886325,0.0,,,,,,,,,,,,,,,,,,
carma,31,22728,13,1.5035596773796989,0.0,0.0,0.30651266052683035,0.0,1.1970470168528686,0.0,0.7684581558995885,0.0,0.7351015214801104,,,,,,,,,,,,,,,,,,
carma,31,22728,23,2.5193777102110984,0.0,0.0,0.0,0.7824820948798326,1.7368956153312658,0.0,0.0,1.21093461306727,1.3084430971438281,,,,,,,,,,,,,,,,,,
carma,32,22896,01,0.3407240028028814,0.0,0.10479067367055028,0.2359333291323311,0.0,0.0,0.24356840854584533,0.09715559425703617,0.0,0.0,,,,,,,,,,,,,,,,,,
carma,32,22896,02,0.5689693582772544,0.0,0.10625256860795972,0.0,0.4627167896692947,0.0,0.4212612458959306,0.0,0.14770811238132378,0.0,,,,,,,,,,,,,,,,,,
carma,32,22896,03,1.8889266022720514,0.0,0.10826443301724326,0.0,0.0,1.7806621692548081,0.48993753072523294,0.0,0.0,1.3989890715468185,,,,,,,,,,,,,,,,,,
carma,32,22896,12,1.0469990140789434,0.0,0.0,0.3933756609623675,0.6536233531165758,0.0,0.0,0.8272720906028485,0.2197269234760948,0.0,,,,,,,,,,,,,,,,,,
carma,32,22896,13,2.418954697231785,0.0,0.0,0.44278698721388515,0.0,1.9761677100178998,0.0,1.080092085967896,0.0,1.3388626112638886,,,,,,,,,,,,,,,,,,
carma,32,22896,23,3.776168860332257,0.0,0.0,0.0,1.0428017283165953,2.733367132015662,0.0,0.0,1.7092648123303518,2.066904048001904,,,,,,,,,,,,,,,,,,
carma,33,23064,01,0.1684961292185272,0.0,0.04900854792181094,0.11948758129671626,0.0,0.0,0.12648640077240636,0.04200972844612091,0.0,0.0,,,,,,,,,,,,,,,,,,
carma,33,23064,02,0.2545974363643406,0.0,0.05117136578326856,0.0,0.20342607058107204,0.0,0.1682416880321223,0.0,0.08635574833221825,0.0,,,,,,,,,,,,,,,,,,
carma,33,23064,03,1.1832806098522777,0.0,0.0508135093770546,0.0,0.0,1.1324671004752234,0.2275262642928872,0.0,0.0,0.9557543455593904,,,,,,,,,,,,,,,,,,
carma,33,23064,12,0.6470121236173736,0.0,0.0,0.26774391686681953,0.3792682067505541,0.0,0.0,0.4434465848429349,0.2035655387744387,0.0,,,,,,,,,,,,,,,,,,
carma,33,23064,13,1.5102691017439185,0.0,0.0,0.2776898889851941,0.0,1.232579212758724,0.0,0.6756140388106007,0.0,0.834655062933317,,,,,,,,,,,,,,,,,,
carma,33,23064,23,2.224451683474398,0.0,0.0,0.0,0.5598521722939476,1.6645995111804508,0.0,0.0,1.0191146155094655,1.2053370679649336,,,,,,,,,,,,,,,,,,
carma,34,23232,01,0.28164191823078566,0.0,0.09573154118342293,0.18591037704736274,0.0,0.0,0.17751606278499196,0.10412585544579361,0.0,0.0,,,,,,,,,,,,,,,,,,
carma,34,23232,02,0.7888410994898171,0.0,0.11273844245458597,0.0,0.6761026570352311,0.0,0.4132570065198751,0.0,0.3755840929699417,0.0,,,,,,,,,,,,,,,,,,
carma,34,23232,03,1.9375676856181123,0.0,0.1174948095531405,0.0,0.0,1.8200728760649718,0.49276293008546884,0.0,0.0,1.444804755532643,,,,,,,,,,,,,,,,,,
carma,34,23232,12,1.105254420191749,0.0,0.0,0.3451237389386819,0.7601306812530672,0.0,0.0,0.8436510682385128,0.2616033519532362,0.0,,,,,,,,,,,,,,,,,,
carma,34,23232,13,2.151772455386028,0.0,0.0,0.3934911718436216,0.0,1.7582812835424062,0.0,1.0677427261602352,0.0,1.0840297292257925,,,,,,,,,,,,,,,,,,
carma,34,23232,23,4.730070594805954,0.0002837167866702467,0.0,0.0,1.634565453690553,3.095505141115401,0.0,0.0,1.921545773209542,2.808524821596411,,,,,,,,,,,,,,,,,,
carma,35,23400,01,0.43901633950400676,0.0,0.15454437850401315,0.28447196099999367,0.0,0.0,0.243275414988549,0.19574092451545785,0.0,0.0,,,,,,,,,,,,,,,,,,
carma,35,23400,02,0.8145550495957531,0.0,0.2023332704088647,0.0,0.6122217791868884,0.0,0.5668019283304427,0.0,0.24775312126531024,0.0,,,,,,,,,,,,,,,,,,
carma,35,23400,03,2.406537044090362,0.0,0.2170295836910403,0.0,0.0,2.189507460399322,0.619495931664327,0.0,0.0,1.7870411124260346,,,,,,,,,,,,,,,,,,
carma,35,23400,12,1.5444717778771728,0.0,0.0,0.6046382621058888,0.9398335157712843,0.0,0.0,1.340128658383906,0.20434311949326717,0.0,,,,,,,,,,,,,,,,,,
carma,35,23400,13,3.073623994657442,0.0,0.0,0.6468215132460876,0.0,2.4268024814113542,0.0,1.393442088158191,0.0,1.6801819064992514,,,,,,,,,,,,,,,,,,
carma,35,23400,23,5.847858355182449,0.0,0.0,0.0,1.9930744869198156,3.8547838682626345,0.0,0.0,2.355503527628449,3.492354827554,,,,,,,,,,,,,,,,,,
carma,36,23568,01,0.08965291990519117,0.0,0.01782727569289293,0.07182564421229826,0.0,0.0,0.08495532211198359,0.004697597793207551,0.0,0.0,,,,,,,,,,,,,,,,,,
carma,36,23568,02,0.3037015945374175,0.0,0.017834284013765873,0.0,0.28586731052365166,0.0,0.12399891141788937,0.0,0.17970268311952817,0.0,,,,,,,,,,,,,,,,,,
carma,36,23568,03,1.1059500390342762,0.0,0.017645075047071513,0.0,0.0,1.0883049639872047,0.14674153120330855,0.0,0.0,0.9592085078309676,,,,,,,,,,,,,,,,,,
carma,36,23568,12,1.29663271215455,0.0,0.0,0.5027227731700037,0.7939099389845463,0.0,0.0,1.0521166259361918,0.2445160862183586,0.0,,,,,,,,,,,,,,,,,,
carma,36,23568,13,2.1310430935221576,0.0,0.0,0.516446689706718,0.0,1.6145964038154397,0.0,1.0558452951092936,0.0,1.0751977984128636,,,,,,,,,,,,,,,,,,
carma,36,23568,23,3.682886868209565,0.0,0.0,0.0,1.3059333672752966,2.376953500934268,0.0,0.0,1.3864429546881818,2.2964439135213834,,,,,,,,,,,,,,,,,,
carma,37,23736,01,0.38352513713898967,0.0,0.11198014674807266,0.27154499039091706,0.0,0.0,0.2365091908719443,0.14701594626704537,0.0,0.0,,,,,,,,,,,,,,,,,,
carma,37,23736,02,0.6488988246471195,0.0,0.11288768992500395,0.0,0.5360111347221155,0.0,0.4192361227267879,0.0,0.2296627019203315,0.0,,,,,,,,,,,,,,,,,,
carma,37,23736,03,1.732601943353111,0.0,0.11388032475042409,0.0,0.0,1.6187216186026867,0.4999948007797482,0.0,0.0,1.232607142573363,,,,,,,,,,,,,,,,,,
carma,37,23736,12,2.091849881298918,0.0,0.0,0.9228068694512719,1.1690430118476465,0.0,0.0,1.8493724278796995,0.2424774534192188,0.0,,,,,,,,,,,,,,,,,,
carma,37,23736,13,3.1941515379849754,0.0,0.0,0.88274944807276,0.0,2.3114020899122156,0.0,1.6585225981124414,0.0,1.5356289398725345,,,,,,,,,,,,,,,,,,
carma,37,23736,23,5.031935608251056,0.0,0.0,0.0,1.87576053812672,3.1561750701243354,0.0,0.0,1.2111800781886675,3.8207555300623866,,,,,,,,,,,,,,,,,,
carma,38,23904,01,0.35471033109734745,0.0,0.11809872946761896,0.2366116016297285,0.0,0.0,0.16834454690505468,0.18636578419229255,0.0,0.0,,,,,,,,,,,,,,,,,,
carma,38,23904,02,0.6973366022587297,0.0,0.12396772577474459,0.0,0.5733688764839853,0.0,0.4399249098993577,0.0,0.25741169235937167,0.0,,,,,,,,,,,,,,,,,,
carma,38,23904,03,1.9156840621944484,0.0,0.13103879357371545,0.0,0.0,1.7846452686207328,0.49452192924642946,0.0,0.0,1.421162132948019,,,,,,,,,,,,,,,,,,
carma,38,23904,12,1.5797999240016523,0.0,0.0,0.6102117375829357,0.9695881864187167,0.0,0.0,1.3387913587580207,0.24100856524363135,0.0,,,,,,,,,,,,,,,,,,
carma,38,23904,13,2.8149611524221703,0.0,0.0,0.6164693319389923,0.0,2.1984918204831785,0.0,1.529386212419114,0.0,1.2855749400030583,,,,,,,,,,,,,,,,,,
carma,38,23904,23,5.100573348089844,0.0,0.0,0.0,1.8361919152633501,3.264381432826494,0.0,0.0,1.1493149581371715,3.9512583899526708,,,,,,,,,,,,,,,,,,
carma,39,24072,01,0.13920208879751672,0.0,0.04771690352566451,0.0914851852718522,0.0,0.0,0.11957920656349329,0.019622882234023434,0.0,0.0,,,,,,,,,,,,,,,,,,
carma,39,24072,02,0.49293999595114124,0.0,0.06325906499942621,0.0,0.42968093095171506,0.0,0.2533851138673385,0.0,0.23955488208380277,0.0,,,,,,,,,,,,,,,,,,
carma,39,24072,03,1.461195117774842,0.0,0.062369814904632774,0.0,0.0,1.3988253028702093,0.2602709436697447,0.0,0.0,1.200924174105098,,,,,,,,,,,,,,,,,,
carma,39,24072,12,1.218660824444132,0.0,0.0,0.42140944820936327,0.7972513762347686,0.0,0.0,1.0858781797929615,0.13278264465117026,0.0,,,,,,,,,,,,,,,,,,
carma,39,24072,13,2.255145856892967,0.0,0.0,0.4241385237152453,0.0,1.831007333177722,0.0,1.1973244183356206,0.0,1.0578214385573472,,,,,,,,,,,,,,,,,,
carma,39,24072,23,4.342698948356953,0.0,0.0,0.0,1.5967227777038044,2.745976170653149,0.0,0.0,1.287774626248716,3.054924322108238,,,,,,,,,,,,,,,,,,
carma,40,24240,01,0.28710881035633706,0.0,0.08209287603965783,0.2050159343166792,0.0,0.0,0.2040207203896426,0.0830880899666945,0.0,0.0,,,,,,,,,,,,,,,,,,
carma,40,24240,02,0.5264887653138567,0.0,0.0923593001718473,0.0,0.4341294651420094,0.0,0.41501639068954815,0.0,0.11147237462430833,0.0,,,,,,,,,,,,,,,,,,
carma,40,24240,03,2.0804775377540694,0.0,0.08728280548281372,0.0,0.0,1.9931947322712555,0.47951687806589394,0.0,0.0,1.6009606596881758,,,,,,,,,,,,,,,,,,
carma,40,24240,12,1.5415118483878234,0.0,0.0,0.6359880199189216,0.9055238284689014,0.0,0.0,1.47562675589615,0.06588509249167276,0.0,,,,,,,,,,,,,,,,,,
carma,40,24240,13,3.201095650685439,0.0,0.0,0.6599606730799675,0.0,2.5411349776054712,0.0,1.7585685601682297,0.0,1.4425270905172083,,,,,,,,,,,,,,,,,,
carma,40,24240,23,5.5952084173765675,0.0,0.0,0.0,1.8578343650324847,3.737374052344083,0.0,0.0,1.4731036732586271,4.12210474411794,,,,,,,,,,,,,,,,,,
carma,41,24408,01,0.37474899593189726,0.0,0.08401197601376312,0.2907370199181341,0.0,0.0,0.24534017752901557,0.12940881840288174,0.0,0.0,,,,,,,,,,,,,,,,,,
carma,41,24408,02,0.6789197494320164,0.0,0.09000321624662125,0.0,0.588916533185395,0.0,0.4405269799588141,0.0,0.2383927694732021,0.0,,,,,,,,,,,,,,,,,,
carma,41,24408,03,2.0630829950283953,0.0,0.09135465015060101,0.0,0.0,1.9717283448777945,0.5105895010133008,0.0,0.0,1.5524934940150943,,,,,,,,,,,,,,,,,,
carma,41,24408,12,1.9535808870258655,0.0,0.0,0.8252054418258628,1.1283754452000028,0.0,0.0,1.6963845756157359,0.25719631141012866,0.0,,,,,,,,,,,,,,,,,,
carma,41,24408,13,3.4610820169792036,0.0,0.0,0.8222294163721388,0.0,2.6388526006070645,0.0,1.7423412329176367,0.0,1.7187407840615674,,,,,,,,,,,,,,,,,,
carma,41,24408,23,5.80165276321194,0.0,0.0,0.0,2.043841168283653,3.7578115949282864,0.0,0.0,1.6018434815527063,4.1998092816592285,,,,,,,,,,,,,,,,,,
carma,42,24576,01,0.41883591159009315,0.0,0.11704104570318558,0.30179486588690757,0.0,0.0,0.3030779844315779,0.11575792715851524,0.0,0.0,,,,,,,,,,,,,,,,,,
carma,42,24576,02,0.7469676417889486,0.0,0.12863382416419575,0.0,0.6183338176247526,0.0,0.4474328939933592,0.0,0.2995347477955892,0.0,,,,,,,,,,,,,,,,,,
carma,42,24576,03,2.580270318076454,0.0,0.13288236036662696,0.0,0.0,2.4473879577098274,0.5028609052436528,0.0,0.0,2.077409412832801,,,,,,,,,,,,,,,,,,
carma,42,24576,12,1.762645956089056,0.00045098681277150137,0.0,0.7014716402259439,1.061174315863112,0.0,0.0,1.3508943049698516,0.41175165111920414,0.0,,,,,,,,,,,,,,,,,,
carma,42,24576,13,3.4988527486075136,0.0,0.0,0.7002211585013146,0.0,2.7986315901061984,0.0,1.5072170010924584,0.0,1.991635747515055,,,,,,,,,,,,,,,,,,
carma,42,24576,23,6.094459820046184,0.0001244052889704928,0.0,0.0,1.9942080951385137,4.100251724907672,0.0,0.0,2.2914883488637363,3.8029714711824476,,,,,,,,,,,,,,,,,,
carma,43,24744,01,0.7698829535773024,0.0,0.22586611693163403,0.5440168366456684,0.0,0.0,0.3822543505149956,0.3876286030623068,0.0,0.0,,,,,,,,,,,,,,,,,,
carma,43,24744,02,2.05154719885888,0.0,0.3241339161548353,0.0,1.7274132827040447,0.0,1.336290079255721,0.0,0.7152571196031595,0.0,,,,,,,,,,,,,,,,,,
carma,43,24744,03,4.173478651728955,0.0,0.3282245239626339,0.0,0.0,3.84525412776632,1.5793672110492587,0.0,0.0,2.594111440679696,,,,,,,,,,,,,,,,,,
carma,43,24744,12,2.5907713907220327,0.0,0.0,0.8517466446313979,1.7390247460906347,0.0,0.0,1.9760644162947896,0.6147069744272426,0.0,,,,,,,,,,,,,,,,,,
carma,43,24744,13,4.814430169011505,0.0,0.0,0.8546305471498417,0.0,3.959799621861664,0.0,2.105191233772866,0.0,2.7092389352386386,,,,,,,,,,,,,,,,,,
carma,43,24744,23,9.337767121783191,0.0,0.0,0.0,3.4521230546652633,5.885644067117927,0.0,0.0,2.673438620052365,6.664328501730818,,,,,,,,,,,,,,,,,,
carma,44,24912,01,0.8295693600233954,0.0,0.2570213458434824,0.572548014179913,0.0,0.0,0.48563861689491644,0.3439307431284787,0.0,0.0,,,,,,,,,,,,,,,,,,
carma,44,24912,02,1.8111482066293625,0.0,0.31561114815394575,0.0,1.4955370584754168,0.0,1.2498136149640926,0.0,0.5613345916652701,0.0,,,,,,,,,,,,,,,,,,
carma,44,24912,03,4.376939027512012,0.0,0.3381464052343125,0.0,0.0,4.0387926222776995,1.310424031034198,0.0,0.0,3.0665149964778133,,,,,,,,,,,,,,,,,,
carma,44,24912,12,2.769867782914389,0.0,0.0,1.0066945638840408,1.7631732190303477,0.0,0.0,2.144008155202288,0.6258596277121012,0.0,,,,,,,,,,,,,,,,,,
carma,44,24912,13,5.258432415000019,0.0,0.0,0.9829921464449273,0.0,4.275440268555093,0.0,2.2813228195474515,0.0,2.9771095954525673,,,,,,,,,,,,,,,,,,
carma,44,24912,23,10.213680400791924,0.010638927092360343,0.0,0.0,3.6573713414262476,6.556309059365678,0.0,0.0,4.254103776609132,5.959576624182797,,,,,,,,,,,,,,,,,,
carma,45,25080,01,0.6152302718882351,0.0,0.15989411480648205,0.45533615708175307,0.0,0.0,0.4515291425699285,0.16370112931830635,0.0,0.0,,,,,,,,,,,,,,,,,,
carma,45,25080,02,0.7777015145217201,0.0,0.16858618653529797,0.0,0.6091153279864222,0.0,0.6562820095256955,0.0,0.12141950499602486,0.0,,,,,,,,,,,,,,,,,,
carma,45,25080,03,2.892254815968057,0.0,0.17043934357110113,0.0,0.0,2.7218154723969556,0.7644752817255193,0.0,0.0,2.127779534242538,,,,,,,,,,,,,,,,,,
carma,45,25080,12,2.1232156538570317,0.0011960727996233236,0.0,0.905215884256925,1.2179997696001073,0.0,0.0,1.713915776407877,0.4092998774491559,0.0,,,,,,,,,,,,,,,,,,
carma,45,25080,13,4.224771260053903,0.0,0.0,0.9094680753169684,0.0,3.3153031847369356,0.0,1.9729098198004358,0.0,2.2518614402534696,,,,,,,,,,,,,,,,,,
carma,45,25080,23,7.400380854228743,0.0,0.0,0.0,2.3956966365647596,5.004684217663984,0.0,0.0,3.3086858037102376,4.091695050518507,,,,,,,,,,,,,,,,,,
carma,46,25248,01,0.3305946944548671,0.0,0.10684266801780573,0.2237520264370614,0.0,0.0,0.20924015544020308,0.12135453901466405,0.0,0.0,,,,,,,,,,,,,,,,,,
carma,46,25248,02,0.6839704346909875,0.0,0.138145053306664,0.0,0.5458253813843235,0.0,0.5218120623393654,0.0,0.16215837235162192,0.0,,,,,,,,,,,,,,,,,,
carma,46,25248,03,2.572598835427165,0.0,0.1191696893704957,0.0,0.0,2.4534291460566693,0.5143037537615803,0.0,0.0,2.0582950816655843,,,,,,,,,,,,,,,,,,
carma,46,25248,12,1.3782133792508462,0.0,0.0,0.5632908129887908,0.8149225662620553,0.0,0.0,1.2359865755997559,0.14222680365108914,0.0,,,,,,,,,,,,,,,,,,
carma,46,25248,13,3.2020647061038976,0.0,0.0,0.5339110217788221,0.0,2.6681536843250755,0.0,1.4585684016085225,0.0,1.7434963044953748,,,,,,,,,,,,,,,,,,
carma,46,25248,23,6.035735994745698,0.0,0.0,0.0,1.8975660859048575,4.13816990884084,0.0,0.0,2.154747143741501,3.880988851004197,,,,,,,,,,,,,,,,,,
carma,47,25416,01,0.6026279756970969,0.0,0.1775175025154057,0.42511047318169115,0.0,0.0,0.5550067482440619,0.047621227453035146,0.0,0.0,,,,,,,,,,,,,,,,,,
carma,47,25416,02,0.8584285377949316,0.0,0.18048210176973523,0.0,0.6779464360251962,0.0,0.6513249098344888,0.0,0.20710362796044285,0.0,,,,,,,,,,,,,,,,,,
carma,47,25416,03,2.859877369763718,0.0,0.1809974415800817,0.0,0.0,2.678879928183636,0.7022808539184625,0.0,0.0,2.1575965158452552,,,,,,,,,,,,,,,,,,
carma,47,25416,12,2.4594221282938236,0.0,0.0,1.0223001056703613,1.4371220226234624,0.0,0.0,2.1668780253449054,0.2925441029489179,0.0,,,,,,,,,,,,,,,,,,
carma,47,25416,13,4.430742613602126,0.0,0.0,1.0363365535060656,0.0,3.394406060096061,0.0,2.3588563152003,0.0,2.071886298401827,,,,,,,,,,,,,,,,,,
carma,47,25416,23,6.563295077027891,6.0498862445974e-05,0.0,0.0,2.191861838006454,4.371433239021436,0.0,0.0,2.243479274001914,4.319815803025977,,,,,,,,,,,,,,,,,,
carma,48,25584,01,0.4093088564130798,0.0,0.12120259981748677,0.2881062565955931,0.0,0.0,0.38746361223275083,0.021845244180329123,0.0,0.0,,,,,,,,,,,,,,,,,,
carma,48,25584,02,0.5570379335194541,0.0,0.11916884826940165,0.0,0.43786908525005236,0.0,0.47674320210253746,0.0,0.08029473141691666,0.0,,,,,,,,,,,,,,,,,,
carma,48,25584,03,2.2646113336269256,0.0,0.1295599231501152,0.0,0.0,2.13505141047681,0.5300416030559284,0.0,0.0,1.734569730570997,,,,,,,,,,,,,,,,,,
carma,48,25584,12,1.8841177064558403,0.0,0.0,0.8131649607824979,1.070952745673342,0.0,0.0,1.6884613855018973,0.1956563209539439,0.0,,,,,,,,,,,,,,,,,,
carma,48,25584,13,3.697117488303388,0.0,0.0,0.81897562200995,0.0,2.8781418662934386,0.0,1.8640399391616722,0.0,1.8330775491417146,,,,,,,,,,,,,,,,,,
carma,48,25584,23,5.912630355478549,0.0,0.0,0.0,1.91640542414169,3.996224931336859,0.0,0.0,2.220617446651348,3.6920129088271985,,,,,,,,,,,,,,,,,,
carma,49,25752,01,1.600474798085027,1.914503520759144e-05,0.441830787221544,1.1586440108634828,0.0,0.0,1.0721889434244487,0.5282858546605782,0.0,0.0,,,,,,,,,,,,,,,,,,
carma,49,25752,02,2.0313775623377395,0.0,0.44187025927224627,0.0,1.5895073030654927,0.0,1.5073792149726575,0.0,0.5239983473650806,0.0,,,,,,,,,,,,,,,,,,
carma,49,25752,03,4.299020378702447,0.0,0.4528496672231909,0.0,0.0,3.846170711479255,1.6139152192700204,0.0,0.0,2.685105159432425,,,,,,,,,,,,,,,,,,
carma,49,25752,12,3.5076162949901626,0.0,0.0,1.520924478560868,1.9866918164292946,0.0,0.0,2.8544939252048454,0.6531223697853159,0.0,,,,,,,,,,,,,,,,,,
carma,49,25752,13,5.697260184192224,0.0,0.0,1.5140141569809458,0.0,4.18324602721128,0.0,2.9451656020701393,0.0,2.752094582122086,,,,,,,,,,,,,,,,,,
carma,49,25752,23,8.585029924250101,0.0006936466896959045,0.0,0.0,3.0934595016932898,5.491570422556812,0.0,0.0,3.065684768101566,5.519345156148536,,,,,,,,,,,,,,,,,,
carma,50,25920,01,0.16875893966687674,0.0,0.05532081645730529,0.11343812320957143,0.0,0.0,0.12485673223937914,0.04390220742749754,0.0,0.0,,,,,,,,,,,,,,,,,,
carma,50,25920,02,0.35556993787596114,0.0013869833720903696,0.05894937573801087,0.0,0.2966205621379503,0.0,0.19659425578343956,0.0,0.15897568209252166,0.0,,,,,,,,,,,,,,,,,,
carma,50,25920,03,1.2321802633490953,0.0,0.05844453687864632,0.0,0.0,1.1737357264704493,0.24146723779694174,0.0,0.0,0.9907130255521537,,,,,,,,,,,,,,,,,,
carma,50,25920,12,0.5892554570135177,0.0,0.0,0.222368351292016,0.3668871057215016,0.0,0.0,0.4775467386487126,0.11170871836480495,0.0,,,,,,,,,,,,,,,,,,
carma,50,25920,13,1.4213673940104288,0.0,0.0,0.2247928893568315,0.0,1.1965745046535972,0.0,0.5895465041482972,0.0,0.8318208898621313,,,,,,,,,,,,,,,,,,
carma,50,25920,23,2.7968452689454506,0.0,0.0,0.0,0.8268355384628333,1.970009730482617,0.0,0.0,1.3964080666575045,1.4004372022879459,,,,,,,,,,,,,,,,,,
carma,51,26088,01,0.3687396122888166,0.0,0.10733557712726109,0.2614040351615555,0.0,0.0,0.2975080853420658,0.07123152694675078,0.0,0.0,,,,,,,,,,,,,,,,,,
carma,51,26088,02,0.6199391288113661,0.0,0.1150627561984059,0.0,0.5048763726129603,0.0,0.4218383329876343,0.0,0.1981007958237319,0.0,,,,,,,,,,,,,,,,,,
carma,51,26088,03,2.5070265109023335,0.0,0.12201229732572995,0.0,0.0,2.3850142135766035,0.5088449519179434,0.0,0.0,1.9981815589843894,,,,,,,,,,,,,,,,,,
carma,51,26088,12,1.3674597195874607,0.0,0.0,0.5054110947804453,0.8620486248070155,0.0,0.0,1.0738554535462,0.29360426604126133,0.0,,,,,,,,,,,,,,,,,,
carma,51,26088,13,3.254130713318904,9.382213906290473e-05,0.0,0.5316010761941535,0.0,2.722529637124751,0.0,1.258283937045842,0.0,1.9958467762730596,,,,,,,,,,,,,,,,,,
carma,51,26088,23,5.657433433553037,0.0,0.0,0.0,1.7617353798411004,3.895698053711937,0.0,0.0,2.698446293344054,2.9589871402089845,,,,,,,,,,,,,,,,,,
carma,0,17520,0,0.1946856488551436,0.0,0.1946856488551436,0.0,0.0,0.0,0.1946856488551436,0.0,0.0,0.0,,,,,,,,,,,,,,,,,,
carma,0,17520,1,1.0714893682012012,0.0,0.0,1.0714893682012012,0.0,0.0,0.0,1.071489368201201,0.0,0.0,,,,,,,,,,,,,,,,,,
carma,0,17520,2,3.2187694946591883,0.0,0.0,0.0,3.2187694946591883,0.0,0.0,0.0,3.2187694946591887,0.0,,,,,,,,,,,,,,,,,,
carma,0,17520,3,3.813460806452519,0.005625968724072275,0.0,0.0,0.0,3.813460806452519,0.0,0.0,0.0,3.813460806452521,,,,,,,,,,,,,,,,,,
carma,1,17688,0,0.5361492824844696,0.0,0.5361492824844696,0.0,0.0,0.0,0.5361492824844697,0.0,0.0,0.0,,,,,,,,,,,,,,,,,,
carma,1,17688,1,2.1186575668154513,0.010104026979607494,0.0,2.1186575668154513,0.0,0.0,0.0,2.1186575668154513,0.0,0.0,,,,,,,,,,,,,,,,,,
carma,1,17688,2,4.8599887556250465,0.007039548787732808,0.0,0.0,4.8599887556250465,0.0,0.0,0.0,4.859988755625048,0.0,,,,,,,,,,,,,,,,,,
carma,1,17688,3,7.051690453295957,0.0001268121868329418,0.0,0.0,0.0,7.051690453295957,0.0,0.0,0.0,7.0516904532959535,,,,,,,,,,,,,,,,,,
carma,2,17856,0,0.23766780869323528,0.0,0.23766780869323528,0.0,0.0,0.0,0.23766780869323514,0.0,0.0,0.0,,,,,,,,,,,,,,,,,,
carma,2,17856,1,1.0415470307371393,0.0,0.0,1.0415470307371393,0.0,0.0,0.0,1.0415470307371397,0.0,0.0,,,,,,,,,,,,,,,,,,
carma,2,17856,2,3.4359433154154178,0.001416123021459292,0.0,0.0,3.4359433154154178,0.0,0.0,0.0,3.43594331541542,0.0,,,,,,,,,,,,,,,,,,
carma,2,17856,3,6.352606056299481,0.006971169177417833,0.0,0.0,0.0,6.352606056299481,0.0,0.0,0.0,6.352606056299483,,,,,,,,,,,,,,,,,,
carma,3,18024,0,0.1140446079711855,0.0,0.1140446079711855,0.0,0.0,0.0,0.11404460797118549,0.0,0.0,0.0,,,,,,,,,,,,,,,,,,
carma,3,18024,1,0.3587146702612146,0.0,0.0,0.3587146702612146,0.0,0.0,0.0,0.3587146702612146,0.0,0.0,,,,,,,,,,,,,,,,,,
carma,3,18024,2,1.632873050028328,0.006190915206489433,0.0,0.0,1.632873050028328,0.0,0.0,0.0,1.6328730500283286,0.0,,,,,,,,,,,,,,,,,,
carma,3,18024,3,3.2310722507384546,0.00040481879301078143,0.0,0.0,0.0,3.2310722507384546,0.0,0.0,0.0,3.2310722507384564,,,,,,,,,,,,,,,,,,
carma,4,18192,0,0.07205975339461354,0.0,0.07205975339461354,0.0,0.0,0.0,0.07205975339461353,0.0,0.0,0.0,,,,,,,,,,,,,,,,,,
carma,4,18192,1,0.4325507552945756,0.0,0.0,0.4325507552945756,0.0,0.0,0.0,0.43255075529457576,0.0,0.0,,,,,,,,,,,,,,,,,,
carma,4,18192,2,1.326823135587971,0.0010990324101896566,0.0,0.0,1.326823135587971,0.0,0.0,0.0,1.3268231355879718,0.0,,,,,,,,,,,,,,,,,,
carma,4,18192,3,3.3012364965586607,0.0032054582736021804,0.0,0.0,0.0,3.3012364965586607,0.0,0.0,0.0,3.301236496558659,,,,,,,,,,,,,,,,,,
carma,5,18360,0,0.15447551933038983,0.0,0.15447551933038983,0.0,0.0,0.0,0.15447551933038978,0.0,0.0,0.0,,,,,,,,,,,,,,,,,,
carma,5,18360,1,0.6033770830855805,0.00736780605572928,0.0,0.6033770830855805,0.0,0.0,0.0,0.6033770830855804,0.0,0.0,,,,,,,,,,,,,,,,,,
carma,5,18360,2,2.3754349589948487,0.004689145877727626,0.0,0.0,2.3754349589948487,0.0,0.0,0.0,2.3754349589948482,0.0,,,,,,,,,,,,,,,,,,
carma,5,18360,3,3.6581649078899523,0.0072520666003600895,0.0,0.0,0.0,3.6581649078899523,0.0,0.0,0.0,3.6581649078899514,,,,,,,,,,,,,,,,,,
carma,6,18528,0,0.14135748271564938,0.0,0.14135748271564938,0.0,0.0,0.0,0.14135748271564932,0.0,0.0,0.0,,,,,,,,,,,,,,,,,,
carma,6,18528,1,0.5902024994673402,0.0,0.0,0.5902024994673402,0.0,0.0,0.0,0.5902024994673402,0.0,0.0,,,,,,,,,,,,,,,,,,
carma,6,18528,2,3.1177185461785983,0.0023708898565368538,0.0,0.0,3.1177185461785983,0.0,0.0,0.0,3.1177185461785983,0.0,,,,,,,,,,,,,,,,,,
carma,6,18528,3,3.897639598387425,0.0,0.0,0.0,0.0,3.897639598387425,0.0,0.0,0.0,3.8976395983874266,,,,,,,,,,,,,,,,,,
carma,7,18696,0,0.16496483287477828,0.001146754672236082,0.16496483287477828,0.0,0.0,0.0,0.16496483287477826,0.0,0.0,0.0,,,,,,,,,,,,,,,,,,
carma,7,18696,1,0.5925323732481961,0.0,0.0,0.5925323732481961,0.0,0.0,0.0,0.5925323732481962,0.0,0.0,,,,,,,,,,,,,,,,,,
carma,7,18696,2,2.4646154061256063,0.0015794123475893333,0.0,0.0,2.4646154061256063,0.0,0.0,0.0,2.4646154061256054,0.0,,,,,,,,,,,,,,,,,,
carma,7,18696,3,4.210228239771104,0.01105212607453668,0.0,0.0,0.0,4.210228239771104,0.0,0.0,0.0,4.210228239771104,,,,,,,,,,,,,,,,,,
carma,8,18864,0,0.13573879360297186,0.0,0.13573879360297186,0.0,0.0,0.0,0.13573879360297184,0.0,0.0,0.0,,,,,,,,,,,,,,,,,,
carma,8,18864,1,0.975024583214626,0.0019541921400268096,0.0,0.975024583214626,0.0,0.0,0.0,0.975024583214626,0.0,0.0,,,,,,,,,,,,,,,,,,
carma,8,18864,2,2.7032040963485295,0.0,0.0,0.0,2.7032040963485295,0.0,0.0,0.0,2.7032040963485295,0.0,,,,,,,,,,,,,,,,,,
carma,8,18864,3,5.495267494915696,0.0,0.0,0.0,0.0,5.495267494915696,0.0,0.0,0.0,5.495267494915694,,,,,,,,,,,,,,,,,,
carma,9,19032,0,0.0842065473721948,0.0,0.0842065473721948,0.0,0.0,0.0,0.08420654737219482,0.0,0.0,0.0,,,,,,,,,,,,,,,,,,
carma,9,19032,1,0.6357802322892234,0.0,0.0,0.6357802322892234,0.0,0.0,0.0,0.6357802322892239,0.0,0.0,,,,,,,,,,,,,,,,,,
carma,9,19032,2,3.03661244067841,0.0051133810957609445,0.0,0.0,3.03661244067841,0.0,0.0,0.0,3.036612440678409,0.0,,,,,,,,,,,,,,,,,,
carma,9,19032,3,5.519832516597652,0.0005435223649971004,0.0,0.0,0.0,5.519832516597652,0.0,0.0,0.0,5.51983251659765,,,,,,,,,,,,,,,,,,
carma,10,19200,0,0.0740297590323666,0.0,0.0740297590323666,0.0,0.0,0.0,0.07402975903236655,0.0,0.0,0.0,,,,,,,,,,,,,,,,,,
carma,10,19200,1,0.46809691780532053,0.0,0.0,0.46809691780532053,0.0,0.0,0.0,0.46809691780532015,0.0,0.0,,,,,,,,,,,,,,,,,,
carma,10,19200,2,2.581574592460704,0.0031621348197083963,0.0,0.0,2.581574592460704,0.0,0.0,0.0,2.5815745924607048,0.0,,,,,,,,,,,,,,,,,,
carma,10,19200,3,3.409310682299464,0.0,0.0,0.0,0.0,3.409310682299464,0.0,0.0,0.0,3.409310682299464,,,,,,,,,,,,,,,,,,
carma,11,19368,0,0.08124486561273639,0.0,0.08124486561273639,0.0,0.0,0.0,0.08124486561273646,0.0,0.0,0.0,,,,,,,,,,,,,,,,,,
carma,11,19368,1,0.6365523792077264,0.010786123003558006,0.0,0.6365523792077264,0.0,0.0,0.0,0.6365523792077261,0.0,0.0,,,,,,,,,,,,,,,,,,
carma,11,19368,2,2.6786918505603476,0.0006062061048963886,0.0,0.0,2.6786918505603476,0.0,0.0,0.0,2.6786918505603485,0.0,,,,,,,,,,,,,,,,,,
carma,11,19368,3,3.453582361432334,0.0,0.0,0.0,0.0,3.453582361432334,0.0,0.0,0.0,3.453582361432334,,,,,,,,,,,,,,,,,,
carma,12,19536,0,0.08082073558027368,0.0,0.08082073558027368,0.0,0.0,0.0,0.08082073558027365,0.0,0.0,0.0,,,,,,,,,,,,,,,,,,
carma,12,19536,1,0.36661211881778516,0.0,0.0,0.36661211881778516,0.0,0.0,0.0,0.36661211881778516,0.0,0.0,,,,,,,,,,,,,,,,,,
carma,12,19536,2,2.131523696119277,0.0,0.0,0.0,2.131523696119277,0.0,0.0,0.0,2.1315236961192774,0.0,,,,,,,,,,,,,,,,,,
carma,12,19536,3,2.805452325042215,0.0,0.0,0.0,0.0,2.805452325042215,0.0,0.0,0.0,2.805452325042213,,,,,,,,,,,,,,,,,,
carma,13,19704,0,0.07342898122479155,0.0017260682624245594,0.07342898122479155,0.0,0.0,0.0,0.07342898122479154,0.0,0.0,0.0,,,,,,,,,,,,,,,,,,
carma,13,19704,1,0.3850340574034387,0.0,0.0,0.3850340574034387,0.0,0.0,0.0,0.38503405740343843,0.0,0.0,,,,,,,,,,,,,,,,,,
carma,13,19704,2,1.4795957010492744,0.0,0.0,0.0,1.4795957010492744,0.0,0.0,0.0,1.4795957010492753,0.0,,,,,,,,,,,,,,,,,,
carma,13,19704,3,2.23725725866266,0.0,0.0,0.0,0.0,2.23725725866266,0.0,0.0,0.0,2.2372572586626602,,,,,,,,,,,,,,,,,,
carma,14,19872,0,0.03995069180567223,0.0,0.03995069180567223,0.0,0.0,0.0,0.03995069180567222,0.0,0.0,0.0,,,,,,,,,,,,,,,,,,
carma,14,19872,1,0.113300929892037,0.0,0.0,0.113300929892037,0.0,0.0,0.0,0.11330092989203709,0.0,0.0,,,,,,,,,,,,,,,,,,
carma,14,19872,2,0.7114499645717717,0.0,0.0,0.0,0.7114499645717717,0.0,0.0,0.0,0.7114499645717719,0.0,,,,,,,,,,,,,,,,,,
carma,14,19872,3,2.018083259213032,0.0,0.0,0.0,0.0,2.018083259213032,0.0,0.0,0.0,2.0180832592130313,,,,,,,,,,,,,,,,,,
carma,15,20040,0,0.08826245432190095,0.0,0.08826245432190095,0.0,0.0,0.0,0.08826245432190097,0.0,0.0,0.0,,,,,,,,,,,,,,,,,,
carma,15,20040,1,0.3051823693071067,0.0006456348868797376,0.0,0.3051823693071067,0.0,0.0,0.0,0.3051823693071066,0.0,0.0,,,,,,,,,,,,,,,,,,
carma,15,20040,2,1.5428109866999924,0.0006319752702189714,0.0,0.0,1.5428109866999924,0.0,0.0,0.0,1.5428109866999928,0.0,,,,,,,,,,,,,,,,,,
carma,15,20040,3,3.210059883927603,0.0011575091032498188,0.0,0.0,0.0,3.210059883927603,0.0,0.0,0.0,3.2100598839276047,,,,,,,,,,,,,,,,,,
carma,16,20208,0,0.11756382328340242,0.0,0.11756382328340242,0.0,0.0,0.0,0.1175638232834024,0.0,0.0,0.0,,,,,,,,,,,,,,,,,,
carma,16,20208,1,0.7077729385444926,0.0007087652077394305,0.0,0.7077729385444926,0.0,0.0,0.0,0.7077729385444929,0.0,0.0,,,,,,,,,,,,,,,,,,
carma,16,20208,2,2.6049847121320675,0.001336856646906832,0.0,0.0,2.6049847121320675,0.0,0.0,0.0,2.604984712132068,0.0,,,,,,,,,,,,,,,,,,
carma,16,20208,3,5.004225205982058,0.0,0.0,0.0,0.0,5.004225205982058,0.0,0.0,0.0,5.004225205982059,,,,,,,,,,,,,,,,,,
carma,17,20376,0,0.11393074452406436,0.0,0.11393074452406436,0.0,0.0,0.0,0.11393074452406433,0.0,0.0,0.0,,,,,,,,,,,,,,,,,,
carma,17,20376,1,0.44471165654087275,0.0002001032525768735,0.0,0.44471165654087275,0.0,0.0,0.0,0.44471165654087297,0.0,0.0,,,,,,,,,,,,,,,,,,
carma,17,20376,2,1.6614144116725282,0.0,0.0,0.0,1.6614144116725282,0.0,0.0,0.0,1.661414411672529,0.0,,,,,,,,,,,,,,,,,,
carma,17,20376,3,4.307242075547323,0.0,0.0,0.0,0.0,4.307242075547323,0.0,0.0,0.0,4.3072420755473235,,,,,,,,,,,,,,,,,,
carma,18,20544,0,0.22033021732341906,0.0,0.22033021732341906,0.0,0.0,0.0,0.22033021732341906,0.0,0.0,0.0,,,,,,,,,,,,,,,,,,
carma,18,20544,1,0.8411510826133888,0.0007985654428032452,0.0,0.8411510826133888,0.0,0.0,0.0,0.8411510826133886,0.0,0.0,,,,,,,,,,,,,,,,,,
carma,18,20544,2,2.336551370843814,0.00010559186840440597,0.0,0.0,2.336551370843814,0.0,0.0,0.0,2.3365513708438144,0.0,,,,,,,,,,,,,,,,,,
carma,18,20544,3,4.853643031392599,0.006538682636756212,0.0,0.0,0.0,4.853643031392599,0.0,0.0,0.0,4.8536430313926,,,,,,,,,,,,,,,,,,
carma,19,20712,0,0.16768596626921842,0.0,0.16768596626921842,0.0,0.0,0.0,0.1676859662692184,0.0,0.0,0.0,,,,,,,,,,,,,,,,,,
carma,19,20712,1,0.8619949430832141,0.0,0.0,0.8619949430832141,0.0,0.0,0.0,0.861994943083214,0.0,0.0,,,,,,,,,,,,,,,,,,
carma,19,20712,2,2.552930184038883,0.0,0.0,0.0,2.552930184038883,0.0,0.0,0.0,2.552930184038882,0.0,,,,,,,,,,,,,,,,,,
carma,19,20712,3,5.502642905577277,0.0,0.0,0.0,0.0,5.502642905577277,0.0,0.0,0.0,5.502642905577277,,,,,,,,,,,,,,,,,,
carma,20,20880,0,0.21453256470908766,0.0,0.21453256470908766,0.0,0.0,0.0,0.2145325647090876,0.0,0.0,0.0,,,,,,,,,,,,,,,,,,
carma,20,20880,1,0.7994343872196099,0.0,0.0,0.7994343872196099,0.0,0.0,0.0,0.7994343872196095,0.0,0.0,,,,,,,,,,,,,,,,,,
carma,20,20880,2,2.355557350316086,0.0,0.0,0.0,2.355557350316086,0.0,0.0,0.0,2.3555573503160847,0.0,,,,,,,,,,,,,,,,,,
carma,20,20880,3,3.9231908730365275,0.0,0.0,0.0,0.0,3.9231908730365275,0.0,0.0,0.0,3.923190873036528,,,,,,,,,,,,,,,,,,
carma,21,21048,0,0.11710639075049581,0.0,0.11710639075049581,0.0,0.0,0.0,0.11710639075049584,0.0,0.0,0.0,,,,,,,,,,,,,,,,,,
carma,21,21048,1,0.3971291625992733,0.0,0.0,0.3971291625992733,0.0,0.0,0.0,0.39712916259927317,0.0,0.0,,,,,,,,,,,,,,,,,,
carma,21,21048,2,1.2027175328001114,0.0,0.0,0.0,1.2027175328001114,0.0,0.0,0.0,1.202717532800111,0.0,,,,,,,,,,,,,,,,,,
carma,21,21048,3,2.4838182173040733,0.0,0.0,0.0,0.0,2.4838182173040733,0.0,0.0,0.0,2.4838182173040737,,,,,,,,,,,,,,,,,,
carma,22,21216,0,0.047944727139429086,0.0,0.047944727139429086,0.0,0.0,0.0,0.047944727139429086,0.0,0.0,0.0,,,,,,,,,,,,,,,,,,
carma,22,21216,1,0.33112832439047896,0.0,0.0,0.33112832439047896,0.0,0.0,0.0,0.33112832439047896,0.0,0.0,,,,,,,,,,,,,,,,,,
carma,22,21216,2,0.6827780397919107,0.0,0.0,0.0,0.6827780397919107,0.0,0.0,0.0,0.6827780397919102,0.0,,,,,,,,,,,,,,,,,,
carma,22,21216,3,2.549973664556948,0.0,0.0,0.0,0.0,2.549973664556948,0.0,0.0,0.0,2.549973664556946,,,,,,,,,,,,,,,,,,
carma,23,21384,0,0.13305024670861035,0.0,0.13305024670861035,0.0,0.0,0.0,0.13305024670861038,0.0,0.0,0.0,,,,,,,,,,,,,,,,,,
carma,23,21384,1,0.5353607263888379,0.0,0.0,0.5353607263888379,0.0,0.0,0.0,0.535360726388838,0.0,0.0,,,,,,,,,,,,,,,,,,
carma,23,21384,2,1.7302475670545228,0.0,0.0,0.0,1.7302475670545228,0.0,0.0,0.0,1.7302475670545228,0.0,,,,,,,,,,,,,,,,,,
carma,23,21384,3,3.16916674390285,0.0,0.0,0.0,0.0,3.16916674390285,0.0,0.0,0.0,3.169166743902851,,,,,,,,,,,,,,,,,,
carma,24,21552,0,0.1447664389971765,0.0,0.1447664389971765,0.0,0.0,0.0,0.14476643899717653,0.0,0.0,0.0,,,,,,,,,,,,,,,,,,
carma,24,21552,1,0.7382425913260927,0.0,0.0,0.7382425913260927,0.0,0.0,0.0,0.7382425913260927,0.0,0.0,,,,,,,,,,,,,,,,,,
carma,24,21552,2,1.6755162466712195,0.0,0.0,0.0,1.6755162466712195,0.0,0.0,0.0,1.6755162466712192,0.0,,,,,,,,,,,,,,,,,,
carma,24,21552,3,3.8614956981641324,0.0,0.0,0.0,0.0,3.8614956981641324,0.0,0.0,0.0,3.8614956981641324,,,,,,,,,,,,,,,,,,
carma,25,21720,0,0.11947519123231914,0.0,0.11947519123231914,0.0,0.0,0.0,0.11947519123231916,0.0,0.0,0.0,,,,,,,,,,,,,,,,,,
carma,25,21720,1,0.5830396729937607,0.0,0.0,0.5830396729937607,0.0,0.0,0.0,0.5830396729937611,0.0,0.0,,,,,,,,,,,,,,,,,,
carma,25,21720,2,1.6338100882924311,2.5620753707848573e-05,0.0,0.0,1.6338100882924311,0.0,0.0,0.0,1.6338100882924318,0.0,,,,,,,,,,,,,,,,,,
carma,25,21720,3,3.6798582882619795,0.0005327725527785453,0.0,0.0,0.0,3.6798582882619795,0.0,0.0,0.0,3.6798582882619795,,,,,,,,,,,,,,,,,,
carma,26,21888,0,0.16368898534781334,0.0,0.16368898534781334,0.0,0.0,0.0,0.16368898534781334,0.0,0.0,0.0,,,,,,,,,,,,,,,,,,
carma,26,21888,1,0.34645532523105077,0.0,0.0,0.34645532523105077,0.0,0.0,0.0,0.3464553252310509,0.0,0.0,,,,,,,,,,,,,,,,,,
carma,26,21888,2,1.1227174801605735,0.00021380976077247144,0.0,0.0,1.1227174801605735,0.0,0.0,0.0,1.1227174801605735,0.0,,,,,,,,,,,,,,,,,,
carma,26,21888,3,2.6625883620225705,0.0,0.0,0.0,0.0,2.6625883620225705,0.0,0.0,0.0,2.662588362022568,,,,,,,,,,,,,,,,,,
carma,27,22056,0,0.255688009549413,0.0,0.255688009549413,0.0,0.0,0.0,0.2556880095494129,0.0,0.0,0.0,,,,,,,,,,,,,,,,,,
carma,27,22056,1,0.633399921152901,0.0,0.0,0.633399921152901,0.0,0.0,0.0,0.6333999211529013,0.0,0.0,,,,,,,,,,,,,,,,,,
carma,27,22056,2,1.8207604635884869,0.0,0.0,0.0,1.8207604635884869,0.0,0.0,0.0,1.8207604635884853,0.0,,,,,,,,,,,,,,,,,,
carma,27,22056,3,3.14108887522603,0.0,0.0,0.0,0.0,3.14108887522603,0.0,0.0,0.0,3.1410888752260293,,,,,,,,,,,,,,,,,,
carma,28,22224,0,0.3561310037172549,0.0,0.3561310037172549,0.0,0.0,0.0,0.3561310037172548,0.0,0.0,0.0,,,,,,,,,,,,,,,,,,
carma,28,22224,1,0.630844808140684,0.0008644638062578974,0.0,0.630844808140684,0.0,0.0,0.0,0.6308448081406842,0.0,0.0,,,,,,,,,,,,,,,,,,
carma,28,22224,2,1.7676538276254874,0.0,0.0,0.0,1.7676538276254874,0.0,0.0,0.0,1.7676538276254872,0.0,,,,,,,,,,,,,,,,,,
carma,28,22224,3,4.19725810358478,0.0,0.0,0.0,0.0,4.19725810358478,0.0,0.0,0.0,4.197258103584779,,,,,,,,,,,,,,,,,,
carma,29,22392,0,0.459745623495991,0.0,0.459745623495991,0.0,0.0,0.0,0.4597456234959908,0.0,0.0,0.0,,,,,,,,,,,,,,,,,,
carma,29,22392,1,0.7621629884582329,0.0,0.0,0.7621629884582329,0.0,0.0,0.0,0.7621629884582326,0.0,0.0,,,,,,,,,,,,,,,,,,
carma,29,22392,2,2.2545894967162425,0.0,0.0,0.0,2.2545894967162425,0.0,0.0,0.0,2.254589496716242,0.0,,,,,,,,,,,,,,,,,,
carma,29,22392,3,3.8753299216479324,0.0010070024771614684,0.0,0.0,0.0,3.8753299216479324,0.0,0.0,0.0,3.8753299216479333,,,,,,,,,,,,,,,,,,
carma,30,22560,0,0.30221825396250324,0.0,0.30221825396250324,0.0,0.0,0.0,0.30221825396250324,0.0,0.0,0.0,,,,,,,,,,,,,,,,,,
carma,30,22560,1,0.6196470512350223,0.0,0.0,0.6196470512350223,0.0,0.0,0.0,0.6196470512350222,0.0,0.0,,,,,,,,,,,,,,,,,,
carma,30,22560,2,1.9900420675306152,0.0,0.0,0.0,1.9900420675306152,0.0,0.0,0.0,1.9900420675306152,0.0,,,,,,,,,,,,,,,,,,
carma,30,22560,3,3.4099981231885463,0.0,0.0,0.0,0.0,3.4099981231885463,0.0,0.0,0.0,3.4099981231885454,,,,,,,,,,,,,,,,,,
carma,31,22728,0,0.06593067856936727,0.0,0.06593067856936727,0.0,0.0,0.0,0.06593067856936728,0.0,0.0,0.0,,,,,,,,,,,,,,,,,,
carma,31,22728,1,0.27187835704303265,0.0,0.0,0.27187835704303265,0.0,0.0,0.0,0.27187835704303254,0.0,0.0,,,,,,,,,,,,,,,,,,
carma,31,22728,2,0.7856371055468276,0.0001776709701970832,0.0,0.0,0.7856371055468276,0.0,0.0,0.0,0.7856371055468275,0.0,,,,,,,,,,,,,,,,,,
carma,31,22728,3,2.232559740818642,0.0,0.0,0.0,0.0,2.232559740818642,0.0,0.0,0.0,2.2325597408186417,,,,,,,,,,,,,,,,,,
carma,32,22896,0,0.10673552597419225,0.0,0.10673552597419225,0.0,0.0,0.0,0.10673552597419222,0.0,0.0,0.0,,,,,,,,,,,,,,,,,,
carma,32,22896,1,0.3759133598702594,0.0,0.0,0.3759133598702594,0.0,0.0,0.0,0.3759133598702596,0.0,0.0,,,,,,,,,,,,,,,,,,
carma,32,22896,2,0.9603840306292268,0.000745122684431798,0.0,0.0,0.9603840306292268,0.0,0.0,0.0,0.9603840306292266,0.0,,,,,,,,,,,,,,,,,,
carma,32,22896,3,3.3885216382289616,0.0,0.0,0.0,0.0,3.3885216382289616,0.0,0.0,0.0,3.3885216382289607,,,,,,,,,,,,,,,,,,
carma,33,23064,0,0.05018631349399486,0.0,0.05018631349399486,0.0,0.0,0.0,0.050186313493994834,0.0,0.0,0.0,,,,,,,,,,,,,,,,,,
carma,33,23064,1,0.2606329989484748,0.0,0.0,0.2606329989484748,0.0,0.0,0.0,0.2606329989484747,0.0,0.0,,,,,,,,,,,,,,,,,,
carma,33,23064,2,0.5424900025427317,0.0,0.0,0.0,0.5424900025427317,0.0,0.0,0.0,0.5424900025427317,0.0,,,,,,,,,,,,,,,,,,
carma,33,23064,3,2.3795866217243,0.0,0.0,0.0,0.0,2.3795866217243,0.0,0.0,0.0,2.3795866217243016,,,,,,,,,,,,,,,,,,
carma,34,23232,0,0.10079157327633823,0.0,0.10079157327633823,0.0,0.0,0.0,0.10079157327633817,0.0,0.0,0.0,,,,,,,,,,,,,,,,,,
carma,34,23232,1,0.30762500495810724,0.0,0.0,0.30762500495810724,0.0,0.0,0.0,0.3076250049581072,0.0,0.0,,,,,,,,,,,,,,,,,,
carma,34,23232,2,1.6993191926165367,0.014496774961102714,0.0,0.0,1.6993191926165367,0.0,0.0,0.0,1.6993191926165365,0.0,,,,,,,,,,,,,,,,,,
carma,34,23232,3,3.8493845038388326,0.0,0.0,0.0,0.0,3.8493845038388326,0.0,0.0,0.0,3.849384503838835,,,,,,,,,,,,,,,,,,
carma,35,23400,0,0.1702172770607005,0.0,0.1702172770607005,0.0,0.0,0.0,0.17021727706070047,0.0,0.0,0.0,,,,,,,,,,,,,,,,,,
carma,35,23400,1,0.5333836687955086,0.0,0.0,0.5333836687955086,0.0,0.0,0.0,0.5333836687955084,0.0,0.0,,,,,,,,,,,,,,,,,,
carma,35,23400,2,2.086389962852912,0.00042265219191345776,0.0,0.0,2.086389962852912,0.0,0.0,0.0,2.0863899628529126,0.0,,,,,,,,,,,,,,,,,,
carma,35,23400,3,4.19813875688659,0.0,0.0,0.0,0.0,4.19813875688659,0.0,0.0,0.0,4.198138756886591,,,,,,,,,,,,,,,,,,
carma,36,23568,0,0.018410752347365316,0.0,0.018410752347365316,0.0,0.0,0.0,0.018410752347365316,0.0,0.0,0.0,,,,,,,,,,,,,,,,,,
carma,36,23568,1,0.42812387074616404,0.0,0.0,0.42812387074616404,0.0,0.0,0.0,0.4281238707461639,0.0,0.0,,,,,,,,,,,,,,,,,,
carma,36,23568,2,1.4771681614046515,0.0005491868228716198,0.0,0.0,1.4771681614046515,0.0,0.0,0.0,1.477168161404652,0.0,,,,,,,,,,,,,,,,,,
carma,36,23568,3,2.8177701185419433,0.0,0.0,0.0,0.0,2.8177701185419433,0.0,0.0,0.0,2.8177701185419437,,,,,,,,,,,,,,,,,,
carma,37,23736,0,0.11550629731127383,0.0,0.11550629731127383,0.0,0.0,0.0,0.1155062973112738,0.0,0.0,0.0,,,,,,,,,,,,,,,,,,
carma,37,23736,1,0.798124920676029,0.0,0.0,0.798124920676029,0.0,0.0,0.0,0.7981249206760287,0.0,0.0,,,,,,,,,,,,,,,,,,
carma,37,23736,2,2.3584732827229815,0.0,0.0,0.0,2.3584732827229815,0.0,0.0,0.0,2.358473282722983,0.0,,,,,,,,,,,,,,,,,,
carma,37,23736,3,3.1763762821143127,0.002326985445294661,0.0,0.0,0.0,3.1763762821143127,0.0,0.0,0.0,3.1763762821143113,,,,,,,,,,,,,,,,,,
carma,38,23904,0,0.12351188728914832,0.0,0.12351188728914832,0.0,0.0,0.0,0.12351188728914829,0.0,0.0,0.0,,,,,,,,,,,,,,,,,,
carma,38,23904,1,0.5579699765750298,0.0,0.0,0.5579699765750298,0.0,0.0,0.0,0.5579699765750293,0.0,0.0,,,,,,,,,,,,,,,,,,
carma,38,23904,2,2.0831735064976176,0.0018020902315845585,0.0,0.0,2.0831735064976176,0.0,0.0,0.0,2.0831735064976185,0.0,,,,,,,,,,,,,,,,,,
carma,38,23904,3,3.320804688128234,0.0007555921470471549,0.0,0.0,0.0,3.320804688128234,0.0,0.0,0.0,3.3208046881282356,,,,,,,,,,,,,,,,,,
carma,39,24072,0,0.04227560288659332,0.0,0.04227560288659332,0.0,0.0,0.0,0.04227560288659334,0.0,0.0,0.0,,,,,,,,,,,,,,,,,,
carma,39,24072,1,0.372393379053989,0.0,0.0,0.372393379053989,0.0,0.0,0.0,0.37239337905398895,0.0,0.0,,,,,,,,,,,,,,,,,,
carma,39,24072,2,1.7421400745511184,0.0,0.0,0.0,1.7421400745511184,0.0,0.0,0.0,1.7421400745511186,0.0,,,,,,,,,,,,,,,,,,
carma,39,24072,3,3.0402030952895873,0.0,0.0,0.0,0.0,3.0402030952895873,0.0,0.0,0.0,3.0402030952895873,,,,,,,,,,,,,,,,,,
carma,40,24240,0,0.08541196919078121,0.0,0.08541196919078121,0.0,0.0,0.0,0.08541196919078121,0.0,0.0,0.0,,,,,,,,,,,,,,,,,,
carma,40,24240,1,0.566528489701186,0.0,0.0,0.566528489701186,0.0,0.0,0.0,0.5665284897011862,0.0,0.0,,,,,,,,,,,,,,,,,,
carma,40,24240,2,2.0465515618578096,0.0,0.0,0.0,2.0465515618578096,0.0,0.0,0.0,2.0465515618578096,0.0,,,,,,,,,,,,,,,,,,
carma,40,24240,3,4.014104950973237,0.004282430566224917,0.0,0.0,0.0,4.014104950973237,0.0,0.0,0.0,4.014104950973238,,,,,,,,,,,,,,,,,,
carma,41,24408,0,0.08834804944177597,0.0,0.08834804944177597,0.0,0.0,0.0,0.08834804944177603,0.0,0.0,0.0,,,,,,,,,,,,,,,,,,
carma,41,24408,1,0.7574669062246482,0.0,0.0,0.7574669062246482,0.0,0.0,0.0,0.7574669062246479,0.0,0.0,,,,,,,,,,,,,,,,,,
carma,41,24408,2,2.291889822105969,0.001331409806062906,0.0,0.0,2.291889822105969,0.0,0.0,0.0,2.2918898221059694,0.0,,,,,,,,,,,,,,,,,,
carma,41,24408,3,4.216431917844038,0.0,0.0,0.0,0.0,4.216431917844038,0.0,0.0,0.0,4.216431917844038,,,,,,,,,,,,,,,,,,
carma,42,24576,0,0.11208981550546436,0.0,0.11208981550546436,0.0,0.0,0.0,0.11208981550546433,0.0,0.0,0.0,,,,,,,,,,,,,,,,,,
carma,42,24576,1,0.63256623114888,0.0,0.0,0.63256623114888,0.0,0.0,0.0,0.63256623114888,0.0,0.0,,,,,,,,,,,,,,,,,,
carma,42,24576,2,2.09455597014307,0.008389017787293753,0.0,0.0,2.09455597014307,0.0,0.0,0.0,2.09455597014307,0.0,,,,,,,,,,,,,,,,,,
carma,42,24576,3,4.775854433041054,0.0,0.0,0.0,0.0,4.775854433041054,0.0,0.0,0.0,4.775854433041055,,,,,,,,,,,,,,,,,,
carma,43,24744,0,0.26189795167602986,0.0,0.26189795167602986,0.0,0.0,0.0,0.26189795167603,0.0,0.0,0.0,,,,,,,,,,,,,,,,,,
carma,43,24744,1,0.769346524928583,0.0,0.0,0.769346524928583,0.0,0.0,0.0,0.7693465249285836,0.0,0.0,,,,,,,,,,,,,,,,,,
carma,43,24744,2,3.7225013876284323,0.0,0.0,0.0,3.7225013876284323,0.0,0.0,0.0,3.7225013876284345,0.0,,,,,,,,,,,,,,,,,,
carma,43,24744,3,6.25087502627357,0.0,0.0,0.0,0.0,6.25087502627357,0.0,0.0,0.0,6.250875026273567,,,,,,,,,,,,,,,,,,
carma,44,24912,0,0.29094700645661364,0.0,0.29094700645661364,0.0,0.0,0.0,0.29094700645661364,0.0,0.0,0.0,,,,,,,,,,,,,,,,,,
carma,44,24912,1,0.861511303315441,0.0,0.0,0.861511303315441,0.0,0.0,0.0,0.8615113033154408,0.0,0.0,,,,,,,,,,,,,,,,,,
carma,44,24912,2,3.7022379423943175,0.037108228564070464,0.0,0.0,3.7022379423943175,0.0,0.0,0.0,3.702237942394318,0.0,,,,,,,,,,,,,,,,,,
carma,44,24912,3,7.027489379384204,0.0029614994947841492,0.0,0.0,0.0,7.027489379384204,0.0,0.0,0.0,7.0274893793842,,,,,,,,,,,,,,,,,,
carma,45,25080,0,0.1525056419146156,0.0,0.1525056419146156,0.0,0.0,0.0,0.15250564191461566,0.0,0.0,0.0,,,,,,,,,,,,,,,,,,
carma,45,25080,1,0.8262071401044513,0.0018164016401160347,0.0,0.8262071401044513,0.0,0.0,0.0,0.8262071401044514,0.0,0.0,,,,,,,,,,,,,,,,,,
carma,45,25080,2,2.4205209808986625,0.0034003208150682946,0.0,0.0,2.4205209808986625,0.0,0.0,0.0,2.420520980898662,0.0,,,,,,,,,,,,,,,,,,
carma,45,25080,3,5.592175909607809,0.0005158479148729692,0.0,0.0,0.0,5.592175909607809,0.0,0.0,0.0,5.5921759096078105,,,,,,,,,,,,,,,,,,
carma,46,25248,0,0.10791371444113748,0.0,0.10791371444113748,0.0,0.0,0.0,0.10791371444113751,0.0,0.0,0.0,,,,,,,,,,,,,,,,,,
carma,46,25248,1,0.5001304335138322,0.00030043629022681107,0.0,0.5001304335138322,0.0,0.0,0.0,0.5001304335138321,0.0,0.0,,,,,,,,,,,,,,,,,,
carma,46,25248,2,1.974751608035618,0.0060304149548093605,0.0,0.0,1.974751608035618,0.0,0.0,0.0,1.9747516080356171,0.0,,,,,,,,,,,,,,,,,,
carma,46,25248,3,4.694392280459358,0.0011398816827380429,0.0,0.0,0.0,4.694392280459358,0.0,0.0,0.0,4.694392280459358,,,,,,,,,,,,,,,,,,
carma,47,25416,0,0.1755579145809793,0.0,0.1755579145809793,0.0,0.0,0.0,0.17555791458097933,0.0,0.0,0.0,,,,,,,,,,,,,,,,,,
carma,47,25416,1,1.0016389886469892,0.0,0.0,1.0016389886469892,0.0,0.0,0.0,1.0016389886469892,0.0,0.0,,,,,,,,,,,,,,,,,,
carma,47,25416,2,2.372125450656678,0.006823775032247248,0.0,0.0,2.372125450656678,0.0,0.0,0.0,2.3721254506566756,0.0,,,,,,,,,,,,,,,,,,
carma,47,25416,3,5.225387392942679,0.0,0.0,0.0,0.0,5.225387392942679,0.0,0.0,0.0,5.225387392942679,,,,,,,,,,,,,,,,,,
carma,48,25584,0,0.10320196935678774,0.0,0.10320196935678774,0.0,0.0,0.0,0.10320196935678774,0.0,0.0,0.0,,,,,,,,,,,,,,,,,,
carma,48,25584,1,0.7291419240383626,0.0020909673438155156,0.0,0.7291419240383626,0.0,0.0,0.0,0.7291419240383626,0.0,0.0,,,,,,,,,,,,,,,,,,
carma,48,25584,2,1.9269580001754743,0.00037675550392961786,0.0,0.0,1.9269580001754743,0.0,0.0,0.0,1.9269580001754738,0.0,,,,,,,,,,,,,,,,,,
carma,48,25584,3,4.476256116014287,0.0003229463724229049,0.0,0.0,0.0,4.476256116014287,0.0,0.0,0.0,4.476256116014285,,,,,,,,,,,,,,,,,,
carma,49,25752,0,0.43195679837672596,0.0,0.43195679837672596,0.0,0.0,0.0,0.43195679837672596,0.0,0.0,0.0,,,,,,,,,,,,,,,,,,
carma,49,25752,1,1.4359967056499203,0.03395622979783573,0.0,1.4359967056499203,0.0,0.0,0.0,1.4359967056499203,0.0,0.0,,,,,,,,,,,,,,,,,,
carma,49,25752,2,3.304735400275662,0.014229079363148685,0.0,0.0,3.304735400275662,0.0,0.0,0.0,3.304735400275662,0.0,,,,,,,,,,,,,,,,,,
carma,49,25752,3,5.7091961703575125,0.0,0.0,0.0,0.0,5.7091961703575125,0.0,0.0,0.0,5.70919617035751,,,,,,,,,,,,,,,,,,
carma,50,25920,0,0.055336434713398455,0.0,0.055336434713398455,0.0,0.0,0.0,0.05533643471339845,0.0,0.0,0.0,,,,,,,,,,,,,,,,,,
carma,50,25920,1,0.21023398619420888,0.0,0.0,0.21023398619420888,0.0,0.0,0.0,0.210233986194209,0.0,0.0,,,,,,,,,,,,,,,,,,
carma,50,25920,2,0.8744336807899981,0.006227808533564448,0.0,0.0,0.8744336807899981,0.0,0.0,0.0,0.8744336807899984,0.0,,,,,,,,,,,,,,,,,,
carma,50,25920,3,2.433996844811596,0.0,0.0,0.0,0.0,2.433996844811596,0.0,0.0,0.0,2.433996844811596,,,,,,,,,,,,,,,,,,
carma,51,26088,0,0.1071445617700892,0.0,0.1071445617700892,0.0,0.0,0.0,0.10714456177008923,0.0,0.0,0.0,,,,,,,,,,,,,,,,,,
carma,51,26088,1,0.5096307013154483,0.0,0.0,0.5096307013154483,0.0,0.0,0.0,0.5096307013154482,0.0,0.0,,,,,,,,,,,,,,,,,,
carma,51,26088,2,1.6934740750822215,0.0010270264678856904,0.0,0.0,1.6934740750822215,0.0,0.0,0.0,1.6934740750822213,0.0,,,,,,,,,,,,,,,,,,
carma,51,26088,3,4.666655807462212,0.0019504725191388632,0.0,0.0,0.0,4.666655807462212,0.0,0.0,0.0,4.666655807462214,,,,,,,,,,,,,,,,,,
lp,0,17520,0123,4.83166841818049,,0.1959230026472312,0.9978024667018296,1.0971590756301843,2.540783873201255,1.112477429363293,2.0140727241040848,0.10830224824053278,1.596816016472589,4.8316684181805,0.0,-1.1435584701228034,0.6036411802325803,1.940260221083833,3.43132548698689,-1.1459965963528753,0.6016040892259509,1.9394674656790671,3.430592952247789,-1.142744959391244,0.6041827644867215,1.9420057536351467,3.4339653221023214,13114.536984736784,29156.699051102096,37067.49783348024,65991.36389707768
lp,1,17688,0123,9.303233320568017,,0.5812842290505503,2.114503627772788,2.1581950618056562,4.449250401938999,2.263708792644171,3.935898640176396,0.3236263049865173,2.779999582760909,9.303233320567996,0.0,-1.2642032489032473,1.3353687567811061,3.4261819289932007,5.805885883696935,,,,,,,,,14597.867032310922,32410.657559259198,36611.718596365055,65021.45801182537
lp,2,17856,0123,6.230321285263636,,0.24868556871521058,1.1065876106474863,1.5785799761616468,3.29646812973928,1.1265722166893073,2.4567204678345274,0.7464051851399182,1.9006234155998716,6.230321285263623,0.0,-1.5159539957667134,0.062093103763827824,2.675628767088788,5.008553410177723,,,,,,,,,14269.941751132043,31438.017046215486,37695.59250125816,65904.51893507827
lp,3,18024,0123,2.3970543759575405,,0.12073883689592814,0.39358706047467323,0.6813263766577765,1.2014021019291607,0.45227499201257554,0.9870922596993111,0.4076456419308178,0.5500414823148345,2.3970543759575387,0.0,-0.7822935146513116,-0.24587916185113542,1.1829909737545876,2.2422360787053983,,,,,,,,,14906.641268970801,29770.701161113953,39098.331872500916,69789.03043794769
lp,4,18192,0123,1.983072116502174,,0.07215121332721583,0.4177217075670549,0.6002943323258529,0.8929048632820398,0.42825454862680923,0.9016833139840063,0.3943187523673007,0.25881550152404736,1.9830721165021636,0.0,-0.6722802743865737,0.010755619123161189,0.8300911084108825,1.8145056633546932,,,,,,,,,12081.253344416342,30935.141241374808,37130.9605590124,69504.61413025045
lp,5,18360,0123,2.8207298444064444,,0.16077166625647732,0.5984413160783346,0.7353346911720196,1.326182170899612,0.7050803972745189,1.4656293435137542,0.2080352552678645,0.4419848483503055,2.820729844406443,0.0,-0.8083743858938213,-0.017517986164157045,1.2620847682585556,2.384537448205866,,,,,,,,,13900.35538004321,26030.904409494364,32728.564974358964,62764.84997001141
lp,6,18528,0123,3.269030075672907,,0.14189270976546425,0.6389539284069864,0.8730977942055913,1.6150856432948488,0.5925394356617499,1.3560788507391688,0.33228514584751917,0.9881266434244529,3.26903007567289,0.0,-1.1216705250763244,-0.14975329611739424,1.8289912093592278,2.7114626875073817,-1.125727149344801,-0.15264372950646468,1.826781410238064,2.7070858911238678,-1.1186601256854083,-0.1475401460780389,1.8306774822599126,2.7182845994981464,14390.087219414068,31667.89518174542,40887.80930479853,65573.6590781149
lp,7,18696,0123,3.4053838704910184,,0.17773528556552257,0.643650377882865,0.9555485443554038,1.6284496626872271,0.7060310373382943,1.3906064070516648,0.5268382096312435,0.7819082164698159,3.4053838704910184,0.0,-1.1078885661035638,-0.26568512111720444,1.6131329432865484,3.165824614425239,,,,,,,,,14979.883749405299,33708.90349543862,39307.662543230654,68046.00838093288
lp,8,18864,0123,4.668440847278718,,0.15956432855972782,1.0348815738003305,1.175262610641029,2.298732334277637,0.7213164311668292,2.072408247602313,0.7148111372751365,1.1599050312344454,4.668440847278726,0.0,-1.6126490826107165,0.10413282458662101,1.9877295211317805,4.189227584171039,,,,,,,,,17248.926244694117,35286.595516897476,35008.55134628074,69766.55757102041
lp,9,19032,0123,3.816883534219156,,0.1050014791966837,0.6434547489330691,1.0764216697189364,1.9920056363704615,0.5318080447318047,1.7171456700856016,0.7259114645937749,0.8420183548079693,3.8168835342191505,0.0,-1.6978330003733495,-0.6201258168836452,2.0129095069612712,4.121932844514873,,,,,,,,,13833.599215830765,27476.18472521334,36973.967482118256,69158.87710466995
lp,10,19200,0123,2.4314953282797664,,0.07517232770467454,0.46985828418361747,0.6036600311476881,1.2828046852437849,0.40786864574118326,1.237453842136473,0.18174811849568934,0.6044247219064195,2.4314953282797647,0.0,-1.1582388599315643,-0.3510982955483366,1.4423695094504319,2.4984629743092346,,,,,,,,,13388.868407652531,26950.704494150632,37043.813345033486,62980.61916804036
lp,11,19368,0123,2.9078579764653805,,0.0784475635277328,0.6750235242784488,0.7864946730084126,1.3678922156507853,0.4253320377198807,1.436767028516443,0.32391913723063004,0.7218397729984257,2.907857976465379,0.0,-1.2705534760882389,-0.08623170485574985,1.6285567896567092,2.636086367752659,,,,,,,,,13316.458837540764,29367.397239506114,41153.92376554417,61478.90966967894
lp,12,19536,0123,2.0395705541563145,,0.08441785865009921,0.40384554669670913,0.5664454977920449,0.9848616510174641,0.43629091034617895,0.9733060493212908,0.16436648440036472,0.46560711008848316,2.039570554156317,0.0,-0.8468359151020983,-0.18380114030621666,1.221476006234822,1.84873160332981,-0.8477763024470238,-0.18439579074204526,1.2200817002486715,1.8465653391392203,-0.8451365057441754,-0.18194642207380102,1.2220502948165994,1.849631047046986,13805.043765119415,27434.827982382223,36279.581444252675,60554.911955940515
lp,13,19704,0123,1.7003016019575545,,0.07833319668305479,0.40657739238721535,0.3760715720970965,0.8393194407901834,0.3645229371392128,0.8612899487714285,0.09434862796285248,0.3801400880840565,1.7003016019575503,0.0,-0.5954233682382251,0.026682138129418716,0.8440729677101088,1.4249698643562476,,,,,,,,,13248.99086914503,27984.52270263167,34494.182242320945,68921.63699792922
lp,14,19872,0123,0.8326740814914174,,0.046470016166466406,0.12670651405223782,0.3036048940486214,0.3558926572240937,0.19945869587384665,0.3317270683593929,0.2023842805418727,0.09910403671630695,0.8326740814914193,0.0,-0.29465988681752364,-0.18956025607482258,0.4589593102387313,0.8579349141450341,,,,,,,,,14532.146821679586,30104.911652108214,40328.67721296978,67295.74850901851
lp,15,20040,0123,2.0030090024909484,,0.09768131772596697,0.319874278640653,0.506998697613836,1.07845470851049,0.41340174978308886,0.9104754953659369,0.21853332865751354,0.46059842868440676,2.003009002490946,0.0,-0.6440253354639214,-0.17675548510556238,0.8731621505261112,1.9506276725343186,,,,,,,,,15861.11882723576,26324.86441873941,35327.440343277776,70090.40517593634
lp,16,20208,0123,3.915415020049882,,0.12163424774172583,0.7514053795158935,0.909336396063278,2.133038996728981,0.6490495919032141,1.480768736939619,0.465489736162645,1.3201069550444005,3.9154150200498785,0.0,-1.5275111210447256,-0.19545433176404237,1.8395179117139937,3.7988625611446523,,,,,,,,,13527.362504736146,33277.42958932638,36245.09667451099,65576.41292050597
lp,17,20376,0123,2.5879143023138678,,0.11796089151006614,0.5305460704032727,0.7383680695487934,1.2010392708517363,0.6738253798060422,1.2200770649301629,0.4502680994772627,0.24374375810040086,2.587914302313868,0.0,-0.9333351296072537,-0.24364204151152774,1.1500745747722005,2.61481689866045,,,,,,,,,13364.923778932985,28723.175704741683,33830.265474770975,68850.0833750001
lp,18,20544,0123,4.643099319944776,,0.21981602776521605,0.9416673764389493,1.3669129775170208,2.1147029382235742,0.8404902341629417,2.14452481218018,0.9039038291059178,0.7541804444957209,4.643099319944761,0.0,-1.1893042185409306,0.004101359710474033,1.9397230677292188,3.8885791110459986,-1.191633658352668,0.0013461223923523146,1.9383770569985677,3.884897629797673,-1.187149590559705,0.006970291231475842,1.9412086956480685,3.892207663125836,16290.324828878838,27324.996822470654,36757.44688441702,66030.73613530473
lp,19,20712,0123,4.859828953177368,,0.17436121893672285,0.9491955961349171,1.3716472139755782,2.364624924130153,0.9387501825690718,2.180842997551327,0.832145415083299,0.9080903579736727,4.85982895317737,0.0,-1.4006438031262256,0.0939089511592188,2.042883297825381,4.123680507318998,,,,,,,,,11845.411272278241,28734.564004424392,37793.88246386813,73025.46831349234
lp,20,20880,0123,4.2636658148422315,,0.22135267593629104,0.8054279064143235,1.1055573488885013,2.1313278836031118,0.9090016635954525,2.0807275579571396,0.357846094159598,0.9160904991300369,4.263665814842228,0.0,-0.8928650103649162,0.2795513582044712,1.8019494735126214,3.0750299934900513,,,,,,,,,14387.766754915545,25189.866086246737,38613.37088948968,69591.69940486731
lp,21,21048,0123,2.0670622373892558,,0.12040206012773809,0.4114288636104488,0.5773353995233154,0.9578959141277602,0.4921274424845361,0.979915804721728,0.25196269759621703,0.3430562925867815,2.0670622373892624,0.0,-0.4927435371751713,0.14670741399594037,0.8570495381507313,1.5560488224177627,,,,,,,,,15552.275967807984,25085.600329098834,36042.97905100031,63529.97947939734
lp,22,21216,0123,1.3175413253180583,,0.05088558436007166,0.34471226175858977,0.3704904910305228,0.5514529881688713,0.305688297964762,0.6788355185793684,0.28565394815821216,0.04736356061571318,1.3175413253180557,0.0,-0.4556124001665984,0.122621525449779,0.49475391705548416,1.155778282979391,,,,,,,,,12349.015123448651,32472.731758051123,32386.83558425152,66318.14907818803
lp,23,21384,0123,2.6567760307268458,,0.1438330645456799,0.5284734021242177,0.8605808835545575,1.1238886805023953,0.6534613934975567,1.115078788583911,0.5501715368734732,0.33806431177190954,2.6567760307268506,0.0,-0.7494156572947619,-0.061589710076875984,1.2151728115703229,2.252608586528166,,,,,,,,,15628.457955765773,32265.60825685604,38797.90487580771,63408.008669707284
lp,24,21552,0123,3.281249888211901,,0.1617959160038574,0.8418784574152712,0.8517519942175382,1.4258235205752372,0.6765642856851102,1.5265296050872672,0.4598438205887693,0.6183121768507573,3.281249888211904,0.0,-0.9014166518777681,0.3153298560583177,1.320791712774597,2.546544971256757,-0.9029152267313354,0.3141989010653383,1.320157112649003,2.5446196323276684,-0.9002059943773326,0.31658575163953745,1.3214583766395376,2.548278140602803,14753.063319227665,32857.11347275045,33994.82053755867,63418.68016925162
lp,25,21720,0123,2.948281893432935,,0.129271856997312,0.6288843486631502,1.0056663062562055,1.184459381516262,0.5718177152299938,1.3577311962974556,0.7165087151749022,0.30222426673057795,2.94828189343293,0.0,-0.8105846794783771,0.04993893283147551,1.3673921936702063,2.3415354464096247,,,,,,,,,15033.19134941885,30582.20318938075,38742.63722174526,63210.082852579784
lp,26,21888,0123,2.063094756349585,,0.1641613940123017,0.378094781032296,0.5945900804159632,0.92624850088903,0.627206084204406,0.8796502623469558,0.31839609793603507,0.23784231186219404,2.0630947563495905,0.0,-0.29693247902942327,-0.08173129808519931,0.8120802221391475,1.6296783113250657,,,,,,,,,15045.069759380549,33572.944354970656,36395.37209085144,65071.483142194396
lp,27,22056,0123,3.464610636926565,,0.2333418200913732,0.7001566927924543,0.8765432517060633,1.6545688723366787,0.9180613008575506,1.6502541574159002,0.2620604826806393,0.6342346959724793,3.46461063692657,0.0,-0.5361421335554809,0.1676261560549466,1.3885335064743043,2.4445931079528,,,,,,,,,14761.612083799733,28857.37201709533,33962.01012191035,63589.35112703043
lp,28,22224,0123,4.055464958176171,,0.355158477448747,0.718694407211161,1.1111773420950182,1.870434731421243,0.9308560733990252,1.722390222578215,0.7153958792768254,0.686822782922104,4.055464958176169,0.0,-0.4297657698264596,-0.04267910000029206,1.4537309488910861,3.0741788791118343,,,,,,,,,16913.018019189592,28664.266643147686,34127.003365177225,66870.18576289267
lp,29,22392,0123,4.737893244039147,,0.4108156688150699,0.8261317313919637,1.2984453073626403,2.202500536469471,1.0650635296271969,1.8918044864595993,0.6266919697696081,1.1543332581827406,4.737893244039144,0.0,-0.23022338073625986,0.014212996971790445,1.803687404487393,3.150216223316221,,,,,,,,,15479.728371771485,29685.541145871724,36587.18354607985,69222.10029533357
lp,30,22560,0123,3.8434248269778037,,0.31867252909491023,0.684478356841679,0.9850312376636657,1.855242703377546,0.9752033308980078,1.74908339989301,0.23467132055937026,0.8844667756274126,3.843424826977801,0.0,-0.3092727418932365,0.13656358607705044,1.4137688544607352,2.602365128333252,-0.3098466576811591,0.13594130785136557,1.4129311261947262,2.601046836070043,-0.30842247694273683,0.13768921855981286,1.4140974733759115,2.6033039339928106,15976.834682206698,27361.777632225294,36565.13378292286,64911.30178386209
lp,31,22728,0123,1.3239627611600526,,0.07079842200748306,0.2740057443041505,0.40226053969701847,0.5768980551514074,0.357214101140587,0.6044997504808521,0.2964376550381858,0.06581125450043433,1.3239627611600593,0.0,-0.3002287506194455,0.10098474202583434,0.4972547640533379,1.0259520057003324,,,,,,,,,14178.464061358227,29516.025060467608,38098.64365074654,62240.842121579204
lp,32,22896,0123,2.106815626130016,,0.10072955983739859,0.39458134581477117,0.6295957545681246,0.9819089659097164,0.49069378765846733,0.9225019138598868,0.501415499630644,0.19220442498101245,2.1068156261300106,0.0,-0.528040665349251,0.02606628304799844,0.7531483847803399,1.8556416236509232,,,,,,,,,12862.57418025706,28832.80703250719,36671.013857052276,68263.62496968321
lp,33,23064,0123,1.1623632448575438,,0.048972648845920355,0.24502205396311277,0.3512728650592017,0.5170956769893137,0.22143008056148922,0.5347130716590901,0.358340250709747,0.04787984192722229,1.1623632448575487,0.0,-0.3367681354995571,0.0803395448945724,0.4037801532406439,1.0150116822218893,,,,,,,,,14514.891181115716,29147.307044054014,39878.0736680149,69514.66513319936
lp,34,23232,0123,2.1436642090170626,,0.10914429040285803,0.3528277382423458,0.6921974200477782,0.989494760324078,0.478689613687647,0.9459881178309696,0.3943348923686703,0.3246515851297734,2.1436642090170603,0.0,-0.7098720876361034,-0.3340707081250225,1.2027543515976538,1.9848526531805333,,,,,,,,,14753.02172323661,26596.714568859115,38848.14954879925,64287.12942392263
lp,35,23400,0123,3.1926662888978763,,0.18942884626981285,0.5717660242433772,1.0250831383740593,1.4063882800106224,0.6283093245121735,1.31378522778423,0.7558732197153647,0.4946985168861034,3.1926662888978714,0.0,-1.1506466504999375,-0.4337358210600696,1.6359599170773305,3.1410888433805484,,,,,,,,,16007.720142296894,29587.26943899234,36379.106263158435,63315.14139274085
lp,36,23568,0123,1.6761104231801134,,0.01843978589387161,0.4774467924584964,0.5048990417650276,0.6753248030627188,0.1688399986183362,0.9221179482774524,0.2981079861955491,0.2870444900887768,1.6761104231801145,0.0,-1.016966110194347,0.06619607196219021,0.9617244641420887,1.6651559972701822,-1.0178968642746957,0.06551898675808858,0.9611543747925408,1.6638655391009467,-1.0160903071792968,0.0670387957513393,0.9627178573253934,1.6660318283626092,13226.494824622763,29519.116175929947,38761.21737950631,60208.276823168024
lp,37,23736,0123,3.3017455668669022,,0.12518240791459617,0.750903750656566,0.6849822547429238,1.7406771535528196,0.5178695052997501,1.4346976865601533,0.2027577901900684,1.1464205848169335,3.3017455668669053,-1.4210854715202004e-14,-1.0035660952863747,0.4732133750916139,1.4268595366358066,2.4052387504258594,,,,,,,,,12980.421346173822,29963.968912091237,34710.195871261734,63300.2744433678
lp,38,23904,0123,3.0260332262307075,,0.14014455905209366,0.5806933687332352,0.8041116638525888,1.501083634592774,0.5031990781721242,1.3995690381965207,0.4278285520590157,0.6954365578030313,3.0260332262306915,0.0,-0.9562344663207776,-0.006323167426140048,1.3778170249492927,2.6107738350283167,,,,,,,,,17280.166483182646,29389.288270029585,39915.23286548164,69057.833839025
lp,39,24072,0123,2.097437999910153,,0.065625301659236,0.37859618846368465,0.5323061025613893,1.1209104072258385,0.2753671939831277,1.0732980266122334,0.15724489166328387,0.5915278876515038,2.0974379999101487,0.0,-0.915787713672812,-0.07343681873159798,1.0954265591995869,1.9912359731149718,,,,,,,,,13180.581545083634,25825.396506794328,38620.65714169311,66257.5371596658
lp,40,24240,0123,2.9304679769363657,,0.08758634666818933,0.6133446570577112,0.7676414699628386,1.4618955032476275,0.49312735954581804,1.647197807550778,0.3285678747259495,0.4615749351138211,2.930467976936367,0.0,-1.2015579392713076,-0.038235945879749024,1.3654568710768895,2.804804991010532,,,,,,,,,14306.34156352679,28129.778146011435,34334.073026907536,67320.78641226036
lp,41,24408,0123,3.22464233554663,,0.10317858675925955,0.756266106079863,0.8836861307982588,1.4815115119092617,0.5344808520201245,1.5431700955784884,0.48027154002222755,0.6667198479258023,3.2246423355466427,0.0,-1.2528819488362894,0.15897589824089664,1.5183890543943042,2.800159331747732,,,,,,,,,13944.273955645795,29800.33529104887,35733.26938283024,64759.998232680984
lp,42,24576,0123,3.2353980224169683,,0.13097953768186998,0.6690207239577248,0.8700401120410837,1.5653576487362846,0.5288256021199937,1.4131624472049524,0.4832842896455444,0.8101256834464726,3.2353980224169634,0.0,-1.1659715270588615,-0.09705677032656315,1.5056064960562785,2.99281982374611,-1.1677987400464018,-0.0991537136211555,1.5050749455428236,2.9902519347270986,-1.1642095679866256,-0.09578722517792522,1.5065447024088763,2.995863780218456,14395.3785318224,30317.154187780456,37360.6293022726,66004.25855914554
lp,43,24744,0123,5.887081120201297,,0.3377324302336718,0.9229171754680937,1.7120566944140483,2.914374820085491,1.5662507453556473,2.117956491439733,0.8432295074554343,1.3596443759504901,5.887081120201304,0.0,-1.455909194345191,-0.8321256874530563,2.9082021869901875,5.266913815009365,,,,,,,,,13246.522048754327,31001.094894185233,41356.06581066488,69241.93160884523
lp,44,24912,0123,6.08154589520303,,0.34468633126516635,1.0126956378569456,1.9362914519318375,2.787872474149095,1.3929484766782994,2.259391849627406,1.370525823965123,1.0586797449322165,6.081545895203044,0.0,-1.8446969300558624,-0.8525466650970108,3.067589646207768,5.711199844148149,,,,,,,,,14182.549179422662,31081.4118890989,39476.129456314935,63729.884402208416
lp,45,25080,0123,4.06838984652096,,0.1746256164173298,0.8858827591304163,1.2436444470747752,1.7642370238984426,0.7873683054000058,1.8259385781282502,0.9359151656192578,0.5191677973734498,4.068389846520964,0.0,-1.579788371222563,-0.1777672723365347,1.8915596808239354,3.934385809256127,,,,,,,,,13683.796300467566,30527.874507504686,33071.059201471944,60952.75054538742
lp,46,25248,0123,3.1364981081366397,,0.1203764589577948,0.5273348289989601,0.9115534515316723,1.5772333686481994,0.5124551387789592,1.4057182844661744,0.6371989505553096,0.5811257343361836,3.1364981081366268,0.0,-1.1993687131013828,-0.5116434256551384,1.5665579811882024,3.2809522657049452,,,,,,,,,15680.014067748967,27971.628355901878,35706.99244669893,66030.56164380301
lp,47,25416,0123,4.273132098750067,,0.18374108482191706,0.9958339940096852,1.0539941167385862,2.0395629031798608,0.770560770440239,2.2466171533848187,0.45146562908644,0.8044885458385512,4.2731320987500485,0.0,-1.2084005377731535,0.4655637534830035,1.7394795793808904,3.2764893036593086,,,,,,,,,13485.872080147019,29147.03532257263,33744.89623044364,63846.264977282335
lp,48,25584,0123,3.3174249911292653,,0.1246556654046455,0.8009911284096753,0.9637733721301833,1.4280048251847568,0.6084690001000108,1.7601332136314152,0.6056909295495112,0.3431318478483236,3.317424991129261,0.0,-1.238487428025024,0.1633892952817229,1.4542158146740665,2.9383073091984953,-1.2406565478234841,0.16173922398230264,1.4536162759900915,2.935493911667428,-1.2366756857903503,0.16478338442408638,1.4546444599254682,2.941808116868803,12032.217796174462,30109.030084231184,36569.670242444976,65279.58704922657
lp,49,25752,0123,7.149381864819034,,0.46150767963065104,1.505867577827517,1.6046671752872232,3.577339432073608,1.6422154060179877,2.917281705664416,0.3031440286235708,2.2867407245130242,7.1493818648189995,-1.4210854715202004e-14,-0.9293531634369372,0.5363203960995888,2.7135940673469516,4.828820564809395,,,,,,,,,16188.961434021498,34397.65212203965,36848.82481887282,64464.84139110838
lp,50,25920,0123,1.221737938869577,,0.05991501218188314,0.21857224893199764,0.4088796334344801,0.5343710443212125,0.24591546785412893,0.5407535064774965,0.32056243416676344,0.11450653037118437,1.2217379388695735,-1.4210854715202004e-14,-0.4976408119538389,-0.25166870223351706,0.6406750711890762,1.3303723818678532,,,,,,,,,16753.352063024577,30290.90684985778,38402.91481711701,61851.46768402625
lp,51,26088,0123,2.862688394638278,,0.11393730832927901,0.5126235841616075,1.0572354506723611,1.1788920514750232,0.4936403422233872,1.2535185190620124,0.9534965606629339,0.1620329726899371,2.8626883946382704,0.0,-1.1137187239205981,-0.39423076064589785,1.354296958665145,3.016340920539622,,,,,,,,,13373.254049574,30998.824614889403,35576.87267902273,65585.05939878576
lp,0,17520,012,1.7404144811525397,,0.18786254683252454,0.7382707316117811,0.8142812027082333,0.0,0.9165475109823491,0.82386697017019,0.0,0.0,1.740414481152539,0.0,-0.5011930978341319,0.8296314316081621,1.4119761473785084,0.0,,,,,,,,,13114.536984736784,29156.699051102096,37067.49783348024,65991.36389707768
lp,0,17520,013,2.990410713069755,,0.19791982937455646,0.9230775958222337,0.0,1.8694132878729606,1.0246961879164709,1.5423189624050018,0.0,0.42339556274827767,2.99041071306975,0.0,-0.9411442761888881,0.7416994903261336,0.0,3.189855498932506,,,,,,,,,13114.536984736784,29156.699051102096,37067.49783348024,65991.36389707768
lp,0,17520,023,4.404474601370361,,0.19620716290592233,0.0,1.0891830495391972,3.1190843889252378,1.1355490740436258,0.0,0.35120125731149326,2.917724270015238,4.404474601370357,0.0,-1.441158607525024,0.0,2.144945684649979,3.700687524245402,,,,,,,,,13114.536984736784,29156.699051102096,37067.49783348024,65991.36389707768
lp,0,17520,123,6.161521070065441,,0.0,1.0560528536348721,1.7046070548061685,3.400861161624401,0.0,2.586421809036766,0.3463360271925513,3.228763233836123,6.161521070065441,0.0,0.0,0.32214908124514297,2.150298885495751,3.6890731033245476,,,,,,,,,13114.536984736784,29156.699051102096,37067.49783348024,65991.36389707768
lp,1,17688,012,4.144129208880897,,0.5656873218740687,1.8626214911038657,1.7158203959029583,0.0,2.1056531346446405,2.0369001154407744,0.0015759587954779254,0.0,4.1441292088808925,0.0,-0.29102372429859497,1.8982097815202539,2.5369431516592336,0.0,,,,,,,,,14597.867032310922,32410.657559259198,36611.718596365055,65021.45801182537
lp,1,17688,013,6.138301505937135,,0.5755207380620599,2.041362798882908,0.0,3.5214179689921616,2.2075567783367367,3.2547578562953148,0.0,0.6759868713050776,6.138301505937129,0.0,-0.7536131352845542,1.739004107545888,0.0,5.152910533675795,,,,,,,,,14597.867032310922,32410.657559259198,36611.718596365055,65021.45801182537
lp,1,17688,023,8.414062698673998,,0.5816956491553199,0.0,2.5354583251611964,5.296908724357462,2.267793522330698,0.0,1.2436097974918776,4.9026593788514035,8.414062698673979,0.0,-2.0078309512388444,0.0,3.852387693328506,6.569505956584318,,,,,,,,,14597.867032310922,32410.657559259198,36611.718596365055,65021.45801182537
lp,1,17688,123,11.056285794854734,,0.0,2.1553468373704114,3.0980588193631937,5.802880138121091,0.0,4.330768462132668,1.1925163267788175,5.533001005943209,11.056285794854695,0.0,0.0,0.5553138383605806,3.9352967194081083,6.565675237086006,,,,,,,,,14597.867032310922,32410.657559259198,36611.718596365055,65021.45801182537
lp,2,17856,012,2.0973957932265694,,0.24050382286100921,0.8968045219139497,0.9600874484516103,0.0,1.0101392314873021,1.074153412425811,0.013103149313456124,0.0,2.097395793226569,0.0,-0.36144451102721664,0.9067551635949953,1.5520851406587903,0.0,,,,,,,,,14269.941751132043,31438.017046215486,37695.59250125816,65904.51893507827
lp,2,17856,013,3.7324055998020613,,0.24834813030272013,1.1128416519295765,0.0,2.3712158175697775,1.0641810361803614,2.260570818584872,0.0,0.40765374503684076,3.732405599802074,0.0,-1.1852782382411007,0.37633982701533497,0.0,4.541344011027839,,,,,,,,,14269.941751132043,31438.017046215486,37695.59250125816,65904.51893507827
lp,2,17856,023,6.493255630069488,,0.23917694693899186,0.0,1.9701867280488417,4.283891955081641,1.1466972965532425,0.0,1.675576125016376,3.670982208499856,6.4932556300694735,0.0,-2.1666270349554027,0.0,2.9530378928561896,5.706844772168687,,,,,,,,,14269.941751132043,31438.017046215486,37695.59250125816,65904.51893507827
lp,2,17856,123,8.099604023909944,,0.0,1.0895961594656338,2.42859077427458,4.581417090169722,0.0,2.69840889075802,1.7181396948996945,3.683055438252221,8.099604023909937,0.0,0.0,-0.5896841726992745,2.9764935248705084,5.712794671738702,,,,,,,,,14269.941751132043,31438.017046215486,37695.59250125816,65904.51893507827
lp,3,18024,012,0.7609341607141406,,0.11467335213263516,0.3118552953690771,0.3344055132124267,0.0,0.37774892172635505,0.38232232917152925,0.0008629098162546689,0.0,0.760934160714139,7.105427357601002e-14,-0.1167943444316072,0.2974572941099249,0.5802712110358214,0.0,,,,,,,,,14906.641268970801,29770.701161113953,39098.331872500916,69789.03043794769
lp,3,18024,013,1.3349866196139697,,0.11734790603187713,0.3881328828601296,0.0,0.8295058307219623,0.4289152019596667,0.7693372855150227,0.0,0.1367341321392794,1.334986619613969,0.0,-0.4411536252098494,0.06590497108307353,0.0,1.710235273740745,,,,,,,,,14906.641268970801,29770.701161113953,39098.331872500916,69789.03043794769
lp,3,18024,023,2.844647316542891,,0.12073710732797482,0.0,0.9204047142305076,1.8035054949844054,0.4678243158219817,0.0,0.9151223434198437,1.4617006573010625,2.844647316542888,0.0,-1.0980786456480032,0.0,1.322689362279281,2.6200365999116095,,,,,,,,,14906.641268970801,29770.701161113953,39098.331872500916,69789.03043794769
lp,3,18024,123,3.341769066929796,,0.0,0.3771217241181015,1.0325967456524259,1.9320505971592619,0.0,1.076005890569822,0.9227702042114576,1.3429929721485097,3.3417690669297895,0.0,0.0,-0.574937858713829,1.3052277699340118,2.611479155709607,,,,,,,,,14906.641268970801,29770.701161113953,39098.331872500916,69789.03043794769
lp,4,18192,012,0.7017796582726563,,0.07367096335291455,0.31816532372950607,0.30994337119023657,0.0,0.37274094906167793,0.3155250996931724,0.01351360951780681,0.0,0.7017796582726571,0.0,-0.19416973198224727,0.35217619809590683,0.5437731921589974,0.0,,,,,,,,,12081.253344416342,30935.141241374808,37130.9605590124,69504.61413025045
lp,4,18192,013,1.2415959070238993,,0.07429102626403404,0.404197269188392,0.0,0.7631076115714781,0.41108434158899565,0.7266571710295684,0.0,0.10385439440534,1.2415959070239044,0.0,-0.5725841167269821,0.11940248169806215,0.0,1.6947775420528244,,,,,,,,,12081.253344416342,30935.141241374808,37130.9605590124,69504.61413025045
lp,4,18192,023,2.1765727492438014,,0.07385370268335789,0.0,0.7879699530818163,1.314749093478629,0.43059908409594955,0.0,0.9676216792958361,0.7783519858520173,2.176572749243803,0.0,-1.141605173484025,0.0,0.7819145045894343,2.536263418138394,,,,,,,,,12081.253344416342,30935.141241374808,37130.9605590124,69504.61413025045
lp,4,18192,123,2.877975097722161,,0.0,0.42236758593975976,0.913448812030682,1.5421586997517278,0.0,1.0673323396525891,0.9377261423444063,0.8729166157251739,2.877975097722169,0.0,0.0,-0.45076806379138257,0.7695317588336154,2.5592114026799355,,,,,,,,,12081.253344416342,30935.141241374808,37130.9605590124,69504.61413025045
lp,5,18360,012,1.0894252995543234,,0.14938930133711442,0.44633944430312295,0.49369655391408634,0.0,0.586586728103417,0.5028385714509065,0.0,0.0,1.0894252995543234,0.0,-0.16962655423642406,0.5212005135825558,0.737851340208192,0.0,,,,,,,,,13900.35538004321,26030.904409494364,32728.564974358964,62764.84997001141
lp,5,18360,013,1.7262860153356125,,0.1546483312790946,0.5374787152749223,0.0,1.0341589687815937,0.6227110143174074,1.0413689484411792,0.0,0.06220605257702409,1.7262860153356105,0.0,-0.46762223627177957,0.2976026817418394,0.0,1.896305569865551,,,,,,,,,13900.35538004321,26030.904409494364,32728.564974358964,62764.84997001141
lp,5,18360,023,3.162584936213926,,0.15306836037865967,0.0,0.8411577652046905,2.168358810630581,0.7206764104339599,0.0,0.6431005521894048,1.798807973590566,3.162584936213931,0.0,-1.3422083735898704,0.0,1.4868482907733813,3.01794501903042,,,,,,,,,13900.35538004321,26030.904409494364,32728.564974358964,62764.84997001141
lp,5,18360,123,3.9013103978314545,,0.0,0.6070738319972183,1.0838072276920323,2.2104293381421884,0.0,1.6680033153352616,0.5597000826283954,1.6736069998677823,3.901310397831439,0.0,0.0,-0.5313588384495525,1.5087841801051034,2.9238850561758887,,,,,,,,,13900.35538004321,26030.904409494364,32728.564974358964,62764.84997001141
lp,6,18528,012,1.1883436977282928,,0.13605027566411557,0.4820842931825945,0.5702091288815874,0.0,0.5427228214628119,0.6322166800700173,0.013404196195468152,0.0,1.1883436977282975,0.0,-0.25089601256064836,0.4780310608768629,0.9612086494120833,0.0,,,,,,,,,14390.087219414068,31667.89518174542,40887.80930479853,65573.6590781149
lp,6,18528,013,1.6823355276998804,,0.14399294715067593,0.6014085448972232,0.0,0.9369340356519797,0.5568404511107354,1.0224923023812347,0.0,0.10300277420790874,1.6823355276998788,0.0,-0.6046556591028374,0.29874450051862,0.0,1.988246686284096,,,,,,,,,14390.087219414068,31667.89518174542,40887.80930479853,65573.6590781149
lp,6,18528,023,3.6653375517071067,,0.14248635327498085,0.0,1.1967291824703203,2.326122015961808,0.6281080301398132,0.0,0.9013278405642283,2.1359016810030678,3.6653375517071094,0.0,-1.6482669682355122,0.0,2.0549808928112436,3.2586236271313793,,,,,,,,,14390.087219414068,31667.89518174542,40887.80930479853,65573.6590781149
lp,6,18528,123,4.629587471276596,,0.0,0.6262718824298501,1.4916888832049588,2.5116267056417905,0.0,1.5842562292021722,0.9102948071420748,2.135036434932352,4.629587471276599,0.0,0.0,-0.6260584956344729,2.0401407535000953,3.215505213410977,,,,,,,,,14390.087219414068,31667.89518174542,40887.80930479853,65573.6590781149
lp,7,18696,012,1.09749123283518,,0.1674021591501391,0.4596013875587318,0.47048768612631015,0.0,0.5898659833026894,0.5034461320670223,0.0041791174654693865,0.0,1.0974912328351814,2.1316282072803006e-14,-0.18765447622974463,0.45570992438480834,0.8294357846801179,0.0,,,,,,,,,14979.883749405299,33708.90349543862,39307.662543230654,68046.00838093288
lp,7,18696,013,1.9279866976841498,,0.18571680692846862,0.5726906368669755,0.0,1.169579253888701,0.6807442270563684,0.9574001129284982,0.0,0.28984235769927874,1.9279866976841453,-1.4210854715202004e-14,-0.7853348332037918,-0.0218842804890431,0.0,2.7352058113769804,,,,,,,,,14979.883749405299,33708.90349543862,39307.662543230654,68046.00838093288
lp,7,18696,023,3.9464338789455145,,0.17589995575609538,0.0,1.121358773318367,2.6491751498710516,0.7229062594906743,0.0,0.8920720120170995,2.33145560743774,3.9464338789455145,7.105427357601002e-15,-1.656569195299926,0.0,1.8051819187381546,3.797821155507286,,,,,,,,,14979.883749405299,33708.90349543862,39307.662543230654,68046.00838093288
lp,7,18696,123,4.837437750335174,,0.0,0.6227146165481378,1.3038949840028726,2.9108281497841646,0.0,1.616439112926059,0.8684957078261738,2.3525029295829425,4.837437750335176,7.105427357601002e-15,0.0,-0.7829919782860643,1.7891677465665774,3.831261982054662,,,,,,,,,14979.883749405299,33708.90349543862,39307.662543230654,68046.00838093288
lp,8,18864,012,1.394766781243035,,0.14678336133304937,0.74474159649749,0.5032418234124956,0.0,0.536955229446919,0.8529485486473862,0.004863003148729715,0.0,1.3947667812430349,0.0,-0.5460221599458706,0.8351918971705143,1.105597044018391,0.0,,,,,,,,,17248.926244694117,35286.595516897476,35008.55134628074,69766.55757102041
lp,8,18864,013,2.7953059259776953,,0.16849719611910813,0.9902812491849898,0.0,1.636527480673598,0.6610688746232036,1.7446588978822106,0.0,0.3895781534722815,2.7953059259776962,0.0,-1.1754338679497172,0.4664769247414409,0.0,3.504262869185972,,,,,,,,,17248.926244694117,35286.595516897476,35008.55134628074,69766.55757102041
lp,8,18864,023,4.837560967356008,,0.16017432623668548,0.0,1.3132439020456532,3.364142739073652,0.7408692538958724,0.0,1.3154298005557092,2.7812619129044087,4.837560967355991,0.0,-2.0574692779886385,0.0,2.072586834274554,4.822443411070076,,,,,,,,,17248.926244694117,35286.595516897476,35008.55134628074,69766.55757102041
lp,8,18864,123,6.546481767287564,,0.0,1.0310332015100707,1.7491211306400107,3.7663274351374794,0.0,2.4192438132238308,1.3148033074732783,2.8124346465904515,6.54648176728756,0.0,0.0,-0.3820767587023606,2.1267790244706486,4.801779501519273,,,,,,,,,17248.926244694117,35286.595516897476,35008.55134628074,69766.55757102041
lp,9,19032,012,0.9888099803858187,,0.09669525833226422,0.44601652379161455,0.44609819826194097,0.0,0.42111941889893906,0.5676905614868808,0.0,0.0,0.9888099803858198,1.4210854715202004e-14,-0.4820066657759047,0.5544452215466408,0.9163714246150835,0.0,,,,,,,,,13833.599215830765,27476.18472521334,36973.967482118256,69158.87710466995
lp,9,19032,013,1.9881177656725384,,0.10637516500962696,0.619052786109148,0.0,1.2626898145537604,0.5038103986731122,1.3148443865183015,0.0,0.16946298048112166,1.988117765672535,0.0,-1.195982768577646,-0.11088710471786559,0.0,3.2949876389680464,,,,,,,,,13833.599215830765,27476.18472521334,36973.967482118256,69158.87710466995
lp,9,19032,023,4.837178407035341,,0.10026103543175137,0.0,1.3108923613023078,3.426025010301278,0.5557888106114967,0.0,1.3792011366236219,2.902188459800218,4.837178407035337,1.4210854715202004e-14,-2.4385340013781365,0.0,2.2850936886993782,4.990618719714095,,,,,,,,,13833.599215830765,27476.18472521334,36973.967482118256,69158.87710466995
lp,9,19032,123,5.867698896488924,,0.0,0.6348200086338,1.6972434144039874,3.535635473451136,0.0,1.849490080747456,1.2959124307481273,2.72229638499334,5.867698896488924,0.0,0.0,-1.3309954290421633,2.2685134613151168,4.930180864215969,,,,,,,,,13833.599215830765,27476.18472521334,36973.967482118256,69158.87710466995
lp,10,19200,012,0.7360195164577548,,0.07263252764988852,0.31790306021575243,0.3454839285921119,0.0,0.3650201609892311,0.3709993554685217,0.0,0.0,0.7360195164577528,0.0,-0.3236331955607074,0.37135081011063553,0.6883019019078247,0.0,,,,,,,,,13388.868407652531,26950.704494150632,37043.813345033486,62980.61916804036
lp,10,19200,013,1.246871330921926,,0.0732539583697886,0.39975518168555013,0.0,0.7738621908665856,0.3769859226103225,0.8055712626406146,0.0,0.06431414567098717,1.2468713309219241,0.0,-0.5494233127674044,0.24556672146713354,0.0,1.550727922222195,,,,,,,,,13388.868407652531,26950.704494150632,37043.813345033486,62980.61916804036
lp,10,19200,023,3.0520742283221307,,0.07371194889145231,0.0,0.8115168752027823,2.166845404227903,0.427801429139763,0.0,0.6431533329799001,1.9811194662024747,3.052074228322138,0.0,-1.6741184838199532,0.0,1.7861694552370901,2.9400232569050004,,,,,,,,,13388.868407652531,26950.704494150632,37043.813345033486,62980.61916804036
lp,10,19200,123,3.8215635743861482,,0.0,0.4844559081605156,1.106235650727343,2.2308720154983073,0.0,1.3968877795564476,0.5803892108738717,1.8442865839558464,3.8215635743861656,0.0,0.0,-0.8374776952349231,1.7601973878440627,2.898843881777027,,,,,,,,,13388.868407652531,26950.704494150632,37043.813345033486,62980.61916804036
lp,11,19368,012,0.9298668449537308,,0.07970437492006133,0.4790877660985809,0.37107470393508635,0.0,0.40914831409743385,0.5193371492208879,0.0013813816354067622,0.0,0.9298668449537285,0.0,-0.4627443092039515,0.5343399875511246,0.8582711666065553,0.0,,,,,,,,,13316.458837540764,29367.397239506114,41153.92376554417,61478.90966967894
lp,11,19368,013,1.5089022428216392,,0.08161501087747487,0.590613580821031,0.0,0.8366736511231417,0.3968337574265807,0.9927690901194557,0.0,0.11929939527561118,1.5089022428216476,0.0,-0.8232463500670762,0.33810445353742435,0.0,1.994044139351299,,,,,,,,,13316.458837540764,29367.397239506114,41153.92376554417,61478.90966967894
lp,11,19368,023,3.214698013469168,,0.07881111320335393,0.0,0.8720915787631349,2.2637953215026685,0.4398253159528547,0.0,0.6492138393891683,2.125658858127134,3.2146980134691567,0.0,-1.661709352198179,0.0,1.8528518586574754,3.0235555070098603,,,,,,,,,13316.458837540764,29367.397239506114,41153.92376554417,61478.90966967894
lp,11,19368,123,4.409806043737241,,0.0,0.6552678595150194,1.2943231406491778,2.4602150435730348,0.0,1.5546109283082357,0.614010479840958,2.2411846355880387,4.409806043737233,0.0,0.0,-0.48809352642782544,1.890243089261728,3.00765648090333,,,,,,,,,13316.458837540764,29367.397239506114,41153.92376554417,61478.90966967894
lp,12,19536,012,0.6622622447206632,,0.07671261740660804,0.267313167085339,0.3182364602287174,0.0,0.32989600744353076,0.33236623727713366,0.0,0.0,0.6622622447206643,0.0,-0.2012240461735462,0.273063004464425,0.5904232864297857,0.0,,,,,,,,,13805.043765119415,27434.827982382223,36279.581444252675,60554.911955940515
lp,12,19536,013,1.0509289301275881,,0.07957657549148027,0.3239784234503333,0.0,0.6473739311857707,0.38061614108519093,0.5682536263952557,0.0,0.10205916264713745,1.0509289301275844,0.0,-0.3909366853321498,0.18755384925744892,0.0,1.2543117662022856,,,,,,,,,13805.043765119415,27434.827982382223,36279.581444252675,60554.911955940515
lp,12,19536,023,2.561678639416142,,0.0814118432873423,0.0,0.8684204270545028,1.6118463690743021,0.44287600033349533,0.0,0.693504024462064,1.4252986146205877,2.5616786394161477,0.0,-1.421803597736237,0.0,1.557108986996797,2.426373250155588,,,,,,,,,13805.043765119415,27434.827982382223,36279.581444252675,60554.911955940515
lp,12,19536,123,3.159752239793003,,0.0,0.38960182484277384,1.0895049185174892,1.680645496432727,0.0,1.2052716501571108,0.6814458781966092,1.2730347114392706,3.1597522397929905,0.0,0.0,-0.8056217534367861,1.5724157499713993,2.3929582432583776,,,,,,,,,13805.043765119415,27434.827982382223,36279.581444252675,60554.911955940515
lp,13,19704,012,0.6044030955609582,,0.06939306952831531,0.26570843513789577,0.26930159089474626,0.0,0.29300485566370854,0.3113982398972488,0.0,0.0,0.6044030955609573,0.0,-0.175706806897464,0.3148723079657845,0.4652375944926365,0.0,,,,,,,,,13248.99086914503,27984.52270263167,34494.182242320945,68921.63699792922
lp,13,19704,013,1.036427810999296,,0.0684137646183405,0.3481451064184719,0.0,0.6198689399624829,0.32962769914109447,0.5298280975187484,0.0,0.17697201433945253,1.0364278109992955,0.0,-0.3136924135121964,0.27334179227986727,0.0,1.0767784322316245,,,,,,,,,13248.99086914503,27984.52270263167,34494.182242320945,68921.63699792922
lp,13,19704,023,1.9417477227658217,,0.0721615007954153,0.0,0.5830901610335562,1.286496060936851,0.3960195734566048,0.0,0.41902420903935017,1.1267039402698675,1.9417477227658226,0.0,-1.0170862392165392,0.0,1.1187883315697182,1.8400456304126438,,,,,,,,,13248.99086914503,27984.52270263167,34494.182242320945,68921.63699792922
lp,13,19704,123,2.5196860548682323,,0.0,0.38799020159580866,0.7167322415250016,1.4149636117474187,0.0,0.9705800479179427,0.4084004740005083,1.1407055329497782,2.5196860548682296,0.0,0.0,-0.40404168921646066,1.1272886436405833,1.7964391004441058,,,,,,,,,13248.99086914503,27984.52270263167,34494.182242320945,68921.63699792922
lp,14,19872,012,0.29163182155878387,,0.03736989217309516,0.09446980223659375,0.15979212714909616,0.0,0.13641800340452212,0.14867031624520594,0.006543501909057026,0.0,0.2916318215587851,0.0,-0.022975752182842903,0.07780831565209301,0.23679925808953498,0.0,,,,,,,,,14532.146821679586,30104.911652108214,40328.67721296978,67295.74850901851
lp,14,19872,013,0.45153224001936637,,0.041201747833245664,0.11897940628387489,0.0,0.29135108590224573,0.17440311370718528,0.25177078136405867,0.0,0.02535834494812232,0.45153224001936626,0.0,-0.12597047113664678,0.0031483011313146562,0.0,0.5743544100246984,,,,,,,,,14532.146821679586,30104.911652108214,40328.67721296978,67295.74850901851
lp,14,19872,023,1.1575396449995192,,0.046947837391792195,0.0,0.42142784046196563,0.6891639671457575,0.21991130509389129,0.0,0.4597160457927416,0.4779122941128824,1.1575396449995152,0.0,-0.5368590190799166,0.0,0.5197759822064706,1.174622681872961,,,,,,,,,14532.146821679586,30104.911652108214,40328.67721296978,67295.74850901851
lp,14,19872,123,1.2402019274637277,,0.0,0.12032306001686704,0.4228205555013271,0.6970583119455404,0.0,0.3740329623404931,0.43942303995470317,0.42674592516853826,1.2402019274637346,0.0,0.0,-0.44540115806887187,0.5112660082282906,1.1743370773043158,,,,,,,,,14532.146821679586,30104.911652108214,40328.67721296978,67295.74850901851
lp,15,20040,012,0.6256074383443453,,0.08736488655618518,0.24188108081465232,0.2963614709735062,0.0,0.3450484691705677,0.2770434235218863,0.0035155456518897047,0.0,0.6256074383443437,0.0,-0.1306088314145433,0.25513161321619654,0.5010846565426906,0.0,,,,,,,,,15861.11882723576,26324.86441873941,35327.440343277776,70090.40517593634
lp,15,20040,013,1.2394845563307977,,0.09921377275818377,0.30616723542074253,0.0,0.834103548151873,0.4014238687808075,0.6891360408388791,0.0,0.14892464671111275,1.2394845563307997,0.0,-0.42454818483000945,0.03054854779211851,0.0,1.6334841933686903,,,,,,,,,15861.11882723576,26324.86441873941,35327.440343277776,70090.40517593634
lp,15,20040,023,2.492556676451473,,0.09002738123459729,0.0,0.7174470595564185,1.6850822356604565,0.4309352911108404,0.0,0.6797207479762288,1.381900637364403,2.4925566764514726,0.0,-1.1680771659481186,0.0,1.132551370108539,2.528082472291052,,,,,,,,,15861.11882723576,26324.86441873941,35327.440343277776,70090.40517593634
lp,15,20040,123,2.8565375216160658,,0.0,0.31383738902242386,0.7775835722205332,1.7651165603731052,0.0,1.0716437124258578,0.5182978663100261,1.266595942880178,2.8565375216160622,0.0,0.0,-0.6801818762822412,1.0994222184891715,2.437297179409132,,,,,,,,,15861.11882723576,26324.86441873941,35327.440343277776,70090.40517593634
lp,16,20208,012,1.168305820139291,,0.11752001026850671,0.6028407472032269,0.4479450626675602,0.0,0.5834497972920739,0.5833492672572897,0.0015067555899302715,0.0,1.168305820139294,0.0,-0.3023396496086082,0.6508015529062814,0.8198439168416207,0.0,,,,,,,,,13527.362504736146,33277.42958932638,36245.09667451099,65576.41292050597
lp,16,20208,013,2.3146304598600964,,0.12100816696206902,0.7134400678568287,0.0,1.4801822250411976,0.6294058564088908,1.1752026519060577,0.0,0.5100219515451467,2.314630459860095,0.0,-0.997960988136288,0.27461160914664345,0.0,3.0379798388497394,,,,,,,,,13527.362504736146,33277.42958932638,36245.09667451099,65576.41292050597
lp,16,20208,023,4.402716882735333,,0.12191377031899103,0.0,1.1751893008381875,3.1056138115781473,0.6586232863676234,0.0,1.0790218391844308,2.6650717571832714,4.4027168827353265,0.0,-2.11388876888926,0.0,2.0782229362518736,4.438382715372711,,,,,,,,,13527.362504736146,33277.42958932638,36245.09667451099,65576.41292050597
lp,16,20208,123,5.745360083075218,,0.0,0.7466239297068505,1.5553177351251557,3.443418418243237,0.0,1.6238505543348076,1.2269635548850302,2.894545973855405,5.7453600830752425,0.0,0.0,-0.8011700672370274,2.1196826993362,4.426847450976072,,,,,,,,,13527.362504736146,33277.42958932638,36245.09667451099,65576.41292050597
lp,17,20376,012,0.8035504790374803,,0.10928768178034348,0.32781032608437705,0.36645247117276003,0.0,0.5093697737770879,0.29418070526039264,0.0,0.0,0.8035504790374807,1.4210854715202004e-14,-0.05319474595331337,0.3521732586755655,0.504571966315227,0.0,,,,,,,,,13364.923778932985,28723.175704741683,33830.265474770975,68850.0833750001
lp,17,20376,013,1.5761888607350771,,0.11823830801175703,0.4876296121712736,0.0,0.9703209405520459,0.645722974037525,0.8729452316196595,0.0,0.05752065507789203,1.5761888607350765,-1.4210854715202004e-14,-0.6531258916201813,0.025678489660958176,0.0,2.203636262694298,,,,,,,,,13364.923778932985,28723.175704741683,33830.265474770975,68850.0833750001
lp,17,20376,023,3.228006210445657,,0.11973217140589276,0.0,1.084228195157788,2.024045843881969,0.6744781841768701,0.0,1.2675426799573215,1.2859853463114579,3.2280062104456495,0.0,-1.6672311651095069,0.0,1.2358347576676314,3.6594026178875247,,,,,,,,,13364.923778932985,28723.175704741683,33830.265474770975,68850.0833750001
lp,17,20376,123,3.9147325504463533,,0.0,0.510486954247464,1.162810334796069,2.2414352614028252,0.0,1.416448490814514,1.2703549913934973,1.2279290682383472,3.9147325504463586,0.0,0.0,-0.9690442628086936,1.2433147657849486,3.640462047470102,,,,,,,,,13364.923778932985,28723.175704741683,33830.265474770975,68850.0833750001
lp,18,20544,012,1.5696753661474883,,0.2174952546328614,0.6733875042267559,0.6787926072878724,0.0,0.7710506091118247,0.7933666105964731,0.005258146439191759,0.0,1.5696753661474894,0.0,-0.35967725055436356,0.762306171075884,1.1670464456259693,0.0,,,,,,,,,16290.324828878838,27324.996822470654,36757.44688441702,66030.73613530473
lp,18,20544,013,2.8328522844240895,,0.21663218996424252,0.9087491710307563,0.0,1.7074709234290737,0.8128953353852368,1.6865240608260772,0.0,0.3334328882127587,2.832852284424073,0.0,-0.8993894200791608,0.2922501234236652,0.0,3.439991581079568,,,,,,,,,16290.324828878838,27324.996822470654,36757.44688441702,66030.73613530473
lp,18,20544,023,4.885546605120266,,0.22132886224011775,0.0,1.644913216795543,3.0193045260845963,0.8433118537800631,0.0,1.7984656445596376,2.2437691067805554,4.885546605120257,0.0,-1.6124023201719573,0.0,2.102254610540255,4.395694314751959,,,,,,,,,16290.324828878838,27324.996822470654,36757.44688441702,66030.73613530473
lp,18,20544,123,6.054531722590127,,0.0,0.919944572181202,1.8275498512826422,3.3070372991262964,0.0,2.312589301993309,1.6411773232559772,2.100765097340854,6.054531722590141,0.0,0.0,-0.42785970822930963,2.1018054506395454,4.380585980179905,,,,,,,,,16290.324828878838,27324.996822470654,36757.44688441702,66030.73613530473
lp,19,20712,012,1.6329838838112478,,0.1721961708182706,0.734371024853696,0.7264166881392815,0.0,0.8290932499221524,0.8037290042192453,0.00016162966985035627,0.0,1.632983883811248,0.0,-0.4177951073601015,0.7767248860433997,1.2740541051279497,0.0,,,,,,,,,11845.411272278241,28734.564004424392,37793.88246386813,73025.46831349234
lp,19,20712,013,2.958345123620886,,0.178280759162454,0.9400498135910629,0.0,1.8400145508673746,0.9176523219062535,1.7717779331832921,0.0,0.26891486853134633,2.9583451236208917,0.0,-0.9490027999222269,0.4395467196709302,0.0,3.4678012038721886,,,,,,,,,11845.411272278241,28734.564004424392,37793.88246386813,73025.46831349234
lp,19,20712,023,5.117497951447385,,0.17252482801465782,0.0,1.7220538033137927,3.2229193201189323,0.9437526168432897,0.0,1.8000849973514106,2.373660337252683,5.117497951447382,0.0,-2.0716376671920576,0.0,2.274273097613786,4.914862521025654,,,,,,,,,11845.411272278241,28734.564004424392,37793.88246386813,73025.46831349234
lp,19,20712,123,6.6558443919949,,0.0,0.9284605910460144,1.9670029646406848,3.7603808363082,0.0,2.484474161466684,1.7498148136580647,2.42155541687015,6.655844391994899,0.0,0.0,-0.5843425711055922,2.2743085130586524,4.96587845004184,,,,,,,,,11845.411272278241,28734.564004424392,37793.88246386813,73025.46831349234
lp,20,20880,012,1.6798578566041316,,0.2112820284017666,0.6654226667297054,0.80315316147266,0.0,0.8527565325017983,0.7667231992817122,0.06037812482062166,0.0,1.6798578566041318,0.0,-0.27814548538403944,0.6717340890537643,1.2862692529344075,0.0,,,,,,,,,14387.766754915545,25189.866086246737,38613.37088948968,69591.69940486731
lp,20,20880,013,2.645520794474155,,0.22433595675930457,0.770701702778037,0.0,1.6504831349368119,0.894582984761379,1.4756397799575243,0.0,0.2752980297552501,2.645520794474153,0.0,-0.547820726524443,0.598334137281594,0.0,2.595007383717002,,,,,,,,,14387.766754915545,25189.866086246737,38613.37088948968,69591.69940486731
lp,20,20880,023,4.237620072065124,,0.21736365908204114,0.0,1.3026894784534588,2.717566934529626,0.9289227863568463,0.0,1.0834510514998499,2.2252462342084294,4.237620072065125,0.0,-1.2801107315295204,0.0,2.029049640704746,3.4886811628899,,,,,,,,,14387.766754915545,25189.866086246737,38613.37088948968,69591.69940486731
lp,20,20880,123,5.341302567007603,,0.0,0.8040601915126733,1.5940170655234445,2.943225309971466,0.0,2.402339954913022,0.9583568116668261,1.9806058004277356,5.341302567007583,0.0,0.0,-0.13327530282701436,2.0136306870005285,3.46094718283407,,,,,,,,,14387.766754915545,25189.866086246737,38613.37088948968,69591.69940486731
lp,21,21048,012,0.7753116532820377,,0.11929853541187146,0.2956523424370129,0.36036077543315476,0.0,0.45931164156831694,0.31147918814950704,0.004520823564215066,0.0,0.7753116532820391,0.0,-0.15689212970067395,0.3412994834734412,0.5909042995092717,0.0,,,,,,,,,15552.275967807984,25085.600329098834,36042.97905100031,63529.97947939734
lp,21,21048,013,1.279383232808269,,0.11976286760704233,0.37045000487075597,0.0,0.7891703603304707,0.4730984783753185,0.6711081612382198,0.0,0.13517659319473074,1.279383232808269,0.0,-0.3610230794005939,0.22173964243312053,0.0,1.418666669775743,,,,,,,,,15552.275967807984,25085.600329098834,36042.97905100031,63529.97947939734
lp,21,21048,023,2.07087971291139,,0.11894631110528897,0.0,0.6920019041143756,1.2599314976917249,0.49728458823155086,0.0,0.7129896937900507,0.8606054308897881,2.070879712911389,0.0,-0.7969922121878681,0.0,0.8924831373643256,1.975388787734932,,,,,,,,,15552.275967807984,25085.600329098834,36042.97905100031,63529.97947939734
lp,21,21048,123,2.6882810167189386,,0.0,0.42179968633296544,0.8348524527696466,1.4316288776163253,0.0,1.2542453081083778,0.6814308725211844,0.7526048360893752,2.6882810167189377,0.0,0.0,-0.15412999252232049,0.8877352351920478,1.9546757740492104,,,,,,,,,15552.275967807984,25085.600329098834,36042.97905100031,63529.97947939734
lp,22,21216,012,0.4442988220999619,,0.04905681337562009,0.2179701483576526,0.17727186036668938,0.0,0.24703095277947634,0.175883111725452,0.02138475759503374,0.0,0.444298822099962,0.0,-0.14320792317927727,0.2624540739703788,0.3250526713088601,0.0,,,,,,,,,12349.015123448651,32472.731758051123,32386.83558425152,66318.14907818803
lp,22,21216,013,0.8567220901369417,,0.05244282059238484,0.3197599645223833,0.0,0.4845193050221738,0.30582614798365265,0.5302525359181047,0.0,0.02064340623518453,0.856722090136942,0.0,-0.3323472444535406,0.18814667801452895,0.0,1.0009226565759537,,,,,,,,,12349.015123448651,32472.731758051123,32386.83558425152,66318.14907818803
lp,22,21216,023,1.3688151255551693,,0.0488170520117258,0.0,0.5483287988818158,0.771669274661629,0.31488504858500704,0.0,0.7733436975995577,0.2805863793706058,1.3688151255551706,0.0,-0.8092812652388497,0.0,0.5433353059704604,1.6347610848235596,,,,,,,,,12349.015123448651,32472.731758051123,32386.83558425152,66318.14907818803
lp,22,21216,123,1.9895734132388745,,0.0,0.34847480032228173,0.6071343732854027,1.0339642396311872,0.0,0.8115489439883687,0.8657666507326817,0.31225781851782125,1.9895734132388714,0.0,0.0,-0.22684885831938673,0.5162417851794432,1.7001804863788157,,,,,,,,,12349.015123448651,32472.731758051123,32386.83558425152,66318.14907818803
lp,23,21384,012,1.0009317109759515,,0.13254744898454024,0.42961183601994046,0.43877242597147004,0.0,0.5248898918139006,0.46185832131654103,0.014183497845509107,0.0,1.0009317109759508,1.4210854715202004e-14,-0.09634942878754123,0.4318929878029426,0.6653881519605479,0.0,,,,,,,,,15628.457955765773,32265.60825685604,38797.90487580771,63408.008669707284
lp,23,21384,013,1.56123027880366,,0.1400884838137505,0.5003520670861422,0.0,0.9207897279037709,0.609920979210346,0.8758128145549131,0.0,0.0754964850384046,1.5612302788036638,0.0,-0.38864662583537013,0.2461142663227131,0.0,1.7037626383163205,,,,,,,,,15628.457955765773,32265.60825685604,38797.90487580771,63408.008669707284
lp,23,21384,023,2.9092667734929716,,0.13427080220896384,0.0,1.0918475491339164,1.6831484221500932,0.6597063288598249,0.0,1.166382159271968,1.0831782853611804,2.909266773492973,0.0,-1.1056855051481873,0.0,1.3433975918768613,2.6715546867642987,,,,,,,,,15628.457955765773,32265.60825685604,38797.90487580771,63408.008669707284
lp,23,21384,123,3.6113540524758028,,0.0,0.5145821918294349,1.1994156009272499,1.8973562597191207,0.0,1.2750784547653047,1.16775644433477,1.1685191533757309,3.6113540524758054,1.4210854715202004e-14,0.0,-0.4595215570830649,1.3430456298743165,2.7278299796845538,,,,,,,,,15628.457955765773,32265.60825685604,38797.90487580771,63408.008669707284
lp,24,21552,012,1.183747726490136,,0.1542655493871632,0.5737374967848822,0.4557446803180928,0.0,0.5910422634308241,0.5713758371489819,0.021329625910332224,0.0,1.1837477264901382,0.0,-0.28432344962835193,0.6382940915577813,0.8297770845607091,0.0,,,,,,,,,14753.063319227665,32857.11347275045,33994.82053755867,63418.68016925162
lp,24,21552,013,2.0701076587978973,,0.1612261922019869,0.6905954204890183,0.0,1.2182860461068932,0.6433633961665647,1.0152308705659745,0.0,0.41151339206535903,2.070107658797898,0.0,-0.5802535635994502,0.532993886650244,0.0,2.117367335747105,,,,,,,,,14753.063319227665,32857.11347275045,33994.82053755867,63418.68016925162
lp,24,21552,023,3.209595410685884,,0.1638842246948841,0.0,1.16873530840219,1.8769758775888217,0.690179899059339,0.0,1.4324970308492762,1.0869184807772803,3.209595410685895,0.0,-1.4308276552990857,0.0,1.3628050954264466,3.277617970558534,,,,,,,,,14753.063319227665,32857.11347275045,33994.82053755867,63418.68016925162
lp,24,21552,123,4.414895986536959,,0.0,0.836812229883585,1.3602349203194575,2.217848836333916,0.0,1.9067815895779356,1.3845296359448247,1.1235847610141985,4.414895986536958,0.0,0.0,-0.15909056732321902,1.4248494981450182,3.1491370557151592,,,,,,,,,14753.063319227665,32857.11347275045,33994.82053755867,63418.68016925162
lp,25,21720,012,1.110265038307316,,0.1259340819344521,0.47769150429846974,0.5066394520743934,0.0,0.4905084668962551,0.6032548412347717,0.0165017301762885,0.0,1.1102650383073152,0.0,-0.23705117293305158,0.47072799445984115,0.8765882167805257,0.0,,,,,,,,,15033.19134941885,30582.20318938075,38742.63722174526,63210.082852579784
lp,25,21720,013,1.6840535931808904,,0.1318294354923299,0.5812349151639167,0.0,0.9709892425246437,0.545900179426929,1.1064276487924771,0.0,0.031725764961484326,1.6840535931808902,0.0,-0.5652256969981455,0.2177216620900128,0.0,2.031557628089023,,,,,,,,,15033.19134941885,30582.20318938075,38742.63722174526,63210.082852579784
lp,25,21720,023,3.1244459118851546,,0.13219267824125175,0.0,1.3441400209896275,1.6481132126542815,0.5823228263958863,0.0,1.5796818688081924,0.9624412166810812,3.12444591188516,1.7763568394002505e-14,-1.2755350096678317,0.0,1.348260466219028,3.051720455333964,,,,,,,,,15033.19134941885,30582.20318938075,38742.63722174526,63210.082852579784
lp,25,21720,123,3.968104766777906,,0.0,0.6345716265661631,1.4386203722505684,1.8949127679611657,0.0,1.5382300800463404,1.533339198057299,0.8965354886742579,3.9681047667778975,1.7763568394002505e-14,0.0,-0.3525509109190954,1.3966618386394158,2.923993839057577,,,,,,,,,15033.19134941885,30582.20318938075,38742.63722174526,63210.082852579784
lp,26,21888,012,0.8379348294450941,,0.1395544895278956,0.3130174799072708,0.38536286000992986,0.0,0.29246505495430847,0.5388761179602978,0.006593656530490082,0.0,0.8379348294450962,0.0,0.06064471125695273,0.2418567209796184,0.535433397208525,0.0,,,,,,,,,15045.069759380549,33572.944354970656,36395.37209085144,65071.483142194396
lp,26,21888,013,1.3435047905282735,,0.15557339286425126,0.35947965297014206,0.0,0.8284517446938839,0.4132097146612011,0.7758972266315571,0.0,0.154397849235519,1.3435047905282769,0.0,-0.24815051637220337,0.00011571674089645966,0.0,1.591539590159584,,,,,,,,,15045.069759380549,33572.944354970656,36395.37209085144,65071.483142194396
lp,26,21888,023,2.2706538345611142,,0.16082375752271236,0.0,0.7893486007664257,1.3204814762719799,0.7370021743432593,0.0,0.7653744265151006,0.768277233702758,2.270653834561118,0.0,-0.5759915983686125,0.0,0.8433294100218399,2.0033160229078906,,,,,,,,,15045.069759380549,33572.944354970656,36395.37209085144,65071.483142194396
lp,26,21888,123,2.5034869642615005,,0.0,0.36524303996829216,0.769570038661468,1.3686738856317453,0.0,0.9841809646718178,0.7266141923263874,0.7926918072633,2.503486964261506,0.0,0.0,-0.3247192066507764,0.8283768911578254,1.9998292797544563,,,,,,,,,15045.069759380549,33572.944354970656,36395.37209085144,65071.483142194396
lp,27,22056,012,1.4033107378286531,,0.21516818776780594,0.5414506834468965,0.6466918666139482,0.0,0.5708826906031786,0.7951830143963504,0.037245032829121484,0.0,1.4033107378286505,0.0,-0.08187735774689506,0.5227609935662763,0.9624271020092686,0.0,,,,,,,,,14761.612083799733,28857.37201709533,33962.01012191035,63589.35112703043
lp,27,22056,013,2.1921388940159914,,0.22308354916222858,0.632358714142051,0.0,1.3366966307117167,0.7167108796228965,1.2699607408722424,0.0,0.20546727352085745,2.1921388940159963,0.0,-0.3025450532018235,0.3895768417446759,0.0,2.1051071054731443,,,,,,,,,14761.612083799733,28857.37201709533,33962.01012191035,63589.35112703043
lp,27,22056,023,3.4819308138436496,,0.2321242185807638,0.0,1.125013689345765,2.1247929059171295,1.0109233437083098,0.0,0.8649371945335178,1.606070275601831,3.481930813843659,0.0,-0.9002700484831024,0.0,1.6008928165602387,2.7813080457665222,,,,,,,,,14761.612083799733,28857.37201709533,33962.01012191035,63589.35112703043
lp,27,22056,123,4.1409210171153985,,0.0,0.6606918212620504,1.2524011715111705,2.2278280243421813,0.0,1.9092971749837198,0.7968988516940883,1.4347249904375943,4.140921017115402,0.0,0.0,-0.13566076932010823,1.527720307852197,2.7488614785833136,,,,,,,,,14761.612083799733,28857.37201709533,33962.01012191035,63589.35112703043
lp,28,22224,012,1.5170159396857077,,0.2932934842054213,0.5623594161884475,0.6613630392918447,0.0,0.6236373694389216,0.8314070427168053,0.061971527529986616,0.0,1.5170159396857135,0.0,0.038196710332791615,0.4962997575384297,0.9825194718144916,0.0,,,,,,,,,16913.018019189592,28664.266643147686,34127.003365177225,66870.18576289267
lp,28,22224,013,2.683479865512075,,0.3360360676768678,0.71653340512636,0.0,1.6309103927088304,0.8277223161790667,1.442930924984046,0.0,0.4128266243489456,2.683479865512058,0.0,-0.300833457821882,0.11937028499816078,0.0,2.8649430383357797,,,,,,,,,16913.018019189592,28664.266643147686,34127.003365177225,66870.18576289267
lp,28,22224,023,4.380263312623206,,0.3731426696443142,0.0,1.4259231716511576,2.5811974713277324,1.1306732320196384,0.0,1.6173393560880511,1.6322507245155151,4.380263312623205,0.0,-0.8486512088091291,0.0,1.5247975144201094,3.704117007012224,,,,,,,,,16913.018019189592,28664.266643147686,34127.003365177225,66870.18576289267
lp,28,22224,123,4.654780049449849,,0.0,0.6903148293238427,1.4666555997549857,2.4978096203710267,0.0,1.9296992323557376,1.4606615336237316,1.2644192834703858,4.6547800494498555,0.0,0.0,-0.4554031291203629,1.497617880144543,3.612565298425675,,,,,,,,,16913.018019189592,28664.266643147686,34127.003365177225,66870.18576289267
lp,29,22392,012,1.9814862163886862,,0.3397671253447345,0.7394196089759189,0.9022994820680358,0.0,0.5762310372314138,1.3523146607958185,0.05294051836145673,0.0,1.9814862163886888,0.0,0.14527163122058218,0.47208619651702755,1.3641283886510795,0.0,,,,,,,,,15479.728371771485,29685.541145871724,36587.18354607985,69222.10029533357
lp,29,22392,013,3.0675573506296887,,0.3744789936923873,0.7911708300225382,0.0,1.9019075269147707,0.7322724725521405,1.6276178672431525,0.0,0.7076670108344031,3.0675573506296967,0.0,-0.04265523788374104,0.28432656840403553,0.0,2.825886020109402,,,,,,,,,15479.728371771485,29685.541145871724,36587.18354607985,69222.10029533357
lp,29,22392,023,4.923964758304932,,0.4394397261941404,0.0,1.6200134645459499,2.864511567564833,1.4025293381840729,0.0,1.3867348911270805,2.13470052899377,4.9239647583049235,0.0,-0.5046685812519767,0.0,1.9648715979250115,3.4637617416318873,,,,,,,,,15479.728371771485,29685.541145871724,36587.18354607985,69222.10029533357
lp,29,22392,123,5.086874716263083,,0.0,0.81786509338083,1.622605933136231,2.6464036897460153,0.0,2.130561404747067,1.1674862886899193,1.78882702282609,5.086874716263076,0.0,0.0,-0.26199088031766427,1.9228313244085853,3.426034272172157,,,,,,,,,15479.728371771485,29685.541145871724,36587.18354607985,69222.10029533357
lp,30,22560,012,1.6111811680777262,,0.26966231921038514,0.5554898745591287,0.7860289743082075,0.0,0.5964108569741363,0.9676980659695729,0.04707224513401179,0.0,1.611181168077721,0.0,0.06289659279578552,0.48038678007892377,1.0678977952030122,0.0,,,,,,,,,15976.834682206698,27361.777632225294,36565.13378292286,64911.30178386209
lp,30,22560,013,2.5257285410795123,,0.30302553051738285,0.6672152546920875,0.0,1.5554877558700344,0.7517111641323423,1.4766466702019725,0.0,0.29737070674519,2.5257285410795047,0.0,-0.1186515884266533,0.36918513869176955,0.0,2.2751949908143887,,,,,,,,,15976.834682206698,27361.777632225294,36565.13378292286,64911.30178386209
lp,30,22560,023,3.9696991774177754,,0.3332923267447127,0.0,1.2543476186131461,2.3820592320599356,1.1167159506488853,0.0,0.7494487517906667,2.1035344749782428,3.969699177417794,0.0,-0.6807983402954627,0.0,1.6417264867934327,3.0087710309198252,,,,,,,,,15976.834682206698,27361.777632225294,36565.13378292286,64911.30178386209
lp,30,22560,123,4.337556231959102,,0.0,0.6683555105663238,1.1927665489173531,2.4764341724754226,0.0,1.905907119373822,0.6028595743417039,1.8287895382435737,4.3375562319591,0.0,0.0,-0.23293510884409818,1.606963188471982,2.963528152331216,,,,,,,,,15976.834682206698,27361.777632225294,36565.13378292286,64911.30178386209
lp,31,22728,012,0.5156424333716958,,0.06530370314488261,0.20480229212455117,0.24553643810225906,0.0,0.27246195847385124,0.21316196539173202,0.030018509506109518,0.0,0.5156424333716928,0.0,-0.06750624584837243,0.21799215192682594,0.3651565272932393,0.0,,,,,,,,,14178.464061358227,29516.025060467608,38098.64365074654,62240.842121579204
lp,31,22728,013,0.8556426512260294,,0.07312843826313521,0.2668025308501021,0.0,0.515711682112795,0.34555308916085925,0.4798391774963417,0.0,0.030250384568831282,0.8556426512260323,0.0,-0.22841820732126733,0.14477074533430628,0.0,0.9392901132129933,,,,,,,,,14178.464061358227,29516.025060467608,38098.64365074654,62240.842121579204
lp,31,22728,023,1.3772894232297228,,0.06579652083681434,0.0,0.544712410283127,0.7667804921097872,0.36226098242091975,0.0,0.7129333975856798,0.3020950432231289,1.3772894232297286,0.0,-0.6070952638129766,0.0,0.49729632283231484,1.4870883642103905,,,,,,,,,14178.464061358227,29516.025060467608,38098.64365074654,62240.842121579204
lp,31,22728,123,1.7633161384678693,,0.0,0.29191143572484446,0.5711893770081143,0.9002153257349149,0.0,0.8224834116138772,0.6405855886465711,0.3002471382074253,1.7633161384678735,0.0,0.0,-0.15843551976799441,0.5173848717289729,1.404366786506895,,,,,,,,,14178.464061358227,29516.025060467608,38098.64365074654,62240.842121579204
lp,32,22896,012,0.7326383005976327,,0.09149826424529725,0.27768079375377097,0.3634592425985635,0.0,0.3816328359580502,0.3269839078131352,0.024021556826446414,0.0,0.7326383005976318,0.0,-0.10145675107193272,0.3040319623413756,0.5300630893281889,0.0,,,,,,,,,12862.57418025706,28832.80703250719,36671.013857052276,68263.62496968321
lp,32,22896,013,1.4081281255524878,,0.10254567161834338,0.39814796175144873,0.0,0.9074344921826923,0.4770222948698056,0.8141357537611298,0.0,0.11697007692154936,1.4081281255524847,1.4210854715202004e-14,-0.4285589174440042,0.1333989266861378,0.0,1.7032881163103515,,,,,,,,,12862.57418025706,28832.80703250719,36671.013857052276,68263.62496968321
lp,32,22896,023,2.2537539879196857,,0.10599760257817128,0.0,0.8594210686169049,1.2883353167246077,0.5091634180880318,0.0,1.1373897749173698,0.6072007949142825,2.253753987919684,0.0,-0.8753895271754548,0.0,0.6884929907878914,2.440650524307248,,,,,,,,,12862.57418025706,28832.80703250719,36671.013857052276,68263.62496968321
lp,32,22896,123,2.810382710408045,,0.0,0.4148191455331903,0.867053458993789,1.5285101058810744,0.0,1.1088155816653087,1.0915344953551207,0.6100326333876247,2.8103827104080543,0.0,0.0,-0.31384790896002157,0.6961991970671627,2.4280314223009136,,,,,,,,,12862.57418025706,28832.80703250719,36671.013857052276,68263.62496968321
lp,33,23064,012,0.3852615891774796,,0.04445887687460058,0.1694418618513338,0.17136085045154503,0.0,0.16006789406402583,0.18592207967293425,0.03927161544051935,0.0,0.38526158917747944,0.0,-0.11700752734243948,0.20269243662191466,0.29957667989800424,0.0,,,,,,,,,14514.891181115716,29147.307044054014,39878.0736680149,69514.66513319936
lp,33,23064,013,0.7819442164782282,,0.04915919732255964,0.24321721352759995,0.0,0.4895678056280727,0.20314939181384117,0.5239541868479819,0.0,0.05484063781640916,0.7819442164782322,-1.4210854715202004e-14,-0.32627093932292117,0.09419043447456975,0.0,1.014024721326584,,,,,,,,,14514.891181115716,29147.307044054014,39878.0736680149,69514.66513319936
lp,33,23064,023,1.202128544720621,,0.050157983176851446,0.0,0.45926277468990573,0.6927077868538672,0.23182102454109577,0.0,0.7189693435264798,0.25133817665304886,1.2021285447206242,-1.4210854715202004e-14,-0.5584301228667302,0.0,0.35871899016458003,1.4018396774227746,,,,,,,,,14514.891181115716,29147.307044054014,39878.0736680149,69514.66513319936
lp,33,23064,123,1.6058021749707971,,0.0,0.2635322232889967,0.47158035592797287,0.8706895957538258,0.0,0.6423654366438035,0.692104358880288,0.27133237944670396,1.6058021749707954,-1.4210854715202004e-14,0.0,-0.12334244430311536,0.3909551143023594,1.3381895049715518,,,,,,,,,14514.891181115716,29147.307044054014,39878.0736680149,69514.66513319936
lp,34,23232,012,0.7016164923702014,,0.09356668775767367,0.24609174650145665,0.36195805811107135,0.0,0.33910923514510855,0.35487195843365676,0.007635298791436358,0.0,0.7016164923702017,0.0,-0.1563512584625276,0.2190477035759902,0.6389200472567391,0.0,,,,,,,,,14753.02172323661,26596.714568859115,38848.14954879925,64287.12942392263
lp,34,23232,013,1.1296933829816949,,0.10254576517200249,0.312471145489074,0.0,0.71467647232062,0.43744116562477753,0.6006993849569435,0.0,0.09155283239997539,1.1296933829816966,0.0,-0.41120768503036376,-0.013037179520593025,0.0,1.5539382475326542,,,,,,,,,14753.02172323661,26596.714568859115,38848.14954879925,64287.12942392263
lp,34,23232,023,2.8374732744698115,,0.11066081405301763,0.0,1.136687009028497,1.5901254513883012,0.5194205727358184,0.0,1.2195470303002547,1.0985056714337427,2.8374732744698163,0.0,-1.370447690350976,0.0,1.3257181195196481,2.882202845301144,,,,,,,,,14753.02172323661,26596.714568859115,38848.14954879925,64287.12942392263
lp,34,23232,123,3.1510132416093204,,0.0,0.36694242629197577,1.180259462931903,1.6038113523854394,0.0,1.1184812199463785,1.12122033930612,0.91131168235682,3.1510132416093186,0.0,0.0,-0.9802559368630429,1.3141529056952885,2.8171162727770724,,,,,,,,,14753.02172323661,26596.714568859115,38848.14954879925,64287.12942392263
lp,35,23400,012,0.9750450367692244,,0.16193901808448488,0.3859133282269621,0.4271926904577775,0.0,0.401499014914665,0.571786917547205,0.0017591043073545644,0.0,0.9750450367692246,0.0,-0.22055601403140487,0.4079849904151479,0.7876160603854817,0.0,,,,,,,,,16007.720142296894,29587.26943899234,36379.106263158435,63315.14139274085
lp,35,23400,013,1.7085731749362874,,0.16932489768856884,0.49035158358648184,0.0,1.0488966936612323,0.4808337002989006,1.078171376437741,0.0,0.1495680981996415,1.708573174936283,0.0,-0.7720998966724285,0.017203387697137428,0.0,2.463469683911574,,,,,,,,,16007.720142296894,29587.26943899234,36379.106263158435,63315.14139274085
lp,35,23400,023,3.883652969093635,,0.20838097993002883,0.0,1.4465360266204548,2.228735962543142,0.63506560588246,0.0,1.643916812612965,1.6046705505982009,3.8836529690936255,0.0,-1.5572945149084805,0.0,1.7498665938351707,3.6910808901669356,,,,,,,,,16007.720142296894,29587.26943899234,36379.106263158435,63315.14139274085
lp,35,23400,123,4.531466655801501,,0.0,0.6134656728584834,1.568428303306696,2.3495726796363137,0.0,1.48790405061694,1.499788809802206,1.543773795382347,4.531466655801494,0.0,0.0,-0.8777289811594526,1.7344885722672185,3.6747070646937265,,,,,,,,,16007.720142296894,29587.26943899234,36379.106263158435,63315.14139274085
lp,36,23568,012,0.45079316869553404,,0.01804986937273739,0.2421369056379967,0.19060639368480184,0.0,0.14273345866068832,0.2982496531595054,0.00981005687534223,0.0,0.450793168695536,0.0,-0.48459810455656016,0.3219956360385584,0.6133956372135376,0.0,,,,,,,,,13226.494824622763,29519.116175929947,38761.21737950631,60208.276823168024
lp,36,23568,013,0.8172846172383249,,0.018297850235859024,0.4037135751858927,0.0,0.39527319181657083,0.1578011073240079,0.5991824919250668,0.0,0.06030101798924786,0.8172846172383225,0.0,-0.744830454540147,0.24182335645221842,0.0,1.320291715326251,,,,,,,,,13226.494824622763,29519.116175929947,38761.21737950631,60208.276823168024
lp,36,23568,023,1.8087848468914378,,0.018774608620511456,0.0,0.702008486385803,1.0880017518851206,0.17119296270029913,0.0,0.8095404913308825,0.8280513928602535,1.8087848468914351,0.0,-1.3730582919424457,0.0,1.0493562787723416,2.1324868600615394,,,,,,,,,13226.494824622763,29519.116175929947,38761.21737950631,60208.276823168024
lp,36,23568,123,2.9395264673768486,,0.0,0.4711020092386834,1.0058568633323728,1.4625675948057992,0.0,1.146561556971136,0.8170162395539011,0.9759486708518184,2.9395264673768553,0.0,0.0,-0.29557583305587665,1.104907977400253,2.130194323032479,,,,,,,,,13226.494824622763,29519.116175929947,38761.21737950631,60208.276823168024
lp,37,23736,012,1.1395134408245173,,0.10021615718885243,0.5736338274127555,0.4656634562229078,0.0,0.35253186680098797,0.7505256594786363,0.03645591454489168,0.0,1.1395134408245156,-1.4210854715202004e-14,-0.5893135250948833,0.6428336668038713,1.085993299115528,0.0,,,,,,,,,12980.421346173822,29963.968912091237,34710.195871261734,63300.2744433678
lp,37,23736,013,1.9851689364673286,,0.11215320929724261,0.6338666218115447,0.0,1.239149105358544,0.45088340663580084,1.0113980507975666,0.0,0.5228874790339642,1.9851689364673313,-1.4210854715202004e-14,-0.7927504469766629,0.5742817590580055,0.0,2.2036376243859883,,,,,,,,,12980.421346173822,29963.968912091237,34710.195871261734,63300.2744433678
lp,37,23736,023,3.0536658836815365,,0.11793811892986099,0.0,0.775900213376892,2.1598275513747884,0.5991677839190753,0.0,0.4478144188227104,2.0066836809397555,3.0536658836815413,-1.4210854715202004e-14,-1.4799722101578123,0.0,1.683682254624995,2.8499558392143585,,,,,,,,,12980.421346173822,29963.968912091237,34710.195871261734,63300.2744433678
lp,37,23736,123,4.601974990703682,,0.0,0.8631548481569776,1.3107113706645863,2.428108771882123,0.0,2.0140527330662685,0.48514870084314865,2.1027735567942694,4.601974990703687,0.0,0.0,0.055788457641529385,1.731098795494803,2.815087737567355,,,,,,,,,12980.421346173822,29963.968912091237,34710.195871261734,63300.2744433678
lp,38,23904,012,0.9473276700778532,,0.11510585897047548,0.391481389039231,0.4407404220681414,0.0,0.30120333884195916,0.6109572717969354,0.03516705943895328,0.0,0.9473276700778478,0.0,-0.3394016172687364,0.4196014775440276,0.8671278098025567,0.0,,,,,,,,,17280.166483182646,29389.288270029585,39915.23286548164,69057.833839025
lp,38,23904,013,1.7514171625639658,,0.12313126078913547,0.5350502930674585,0.0,1.0932356087073696,0.3848603370964583,1.1436647434019656,0.0,0.22289208206553962,1.7514171625639636,0.0,-0.6376294520099526,0.21635494228523258,0.0,2.1726916722886833,,,,,,,,,17280.166483182646,29389.288270029585,39915.23286548164,69057.833839025
lp,38,23904,023,3.2842623238750748,,0.14175504568126407,0.0,0.9140756953182085,2.228431582875601,0.5390008799916415,0.0,0.6729530714113444,2.072308372472088,3.2842623238750734,0.0,-1.4428493303523513,0.0,1.6498368008784732,3.0772748533489516,,,,,,,,,17280.166483182646,29389.288270029585,39915.23286548164,69057.833839025
lp,38,23904,123,4.212573504278336,,0.0,0.58227234369121,1.2012581434680067,2.4290430171191177,0.0,1.6399680253128537,0.659071781201271,1.9135336977642095,4.212573504278334,0.0,0.0,-0.4761032400758462,1.62978086768785,3.0588958766663294,,,,,,,,,17280.166483182646,29389.288270029585,39915.23286548164,69057.833839025
lp,39,24072,012,0.5743445742546269,,0.05405812994864673,0.2335249483606545,0.2867614959453261,0.0,0.21850370629099042,0.33637007183843026,0.01947079612520671,0.0,0.5743445742546274,0.0,-0.3819031721959341,0.2896458652922232,0.6666018811583383,0.0,,,,,,,,,13180.581545083634,25825.396506794328,38620.65714169311,66257.5371596658
lp,39,24072,013,1.1143321956704784,,0.0506215392234131,0.327603508005123,0.0,0.736107148441944,0.2423909889842111,0.7386419094347773,0.0,0.13329929725149192,1.1143321956704804,0.0,-0.5985430410313028,0.19499031180256554,0.0,1.5178849248992177,,,,,,,,,13180.581545083634,25825.396506794328,38620.65714169311,66257.5371596658
lp,39,24072,023,2.4799982193257706,,0.06315640986306828,0.0,0.6996484461214878,1.7171933633412153,0.2928523338698087,0.0,0.5700449732346454,1.6171009122213174,2.4799982193257715,0.0,-1.4294435089907265,0.0,1.3351725116567101,2.574269216659788,,,,,,,,,13180.581545083634,25825.396506794328,38620.65714169311,66257.5371596658
lp,39,24072,123,3.3018810627902666,,0.0,0.39161570590728334,1.0004974924005805,1.9097678644823832,0.0,1.3978320567746354,0.5101375171375259,1.393911488878086,3.301881062790247,0.0,0.0,-0.5805955819360298,1.3164014017186794,2.5660752430075977,,,,,,,,,13180.581545083634,25825.396506794328,38620.65714169311,66257.5371596658
lp,40,24240,012,0.8098506345276175,,0.07997490141353525,0.3635347631462192,0.36634096996786336,0.0,0.37706652661463824,0.42648809142346117,0.006296016489518455,0.0,0.8098506345276179,0.0,-0.421194915570118,0.4425241695442222,0.7885213805535135,0.0,,,,,,,,,14306.34156352679,28129.778146011435,34334.073026907536,67320.78641226036
lp,40,24240,013,1.704014901679464,,0.08379743841749246,0.5742252621485633,0.0,1.0459922011134137,0.44576278486747173,1.188057384790485,0.0,0.07019473202151258,1.7040149016794692,0.0,-0.8028066844409638,0.31575591384774526,0.0,2.1910656722726856,,,,,,,,,14306.34156352679,28129.778146011435,34334.073026907536,67320.78641226036
lp,40,24240,023,3.2718982949884454,,0.08755135865551202,0.0,0.9264795284254024,2.25786740790753,0.5186899121327632,0.0,0.9133933486289667,1.8398150342267146,3.2718982949884445,0.0,-1.76115624025022,0.0,1.5713504789953323,3.4617040562433297,,,,,,,,,14306.34156352679,28129.778146011435,34334.073026907536,67320.78641226036
lp,40,24240,123,4.369731276952843,,0.0,0.6032304740003409,1.2011307175765769,2.5653700853759327,0.0,1.9427438508069776,0.7848731876437753,1.6421142385020973,4.36973127695285,0.0,0.0,-0.6066838818927801,1.5618322723940805,3.41458288645155,,,,,,,,,14306.34156352679,28129.778146011435,34334.073026907536,67320.78641226036
lp,41,24408,012,1.0889333479018886,,0.09367787226142886,0.5297351873260755,0.46552028831438325,0.0,0.43547760256316037,0.652955479966881,0.0005002653718461442,0.0,1.0889333479018874,-1.4210854715202004e-14,-0.4637211949056119,0.6397757735182206,0.9128787692892789,0.0,,,,,,,,,13944.273955645795,29800.33529104887,35733.26938283024,64759.998232680984
lp,41,24408,013,1.8393244257244972,,0.09713220574653082,0.6810967804985176,0.0,1.0610954394794498,0.48534115620465845,1.1287128703835472,0.0,0.22527039913629246,1.839324425724498,0.0,-0.84035873331273,0.4653880135437447,0.0,2.2142951454934834,,,,,,,,,13944.273955645795,29800.33529104887,35733.26938283024,64759.998232680984
lp,41,24408,023,3.3509366729698504,,0.10028615706388415,0.0,1.0638241989446702,2.186826316961293,0.5464738392919781,0.0,1.0368061786866614,1.7676566549912078,3.350936672969847,0.0,-1.801840843651321,0.0,1.7050931493569523,3.447684367264215,,,,,,,,,13944.273955645795,29800.33529104887,35733.26938283024,64759.998232680984
lp,41,24408,123,4.811886139336998,,0.0,0.8069516557510998,1.4263639798255026,2.578570503760406,0.0,1.9085611004000378,1.0625175247891698,1.8408075141478002,4.811886139337008,-1.4210854715202004e-14,0.0,-0.4169551253859866,1.675224578115776,3.5536166866072194,,,,,,,,,13944.273955645795,29800.33529104887,35733.26938283024,64759.998232680984
lp,42,24576,012,1.0380774982371026,,0.1211328407493668,0.5146772436787113,0.40226741380902353,0.0,0.438411501999702,0.5893361361643035,0.010329860073096123,0.0,1.0380774982371015,0.0,-0.30245346611118584,0.5473576522006921,0.7931733121475955,0.0,,,,,,,,,14395.3785318224,30317.154187780456,37360.6293022726,66004.25855914554
lp,42,24576,013,1.9066014489797731,,0.13432047109704692,0.6423667100109698,0.0,1.1299142678717546,0.5072597820140571,1.1448167584499778,0.0,0.2545249085157366,1.9066014489797711,0.0,-0.7247782227825157,0.3429843860680796,0.0,2.2883952856942074,,,,,,,,,14395.3785318224,30317.154187780456,37360.6293022726,66004.25855914554
lp,42,24576,023,3.7019917654137875,,0.13623521434821448,0.0,1.1511716847907447,2.4145848662748195,0.5371420046001991,0.0,1.2529725804389362,1.9118771803746437,3.7019917654137786,0.0,-1.8232115598173582,0.0,1.5356864939131383,3.989516831317999,,,,,,,,,14395.3785318224,30317.154187780456,37360.6293022726,66004.25855914554
lp,42,24576,123,4.754546728996707,,0.0,0.6763198636864352,1.4215454957520604,2.6566813695582012,0.0,1.6293336049180402,1.2127487860018495,1.9124643380768067,4.754546728996697,0.0,0.0,-0.7527465223944199,1.568292684560199,3.9390005668309183,,,,,,,,,14395.3785318224,30317.154187780456,37360.6293022726,66004.25855914554
lp,43,24744,012,2.034407358751544,,0.2520433830263318,0.7877176553028991,0.9946463204223263,0.0,0.7018284345628785,1.3198856170864657,0.012693307102213003,0.0,2.034407358751557,0.0,-0.12277418268658721,0.5761674278916167,1.5810141135465272,0.0,,,,,,,,,13246.522048754327,31001.094894185233,41356.06581066488,69241.93160884523
lp,43,24744,013,3.278281200165772,,0.30186883565404604,0.9401984241824021,0.0,2.036213940329319,1.0969676994106332,1.964739484573044,0.0,0.21657401618209013,3.2782812001657673,0.0,-0.7774851421479604,-0.04783660685309372,0.0,4.103602949166822,,,,,,,,,13246.522048754327,31001.094894185233,41356.06581066488,69241.93160884523
lp,43,24744,023,6.967132692160572,,0.33575487917773195,0.0,2.0695413619557104,4.561836451027114,1.6367936128432583,0.0,1.4750046342200975,3.8553344450972014,6.967132692160556,0.0,-1.9240752539220005,0.0,3.1054822486453784,5.7857256974371785,,,,,,,,,13246.522048754327,31001.094894185233,41356.06581066488,69241.93160884523
lp,43,24744,123,7.591346141956668,,0.0,0.8752808997554438,2.1598132371445047,4.55625200505673,0.0,2.2945883556071967,1.3974766050365386,3.8992811813129435,7.591346141956679,0.0,0.0,-1.2915294630202352,3.112567011202626,5.770308593774288,,,,,,,,,13246.522048754327,31001.094894185233,41356.06581066488,69241.93160884523
lp,44,24912,012,2.0452967122289447,,0.28876270730167514,0.8516152574083498,0.9049187475189234,0.0,0.8264903215216091,1.2188063907073392,0.0,0.0,2.0452967122289483,0.0,-0.23999558941023494,0.722723338533561,1.5625689631056223,0.0,,,,,,,,,14182.549179422662,31081.4118890989,39476.129456314935,63729.884402208416
lp,44,24912,013,3.3191013066833026,,0.3189113172013268,0.9762978952598624,0.0,2.023892094222123,1.0687186818619492,1.9698591121868847,0.0,0.2805235126344783,3.319101306683313,0.0,-1.1907111986542147,-0.24907354306260404,0.0,4.758886048400131,,,,,,,,,14182.549179422662,31081.4118890989,39476.129456314935,63729.884402208416
lp,44,24912,023,7.243931809297319,,0.3388407539538648,0.0,2.6107650889992984,4.294325966344162,1.484785101924544,0.0,2.6782888007103645,3.080857906662416,7.243931809297325,0.0,-2.4496318113351556,0.0,3.3482405407118527,6.345323079920626,,,,,,,,,14182.549179422662,31081.4118890989,39476.129456314935,63729.884402208416
lp,44,24912,123,8.18600566315552,,0.0,0.9823899670750336,2.779013940614487,4.4246017554659955,0.0,2.5366434107409215,2.610400962929711,3.0389612894848845,8.186005663155516,0.0,0.0,-1.4580622310668052,3.325744161899723,6.3183237323225985,,,,,,,,,14182.549179422662,31081.4118890989,39476.129456314935,63729.884402208416
lp,45,25080,012,1.3104705095775393,,0.16251476738615075,0.6471284352361075,0.5008273069552845,0.0,0.6550379869200238,0.6542707662581988,0.0011617563993203026,0.0,1.310470509577543,0.0,-0.39707367007928696,0.7282275009152228,0.9793166787416072,0.0,,,,,,,,,13683.796300467566,30527.874507504686,33071.059201471944,60952.75054538742
lp,45,25080,013,2.353059377918011,,0.17906545788807066,0.8797658529075906,0.0,1.294228067122346,0.756053356864532,1.5523199397239866,0.0,0.04468608132948854,2.353059377918007,0.0,-0.8491745390155591,0.4633143170031758,0.0,2.7389195999303904,,,,,,,,,13683.796300467566,30527.874507504686,33071.059201471944,60952.75054538742
lp,45,25080,023,4.640823235939649,,0.177195166518822,0.0,1.594701437377665,2.868926632043149,0.8043662352945137,0.0,1.9656182577493166,1.8708387428958055,4.640823235939636,0.0,-2.3225651919211505,0.0,2.0366681540805485,4.926720273780238,,,,,,,,,13683.796300467566,30527.874507504686,33071.059201471944,60952.75054538742
lp,45,25080,123,5.9764530996925265,,0.0,0.8624673369499903,1.8102731583171408,3.303712604425402,0.0,2.033636183212708,1.8555782091606248,2.0872387073192007,5.976453099692533,0.0,0.0,-0.9574783920105155,2.0796625911699143,4.8542689005331345,,,,,,,,,13683.796300467566,30527.874507504686,33071.059201471944,60952.75054538742
lp,46,25248,012,0.8575596794628048,,0.108076871349853,0.34859662666693936,0.40088618144601573,0.0,0.3998497606074847,0.4527891702424233,0.004920748612900072,0.0,0.8575596794628082,0.0,-0.23321073982830567,0.3869833327877249,0.703787086503389,0.0,,,,,,,,,15680.014067748967,27971.628355901878,35706.99244669893,66030.56164380301
lp,46,25248,013,1.7551258798375098,,0.11757275988086893,0.5036551123410988,0.0,1.133898007615543,0.45362250834345613,1.127738471858004,0.0,0.17376489963605057,1.7551258798375104,0.0,-0.7686241319863834,-0.015984844529188354,0.0,2.539734856353082,,,,,,,,,15680.014067748967,27971.628355901878,35706.99244669893,66030.56164380301
lp,46,25248,023,3.9338656573136035,,0.12577604825279476,0.0,1.2414712331776654,2.566618375883131,0.556322148871053,0.0,1.3982002301617609,1.979343278280777,3.933865657313591,0.0,-1.68538787043991,0.0,1.669696881627596,3.949556646125904,,,,,,,,,15680.014067748967,27971.628355901878,35706.99244669893,66030.56164380301
lp,46,25248,123,4.5664359261970535,,0.0,0.5270625043312558,1.3464764966021114,2.6928969252636934,0.0,1.5073487634404765,1.2563077709074086,1.8027793918491755,4.5664359261970615,0.0,0.0,-1.01157234100159,1.6740319101519094,3.903976357046741,,,,,,,,,15680.014067748967,27971.628355901878,35706.99244669893,66030.56164380301
lp,47,25416,012,1.530767663206421,,0.17979067456390985,0.7396305902458038,0.6113463983967052,0.0,0.7178367158667142,0.8080102960722041,0.0049206512675005545,0.0,1.5307676632064187,0.0,-0.5257421738681981,0.8870904280550308,1.1694194090195862,0.0,,,,,,,,,13485.872080147019,29147.03532257263,33744.89623044364,63846.264977282335
lp,47,25416,013,2.656089722158792,,0.18237112970609626,0.9538919999771068,0.0,1.519826592475581,0.7442319002679652,1.7829588201724,0.0,0.128899001718419,2.656089722158784,0.0,-0.92576879031903,0.682261768265731,0.0,2.8995967442120825,,,,,,,,,13485.872080147019,29147.03532257263,33744.89623044364,63846.264977282335
lp,47,25416,023,4.158783480072868,,0.18504010707321591,0.0,1.2681012699290368,2.7056421030706193,0.7625383875451566,0.0,1.2909477041951214,2.105297388332594,4.158783480072872,0.0,-1.8439877547408607,0.0,1.7577304950719708,4.245040739741762,,,,,,,,,13485.872080147019,29147.03532257263,33744.89623044364,63846.264977282335
lp,47,25416,123,5.793596338763192,,0.0,1.0432989704571705,1.6683786212326903,3.0819187470733347,0.0,2.548726591254008,1.2376326934536686,2.0072370540555196,5.793596338763195,0.0,0.0,-0.24051183735407633,1.782796523844183,4.251311652273088,,,,,,,,,13485.872080147019,29147.03532257263,33744.89623044364,63846.264977282335
lp,48,25584,012,1.0515947474661294,,0.10775958575169613,0.534110446019394,0.40972471569503943,0.0,0.5066262085818513,0.5418293599240341,0.0031391789602442178,0.0,1.0515947474661298,0.0,-0.4417802558724739,0.6350534294286313,0.8583215739099717,0.0,,,,,,,,,12032.217796174462,30109.030084231184,36569.670242444976,65279.58704922657
lp,48,25584,013,1.9808015235622665,,0.1319425311293995,0.7248389883003811,0.0,1.1240200041324893,0.6013839162395291,1.283602940127127,0.0,0.09581466719561364,1.9808015235622698,0.0,-0.8866764552970813,0.44730698484410797,0.0,2.4201709940152427,,,,,,,,,12032.217796174462,30109.030084231184,36569.670242444976,65279.58704922657
lp,48,25584,023,3.5105587750563685,,0.11896950012768018,0.0,1.2267136260847724,2.1648756488439265,0.6127231980879346,0.0,1.5377443356051124,1.3600912413633321,3.5105587750563787,0.0,-1.9833392538985795,0.0,1.4972459329468175,3.9966520960081406,,,,,,,,,12032.217796174462,30109.030084231184,36569.670242444976,65279.58704922657
lp,48,25584,123,4.961380909513936,,0.0,0.7834479143584282,1.49731586489741,2.680617130258088,0.0,1.9476853057612795,1.5550629781748946,1.4586326255777524,4.961380909513928,0.0,0.0,-0.5210369911305395,1.4957869109829125,3.986630989661554,,,,,,,,,12032.217796174462,30109.030084231184,36569.670242444976,65279.58704922657
lp,49,25752,012,3.054791729398379,,0.4369594842244407,1.3324018198129015,1.2854304253610471,0.0,1.4200189125366813,1.6347728168617077,0.0,0.0,3.0547917293983895,0.0,-0.013752960086181876,1.3548628839020944,1.7136818055824754,0.0,,,,,,,,,16188.961434021498,34397.65212203965,36848.82481887282,64464.84139110838
lp,49,25752,013,4.732835422934499,,0.45206634520627026,1.4426073503981944,0.0,2.8381617273300237,1.522935291616498,2.5763714814566225,0.0,0.6335286498613685,4.732835422934488,0.0,-0.3903389188163985,1.1382505770701752,0.0,3.9849237646807123,,,,,,,,,16188.961434021498,34397.65212203965,36848.82481887282,64464.84139110838
lp,49,25752,023,6.835709855390618,,0.4594085850341195,0.0,2.0910835175950715,4.285217752761428,1.6528853873144953,0.0,1.4964895131063314,3.6863349549697917,6.8357098553906175,-1.4210854715202004e-14,-1.3603408075306185,0.0,2.9263826791690457,5.26966798375219,,,,,,,,,16188.961434021498,34397.65212203965,36848.82481887282,64464.84139110838
lp,49,25752,123,8.335936998294361,,0.0,1.4966116921822739,2.3993940508739575,4.439931255238115,0.0,3.0031878751291856,1.6541869125568849,3.6785622106082765,8.335936998294347,-1.4210854715202004e-14,0.0,0.09151625938408729,2.9765906575583676,5.267830081351893,,,,,,,,,16188.961434021498,34397.65212203965,36848.82481887282,64464.84139110838
lp,50,25920,012,0.403076199020304,,0.05574473659332646,0.16372663678080446,0.18360482564617314,0.0,0.1794353797802033,0.22301907454005396,0.0006217447000468078,0.0,0.40307619902030406,-1.4210854715202004e-14,-0.06797914996940667,0.1613420744078365,0.309713274581874,0.0,,,,,,,,,16753.352063024577,30290.90684985778,38402.91481711701,61851.46768402625
lp,50,25920,013,0.6934921118251245,,0.058970794392110226,0.21027694844562875,0.0,0.42424436898738505,0.2311086318866416,0.4303267840486792,0.0,0.03205669588980331,0.6934921118251242,-1.4210854715202004e-14,-0.28556218755999224,-0.009148558077554044,0.0,0.9882028574626696,,,,,,,,,16753.352063024577,30290.90684985778,38402.91481711701,61851.46768402625
lp,50,25920,023,1.673631877896022,,0.059093689838853304,0.0,0.6665325898757933,0.9480055981813739,0.2542724063947965,0.0,0.892773923522732,0.5265855479784922,1.6736318778960206,0.0,-0.843027837143646,0.0,0.6714743097405481,1.8451854052991183,,,,,,,,,16753.352063024577,30290.90684985778,38402.91481711701,61851.46768402625
lp,50,25920,123,1.8701981287075549,,0.0,0.216049193391639,0.6458782017323345,1.0082707335835834,0.0,0.6070024990348678,0.8049031199270112,0.4582925097456777,1.870198128707557,-1.4210854715202004e-14,0.0,-0.5630362830315601,0.6748579765771506,1.7583764351619662,,,,,,,,,16753.352063024577,30290.90684985778,38402.91481711701,61851.46768402625
lp,51,26088,012,0.919786649773599,,0.10393816342786436,0.41422224972509697,0.4016262366206381,0.0,0.39983469365199054,0.5004264362635635,0.019525519858045425,0.0,0.9197866497735994,0.0,-0.2395552448620368,0.4276292226420301,0.731712671993606,0.0,,,,,,,,,13373.254049574,30998.824614889403,35576.87267902273,65585.05939878576
lp,51,26088,013,1.6840431809272176,,0.11082166740961444,0.5134828967893753,0.0,1.0597386167282319,0.4627895757802237,1.0597793561595514,0.0,0.16147424898744608,1.6840431809272214,0.0,-0.6653827322032277,0.1440204667258861,0.0,2.205405446404563,,,,,,,,,13373.254049574,30998.824614889403,35576.87267902273,65585.05939878576
lp,51,26088,023,3.536669124401105,,0.11084336113988888,0.0,1.3524688707750072,2.0733568924862014,0.5350383353186297,0.0,1.7758581906574793,1.2257725984249888,3.5366691244010973,0.0,-1.5621651140442063,0.0,1.4199181996899755,3.678916038755329,,,,,,,,,13373.254049574,30998.824614889403,35576.87267902273,65585.05939878576
lp,51,26088,123,4.232282477900026,,0.0,0.4943789603860126,1.398221089324396,2.339682428189612,0.0,1.2859364022110304,1.6927533797609386,1.2535926959280517,4.2322824779000205,0.0,0.0,-0.8466470178013367,1.3739531502511033,3.704976345450254,,,,,,,,,13373.254049574,30998.824614889403,35576.87267902273,65585.05939878576
lp,0,17520,01,0.6206623098439863,,0.16061403669931745,0.46004827314466895,0.0,0.0,0.523330048733489,0.09733226111049745,0.0,0.0,0.6206623098439864,0.0,0.0644487576703406,0.5562135521736458,0.0,0.0,,,,,,,,,13114.536984736784,29156.699051102096,37067.49783348024,65991.36389707768
lp,0,17520,02,1.0133661850533044,,0.19499227401799696,0.0,0.8183739110353079,0.0,0.913799385272767,0.0,0.09956679978053785,0.0,1.013366185053305,0.0,-0.32380093181858927,0.0,1.3371671168718935,0.0,,,,,,,,,13114.536984736784,29156.699051102096,37067.49783348024,65991.36389707768
lp,0,17520,03,2.366731326488372,,0.1972222959237296,0.0,0.0,2.1695090305646447,1.0554014502864886,0.0,0.0,1.3113298762018857,2.3667313264883747,0.0,-1.2179226004885269,0.0,0.0,3.5846539269769004,,,,,,,,,13114.536984736784,29156.699051102096,37067.49783348024,65991.36389707768
lp,0,17520,12,2.6951110932416524,,0.0,1.0949134305831614,1.6001976626584915,0.0,0.0,2.4721682842710027,0.22294280897065002,0.0,2.695111093241653,0.0,0.0,0.5573324627241278,2.1377786305175253,0.0,,,,,,,,,13114.536984736784,29156.699051102096,37067.49783348024,65991.36389707768
lp,0,17520,13,4.100256543076676,,0.0,1.0457211613616795,0.0,3.054535381715,0.0,2.216339770846229,0.0,1.8839167722304506,4.1002565430766795,0.0,0.0,0.4996599708764416,0.0,3.6005965722002378,,,,,,,,,13114.536984736784,29156.699051102096,37067.49783348024,65991.36389707768
lp,0,17520,23,6.034688691918639,,0.0,0.0,2.2562427911538454,3.778445900764797,0.0,0.0,0.884634816551108,5.150053875367535,6.0346886919186415,0.0,0.0,0.0,2.399538282269626,3.635150409649018,,,,,,,,,13114.536984736784,29156.699051102096,37067.49783348024,65991.36389707768
lp,1,17688,01,1.8952104427584133,,0.5034014889090385,1.3918089538493776,0.0,0.0,1.4473404265096375,0.44787001624877854,0.0,0.0,1.895210442758416,0.0,0.14983568387441162,1.7453747588840043,0.0,0.0,,,,,,,,,14597.867032310922,32410.657559259198,36611.718596365055,65021.45801182537
lp,1,17688,02,2.3889402401664164,,0.5741087774863685,0.0,1.8148314626800413,0.0,2.0462347091392292,0.0,0.3427055310271805,0.0,2.3889402401664097,0.0,-1.073019802124502,0.0,3.4619600422909116,0.0,,,,,,,,,14597.867032310922,32410.657559259198,36611.718596365055,65021.45801182537
lp,1,17688,03,4.781334790018378,,0.5816215222006956,0.0,0.0,4.199713267817674,2.2066296986580376,0.0,0.0,2.5747050913603324,4.78133479001837,0.0,-1.6357275835460656,0.0,0.0,6.417062373564436,,,,,,,,,14597.867032310922,32410.657559259198,36611.718596365055,65021.45801182537
lp,1,17688,12,5.071977476332721,,0.0,2.1581333166164165,2.9138441597163034,0.0,0.0,4.142606608826373,0.9293708675063467,0.0,5.07197747633272,0.0,0.0,1.2798992922530938,3.7920781840796263,0.0,,,,,,,,,14597.867032310922,32410.657559259198,36611.718596365055,65021.45801182537
lp,1,17688,13,7.343396896367255,,0.0,2.141483735543186,0.0,5.201913160824064,0.0,4.120037183771597,0.0,3.223359712595651,7.343396896367248,0.0,0.0,0.8722822965093996,0.0,6.47111459985785,,,,,,,,,14597.867032310922,32410.657559259198,36611.718596365055,65021.45801182537
lp,1,17688,23,10.865122621068345,,0.0,0.0,4.065629674203079,6.7994929468652305,0.0,0.0,2.8455229828997917,8.019599638168518,10.86512262106831,0.0,0.0,0.0,4.221641857436147,6.643480763632163,,,,,,,,,14597.867032310922,32410.657559259198,36611.718596365055,65021.45801182537
lp,2,17856,01,0.8270168745396368,,0.2249125361552352,0.6021043383844018,0.0,0.0,0.7165787176857604,0.11043815685387628,0.0,0.0,0.8270168745396369,0.0,0.1265094706603591,0.700507403879278,0.0,0.0,,,,,,,,,14269.941751132043,31438.017046215486,37695.59250125816,65904.51893507827
lp,2,17856,02,1.3557430248905922,,0.2518858879842974,0.0,1.1038571369062984,0.0,1.0166490517459155,0.0,0.33909397314468026,0.0,1.3557430248905955,0.0,-0.9104649920893207,0.0,2.2662080169799155,0.0,,,,,,,,,14269.941751132043,31438.017046215486,37695.59250125816,65904.51893507827
lp,2,17856,03,3.6989658703107597,,0.25021933825532716,0.0,0.0,3.448746532055444,1.102081691192972,0.0,0.0,2.596884179117799,3.6989658703107717,0.0,-1.9613068976248826,0.0,0.0,5.6602727679356555,,,,,,,,,14269.941751132043,31438.017046215486,37695.59250125816,65904.51893507827
lp,2,17856,12,2.837473548596867,,0.0,1.1002908970889338,1.7371826515079278,0.0,0.0,2.448491761923481,0.3889817866733804,0.0,2.8374735485968614,-1.0658141036401503e-14,0.0,0.16340067499693856,2.674072873599923,0.0,,,,,,,,,14269.941751132043,31438.017046215486,37695.59250125816,65904.51893507827
lp,2,17856,13,5.301480166570689,,0.0,1.128160821865002,0.0,4.173319344705711,0.0,2.61591405294036,0.0,2.6855661136303524,5.301480166570713,0.0,0.0,-0.29245889812252995,0.0,5.593939064693242,,,,,,,,,14269.941751132043,31438.017046215486,37695.59250125816,65904.51893507827
lp,2,17856,23,9.097965368822711,,0.0,0.0,3.2145020892287754,5.8834632795939505,0.0,0.0,3.507273907558053,5.590691461264671,9.097965368822724,0.0,0.0,0.0,3.036877075722725,6.061088293099999,,,,,,,,,14269.941751132043,31438.017046215486,37695.59250125816,65904.51893507827
lp,3,18024,01,0.3006125966280384,,0.1096699481764322,0.19094264845160566,0.0,0.0,0.2476759944309222,0.052936602197115656,0.0,0.0,0.30061259662803785,7.105427357601002e-14,0.05573521458023472,0.24487738204780266,0.0,0.0,,,,,,,,,14906.641268970801,29770.701161113953,39098.331872500916,69789.03043794769
lp,3,18024,02,0.5698441197574629,,0.11564220338930024,0.0,0.45420191636816254,0.0,0.3890568705187309,0.0,0.1807872492387319,0.0,0.5698441197574629,0.0,-0.4064502040235164,0.0,0.9762943237809792,0.0,,,,,,,,,14906.641268970801,29770.701161113953,39098.331872500916,69789.03043794769
lp,3,18024,03,1.6032759332135569,,0.11894748132829269,0.0,0.0,1.4843284518852649,0.4492809746089685,0.0,0.0,1.1539949586045888,1.6032759332135573,0.0,-1.1832334872064754,0.0,0.0,2.786509420420033,,,,,,,,,14906.641268970801,29770.701161113953,39098.331872500916,69789.03043794769
lp,3,18024,12,1.0336356386972334,,0.0,0.38391915502395424,0.6497164836732808,0.0,0.0,0.8816500292648217,0.1519856094324133,0.0,1.033635638697235,5.684341886080802e-14,0.0,0.035666180490580734,0.9979694582066544,0.0,,,,,,,,,14906.641268970801,29770.701161113953,39098.331872500916,69789.03043794769
lp,3,18024,13,2.092376141229741,,0.0,0.38732790277785367,0.0,1.705048238451889,0.0,1.0478285874379016,0.0,1.044547553791841,2.092376141229743,0.0,0.0,-0.5137237720903053,0.0,2.6060999133200484,,,,,,,,,14906.641268970801,29770.701161113953,39098.331872500916,69789.03043794769
lp,3,18024,23,4.154259825894595,,0.0,0.0,1.4022635152261709,2.7519963106684155,0.0,0.0,1.550102803060887,2.604157022833699,4.154259825894586,0.0,0.0,0.0,1.2480351613529237,2.9062246645416625,,,,,,,,,14906.641268970801,29770.701161113953,39098.331872500916,69789.03043794769
lp,4,18192,01,0.2767424245734367,,0.06792434987253149,0.20881807470090513,0.0,0.0,0.24274110644806163,0.03400131812537499,0.0,0.0,0.27674242457343656,0.0,0.0229705268911061,0.2537718976823305,0.0,0.0,,,,,,,,,12081.253344416342,30935.141241374808,37130.9605590124,69504.61413025045
lp,4,18192,02,0.39771595786987357,,0.07491796549126532,0.0,0.32279799237860773,0.0,0.34344087713522603,0.0,0.054275080734646985,0.0,0.397715957869873,0.0,-0.20037167509593637,0.0,0.5980876329658096,0.0,,,,,,,,,12081.253344416342,30935.141241374808,37130.9605590124,69504.61413025045
lp,4,18192,03,1.5730963885637346,,0.07461201586585281,0.0,0.0,1.4984843726978831,0.41007303134443546,0.0,0.0,1.1630233572193003,1.573096388563736,0.0,-1.31892734869787,0.0,0.0,2.892023737261606,,,,,,,,,12081.253344416342,30935.141241374808,37130.9605590124,69504.61413025045
lp,4,18192,12,1.0030270641017376,,0.0,0.41751836702439643,0.5855086970773421,0.0,0.0,0.8852927723552739,0.1177342917464647,0.0,1.0030270641017387,0.0,0.0,0.22936926270922278,0.7736578013925156,0.0,,,,,,,,,12081.253344416342,30935.141241374808,37130.9605590124,69504.61413025045
lp,4,18192,13,2.2627328214095104,,0.0,0.42428169436709534,0.0,1.8384511270424155,0.0,1.0091457553409582,0.0,1.2535870660685529,2.262732821409511,0.0,0.0,-0.6732835737887013,0.0,2.936016395198212,,,,,,,,,12081.253344416342,30935.141241374808,37130.9605590124,69504.61413025045
lp,4,18192,23,3.647965835802695,,0.0,0.0,1.1296887663778987,2.518277069424813,0.0,0.0,1.3720367757647154,2.2759290600379956,3.6479658358027116,0.0,0.0,0.0,0.6838975583599116,2.9640682774427995,,,,,,,,,12081.253344416342,30935.141241374808,37130.9605590124,69504.61413025045
lp,5,18360,01,0.4811262482148911,,0.14302430478238048,0.33810194343251015,0.0,0.0,0.39403448229033966,0.08709176592455098,0.0,0.0,0.4811262482148907,1.0658141036401503e-14,0.08123978530698171,0.3998864629079094,0.0,0.0,,,,,,,,,13900.35538004321,26030.904409494364,32728.564974358964,62764.84997001141
lp,5,18360,02,0.6742129679382002,,0.1506476624205856,0.0,0.5235653055176152,0.0,0.5800647980017576,0.0,0.09414816993644319,0.0,0.6742129679382008,0.0,-0.2170268048918756,0.0,0.8912397728300763,0.0,,,,,,,,,13900.35538004321,26030.904409494364,32728.564974358964,62764.84997001141
lp,5,18360,03,1.8008881008856512,,0.1555214299475319,0.0,0.0,1.645366670938113,0.6800742701391026,0.0,0.0,1.1208138307465425,1.800888100885645,0.0,-1.3297057960510188,0.0,0.0,3.130593896936664,,,,,,,,,13900.35538004321,26030.904409494364,32728.564974358964,62764.84997001141
lp,5,18360,12,1.4515897938017435,,0.0,0.5863108277086042,0.8652789660931425,0.0,0.0,1.3208708112411192,0.1307189825606276,0.0,1.4515897938017466,1.0658141036401503e-14,0.0,0.24213372144150663,1.2094560723602394,0.0,,,,,,,,,13900.35538004321,26030.904409494364,32728.564974358964,62764.84997001141
lp,5,18360,13,2.5223216998417404,,0.0,0.6219345802132491,0.0,1.900387119628488,0.0,1.593020493026624,0.0,0.9293012068151131,2.5223216998417373,0.0,0.0,-0.4977361167169921,0.0,3.020057816558729,,,,,,,,,13900.35538004321,26030.904409494364,32728.564974358964,62764.84997001141
lp,5,18360,23,4.800240531488034,,0.0,0.0,1.6968049435668981,3.1034355879211315,0.0,0.0,1.1852624062866568,3.6149781252013726,4.800240531488029,0.0,0.0,0.0,1.54643337618807,3.2538071552999592,,,,,,,,,13900.35538004321,26030.904409494364,32728.564974358964,62764.84997001141
lp,6,18528,01,0.4204677730244783,,0.13353438440320484,0.28693338862127266,0.0,0.0,0.3692515602408815,0.05121621278359588,0.0,0.0,0.42046777302447746,0.0,0.06647512134531315,0.3539926516791645,0.0,0.0,,,,,,,,,14390.087219414068,31667.89518174542,40887.80930479853,65573.6590781149
lp,6,18528,02,1.07691388846295,,0.13741945118117796,0.0,0.9394944372817711,0.0,0.5245974152679679,0.0,0.5523164731949812,0.0,1.076913888462949,0.0,-1.0711357192144981,0.0,2.148049607677448,0.0,,,,,,,,,14390.087219414068,31667.89518174542,40887.80930479853,65573.6590781149
lp,6,18528,03,1.8442655478592975,,0.14473036020729935,0.0,0.0,1.699535187651997,0.576750839605276,0.0,0.0,1.2675147082540206,1.8442655478592964,0.0,-1.5589957369151268,0.0,0.0,3.4032612847744224,,,,,,,,,14390.087219414068,31667.89518174542,40887.80930479853,65573.6590781149
lp,6,18528,12,1.8891312952133004,,0.0,0.6025711421438842,1.2865601530694166,0.0,0.0,1.3552565217836974,0.5338747734296033,0.0,1.8891312952133008,0.0,0.0,-0.40247673159904057,2.291608026812341,0.0,,,,,,,,,14390.087219414068,31667.89518174542,40887.80930479853,65573.6590781149
lp,6,18528,13,2.79426420953373,,0.0,0.6634274030104124,0.0,2.1308368065233148,0.0,1.5086127519128127,0.0,1.2856514576209142,2.794264209533727,0.0,0.0,-0.6038318932640986,0.0,3.3980961027978243,,,,,,,,,14390.087219414068,31667.89518174542,40887.80930479853,65573.6590781149
lp,6,18528,23,5.66002135294167,,0.0,0.0,2.2461637403150654,3.4138576126266056,0.0,0.0,1.6279941491332082,4.032027203808463,5.660021352941671,0.0,0.0,0.0,2.2329549097321486,3.4270664432095224,,,,,,,,,14390.087219414068,31667.89518174542,40887.80930479853,65573.6590781149
lp,7,18696,01,0.4701922457940419,,0.15383270854690784,0.3163595372471332,0.0,0.0,0.3360787791331144,0.1341134666609266,0.0,0.0,0.470192245794041,0.0,0.10121513561971397,0.36897711017432705,0.0,0.0,,,,,,,,,14979.883749405299,33708.90349543862,39307.662543230654,68046.00838093288
lp,7,18696,02,0.8384450762464538,,0.17109443142437192,0.0,0.6673506448220821,0.0,0.5500427621193611,0.0,0.28840231412709283,0.0,0.8384450762464539,2.1316282072803006e-14,-0.3356245965231417,0.0,1.1740696727695958,0.0,,,,,,,,,14979.883749405299,33708.90349543862,39307.662543230654,68046.00838093288
lp,7,18696,03,2.2734298225245495,,0.1787667651169966,0.0,0.0,2.094663057407549,0.6866110963280406,0.0,0.0,1.5868187261965052,2.273429822524545,-2.842170943040401e-14,-1.3861052882830458,0.0,0.0,3.659535110807591,,,,,,,,,14979.883749405299,33708.90349543862,39307.662543230654,68046.00838093288
lp,7,18696,12,1.5333396811235207,,0.0,0.6288297819006078,0.9045098992229101,0.0,0.0,1.3158565733529406,0.21748310777057736,0.0,1.5333396811235183,2.1316282072803006e-14,0.0,0.09952153589198226,1.4338181452315355,0.0,,,,,,,,,14979.883749405299,33708.90349543862,39307.662543230654,68046.00838093288
lp,7,18696,13,3.152708307837624,,0.0,0.6392750526366713,0.0,2.513433255200957,0.0,1.530826484031692,0.0,1.621881823805936,3.1527083078376283,-1.4210854715202004e-14,0.0,-0.620288050561507,0.0,3.7729963583991353,,,,,,,,,14979.883749405299,33708.90349543862,39307.662543230654,68046.00838093288
lp,7,18696,23,5.914619693773424,,0.0,0.0,2.1081303849923985,3.8064893087810345,0.0,0.0,1.4590976962824118,4.4555219974910205,5.914619693773433,-7.105427357601002e-15,0.0,0.0,1.8922148440173872,4.022404849756045,,,,,,,,,14979.883749405299,33708.90349543862,39307.662543230654,68046.00838093288
lp,8,18864,01,0.5298540777125105,,0.13530286023159557,0.3945512174809153,0.0,0.0,0.35804130110726995,0.17181277660524094,0.0,0.0,0.5298540777125109,0.0,-0.026460429280214883,0.5563145069927258,0.0,0.0,,,,,,,,,17248.926244694117,35286.595516897476,35008.55134628074,69766.55757102041
lp,8,18864,02,0.7798020637530584,,0.15468419427345526,0.0,0.6251178694796052,0.0,0.5441562048422687,0.0,0.23564585891079176,0.0,0.7798020637530605,2.1316282072803006e-14,-0.4966120366571783,0.0,1.2764141004102383,0.0,,,,,,,,,17248.926244694117,35286.595516897476,35008.55134628074,69766.55757102041
lp,8,18864,03,2.939901242158104,,0.17249534679717163,0.0,0.0,2.7674058953609295,0.646123017519505,0.0,0.0,2.2937782246385963,2.939901242158101,0.0,-2.053806003079472,0.0,0.0,4.993707245237572,,,,,,,,,17248.926244694117,35286.595516897476,35008.55134628074,69766.55757102041
lp,8,18864,12,2.3298092716820475,,0.0,1.0174499127462426,1.3123593589357991,0.0,0.0,1.95062067844214,0.37918859323990184,0.0,2.3298092716820418,0.0,0.0,0.4787947946555219,1.8510144770265202,0.0,,,,,,,,,17248.926244694117,35286.595516897476,35008.55134628074,69766.55757102041
lp,8,18864,13,4.579846209958711,,0.0,1.0657901137284804,0.0,3.5140560962302336,0.0,2.299447684961088,0.0,2.280398524997626,4.579846209958713,0.0,0.0,-0.4027972572883721,0.0,4.982643467247085,,,,,,,,,17248.926244694117,35286.595516897476,35008.55134628074,69766.55757102041
lp,8,18864,23,7.337804557038278,,0.0,0.0,2.4006630251281798,4.937141531910125,0.0,0.0,1.972413867752977,5.365390689285328,7.337804557038305,0.0,0.0,0.0,2.145368153031392,5.192436404006912,,,,,,,,,17248.926244694117,35286.595516897476,35008.55134628074,69766.55757102041
lp,9,19032,01,0.2842942943188894,,0.08275063244199661,0.20154366187689243,0.0,0.0,0.2214180194608285,0.06287627485806051,0.0,0.0,0.28429429431888903,2.842170943040401e-14,0.024763840910916275,0.2595304534079729,0.0,0.0,,,,,,,,,13833.599215830765,27476.18472521334,36973.967482118256,69158.87710466995
lp,9,19032,02,0.6785077030315338,,0.10105218558756002,0.0,0.5774555174439718,0.0,0.4528114171879092,0.0,0.2256962858436227,0.0,0.6785077030315317,1.4210854715202004e-14,-0.6292042164816526,0.0,1.3077119195131846,0.0,,,,,,,,,13833.599215830765,27476.18472521334,36973.967482118256,69158.87710466995
lp,9,19032,03,2.663096100920929,,0.10182814694331487,0.0,0.0,2.5612679539776186,0.5305272018707262,0.0,0.0,2.132568899050207,2.6630961009209333,1.4210854715202004e-14,-2.3440028735822755,0.0,0.0,5.007098974503209,,,,,,,,,13833.599215830765,27476.18472521334,36973.967482118256,69158.87710466995
lp,9,19032,12,1.6995699982913879,,0.0,0.6363200426667887,1.0632499556245978,0.0,0.0,1.526757305728612,0.17281269256277426,0.0,1.6995699982913866,1.4210854715202004e-14,0.0,0.09731713991132286,1.6022528583800646,0.0,,,,,,,,,13833.599215830765,27476.18472521334,36973.967482118256,69158.87710466995
lp,9,19032,13,3.7236987773147185,,0.0,0.6540159529676971,0.0,3.0696828243470167,0.0,1.7873244555597656,0.0,1.9363743217549476,3.7236987773147137,0.0,0.0,-1.1318912046813905,0.0,4.855589981996104,,,,,,,,,13833.599215830765,27476.18472521334,36973.967482118256,69158.87710466995
lp,9,19032,23,7.640543133682756,,0.0,0.0,2.5418108097659284,5.098732323916853,0.0,0.0,2.3912883950121673,5.249254738670615,7.640543133682782,0.0,0.0,0.0,2.4484018054241083,5.192141328258673,,,,,,,,,13833.599215830765,27476.18472521334,36973.967482118256,69158.87710466995
lp,10,19200,01,0.22774334212823877,,0.07003177056879382,0.1577115715594447,0.0,0.0,0.20711284818486064,0.02063049394337792,0.0,0.0,0.22774334212823855,1.4210854715202004e-14,0.028654819525567015,0.19908852260267118,0.0,0.0,,,,,,,,,13388.868407652531,26950.704494150632,37043.813345033486,62980.61916804036
lp,10,19200,02,0.4368076437850587,,0.07505659614674264,0.0,0.36175104763831656,0.0,0.38278913281283544,0.0,0.054018510972223766,0.0,0.4368076437850592,0.0,-0.29280803603304634,0.0,0.7296156798181054,0.0,,,,,,,,,13388.868407652531,26950.704494150632,37043.813345033486,62980.61916804036
lp,10,19200,03,1.4445053143986093,,0.07366248325660522,0.0,0.0,1.3708428311420056,0.39559279676620823,0.0,0.0,1.0489125176324026,1.4445053143986106,0.0,-1.45396796470059,0.0,0.0,2.898473279099201,,,,,,,,,13388.868407652531,26950.704494150632,37043.813345033486,62980.61916804036
lp,10,19200,12,1.2229647798913037,,0.0,0.4640708047102494,0.758893975181056,0.0,0.0,1.18280567671973,0.04015910317157512,0.0,1.222964779891305,0.0,0.0,0.1863567851382402,1.036607994753065,0.0,,,,,,,,,13388.868407652531,26950.704494150632,37043.813345033486,62980.61916804036
lp,10,19200,13,2.2389120463381795,,0.0,0.48652836641168545,0.0,1.752383679926498,0.0,1.2852172444466423,0.0,0.9536948018915412,2.238912046338184,0.0,0.0,-0.5778291971555185,0.0,2.8167412434937025,,,,,,,,,13388.868407652531,26950.704494150632,37043.813345033486,62980.61916804036
lp,10,19200,23,5.055462085130982,,0.0,0.0,1.9105291850995847,3.1449329000314,0.0,0.0,1.3712245376049654,3.6842375475260196,5.055462085130985,0.0,0.0,0.0,2.0702997670420356,2.985162318088949,,,,,,,,,13388.868407652531,26950.704494150632,37043.813345033486,62980.61916804036
lp,11,19368,01,0.2902285953658578,,0.0742228626377913,0.21600573272806597,0.0,0.0,0.2532142790235368,0.037014316342320455,0.0,0.0,0.2902285953658573,0.0,-0.024587336039291082,0.31481593140514846,0.0,0.0,,,,,,,,,13316.458837540764,29367.397239506114,41153.92376554417,61478.90966967894
lp,11,19368,02,0.5390503807998281,,0.07983130319806576,0.0,0.4592190776017621,0.0,0.39295274378367895,0.0,0.14609763701614892,0.0,0.5390503807998278,0.0,-0.6246014143892732,0.0,1.1636517951891026,0.0,,,,,,,,,13316.458837540764,29367.397239506114,41153.92376554417,61478.90966967894
lp,11,19368,03,1.5074124247584504,,0.07966481010347358,0.0,0.0,1.4277476146549788,0.39872781240307037,0.0,0.0,1.1086846123553817,1.5074124247584522,0.0,-1.4856157533913585,0.0,0.0,2.9930281781498107,,,,,,,,,13316.458837540764,29367.397239506114,41153.92376554417,61478.90966967894
lp,11,19368,12,1.6780211273351409,,0.0,0.6718515925242323,1.0061695348109125,0.0,0.0,1.4612582113568222,0.21676291597832267,0.0,1.6780211273351449,0.0,0.0,-0.10439958602699265,1.7824207133621373,0.0,,,,,,,,,13316.458837540764,29367.397239506114,41153.92376554417,61478.90966967894
lp,11,19368,13,2.6648675150581473,,0.0,0.6607810721985841,0.0,2.004086442859567,0.0,1.471301441433536,0.0,1.1935660736246152,2.664867515058151,0.0,0.0,-0.3251258185993242,0.0,2.989993333657475,,,,,,,,,13316.458837540764,29367.397239506114,41153.92376554417,61478.90966967894
lp,11,19368,23,5.127613715195924,,0.0,0.0,1.9994565765978647,3.12815713859805,0.0,0.0,1.0761151969692535,4.051498518226661,5.127613715195915,0.0,0.0,0.0,2.1219959547201017,3.0056177604758125,,,,,,,,,13316.458837540764,29367.397239506114,41153.92376554417,61478.90966967894
lp,12,19536,01,0.2247825608047038,,0.07116982473889916,0.1536127360658043,0.0,0.0,0.17269130017712683,0.052091260627576644,0.0,0.0,0.22478256080470352,3.907985046680551e-14,0.05223845962534606,0.17254410117936017,0.0,0.0,,,,,,,,,13805.043765119415,27434.827982382223,36279.581444252675,60554.911955940515
lp,12,19536,02,0.5066256275375965,,0.0808346126846792,0.0,0.4257910148529184,0.0,0.3555271802930974,0.0,0.15109844724450028,0.0,0.5066256275375977,0.0,-0.5964584857687468,0.0,1.1030841133063445,0.0,,,,,,,,,13805.043765119415,27434.827982382223,36279.581444252675,60554.911955940515
lp,12,19536,03,1.117495397350507,,0.08717524913118037,0.0,0.0,1.0303201482193236,0.4115356097359937,0.0,0.0,0.7059597876145104,1.117495397350504,0.0,-1.1430517850391908,0.0,0.0,2.2605471823896948,,,,,,,,,13805.043765119415,27434.827982382223,36279.581444252675,60554.911955940515
lp,12,19536,12,1.1215007489108388,,0.0,0.40545943536611373,0.7160413135447228,0.0,0.0,0.9796266634266607,0.1418740854841757,0.0,1.1215007489108364,0.0,0.0,-0.0734451181906811,1.1949458671015178,0.0,,,,,,,,,13805.043765119415,27434.827982382223,36279.581444252675,60554.911955940515
lp,12,19536,13,1.7309668622916718,,0.0,0.4070908363550055,0.0,1.3238760259366673,0.0,1.0972459242411865,0.0,0.6337209380504862,1.730966862291673,1.4210854715202004e-14,0.0,-0.2902873120388542,0.0,2.021254174330527,,,,,,,,,13805.043765119415,27434.827982382223,36279.581444252675,60554.911955940515
lp,12,19536,23,4.233844083341914,,0.0,0.0,1.687157956600131,2.546686126741784,0.0,0.0,1.3477901249997528,2.8860539583421625,4.233844083341915,0.0,0.0,0.0,1.726499921264278,2.5073441620776364,,,,,,,,,13805.043765119415,27434.827982382223,36279.581444252675,60554.911955940515
lp,13,19704,01,0.23948112960241724,,0.06446025437013311,0.17502087523228405,0.0,0.0,0.18196282913885736,0.057518300463559775,0.0,0.0,0.2394811296024171,0.0,0.025882420681632632,0.21359870892078475,0.0,0.0,,,,,,,,,13248.99086914503,27984.52270263167,34494.182242320945,68921.63699792922
lp,13,19704,02,0.3914436931681187,,0.08188573127641578,0.0,0.30955796189170187,0.0,0.3374695098887286,0.0,0.05397418327938906,0.0,0.39144369316811767,1.4210854715202004e-14,-0.24468351706939645,0.0,0.6361272102375147,0.0,,,,,,,,,13248.99086914503,27984.52270263167,34494.182242320945,68921.63699792922
lp,13,19704,03,0.9232740299800235,,0.07080120827638418,0.0,0.0,0.8524728217036376,0.3770635044304045,0.0,0.0,0.5462105255496174,0.9232740299800217,0.0,-0.8004149672926115,0.0,0.0,1.723688997272633,,,,,,,,,13248.99086914503,27984.52270263167,34494.182242320945,68921.63699792922
lp,13,19704,12,0.9290058484156823,,0.0,0.4047129115547171,0.5242929368609646,0.0,0.0,0.8180427900747387,0.11096305834094297,0.0,0.9290058484156817,1.4210854715202004e-14,0.0,0.05054288577070366,0.8784629626449786,0.0,,,,,,,,,13248.99086914503,27984.52270263167,34494.182242320945,68921.63699792922
lp,13,19704,13,1.5027917453064923,,0.0,0.39427837984284847,0.0,1.108513365463649,0.0,0.9243365947544119,0.0,0.5784551505520856,1.5027917453064974,0.0,0.0,-0.1872202512598601,0.0,1.6900119965663578,,,,,,,,,13248.99086914503,27984.52270263167,34494.182242320945,68921.63699792922
lp,13,19704,23,3.1647207465598033,,0.0,0.0,1.1961006575829203,1.968620088976881,0.0,0.0,0.9444467994550843,2.220273947104717,3.1647207465598015,0.0,0.0,0.0,1.1826251694763714,1.9820955770834296,,,,,,,,,13248.99086914503,27984.52270263167,34494.182242320945,68921.63699792922
lp,14,19872,01,0.10207904278374952,,0.03377020086554141,0.06830884191820782,0.0,0.0,0.06359010136112549,0.03848894142262374,0.0,0.0,0.10207904278374923,0.0,0.02967097044695929,0.07240807233678993,0.0,0.0,,,,,,,,,14532.146821679586,30104.911652108214,40328.67721296978,67295.74850901851
lp,14,19872,02,0.24303663391652958,,0.04064861639928695,0.0,0.20238801751724275,0.0,0.17529128188431783,0.0,0.0677453520322119,0.0,0.24303663391652974,0.0,-0.16808991469093276,0.0,0.4111265486074625,0.0,,,,,,,,,14532.146821679586,30104.911652108214,40328.67721296978,67295.74850901851
lp,14,19872,03,0.7522703209351197,,0.045617955029931635,0.0,0.0,0.706652365905192,0.20186051802639302,0.0,0.0,0.5504098029087305,0.7522703209351236,0.0,-0.8021858528811997,0.0,0.0,1.5544561738163232,,,,,,,,,14532.146821679586,30104.911652108214,40328.67721296978,67295.74850901851
lp,14,19872,12,0.356734185586589,,0.0,0.11493210120289185,0.24180208438369657,0.0,0.0,0.29300768829826346,0.06372649728832495,0.0,0.3567341855865884,0.0,0.0,0.010702612945973756,0.3460315726406147,0.0,,,,,,,,,14532.146821679586,30104.911652108214,40328.67721296978,67295.74850901851
lp,14,19872,13,0.837270983176342,,0.0,0.12019282824939156,0.0,0.717078154926954,0.0,0.348932219000676,0.0,0.48833876417566946,0.8372709831763455,0.0,0.0,-0.6355563164350834,0.0,1.4728272996114287,,,,,,,,,14532.146821679586,30104.911652108214,40328.67721296978,67295.74850901851
lp,14,19872,23,1.9010934081688564,,0.0,0.0,0.6252914463256068,1.2758019618432448,0.0,0.0,0.8408410982036751,1.0602523099651766,1.9010934081688515,0.0,0.0,0.0,0.2968492729230528,1.604244135245799,,,,,,,,,14532.146821679586,30104.911652108214,40328.67721296978,67295.74850901851
lp,15,20040,01,0.22444720562230974,,0.08026857826875354,0.14417862735355658,0.0,0.0,0.1843746093637689,0.04007259625854123,0.0,0.0,0.22444720562231008,-2.1316282072803006e-14,0.05744258674683478,0.16700461887547463,0.0,0.0,,,,,,,,,15861.11882723576,26324.86441873941,35327.440343277776,70090.40517593634
lp,15,20040,02,0.40537339976227904,,0.09009611123715243,0.0,0.31527728852512704,0.0,0.3587731433319566,0.0,0.046600256430322916,0.0,0.40537339976227954,0.0,-0.3179800960501645,0.0,0.7233534958124437,0.0,,,,,,,,,15861.11882723576,26324.86441873941,35327.440343277776,70090.40517593634
lp,15,20040,03,1.5431432542078627,,0.09134529188746349,0.0,0.0,1.4517979623203994,0.41369338786970744,0.0,0.0,1.1294498663381558,1.543143254207863,0.0,-1.1104579607166833,0.0,0.0,2.6536012149245463,,,,,,,,,15861.11882723576,26324.86441873941,35327.440343277776,70090.40517593634
lp,15,20040,12,0.8456563165883012,,0.0,0.30641758113584894,0.5392387354524543,0.0,0.0,0.7911844271786362,0.054471889409666865,0.0,0.8456563165883031,-3.907985046680551e-14,0.0,0.00884194072913524,0.8368143758591674,0.0,,,,,,,,,15861.11882723576,26324.86441873941,35327.440343277776,70090.40517593634
lp,15,20040,13,1.9233109747055228,,0.0,0.32257071315898583,0.0,1.6007402615465343,0.0,0.9969077247870195,0.0,0.9264032499185004,1.92331097470552,0.0,0.0,-0.4902596637889571,0.0,2.4135706384944773,,,,,,,,,15861.11882723576,26324.86441873941,35327.440343277776,70090.40517593634
lp,15,20040,23,3.9142594425781994,,0.0,0.0,1.31598475252591,2.598274690052286,0.0,0.0,1.2272374591030073,2.687021983475189,3.9142594425781967,0.0,0.0,0.0,1.1087215849504057,2.8055378576277907,,,,,,,,,15861.11882723576,26324.86441873941,35327.440343277776,70090.40517593634
lp,16,20208,01,0.4845142525089216,,0.111539020237414,0.37297523227150764,0.0,0.0,0.3945840674331871,0.08993018507573444,0.0,0.0,0.48451425250892155,0.0,-0.03104683433966944,0.515561086848591,0.0,0.0,,,,,,,,,13527.362504736146,33277.42958932638,36245.09667451099,65576.41292050597
lp,16,20208,02,0.6023577311358188,,0.11174131076642878,0.0,0.4906164203693886,0.0,0.5042335798830875,0.0,0.09812415125272993,0.0,0.6023577311358175,0.0,-0.4163806526108383,0.0,1.0187383837466557,0.0,,,,,,,,,13527.362504736146,33277.42958932638,36245.09667451099,65576.41292050597
lp,16,20208,03,2.498963302838004,,0.12201458830499559,0.0,0.0,2.3769487145330026,0.6239141199646702,0.0,0.0,1.8750491828733282,2.4989633028379985,0.0,-1.8420779391356703,0.0,0.0,4.3410412419736675,,,,,,,,,13527.362504736146,33277.42958932638,36245.09667451099,65576.41292050597
lp,16,20208,12,1.755826991022656,,0.0,0.7610677345913115,0.994759256431347,0.0,0.0,1.4616819801065617,0.29414501091609685,0.0,1.7558269910226585,0.0,0.0,0.03891639604025846,1.7169105949824002,0.0,,,,,,,,,13527.362504736146,33277.42958932638,36245.09667451099,65576.41292050597
lp,16,20208,13,3.7454051281263765,,0.0,0.7629202451326969,0.0,2.9824848829936887,0.0,1.5601577845417862,0.0,2.185247343584599,3.745405128126386,0.0,0.0,-0.6415999200842455,0.0,4.387005048210632,,,,,,,,,13527.362504736146,33277.42958932638,36245.09667451099,65576.41292050597
lp,16,20208,23,6.810922645240516,,0.0,0.0,2.313789348773055,4.497133296467458,0.0,0.0,2.1707091998207897,4.6402134454197235,6.810922645240514,0.0,0.0,0.0,2.1626748009899153,4.648247844250598,,,,,,,,,13527.362504736146,33277.42958932638,36245.09667451099,65576.41292050597
lp,17,20376,01,0.3608135733654713,,0.09965598617714068,0.2611575871883309,0.0,0.0,0.2766470427509855,0.08416653061448609,0.0,0.0,0.36081357336547154,0.0,0.05576578467276229,0.30504778869270927,0.0,0.0,,,,,,,,,13364.923778932985,28723.175704741683,33830.265474770975,68850.0833750001
lp,17,20376,02,0.5026859567487001,,0.1094960599925383,0.0,0.393189896756162,0.0,0.4738603740666531,0.0,0.028825582682047192,0.0,0.5026859567487002,1.4210854715202004e-14,-0.12213990539480409,0.0,0.6248258621435022,0.0,,,,,,,,,13364.923778932985,28723.175704741683,33830.265474770975,68850.0833750001
lp,17,20376,03,2.1092403617533493,,0.1194435323989853,0.0,0.0,1.989796829354367,0.6441157318642641,0.0,0.0,1.4651246298890883,2.109240361753352,-1.4210854715202004e-14,-1.6344915711489878,0.0,0.0,3.7437319329023384,,,,,,,,,13364.923778932985,28723.175704741683,33830.265474770975,68850.0833750001
lp,17,20376,12,1.0659986117774474,,0.0,0.47420431121518186,0.5917943005622665,0.0,0.0,1.0238363814840858,0.04216223029336238,0.0,1.0659986117774483,1.4210854715202004e-14,0.0,0.14662191833541544,0.919376693442033,0.0,,,,,,,,,13364.923778932985,28723.175704741683,33830.265474770975,68850.0833750001
lp,17,20376,13,2.773363069417691,,0.0,0.5138175647890155,0.0,2.2595455046286754,0.0,1.3565098472627914,0.0,1.4168532221548995,2.773363069417691,-1.4210854715202004e-14,0.0,-0.942964583756896,0.0,3.716327653174588,,,,,,,,,13364.923778932985,28723.175704741683,33830.265474770975,68850.0833750001
lp,17,20376,23,5.248572405147808,,0.0,0.0,1.5638899376024258,3.684682467545403,0.0,0.0,2.012623781843124,3.2359486233047043,5.248572405147829,0.0,0.0,0.0,1.2008544259297207,4.047717979218107,,,,,,,,,13364.923778932985,28723.175704741683,33830.265474770975,68850.0833750001
lp,18,20544,01,0.6340368668230099,,0.20573797695003954,0.42829888987297127,0.0,0.0,0.5665102383839603,0.06752662843905055,0.0,0.0,0.6340368668230109,0.0,0.09764632327706181,0.5363905435459487,0.0,0.0,,,,,,,,,16290.324828878838,27324.996822470654,36757.44688441702,66030.73613530473
lp,18,20544,02,0.9005521589459515,,0.2305404082744987,0.0,0.6700117506714509,0.0,0.7887569255864343,0.0,0.11179523335951541,0.0,0.9005521589459498,0.0,-0.4613721243456247,0.0,1.3619242832915746,0.0,,,,,,,,,16290.324828878838,27324.996822470654,36757.44688441702,66030.73613530473
lp,18,20544,03,2.863788160070423,,0.22704215622627846,0.0,0.0,2.6367460038441357,0.8254056313881981,0.0,0.0,2.0383825286822157,2.863788160070414,0.0,-1.5792434696182898,0.0,0.0,4.443031629688704,,,,,,,,,16290.324828878838,27324.996822470654,36757.44688441702,66030.73613530473
lp,18,20544,12,2.1186097030322713,,0.0,0.8842425641585212,1.234367138873754,0.0,0.0,1.926110689496914,0.19249901353536125,0.0,2.1186097030322757,0.0,0.0,0.5915170567592143,1.5270926462730614,0.0,,,,,,,,,16290.324828878838,27324.996822470654,36757.44688441702,66030.73613530473
lp,18,20544,13,4.023842479051213,,0.0,0.9514972975752433,0.0,3.0723451814759675,0.0,2.262171197888518,0.0,1.7616712811626933,4.02384247905121,0.0,0.0,-0.36217439787736955,0.0,4.386016876928581,,,,,,,,,16290.324828878838,27324.996822470654,36757.44688441702,66030.73613530473
lp,18,20544,23,6.732338044478346,,0.0,0.0,2.2796407092313458,4.452697335247018,0.0,0.0,2.7579302935377235,3.9744077509406415,6.7323380444783645,0.0,0.0,0.0,2.0720870963416056,4.66025094813676,,,,,,,,,16290.324828878838,27324.996822470654,36757.44688441702,66030.73613530473
lp,19,20712,01,0.598337851906895,,0.16038214073225868,0.43795571117463544,0.0,0.0,0.5536676011926852,0.04467025071420893,0.0,0.0,0.5983378519068941,0.0,0.05459369023805874,0.5437441616688354,0.0,0.0,,,,,,,,,11845.411272278241,28734.564004424392,37793.88246386813,73025.46831349234
lp,19,20712,02,0.9395757639226698,,0.17739478088968297,0.0,0.7621809830329851,0.0,0.7818646161417159,0.0,0.1577111477809521,0.0,0.9395757639226681,0.0,-0.4000688337607878,0.0,1.3396445976834555,0.0,,,,,,,,,11845.411272278241,28734.564004424392,37793.88246386813,73025.46831349234
lp,19,20712,03,2.937721508268852,,0.17735252810071162,0.0,0.0,2.760368980168144,0.9241607000251955,0.0,0.0,2.013560808243661,2.937721508268856,0.0,-1.9870669119786326,0.0,0.0,4.924788420247488,,,,,,,,,11845.411272278241,28734.564004424392,37793.88246386813,73025.46831349234
lp,19,20712,12,2.3029087797417125,,0.0,0.9411153267617105,1.361793452980003,0.0,0.0,2.0881416093087557,0.21476717043295793,0.0,2.302908779741714,0.0,0.0,0.48336512090618766,1.8195436588355258,0.0,,,,,,,,,11845.411272278241,28734.564004424392,37793.88246386813,73025.46831349234
lp,19,20712,13,4.4823297091268515,,0.0,0.9653111248767026,0.0,3.5170185842501445,0.0,2.3897467138702977,0.0,2.0925829952565493,4.482329709126847,0.0,0.0,-0.4944426919730883,0.0,4.976772401099935,,,,,,,,,11845.411272278241,28734.564004424392,37793.88246386813,73025.46831349234
lp,19,20712,23,7.52728017755504,,0.0,0.0,2.512690299485811,5.014589878069224,0.0,0.0,3.003736942512662,4.523543235042373,7.527280177555035,0.0,0.0,0.0,2.2250779481995013,5.302202229355534,,,,,,,,,11845.411272278241,28734.564004424392,37793.88246386813,73025.46831349234
lp,20,20880,01,0.6063561545874064,,0.203940039561396,0.40241611502601127,0.0,0.0,0.5550742193492945,0.05128193523811284,0.0,0.0,0.6063561545874072,0.0,0.08535845342538168,0.520997701162025,0.0,0.0,,,,,,,,,14387.766754915545,25189.866086246737,38613.37088948968,69591.69940486731
lp,20,20880,02,1.1296179615143793,,0.2100572485236029,0.0,0.9195607129907787,0.0,0.722885839789035,0.0,0.40673212172534623,0.0,1.1296179615143815,0.0,-0.297088308614048,0.0,1.4267062701284292,0.0,,,,,,,,,14387.766754915545,25189.866086246737,38613.37088948968,69591.69940486731
lp,20,20880,03,2.2941921558958778,,0.22034928537513146,0.0,0.0,2.073842870520749,0.9079106847757362,0.0,0.0,1.3862814711201443,2.2941921558958804,-4.263256414560601e-14,-1.1570562315767399,0.0,0.0,3.45124838747262,,,,,,,,,14387.766754915545,25189.866086246737,38613.37088948968,69591.69940486731
lp,20,20880,12,2.1801305179997845,,0.0,0.7887341021499762,1.3913964158498036,0.0,0.0,1.9057128404645696,0.2744176775352103,0.0,2.18013051799978,0.0,0.0,0.48233907159888106,1.6977914464008987,0.0,,,,,,,,,14387.766754915545,25189.866086246737,38613.37088948968,69591.69940486731
lp,20,20880,13,3.4326593851113136,,0.0,0.8334095060098744,0.0,2.5992498791014373,0.0,2.3156205995434047,0.0,1.1170387855679065,3.4326593851113114,-4.263256414560601e-14,0.0,0.11637305440807552,0.0,3.316286330703236,,,,,,,,,14387.766754915545,25189.866086246737,38613.37088948968,69591.69940486731
lp,20,20880,23,5.739514168890003,,0.0,0.0,2.1383427780607542,3.6011713908292413,0.0,0.0,1.8782918107284055,3.8612223581615894,5.739514168889995,-4.263256414560601e-14,0.0,0.0,2.0863799444594497,3.653134224430545,,,,,,,,,14387.766754915545,25189.866086246737,38613.37088948968,69591.69940486731
lp,21,21048,01,0.3198629203783404,,0.11628470365729199,0.20357821672104845,0.0,0.0,0.2966431639825168,0.023219756395823653,0.0,0.0,0.3198629203783404,-1.4210854715202004e-14,0.08590613238932548,0.23395678798901462,0.0,0.0,,,,,,,,,15552.275967807984,25085.600329098834,36042.97905100031,63529.97947939734
lp,21,21048,02,0.48421480083584734,,0.12237117669029927,0.0,0.36184362414554794,0.0,0.43391910131591754,0.0,0.050295699519929724,0.0,0.48421480083584717,0.0,-0.09489986019858165,0.0,0.579114661034429,0.0,,,,,,,,,15552.275967807984,25085.600329098834,36042.97905100031,63529.97947939734
lp,21,21048,03,1.2870918483887637,,0.12203733426425602,0.0,0.0,1.1650545141245048,0.47551196491184733,0.0,0.0,0.8115798834769133,1.2870918483887606,0.0,-0.7290273536888714,0.0,0.0,2.016119202077632,,,,,,,,,15552.275967807984,25085.600329098834,36042.97905100031,63529.97947939734
lp,21,21048,12,1.0661594566920378,,0.0,0.40914538991668914,0.6570140667753476,0.0,0.0,1.0008278275516196,0.06533162914041715,0.0,1.0661594566920367,0.0,0.0,0.2478698587920445,0.8182895978999923,0.0,,,,,,,,,15552.275967807984,25085.600329098834,36042.97905100031,63529.97947939734
lp,21,21048,13,1.8797451236808327,,0.0,0.4226954616676372,0.0,1.4570496620131992,0.0,1.1206345984724662,0.0,0.7591105252083704,1.8797451236808365,0.0,0.0,-0.17462121765237895,0.0,2.0543663413332154,,,,,,,,,15552.275967807984,25085.600329098834,36042.97905100031,63529.97947939734
lp,21,21048,23,3.021326341800659,,0.0,0.0,1.0450724488255605,1.9762538929751083,0.0,0.0,1.177172717439665,1.8441536243610035,3.0213263418006684,0.0,0.0,0.0,0.8765241533196335,2.1448021884810355,,,,,,,,,15552.275967807984,25085.600329098834,36042.97905100031,63529.97947939734
lp,22,21216,01,0.19385140293758724,,0.04636805214903916,0.1474833507885478,0.0,0.0,0.16709350922765967,0.02675789370992728,0.0,0.0,0.19385140293758693,0.0,0.01678008430454723,0.17707131863304007,0.0,0.0,,,,,,,,,12349.015123448651,32472.731758051123,32386.83558425152,66318.14907818803
lp,22,21216,02,0.22031630272755384,,0.051332734070067894,0.0,0.16898356865748587,0.0,0.21213842452562728,0.0,0.008177878201926503,0.0,0.22031630272755376,3.552713678800501e-14,-0.017555306593800706,0.0,0.23787160932135437,0.0,,,,,,,,,12349.015123448651,32472.731758051123,32386.83558425152,66318.14907818803
lp,22,21216,03,0.9322054391710352,,0.050801758587504665,0.0,0.0,0.8814036805835268,0.31178553553160454,0.0,0.0,0.620419903639427,0.9322054391710316,0.0,-1.1923363497087236,0.0,0.0,2.1245417888797555,,,,,,,,,12349.015123448651,32472.731758051123,32386.83558425152,66318.14907818803
lp,22,21216,12,0.6942671522202124,,0.0,0.32485070506686026,0.3694164471533523,0.0,0.0,0.5680993853441696,0.126167766876043,0.0,0.6942671522202126,0.0,0.0,0.24265201550634943,0.4516151367138638,0.0,,,,,,,,,12349.015123448651,32472.731758051123,32386.83558425152,66318.14907818803
lp,22,21216,13,1.5798676386327204,,0.0,0.35939951157836586,0.0,1.2204681270543578,0.0,0.7970559616399381,0.0,0.7828116769927856,1.5798676386327235,0.0,0.0,-0.521286886116164,0.0,2.101154524748888,,,,,,,,,12349.015123448651,32472.731758051123,32386.83558425152,66318.14907818803
lp,22,21216,23,2.403724977228009,,0.0,0.0,0.6941743778980558,1.709550599329949,0.0,0.0,1.4677730612810547,0.9359519159469498,2.4037249772280043,0.0,0.0,0.0,0.2560584754097374,2.1476665018182666,,,,,,,,,12349.015123448651,32472.731758051123,32386.83558425152,66318.14907818803
lp,23,21384,01,0.4304169664215096,,0.11720831895560899,0.3132086474658995,0.0,0.0,0.31977614920418745,0.11064081721732104,0.0,0.0,0.4304169664215085,2.842170943040401e-14,0.09173454214843493,0.3386824242730759,0.0,0.0,,,,,,,,,15628.457955765773,32265.60825685604,38797.90487580771,63408.008669707284
lp,23,21384,02,0.6238715282526142,,0.15031574216562435,0.0,0.473555786086989,0.0,0.5574219990402755,0.0,0.06644952921233785,0.0,0.6238715282526132,0.0,-0.10940113891615087,0.0,0.733272667168764,0.0,,,,,,,,,15628.457955765773,32265.60825685604,38797.90487580771,63408.008669707284
lp,23,21384,03,1.643979829890343,,0.14869571996623618,0.0,0.0,1.4952841099241037,0.6405844873526056,0.0,0.0,1.0033953425377342,1.6439798298903399,0.0,-1.0953693278159602,0.0,0.0,2.7393491577062994,,,,,,,,,15628.457955765773,32265.60825685604,38797.90487580771,63408.008669707284
lp,23,21384,12,1.2387933746715718,,0.0,0.510309555027263,0.7284838196443103,0.0,0.0,1.0893180112248813,0.1494753634466921,0.0,1.2387933746715734,1.4210854715202004e-14,0.0,0.11790906901292142,1.120884305658652,0.0,,,,,,,,,15628.457955765773,32265.60825685604,38797.90487580771,63408.008669707284
lp,23,21384,13,2.333039571297733,,0.0,0.5237082347464412,0.0,1.809331336551294,0.0,1.233566690645484,0.0,1.0994728806522511,2.3330395712977348,1.4210854715202004e-14,0.0,-0.3180398513196944,0.0,2.6510794226174292,,,,,,,,,15628.457955765773,32265.60825685604,38797.90487580771,63408.008669707284
lp,23,21384,23,4.255567287050244,,0.0,0.0,1.5133143606387303,2.742252926411523,0.0,0.0,1.7072347177988967,2.5483325692513565,4.255567287050253,0.0,0.0,0.0,1.3742371806430207,2.881330106407232,,,,,,,,,15628.457955765773,32265.60825685604,38797.90487580771,63408.008669707284
lp,24,21552,01,0.5285112662820186,,0.1473261821951312,0.3811850840868865,0.0,0.0,0.4220128285990739,0.10649843768294383,0.0,0.0,0.5285112662820177,0.0,0.0512502816667922,0.4772609846152263,0.0,0.0,,,,,,,,,14753.063319227665,32857.11347275045,33994.82053755867,63418.68016925162
lp,24,21552,02,0.6129361743074875,,0.15953735003151115,0.0,0.4533988242759765,0.0,0.5806615482514497,0.0,0.032274626056037925,0.0,0.6129361743074877,0.0,-0.14412034278666636,0.0,0.7570565170941539,0.0,,,,,,,,,14753.063319227665,32857.11347275045,33994.82053755867,63418.68016925162
lp,24,21552,03,1.9446439445490633,,0.1656649151758881,0.0,0.0,1.7789790293731744,0.6669131053740487,0.0,0.0,1.277730839175014,1.9446439445490629,0.0,-1.4454081560674334,0.0,0.0,3.390052100616496,,,,,,,,,14753.063319227665,32857.11347275045,33994.82053755867,63418.68016925162
lp,24,21552,12,1.7173838090313802,,0.0,0.8193491109946679,0.8980346980367122,0.0,0.0,1.5320071696631108,0.18537663936826942,0.0,1.7173838090313798,0.0,0.0,0.42816292726910127,1.2892208817622806,0.0,,,,,,,,,14753.063319227665,32857.11347275045,33994.82053755867,63418.68016925162
lp,24,21552,13,3.0838799320242796,,0.0,0.8882830816067041,0.0,2.1955968504175654,0.0,1.8388952096256552,0.0,1.2449847223986141,3.08387993202427,0.0,0.0,-0.2927546180006326,0.0,3.3766345500249026,,,,,,,,,14753.063319227665,32857.11347275045,33994.82053755867,63418.68016925162
lp,24,21552,23,4.884634883128261,,0.0,0.0,1.5838717046535729,3.3007631784746816,0.0,0.0,2.3136607611713185,2.570974121956936,4.884634883128253,0.0,0.0,0.0,1.3067256712142477,3.577909211914007,,,,,,,,,14753.063319227665,32857.11347275045,33994.82053755867,63418.68016925162
lp,25,21720,01,0.4120032160600644,,0.12297554514312278,0.2890276709169416,0.0,0.0,0.356766890381309,0.055236325678755464,0.0,0.0,0.4120032160600644,0.0,0.06315475999757834,0.34884845606248627,0.0,0.0,,,,,,,,,15033.19134941885,30582.20318938075,38742.63722174526,63210.082852579784
lp,25,21720,02,0.7084359840203117,,0.13218234445178814,0.0,0.5762536395685222,0.0,0.49544747380972776,0.0,0.2129885102105825,0.0,0.7084359840203104,0.0,-0.4521847345204851,0.0,1.1606207185407953,0.0,,,,,,,,,15033.19134941885,30582.20318938075,38742.63722174526,63210.082852579784
lp,25,21720,03,1.8613950085919921,,0.15136097618534744,0.0,0.0,1.7100340324066428,0.5715648616113882,0.0,0.0,1.2898301469806024,1.8613950085919904,1.7763568394002505e-14,-1.234393126698411,0.0,0.0,3.095788135290401,,,,,,,,,15033.19134941885,30582.20318938075,38742.63722174526,63210.082852579784
lp,25,21720,12,1.5250440402504346,,0.0,0.5978347424862915,0.927209297764144,0.0,0.0,1.2694470106265971,0.2555970296238384,0.0,1.5250440402504355,0.0,0.0,0.30067507804199856,1.2243689622084368,0.0,,,,,,,,,15033.19134941885,30582.20318938075,38742.63722174526,63210.082852579784
lp,25,21720,13,2.6636607013455373,,0.0,0.6432056522977342,0.0,2.020455049047789,0.0,1.481892465024444,0.0,1.1817682363210793,2.6636607013455236,1.7763568394002505e-14,0.0,-0.4192820811779394,0.0,3.082942782523463,,,,,,,,,15033.19134941885,30582.20318938075,38742.63722174526,63210.082852579784
lp,25,21720,23,4.643325874714752,,0.0,0.0,1.6064005537236292,3.03692532099112,0.0,0.0,2.184959746018634,2.458366128696115,4.643325874714749,1.7763568394002505e-14,0.0,0.0,1.2509355452073811,3.3923903295073674,,,,,,,,,15033.19134941885,30582.20318938075,38742.63722174526,63210.082852579784
lp,26,21888,01,0.3863773949206038,,0.12225270712601956,0.2641246877945841,0.0,0.0,0.14838753859587062,0.23798985632473307,0.0,0.0,0.3863773949206037,0.0,0.1154952019156349,0.270882193004969,0.0,0.0,,,,,,,,,15045.069759380549,33572.944354970656,36395.37209085144,65071.483142194396
lp,26,21888,02,0.6629249736605304,,0.16309200015313133,0.0,0.49983297350739986,0.0,0.5933247593107395,0.0,0.0696002143497917,0.0,0.6629249736605313,0.0,-0.0005384374937157555,0.0,0.6634634111542468,0.0,,,,,,,,,15045.069759380549,33572.944354970656,36395.37209085144,65071.483142194396
lp,26,21888,03,1.534474319003455,,0.16437837509344128,0.0,0.0,1.370095943910014,0.7127886486142124,0.0,0.0,0.8216856703892428,1.5344743190034553,0.0,-0.6035929847707564,0.0,0.0,2.1380673037742115,,,,,,,,,15045.069759380549,33572.944354970656,36395.37209085144,65071.483142194396
lp,26,21888,12,0.8557177102669705,,0.0,0.35818752137376436,0.49753018889320666,0.0,0.0,0.758112790195378,0.097604920071593,0.0,0.8557177102669707,0.0,0.0,0.1542741832063435,0.7014435270606274,0.0,,,,,,,,,15045.069759380549,33572.944354970656,36395.37209085144,65071.483142194396
lp,26,21888,13,1.7856042720453937,,0.0,0.3924520964475688,0.0,1.3931521755978222,0.0,0.9549230809140564,0.0,0.8306811911313348,1.785604272045391,0.0,0.0,-0.3301437994325648,0.0,2.1157480714779555,,,,,,,,,15045.069759380549,33572.944354970656,36395.37209085144,65071.483142194396
lp,26,21888,23,3.0439703891518137,,0.0,0.0,1.0112764564640426,2.0326939326877707,0.0,0.0,1.3205485546324967,1.7234218345193166,3.0439703891518133,0.0,0.0,0.0,0.7097350870507823,2.334235302101031,,,,,,,,,15045.069759380549,33572.944354970656,36395.37209085144,65071.483142194396
lp,27,22056,01,0.6097060788375219,,0.19767989380747192,0.4120261850300494,0.0,0.0,0.36783991092335505,0.2418661679141663,0.0,0.0,0.6097060788375214,0.0,0.15334988767234378,0.45635619116517795,0.0,0.0,,,,,,,,,14761.612083799733,28857.37201709533,33962.01012191035,63589.35112703043
lp,27,22056,02,0.9902320835591834,,0.2363303152869139,0.0,0.753901768272271,0.0,0.8240836885028817,0.0,0.16614839505630302,0.0,0.9902320835591848,0.0,-0.14232093762195086,0.0,1.1325530211811354,0.0,,,,,,,,,14761.612083799733,28857.37201709533,33962.01012191035,63589.35112703043
lp,27,22056,03,1.998147653527675,,0.22981597981763519,0.0,0.0,1.7683316737100392,0.9683217339284929,0.0,0.0,1.0298259195991812,1.9981476535276745,0.0,-0.7557494412799218,0.0,0.0,2.753897094807596,,,,,,,,,14761.612083799733,28857.37201709533,33962.01012191035,63589.35112703043
lp,27,22056,12,1.638347458133466,,0.0,0.6797856349372935,0.9585618231961767,0.0,0.0,1.4952022472177284,0.14314521091574156,0.0,1.63834745813347,0.0,0.0,0.38384633837003124,1.254501119763439,0.0,,,,,,,,,14761.612083799733,28857.37201709533,33962.01012191035,63589.35112703043
lp,27,22056,13,2.6941230824938747,,0.0,0.6849783150469284,0.0,2.0091447674469536,0.0,1.8049943327409792,0.0,0.8891287497529029,2.6941230824938827,0.0,0.0,0.01733223120180494,0.0,2.6767908512920773,,,,,,,,,14761.612083799733,28857.37201709533,33962.01012191035,63589.35112703043
lp,27,22056,23,4.5223859204278725,,0.0,0.0,1.6367681159572132,2.8856178044706677,0.0,0.0,1.555766737869776,2.9666191825581048,4.522385920427881,0.0,0.0,0.0,1.654060338004169,2.868325582423712,,,,,,,,,14761.612083799733,28857.37201709533,33962.01012191035,63589.35112703043
lp,28,22224,01,0.7053971458245213,,0.25695344397431774,0.4484437018502035,0.0,0.0,0.34956957723885973,0.35582756858566156,0.0,0.0,0.7053971458245213,-1.4210854715202004e-14,0.22115091482960234,0.48424623099491937,0.0,0.0,,,,,,,,,16913.018019189592,28664.266643147686,34127.003365177225,66870.18576289267
lp,28,22224,02,1.2087204807035972,,0.3559074499334397,0.0,0.8528130307701575,0.0,0.9401931671867871,0.0,0.26852731351681003,0.0,1.208720480703597,0.0,-0.08466558929851628,0.0,1.2933860700021131,0.0,,,,,,,,,16913.018019189592,28664.266643147686,34127.003365177225,66870.18576289267
lp,28,22224,03,2.904838317489714,,0.3712360692639219,0.0,0.0,2.5336022482257947,1.0960294556103454,0.0,0.0,1.8088088618793712,2.904838317489716,0.0,-0.8662548315296839,0.0,0.0,3.7710931490193995,,,,,,,,,16913.018019189592,28664.266643147686,34127.003365177225,66870.18576289267
lp,28,22224,12,1.6295219915983863,,0.0,0.6777216909322348,0.9518003006661552,0.0,0.0,1.4507981318862662,0.1787238597121238,0.0,1.6295219915983898,-1.4210854715202004e-14,0.0,0.3898250720390794,1.239696919559311,0.0,,,,,,,,,16913.018019189592,28664.266643147686,34127.003365177225,66870.18576289267
lp,28,22224,13,3.2113754468923807,,0.0,0.7237113160962372,0.0,2.4876641307961442,0.0,1.8750362213866743,0.0,1.336339225505707,3.2113754468923816,0.0,0.0,-0.40741987485543407,0.0,3.618795321747815,,,,,,,,,16913.018019189592,28664.266643147686,34127.003365177225,66870.18576289267
lp,28,22224,23,5.415061069187637,,0.0,0.0,1.7100706256188238,3.704990443568843,0.0,0.0,2.375416336244427,3.0396447329432394,5.415061069187666,-1.4210854715202004e-14,0.0,0.0,1.4987182746005263,3.9163427945871394,,,,,,,,,16913.018019189592,28664.266643147686,34127.003365177225,66870.18576289267
lp,29,22392,01,0.8568165721356633,,0.2739577981897547,0.5828587739459052,0.0,0.0,0.28418835111998214,0.5726282210156779,0.0,0.0,0.8568165721356601,0.0,0.2381380334865758,0.6186785386490836,0.0,0.0,,,,,,,,,15479.728371771485,29685.541145871724,36587.18354607985,69222.10029533357
lp,29,22392,02,1.7265882143000588,,0.4325678276970272,0.0,1.2940203866030315,0.0,1.1955190821472919,0.0,0.5310691321527669,0.0,1.7265882143000588,0.0,-0.031543325393762325,0.0,1.7581315396938202,0.0,,,,,,,,,15479.728371771485,29685.541145871724,36587.18354607985,69222.10029533357
lp,29,22392,03,3.037799535461327,,0.41518899430930917,0.0,0.0,2.6226105411520257,1.250013044416868,0.0,0.0,1.7877864910444665,3.0377995354613345,0.0,-0.3391750656646468,0.0,0.0,3.3769746011259802,,,,,,,,,15479.728371771485,29685.541145871724,36587.18354607985,69222.10029533357
lp,29,22392,12,1.9731882291129703,,0.0,0.8273692315747274,1.145818997538242,0.0,0.0,1.7705299935474046,0.20265823556556478,0.0,1.9731882291129696,0.0,0.0,0.38087476762618566,1.5923134614867829,0.0,,,,,,,,,15479.728371771485,29685.541145871724,36587.18354607985,69222.10029533357
lp,29,22392,13,3.2509074662397697,,0.0,0.8320946514572295,0.0,2.4188128147825414,0.0,2.0017748762482097,0.0,1.2491325899915608,3.2509074662397706,0.0,0.0,-0.027317518892299383,0.0,3.278224985132071,,,,,,,,,15479.728371771485,29685.541145871724,36587.18354607985,69222.10029533357
lp,29,22392,23,5.644839242652913,,0.0,0.0,2.0600726840258146,3.5847665586271016,0.0,0.0,2.2043968517178985,3.4404423909350172,5.644839242652916,3.552713678800501e-14,0.0,0.0,2.0294265365251585,3.615412706127758,,,,,,,,,15479.728371771485,29685.541145871724,36587.18354607985,69222.10029533357
lp,30,22560,01,0.691449923243038,,0.24219852686075033,0.4492513963822876,0.0,0.0,0.29966132338002616,0.39178859986301173,0.0,0.0,0.691449923243038,0.0,0.21178132392328,0.47966859931975814,0.0,0.0,,,,,,,,,15976.834682206698,27361.777632225294,36565.13378292286,64911.30178386209
lp,30,22560,02,1.261709577275363,,0.31986346160810125,0.0,0.941846115667257,0.0,1.0387947226369074,0.0,0.22291485463845073,0.0,1.2617095772753582,0.0,-0.07159350154611654,0.0,1.3333030788214753,0.0,,,,,,,,,15976.834682206698,27361.777632225294,36565.13378292286,64911.30178386209
lp,30,22560,03,2.4414734190605394,,0.3273410463833891,0.0,0.0,2.1141323726771444,0.9838467851839373,0.0,0.0,1.4576266338765964,2.441473419060534,0.0,-0.6067931926489747,0.0,0.0,3.0482666117095083,,,,,,,,,15976.834682206698,27361.777632225294,36565.13378292286,64911.30178386209
lp,30,22560,12,1.6460475307547215,,0.0,0.6495227916046385,0.9965247391500839,0.0,0.0,1.5069218850054042,0.13912564574931824,0.0,1.6460475307547222,0.0,0.0,0.4009143123955571,1.245133218359165,0.0,,,,,,,,,15976.834682206698,27361.777632225294,36565.13378292286,64911.30178386209
lp,30,22560,13,2.840902242333188,,0.0,0.7130401918522957,0.0,2.12786205048089,0.0,1.8761098206292148,0.0,0.9647924217039707,2.8409022423331853,0.0,0.0,-0.11006101005299179,0.0,2.950963252386178,,,,,,,,,15976.834682206698,27361.777632225294,36565.13378292286,64911.30178386209
lp,30,22560,23,4.893352551772181,,0.0,0.0,1.7747005170922376,3.118652034679938,0.0,0.0,1.3173947180661894,3.5759578337059867,4.893352551772176,0.0,0.0,0.0,1.6691348153802805,3.2242177363918945,,,,,,,,,15976.834682206698,27361.777632225294,36565.13378292286,64911.30178386209
lp,31,22728,01,0.2086733389206863,,0.061583258888998446,0.14709008003168791,0.0,0.0,0.16705740651531362,0.041615932405372764,0.0,0.0,0.20867333892068637,0.0,0.022433415606365983,0.18623992331432007,0.0,0.0,,,,,,,,,14178.464061358227,29516.025060467608,38098.64365074654,62240.842121579204
lp,31,22728,02,0.31315534504099146,,0.06928993906429227,0.0,0.24386540597669748,0.0,0.27118249975606645,0.0,0.041972845284923316,0.0,0.3131553450409898,0.0,-0.07677392896620885,0.0,0.3899292740071983,0.0,,,,,,,,,14178.464061358227,29516.025060467608,38098.64365074654,62240.842121579204
lp,31,22728,03,0.9767333885440214,,0.06858927060529706,0.0,0.0,0.9081441179387247,0.3480105590803413,0.0,0.0,0.6287228294636805,0.9767333885440218,0.0,-0.7775772708342701,0.0,0.0,1.7543106593782927,,,,,,,,,14178.464061358227,29516.025060467608,38098.64365074654,62240.842121579204
lp,31,22728,12,0.6691765468982955,,0.0,0.2580480957947595,0.4111284511035366,0.0,0.0,0.5424345435036976,0.12674200339459854,0.0,0.6691765468982961,0.0,0.0,0.19351591362311676,0.4756606332751792,0.0,,,,,,,,,14178.464061358227,29516.025060467608,38098.64365074654,62240.842121579204
lp,31,22728,13,1.328826258841872,,0.0,0.29767856107342294,0.0,1.031147697768454,0.0,0.7956216304899689,0.0,0.5332046283519079,1.3288262588418769,0.0,0.0,-0.3574417512159252,0.0,1.6862680100578014,,,,,,,,,14178.464061358227,29516.025060467608,38098.64365074654,62240.842121579204
lp,31,22728,23,2.2487393290625786,,0.0,0.0,0.6832117001704413,1.5655276288921358,0.0,0.0,1.1560323160642343,1.092707012998343,2.2487393290625772,0.0,0.0,0.0,0.3267260908793269,1.9220132381832509,,,,,,,,,14178.464061358227,29516.025060467608,38098.64365074654,62240.842121579204
lp,32,22896,01,0.2923021624390663,,0.08610163984911687,0.2062005225899495,0.0,0.0,0.22752075626602844,0.0647814061730379,0.0,0.0,0.2923021624390663,-2.842170943040401e-14,0.049189036889166635,0.24311312554990044,0.0,0.0,,,,,,,,,12862.57418025706,28832.80703250719,36671.013857052276,68263.62496968321
lp,32,22896,02,0.4745072313008135,,0.09578610506853723,0.0,0.3787211262322768,0.0,0.4068239653251808,0.0,0.06768326597563323,0.0,0.47450723130081407,0.0,-0.11187378746356638,0.0,0.5863810187643805,0.0,,,,,,,,,12862.57418025706,28832.80703250719,36671.013857052276,68263.62496968321
lp,32,22896,03,1.6781793240015814,,0.11114080836893152,0.0,0.0,1.567038515632657,0.5004711784906668,0.0,0.0,1.1777081455109215,1.6781793240015883,1.4210854715202004e-14,-1.1714154125834169,0.0,0.0,2.8495947365850056,,,,,,,,,12862.57418025706,28832.80703250719,36671.013857052276,68263.62496968321
lp,32,22896,12,0.9396245976747162,,0.0,0.35467348539154303,0.5849511122831712,0.0,0.0,0.7577618499623024,0.18186274771241193,0.0,0.9396245976747143,-1.4210854715202004e-14,0.0,0.23914388576050985,0.7004807119142042,0.0,,,,,,,,,12862.57418025706,28832.80703250719,36671.013857052276,68263.62496968321
lp,32,22896,13,2.2172506188332277,,0.0,0.42711745765580766,0.0,1.7901331611774216,0.0,1.1065053781266432,0.0,1.110745240706586,2.2172506188332295,0.0,0.0,-0.6582943403390562,0.0,2.875544959172286,,,,,,,,,12862.57418025706,28832.80703250719,36671.013857052276,68263.62496968321
lp,32,22896,23,3.4655518160457235,,0.0,0.0,0.9904843125172432,2.4750675035284675,0.0,0.0,1.6468317646863149,1.8187200513593962,3.4655518160457106,1.4210854715202004e-14,0.0,0.0,0.44148017188652766,3.024071644159184,,,,,,,,,12862.57418025706,28832.80703250719,36671.013857052276,68263.62496968321
lp,33,23064,01,0.13633780079637775,,0.03959592016429099,0.09674188063208672,0.0,0.0,0.10866776784908644,0.027670032947291284,0.0,0.0,0.1363378007963777,0.0,-0.0038972465634116815,0.14023504735978828,0.0,0.0,,,,,,,,,14514.891181115716,29147.307044054014,39878.0736680149,69514.66513319936
lp,33,23064,02,0.21235310941596125,,0.04937525665059073,0.0,0.16297785276537016,0.0,0.16917281279777477,0.0,0.04318029661818611,0.0,0.21235310941596086,0.0,-0.07347343662118942,0.0,0.2858265460371503,0.0,,,,,,,,,14514.891181115716,29147.307044054014,39878.0736680149,69514.66513319936
lp,33,23064,03,1.0215306738485572,,0.05024277898896994,0.0,0.0,0.9712878948595912,0.23037037800025975,0.0,0.0,0.7911602958483014,1.0215306738485612,-1.4210854715202004e-14,-0.9005861636833136,0.0,0.0,1.9221168375318745,,,,,,,,,14514.891181115716,29147.307044054014,39878.0736680149,69514.66513319936
lp,33,23064,12,0.5687645294362861,,0.0,0.24356525599875264,0.3251992734375335,0.0,0.0,0.4111542452001651,0.1576102842361211,0.0,0.5687645294362862,0.0,0.0,0.1960884472537941,0.37267608218249215,0.0,,,,,,,,,14514.891181115716,29147.307044054014,39878.0736680149,69514.66513319936
lp,33,23064,13,1.3310549144278245,,0.0,0.2779484999604786,0.0,1.053106414467348,0.0,0.6736554721109091,0.0,0.6573994423169174,1.3310549144278268,-1.4210854715202004e-14,0.0,-0.5314972134441461,0.0,1.8625521278719726,,,,,,,,,14514.891181115716,29147.307044054014,39878.0736680149,69514.66513319936
lp,33,23064,23,1.987982122183397,,0.0,0.0,0.5403605043279524,1.4476216178554422,0.0,0.0,0.9666158690591024,1.021366253124292,1.9879821221833944,-1.4210854715202004e-14,0.0,0.0,0.042487808227141856,1.945494313956253,,,,,,,,,14514.891181115716,29147.307044054014,39878.0736680149,69514.66513319936
lp,34,23232,01,0.2455578483826791,,0.081518917885394,0.16403893049728466,0.0,0.0,0.15932498486402233,0.08623286351865635,0.0,0.0,0.2455578483826787,0.0,0.07168594218408263,0.17387190619859622,0.0,0.0,,,,,,,,,14753.02172323661,26596.714568859115,38848.14954879925,64287.12942392263
lp,34,23232,02,0.6570101259710479,,0.10158669189521789,0.0,0.5554234340758301,0.0,0.39441907325106335,0.0,0.2625910527199846,0.0,0.6570101259710479,-1.4210854715202004e-14,-0.45457849400799,0.0,1.111588619979038,0.0,,,,,,,,,14753.02172323661,26596.714568859115,38848.14954879925,64287.12942392263
lp,34,23232,03,1.6527595928700882,,0.11928929347489625,0.0,0.0,1.5334702993951939,0.504504152560249,0.0,0.0,1.1482554403098406,1.6527595928700898,0.0,-1.555116943991316,0.0,0.0,3.2078765368614066,,,,,,,,,14753.02172323661,26596.714568859115,38848.14954879925,64287.12942392263
lp,34,23232,12,0.9987712142253705,,0.0,0.3263742157133626,0.6723969985120094,0.0,0.0,0.8353928998982535,0.16337831432711855,0.0,0.9987712142253721,-1.4210854715202004e-14,0.0,-0.08215960670250212,1.0809308209278745,0.0,,,,,,,,,14753.02172323661,26596.714568859115,38848.14954879925,64287.12942392263
lp,34,23232,13,1.9735421323476054,,0.0,0.3649666237943612,0.0,1.6085755085532418,0.0,1.0941237659739056,0.0,0.8794183663736975,1.9735421323476028,0.0,0.0,-0.9875941196547198,0.0,2.9611362520023228,,,,,,,,,14753.02172323661,26596.714568859115,38848.14954879925,64287.12942392263
lp,34,23232,23,4.569214440288181,,0.0,0.0,1.612620786412891,2.956593653875293,0.0,0.0,1.9072194353041279,2.6619950049840555,4.569214440288184,0.0,0.0,0.0,1.0994307027201,3.469783737568083,,,,,,,,,14753.02172323661,26596.714568859115,38848.14954879925,64287.12942392263
lp,35,23400,01,0.400999692403801,,0.14340121929600708,0.25759847310779577,0.0,0.0,0.21861297687668405,0.18238671552711877,0.0,0.0,0.40099969240380284,0.0,0.1089692938518913,0.2920303985519112,0.0,0.0,,,,,,,,,16007.720142296894,29587.26943899234,36379.106263158435,63315.14139274085
lp,35,23400,02,0.7288834378114067,,0.1850255222157442,0.0,0.5438579155956638,0.0,0.5834749197999168,0.0,0.14540851801149113,0.0,0.7288834378114079,0.0,-0.5566617906301287,0.0,1.285545228441537,0.0,,,,,,,,,16007.720142296894,29587.26943899234,36379.106263158435,63315.14139274085
lp,35,23400,03,2.191258711863194,,0.21180034213167614,0.0,0.0,1.9794583697315091,0.6243486090766966,0.0,0.0,1.5669101027864885,2.1912587118631848,0.0,-1.5651033681682576,0.0,0.0,3.7563620800314426,,,,,,,,,16007.720142296894,29587.26943899234,36379.106263158435,63315.14139274085
lp,35,23400,12,1.4268491162725658,,0.0,0.5518565671736014,0.8749925490989638,0.0,0.0,1.26400328155505,0.16284583471751526,0.0,1.426849116272565,0.0,0.0,0.18986132358143584,1.2369877926911288,0.0,,,,,,,,,16007.720142296894,29587.26943899234,36379.106263158435,63315.14139274085
lp,35,23400,13,2.859747655688239,,0.0,0.6252654955937662,0.0,2.234482160094465,0.0,1.3929187416273505,0.0,1.4668289140608806,2.859747655688231,0.0,0.0,-0.7613842531313868,0.0,3.6211319088196183,,,,,,,,,16007.720142296894,29587.26943899234,36379.106263158435,63315.14139274085
lp,35,23400,23,5.623330436448789,,0.0,0.0,1.9278242916266253,3.6955061448221618,0.0,0.0,2.3874509947352345,3.235879441713552,5.6233304364487875,0.0,0.0,0.0,1.7013216767330168,3.92200875971577,,,,,,,,,16007.720142296894,29587.26943899234,36379.106263158435,63315.14139274085
lp,36,23568,01,0.07626142178273833,,0.015961385649976748,0.060300036132761546,0.0,0.0,0.0733003592315416,0.002961062551196685,0.0,0.0,0.0762614217827383,0.0,-0.013293869703968049,0.08955529148670553,0.0,0.0,,,,,,,,,13226.494824622763,29519.116175929947,38761.21737950631,60208.276823168024
lp,36,23568,02,0.22657083841348272,,0.017598278269562593,0.0,0.20897256014392004,0.0,0.12204055719273542,0.0,0.1045302812207472,0.0,0.22657083841348266,0.0,-0.5522891632316377,0.0,0.7788600016451206,0.0,,,,,,,,,13226.494824622763,29519.116175929947,38761.21737950631,60208.276823168024
lp,36,23568,03,0.9382378996733817,,0.019110515145569523,0.0,0.0,0.9191273845278174,0.1553703467152717,0.0,0.0,0.7828675529581153,0.9382378996733869,0.0,-1.4623870491845652,0.0,0.0,2.4006249488579523,,,,,,,,,13226.494824622763,29519.116175929947,38761.21737950631,60208.276823168024
lp,36,23568,12,1.1767009716450287,,0.0,0.4771299715571548,0.6995710000878705,0.0,0.0,1.0164859619510125,0.16021500969401273,0.0,1.1767009716450254,0.0,0.0,0.13946359607593903,1.037237375569086,0.0,,,,,,,,,13226.494824622763,29519.116175929947,38761.21737950631,60208.276823168024
lp,36,23568,13,1.9756349503180326,,0.0,0.5099030049036433,0.0,1.4657319454143953,0.0,1.0630911199976634,0.0,0.9125438303203751,1.9756349503180384,0.0,0.0,-0.36817212429524376,0.0,2.3438070746132813,,,,,,,,,13226.494824622763,29519.116175929947,38761.21737950631,60208.276823168024
lp,36,23568,23,3.5004547189430513,,0.0,0.0,1.2032195387669913,2.2972351801760573,0.0,0.0,1.2508662718566252,2.2495884470864236,3.500454718943049,0.0,0.0,0.0,0.9807084423273824,2.5197462766156664,,,,,,,,,13226.494824622763,29519.116175929947,38761.21737950631,60208.276823168024
lp,37,23736,01,0.3426834742732868,,0.09825678042428573,0.2444266938490009,0.0,0.0,0.229365059351073,0.11331841492221363,0.0,0.0,0.34268347427328666,-2.842170943040401e-14,-0.008810707113558369,0.3514941813868439,0.0,0.0,,,,,,,,,12980.421346173822,29963.968912091237,34710.195871261734,63300.2744433678
lp,37,23736,02,0.5967384515019668,,0.10991383102167651,0.0,0.48682462048029224,0.0,0.4115429341203179,0.0,0.1851955173816508,0.0,0.5967384515019687,-1.7763568394002505e-14,-0.49488753200567026,0.0,1.09162598350764,0.0,,,,,,,,,12980.421346173822,29963.968912091237,34710.195871261734,63300.2744433678
lp,37,23736,03,1.5056546914190223,,0.10985211014991163,0.0,0.0,1.3958025812691073,0.5536921540173566,0.0,0.0,0.9519625374016623,1.505654691419019,-1.4210854715202004e-14,-0.9166195446100394,0.0,0.0,2.422274236029059,,,,,,,,,12980.421346173822,29963.968912091237,34710.195871261734,63300.2744433678
lp,37,23736,12,2.0264289495821597,,0.0,0.8570230735821226,1.1694058760000428,0.0,0.0,1.7657750976109263,0.2606538519712389,0.0,2.0264289495821655,0.0,0.0,0.5069860418946802,1.519442907687485,0.0,,,,,,,,,12980.421346173822,29963.968912091237,34710.195871261734,63300.2744433678
lp,37,23736,13,2.997297256776107,,0.0,0.8504467622641726,0.0,2.1468504945119276,0.0,1.6593830898220556,0.0,1.3379141669540442,2.9972972567761,0.0,0.0,0.33306376518544856,0.0,2.6642334915906516,,,,,,,,,12980.421346173822,29963.968912091237,34710.195871261734,63300.2744433678
lp,37,23736,23,4.876585278537259,,0.0,0.0,1.7744432833270776,3.1021419952101867,0.0,0.0,1.1634298152662077,3.7131554632710557,4.876585278537264,0.0,0.0,0.0,1.9672325688727488,2.9093527096645153,,,,,,,,,12980.421346173822,29963.968912091237,34710.195871261734,63300.2744433678
lp,38,23904,01,0.3033247849379105,,0.09873480674308166,0.20458997819482944,0.0,0.0,0.17068155817983316,0.13264322675807796,0.0,0.0,0.3033247849379111,0.0,0.0026254065785418787,0.3006993783593693,0.0,0.0,,,,,,,,,17280.166483182646,29389.288270029585,39915.23286548164,69057.833839025
lp,38,23904,02,0.6153558028622579,,0.12488292417679692,0.0,0.4904728786854596,0.0,0.4040868497279995,0.0,0.211268953134257,0.0,0.6153558028622564,0.0,-0.34336668337130255,0.0,0.958722486233559,0.0,,,,,,,,,17280.166483182646,29389.288270029585,39915.23286548164,69057.833839025
lp,38,23904,03,1.7458823142091922,,0.14366208195595181,0.0,0.0,1.6022202322532344,0.5154281818016275,0.0,0.0,1.2304541324075589,1.7458823142091862,0.0,-1.1011008956336525,0.0,0.0,2.84698320984284,,,,,,,,,17280.166483182646,29389.288270029585,39915.23286548164,69057.833839025
lp,38,23904,12,1.493141023647572,,0.0,0.5735918425775318,0.9195491810700412,0.0,0.0,1.3041990627396527,0.18894196090792048,0.0,1.4931410236475733,0.0,0.0,0.28279689738005154,1.2103441262675214,0.0,,,,,,,,,17280.166483182646,29389.288270029585,39915.23286548164,69057.833839025
lp,38,23904,13,2.6576742024672804,,0.0,0.6026258018756421,0.0,2.0550484005916387,0.0,1.5395583256990615,0.0,1.1181158767682196,2.6576742024672813,0.0,0.0,-0.15454040484211315,0.0,2.8122146073093934,,,,,,,,,17280.166483182646,29389.288270029585,39915.23286548164,69057.833839025
lp,38,23904,23,4.951019731382598,,0.0,0.0,1.7847388270238695,3.166280904358727,0.0,0.0,1.1471856782986114,3.803834053083985,4.951019731382596,0.0,0.0,0.0,1.8171244124105992,3.133895318971997,,,,,,,,,17280.166483182646,29389.288270029585,39915.23286548164,69057.833839025
lp,39,24072,01,0.1106309700110371,,0.03522121764311193,0.0754097523679251,0.0,0.0,0.09935842201574474,0.011272547995292294,0.0,0.0,0.11063097001103704,0.0,0.009144729298216421,0.10148624071282056,0.0,0.0,,,,,,,,,13180.581545083634,25825.396506794328,38620.65714169311,66257.5371596658
lp,39,24072,02,0.4105785480029834,,0.06487290185220652,0.0,0.34570564615077737,0.0,0.24659204989201075,0.0,0.16398649811097304,0.0,0.41057854800298377,0.0,-0.6143568087119817,0.0,1.0249353567149657,0.0,,,,,,,,,13180.581545083634,25825.396506794328,38620.65714169311,66257.5371596658
lp,39,24072,03,1.3012998814844299,,0.06320806402565957,0.0,0.0,1.2380918174587747,0.26309075977813756,0.0,0.0,1.0382091217062965,1.301299881484434,0.0,-1.3557293540390516,0.0,0.0,2.6570292355234857,,,,,,,,,13180.581545083634,25825.396506794328,38620.65714169311,66257.5371596658
lp,39,24072,12,1.153264427967927,,0.0,0.38894467305333597,0.7643197549145923,0.0,0.0,1.0444886241134448,0.10877580385448347,0.0,1.1532644279679283,0.0,0.0,0.09435848954616091,1.0589059384217676,0.0,,,,,,,,,13180.581545083634,25825.396506794328,38620.65714169311,66257.5371596658
lp,39,24072,13,2.138646108517645,,0.0,0.4190799980551369,0.0,1.71956611046251,0.0,1.2481041209089,0.0,0.8905419876087466,2.138646108517647,0.0,0.0,-0.4622784142554215,0.0,2.600924522773068,,,,,,,,,13180.581545083634,25825.396506794328,38620.65714169311,66257.5371596658
lp,39,24072,23,4.200076441418864,,0.0,0.0,1.5237586806842196,2.6763177607346393,0.0,0.0,1.1801134088195044,3.0199630325993545,4.200076441418859,0.0,0.0,0.0,1.334503183833356,2.865573257585503,,,,,,,,,13180.581545083634,25825.396506794328,38620.65714169311,66257.5371596658
lp,40,24240,01,0.2427881552344659,,0.06940589776713293,0.17338225746733305,0.0,0.0,0.18969540369555216,0.05309275153891384,0.0,0.0,0.24278815523446595,0.0,0.029527114834718426,0.2132610403997475,0.0,0.0,,,,,,,,,14306.34156352679,28129.778146011435,34334.073026907536,67320.78641226036
lp,40,24240,02,0.4630616981382895,,0.07716341902289421,0.0,0.38589827911539587,0.0,0.3920134316315069,0.0,0.07104826650678313,0.0,0.46306169813829,0.0,-0.3560908482182108,0.0,0.8191525463565009,0.0,,,,,,,,,14306.34156352679,28129.778146011435,34334.073026907536,67320.78641226036
lp,40,24240,03,1.8117599584778248,,0.08500900180911873,0.0,0.0,1.7267509566687114,0.4983326589458177,0.0,0.0,1.3134272995320126,1.8117599584778301,0.0,-1.6613264878368463,0.0,0.0,3.4730864463146753,,,,,,,,,14306.34156352679,28129.778146011435,34334.073026907536,67320.78641226036
lp,40,24240,12,1.480650706250903,,0.0,0.5845178181281269,0.8961328881227725,0.0,0.0,1.3890334304766334,0.09161727577426619,0.0,1.4806507062508996,0.0,0.0,0.3123914155684068,1.1682592906824925,0.0,,,,,,,,,14306.34156352679,28129.778146011435,34334.073026907536,67320.78641226036
lp,40,24240,13,2.941287545300609,,0.0,0.6340804095082243,0.0,2.3072071357923893,0.0,1.8798608583363308,0.0,1.061426686964283,2.941287545300614,0.0,0.0,-0.3817455459118879,0.0,3.3230330912125026,,,,,,,,,14306.34156352679,28129.778146011435,34334.073026907536,67320.78641226036
lp,40,24240,23,5.361552565909646,,0.0,0.0,1.7755211855113144,3.586031380398338,0.0,0.0,1.4092963626031851,3.952256203306467,5.361552565909652,0.0,0.0,0.0,1.6182879951897238,3.743264570719927,,,,,,,,,14306.34156352679,28129.778146011435,34334.073026907536,67320.78641226036
lp,41,24408,01,0.3458592687194044,,0.0803425936126984,0.2655166751067068,0.0,0.0,0.2338563796565114,0.1120028890628938,0.0,0.0,0.3458592687194052,0.0,-0.08297430888040615,0.4288335775998118,0.0,0.0,,,,,,,,,13944.273955645795,29800.33529104887,35733.26938283024,64759.998232680984
lp,41,24408,02,0.5707507558631374,,0.08878450917351888,0.0,0.48196624668961746,0.0,0.4505659857499364,0.0,0.12018477011319995,0.0,0.5707507558631363,-1.4210854715202004e-14,-0.5579699783350297,0.0,1.128720734198166,0.0,,,,,,,,,13944.273955645795,29800.33529104887,35733.26938283024,64759.998232680984
lp,41,24408,03,1.8362872881528804,,0.09964038518352922,0.0,0.0,1.7366469029693479,0.5245749528169641,0.0,0.0,1.3117123353359126,1.8362872881528771,0.0,-1.804443394602618,0.0,0.0,3.640730682755495,,,,,,,,,13944.273955645795,29800.33529104887,35733.26938283024,64759.998232680984
lp,41,24408,12,1.8423226160373245,,0.0,0.8000305104033334,1.0422921056339944,0.0,0.0,1.6771376499256925,0.16518496611163525,0.0,1.8423226160373278,-1.4210854715202004e-14,0.0,0.31150390323435645,1.5308187128029704,0.0,,,,,,,,,13944.273955645795,29800.33529104887,35733.26938283024,64759.998232680984
lp,41,24408,13,3.2665797670705543,,0.0,0.8463982298723195,0.0,2.420181537198235,0.0,1.8163477030734103,0.0,1.4502320639971444,3.266579767070555,0.0,0.0,-0.38920661600606143,0.0,3.655786383076616,,,,,,,,,13944.273955645795,29800.33529104887,35733.26938283024,64759.998232680984
lp,41,24408,23,5.623001548603409,,0.0,0.0,1.9567610479815964,3.6662405006218135,0.0,0.0,1.625053497076903,3.997948051526507,5.62300154860341,-1.4210854715202004e-14,0.0,0.0,1.6479377543673646,3.9750637942360454,,,,,,,,,13944.273955645795,29800.33529104887,35733.26938283024,64759.998232680984
lp,42,24576,01,0.39325750728184034,,0.10777556235825349,0.2854819449235866,0.0,0.0,0.2926124196087959,0.10064508767304414,0.0,0.0,0.39325750728184,-1.4210854715202004e-14,-0.026970344830253422,0.42022785211209324,0.0,0.0,,,,,,,,,14395.3785318224,30317.154187780456,37360.6293022726,66004.25855914554
lp,42,24576,02,0.6123459693977418,,0.12827880130214445,0.0,0.4840671680955972,0.0,0.4373532571988556,0.0,0.17499271219888612,0.0,0.6123459693977418,0.0,-0.5615957954262032,0.0,1.1739417648239447,0.0,,,,,,,,,14395.3785318224,30317.154187780456,37360.6293022726,66004.25855914554
lp,42,24576,03,2.3682466948328234,,0.13921960890984805,0.0,0.0,2.2290270859229704,0.5180770752202407,0.0,0.0,1.850169619612578,2.3682466948328185,-2.1316282072803006e-14,-2.0080178325924796,0.0,0.0,4.376264527425301,,,,,,,,,14395.3785318224,30317.154187780456,37360.6293022726,66004.25855914554
lp,42,24576,12,1.6348681536217597,,0.0,0.6774856544972712,0.9573824991244854,0.0,0.0,1.3389077328489212,0.29596042077283546,0.0,1.6348681536217566,-1.4210854715202004e-14,0.0,0.18946992690578848,1.4453982267159682,0.0,,,,,,,,,14395.3785318224,30317.154187780456,37360.6293022726,66004.25855914554
lp,42,24576,13,3.3430538740927718,,0.0,0.6904691976842391,0.0,2.652584676408537,0.0,1.5831779278005862,0.0,1.75987594629219,3.343053874092776,-2.1316282072803006e-14,0.0,-0.9690950852309763,0.0,4.312148959323752,,,,,,,,,14395.3785318224,30317.154187780456,37360.6293022726,66004.25855914554
lp,42,24576,23,5.9122416589953195,,0.0,0.0,1.8932226676732984,4.019018991322018,0.0,0.0,2.156958833341228,3.755282825654089,5.912241658995318,0.0,0.0,0.0,1.3778865135266483,4.534355145468667,,,,,,,,,14395.3785318224,30317.154187780456,37360.6293022726,66004.25855914554
lp,43,24744,01,0.7322981617485955,,0.2124624661791923,0.5198356955694018,0.0,0.0,0.36315236043644733,0.3691458013121468,0.0,0.0,0.7322981617485943,0.0,0.11761047399904684,0.6146876877495473,0.0,0.0,,,,,,,,,13246.522048754327,31001.094894185233,41356.06581066488,69241.93160884523
lp,43,24744,02,1.8475122443315004,,0.3138336752209312,0.0,1.53367856911057,0.0,1.4069199034475648,0.0,0.4405923408839364,0.0,1.8475122443315009,0.0,-1.0921968713243284,0.0,2.939709115655829,0.0,,,,,,,,,13246.522048754327,31001.094894185233,41356.06581066488,69241.93160884523
lp,43,24744,03,4.003451574361907,,0.33147192476752074,0.0,0.0,3.6719796495943884,1.5889878778125273,0.0,0.0,2.4144636965493818,4.003451574361908,0.0,-1.8099173332380956,0.0,0.0,5.813368907600005,,,,,,,,,13246.522048754327,31001.094894185233,41356.06581066488,69241.93160884523
lp,43,24744,12,2.403714082841488,,0.0,0.851934375427232,1.5517797074142647,0.0,0.0,2.0395408088030282,0.3641732740384686,0.0,2.403714082841497,0.0,0.0,-0.21893478732056962,2.6226488701620663,0.0,,,,,,,,,13246.522048754327,31001.094894185233,41356.06581066488,69241.93160884523
lp,43,24744,13,4.611001403468125,,0.0,0.8902833427937983,0.0,3.7207180606743218,0.0,2.214846408431446,0.0,2.3961549950366736,4.611001403468121,0.0,0.0,-1.1911533616386625,0.0,5.802154765106783,,,,,,,,,13246.522048754327,31001.094894185233,41356.06581066488,69241.93160884523
lp,43,24744,23,9.225869798932269,,0.0,0.0,3.381896301241924,5.843973497690373,0.0,0.0,2.6574901433547957,6.568379655577501,9.225869798932296,0.0,0.0,0.0,3.231330679074928,5.994539119857369,,,,,,,,,13246.522048754327,31001.094894185233,41356.06581066488,69241.93160884523
lp,44,24912,01,0.7665907510281269,,0.24024668225511606,0.5263440687730117,0.0,0.0,0.4692607216225901,0.29733002940553765,0.0,0.0,0.7665907510281277,0.0,0.09457270392591846,0.6720180471022097,0.0,0.0,,,,,,,,,14182.549179422662,31081.4118890989,39476.129456314935,63729.884402208416
lp,44,24912,02,1.6708023741075968,,0.3446386089117066,0.0,1.3261637651958926,0.0,1.284029439378203,0.0,0.38677293472939583,0.0,1.6708023741075992,0.0,-0.842081941481543,0.0,2.512884315589143,0.0,,,,,,,,,14182.549179422662,31081.4118890989,39476.129456314935,63729.884402208416
lp,44,24912,03,4.125965064989253,,0.33403736626744773,0.0,0.0,3.791927698721816,1.3914735073567834,0.0,0.0,2.734491557632481,4.1259650649892645,2.1316282072803006e-14,-2.1683070067105397,0.0,0.0,6.294272071699804,,,,,,,,,14182.549179422662,31081.4118890989,39476.129456314935,63729.884402208416
lp,44,24912,12,2.6743373332438587,,0.0,1.008143673454693,1.6661936597891613,0.0,0.0,2.1912166315417037,0.4831207017021502,0.0,2.6743373332438543,0.0,0.0,-0.036662046961473765,2.7109993802053287,0.0,,,,,,,,,14182.549179422662,31081.4118890989,39476.129456314935,63729.884402208416
lp,44,24912,13,5.08519039173012,,0.0,1.0251988960365692,0.0,4.0599914956935494,0.0,2.4433406541826463,0.0,2.641849737547472,5.085190391730119,2.1316282072803006e-14,0.0,-1.2564797214251788,0.0,6.341670113155298,,,,,,,,,14182.549179422662,31081.4118890989,39476.129456314935,63729.884402208416
lp,44,24912,23,10.093908667976491,,0.0,0.0,3.6737385138775114,6.420170154098996,0.0,0.0,4.4240578448867955,5.669850823089711,10.093908667976509,2.1316282072803006e-14,0.0,0.0,3.2902768884825973,6.80363177949391,,,,,,,,,14182.549179422662,31081.4118890989,39476.129456314935,63729.884402208416
lp,45,25080,01,0.557913032671671,,0.1472370501970143,0.4106759824746561,0.0,0.0,0.4117792322902711,0.1461338003813993,0.0,0.0,0.5579130326716705,0.0,0.020126711027538286,0.5377863216441322,0.0,0.0,,,,,,,,,13683.796300467566,30527.874507504686,33071.059201471944,60952.75054538742
lp,45,25080,02,0.6779650284785695,,0.16916575603216694,0.0,0.5087992724464017,0.0,0.6334816810703966,0.0,0.044483347408172,0.0,0.6779650284785687,-1.4210854715202004e-14,-0.41010480510933184,0.0,1.0880698335879007,0.0,,,,,,,,,13683.796300467566,30527.874507504686,33071.059201471944,60952.75054538742
lp,45,25080,03,2.7486376136875337,,0.1735609225532817,0.0,0.0,2.5750766911342553,0.7768473521153314,0.0,0.0,1.9717902615722054,2.748637613687537,0.0,-2.361797072834129,0.0,0.0,5.110434686521666,,,,,,,,,13683.796300467566,30527.874507504686,33071.059201471944,60952.75054538742
lp,45,25080,12,1.9840025293505101,,0.0,0.8893379711769502,1.0946645581735626,0.0,0.0,1.7125564612050497,0.27144606814546324,0.0,1.9840025293505128,-1.4210854715202004e-14,0.0,0.41129020477284617,1.5727123245776673,0.0,,,,,,,,,13683.796300467566,30527.874507504686,33071.059201471944,60952.75054538742
lp,45,25080,13,4.034557655633972,,0.0,0.893793188849675,0.0,3.140764466784295,0.0,2.006021041623441,0.0,2.028536614010529,4.03455765563397,0.0,0.0,-0.9639026016611438,0.0,4.998460257295113,,,,,,,,,13683.796300467566,30527.874507504686,33071.059201471944,60952.75054538742
lp,45,25080,23,7.274479698530817,,0.0,0.0,2.355360924559934,4.919118773970893,0.0,0.0,3.1325805497341808,4.141899148796647,7.274479698530826,-1.4210854715202004e-14,0.0,0.0,1.9519645018372982,5.322515196693528,,,,,,,,,13683.796300467566,30527.874507504686,33071.059201471944,60952.75054538742
lp,46,25248,01,0.28289452253510283,,0.09313895697577912,0.18975556555932388,0.0,0.0,0.19382802526923118,0.08906649726587176,0.0,0.0,0.28289452253510294,-1.4210854715202004e-14,-0.016169544593259547,0.2990640671283622,0.0,0.0,,,,,,,,,15680.014067748967,27971.628355901878,35706.99244669893,66030.56164380301
lp,46,25248,02,0.5839071184257968,,0.11431002421288076,0.0,0.4695970942129183,0.0,0.476383611580421,0.0,0.10752350684537815,0.0,0.5839071184257991,0.0,-0.5739142403658246,0.0,1.1578213587916244,0.0,,,,,,,,,15680.014067748967,27971.628355901878,35706.99244669893,66030.56164380301
lp,46,25248,03,2.4273726561190556,,0.12561435218759134,0.0,0.0,2.301758303931466,0.5507472700700468,0.0,0.0,1.876625386049011,2.427372656119058,0.0,-1.9248808121588836,0.0,0.0,4.352253468277941,,,,,,,,,15680.014067748967,27971.628355901878,35706.99244669893,66030.56164380301
lp,46,25248,12,1.279586464284355,,0.0,0.5306560773351913,0.7489303869491679,0.0,0.0,1.2150045882338036,0.06458187605055556,0.0,1.2795864642843593,0.0,0.0,0.031374251446673065,1.248212212837686,0.0,,,,,,,,,15680.014067748967,27971.628355901878,35706.99244669893,66030.56164380301
lp,46,25248,13,3.029174484198632,,0.0,0.5384750765300549,0.0,2.490699407668586,0.0,1.5220319550838377,0.0,1.5071425291148037,3.029174484198641,0.0,0.0,-1.1945113301775399,0.0,4.223685814376181,,,,,,,,,15680.014067748967,27971.628355901878,35706.99244669893,66030.56164380301
lp,46,25248,23,5.889386287427943,,0.0,0.0,1.8405926736483085,4.048793613779642,0.0,0.0,2.1134361606113976,3.775950126816553,5.889386287427951,0.0,0.0,0.0,1.4268603138817884,4.462525973546162,,,,,,,,,15680.014067748967,27971.628355901878,35706.99244669893,66030.56164380301
lp,47,25416,01,0.565751944952177,,0.17954112825681046,0.3862108166953676,0.0,0.0,0.5471014307186262,0.018650514233552008,0.0,0.0,0.5657519449521781,-4.263256414560601e-14,0.004842625572796154,0.5609093193793805,0.0,0.0,,,,,,,,,13485.872080147019,29147.03532257263,33744.89623044364,63846.264977282335
lp,47,25416,02,0.8091271550856134,,0.18227772199322348,0.0,0.6268494330923919,0.0,0.6455705674828979,0.0,0.16355658760271752,0.0,0.8091271550856155,0.0,-0.6611396013962801,0.0,1.4702667564818954,0.0,,,,,,,,,13485.872080147019,29147.03532257263,33744.89623044364,63846.264977282335
lp,47,25416,03,2.70094212224711,,0.18449357981738146,0.0,0.0,2.5164485424297145,0.7182627521736983,0.0,0.0,1.982679370073398,2.700942122247096,0.0,-2.136976206916977,0.0,0.0,4.837918329164073,,,,,,,,,13485.872080147019,29147.03532257263,33744.89623044364,63846.264977282335
lp,47,25416,12,2.339553580472187,,0.0,1.0089339627443525,1.3306196177278384,0.0,0.0,2.154209536164951,0.1853440443072401,0.0,2.3395535804721908,0.0,0.0,0.5397444127681998,1.7998091677039914,0.0,,,,,,,,,13485.872080147019,29147.03532257263,33744.89623044364,63846.264977282335
lp,47,25416,13,4.245294452755115,,0.0,1.0424724052736694,0.0,3.2028220474814324,0.0,2.445631476262128,0.0,1.799662976492974,4.245294452755102,0.0,0.0,-0.5325796657903848,0.0,4.777874118545487,,,,,,,,,13485.872080147019,29147.03532257263,33744.89623044364,63846.264977282335
lp,47,25416,23,6.460491506900263,,0.0,0.0,2.1307903353418056,4.329701171558467,0.0,0.0,2.1674534988650147,4.293038008035257,6.460491506900272,0.0,0.0,0.0,1.5424939462924834,4.917997560607789,,,,,,,,,13485.872080147019,29147.03532257263,33744.89623044364,63846.264977282335
lp,48,25584,01,0.38923198293672945,,0.11453690846369909,0.27469507447303004,0.0,0.0,0.3508077832373961,0.03842419969933308,0.0,0.0,0.3892319829367292,0.0,-0.004646600308634224,0.3938785832453639,0.0,0.0,,,,,,,,,12032.217796174462,30109.030084231184,36569.670242444976,65279.58704922657
lp,48,25584,02,0.5241782046528742,,0.10841137474813423,0.0,0.41576682990473934,0.0,0.4521880342085148,0.0,0.07199017044435879,0.0,0.5241782046528736,0.0,-0.2806124010109228,0.0,0.8047906056637967,0.0,,,,,,,,,12032.217796174462,30109.030084231184,36569.670242444976,65279.58704922657
lp,48,25584,03,2.092556228187783,,0.12834648996047154,0.0,0.0,1.9642097382273096,0.6045168792950728,0.0,0.0,1.4880393488927086,2.092556228187781,0.0,-2.000425103497659,0.0,0.0,4.09298133168544,,,,,,,,,12032.217796174462,30109.030084231184,36569.670242444976,65279.58704922657
lp,48,25584,12,1.7748023528549477,,0.0,0.7543657686708762,1.0204365841840768,0.0,0.0,1.5751249557770222,0.19967739707793097,0.0,1.774802352854953,0.0,0.0,0.412065069679075,1.3627372831758782,0.0,,,,,,,,,12032.217796174462,30109.030084231184,36569.670242444976,65279.58704922657
lp,48,25584,13,3.5262837358564716,,0.0,0.8168313742798723,0.0,2.7094523615765964,0.0,1.9071099071746274,0.0,1.6191738286818411,3.526283735856469,1.4210854715202004e-14,0.0,-0.5600072747516777,0.0,4.086291010608144,,,,,,,,,12032.217796174462,30109.030084231184,36569.670242444976,65279.58704922657
lp,48,25584,23,5.701147294408475,,0.0,0.0,1.8058396212306898,3.895307673177784,0.0,0.0,2.1623731686138474,3.538774125794626,5.701147294408474,1.4210854715202004e-14,0.0,0.0,1.4360322438384965,4.265115050569976,,,,,,,,,12032.217796174462,30109.030084231184,36569.670242444976,65279.58704922657
lp,49,25752,01,1.5453055006396452,,0.42390071882194147,1.1214047818177026,0.0,0.0,1.066069013619367,0.4792364870202774,0.0,0.0,1.545305500639644,1.4210854715202004e-14,0.3205692559203325,1.224736244719312,0.0,0.0,,,,,,,,,16188.961434021498,34397.65212203965,36848.82481887282,64464.84139110838
lp,49,25752,02,1.9618481794957296,,0.44984791115500744,0.0,1.5120002683407239,0.0,1.4781988580373104,0.0,0.4836493214584208,0.0,1.9618481794957314,-1.4210854715202004e-14,-0.4171955804112528,0.0,2.3790437599069847,0.0,,,,,,,,,16188.961434021498,34397.65212203965,36848.82481887282,64464.84139110838
lp,49,25752,03,4.080574928988914,,0.4696929766660864,0.0,0.0,3.610881952322833,1.6328041268922695,0.0,0.0,2.4477708020966493,4.08057492898892,0.0,-1.1520441129352108,0.0,0.0,5.2326190419241305,,,,,,,,,16188.961434021498,34397.65212203965,36848.82481887282,64464.84139110838
lp,49,25752,12,3.3994747031750805,,0.0,1.4941881859320942,1.90528651724299,0.0,0.0,2.861340707445213,0.5381339957298715,0.0,3.3994747031750845,0.0,0.0,0.6058270400930894,2.793647663081995,0.0,,,,,,,,,16188.961434021498,34397.65212203965,36848.82481887282,64464.84139110838
lp,49,25752,13,5.513004823119731,,0.0,1.5181253654313152,0.0,3.994879457688423,0.0,2.9870281057312407,0.0,2.5259767173884966,5.513004823119737,0.0,0.0,0.18651315734692245,0.0,5.326491665772815,,,,,,,,,16188.961434021498,34397.65212203965,36848.82481887282,64464.84139110838
lp,49,25752,23,8.468375655106724,,0.0,0.0,3.0907554678146774,5.377620187292054,0.0,0.0,3.2939384986914275,5.174437156415304,8.468375655106732,-1.4210854715202004e-14,0.0,0.0,3.0121235763551155,5.456252078751615,,,,,,,,,16188.961434021498,34397.65212203965,36848.82481887282,64464.84139110838
lp,50,25920,01,0.15028603828595874,,0.049442578806970755,0.10084345947898839,0.0,0.0,0.11340166052253596,0.03688437776342318,0.0,0.0,0.15028603828595913,-1.4210854715202004e-14,0.02746561354966815,0.1228204247362905,0.0,0.0,,,,,,,,,16753.352063024577,30290.90684985778,38402.91481711701,61851.46768402625
lp,50,25920,02,0.3293500160092808,,0.05944394662125231,0.0,0.2699060693880292,0.0,0.1934683471614502,0.0,0.13588166884783126,0.0,0.3293500160092814,-1.0658141036401503e-14,-0.20507798544922062,0.0,0.534428001458502,0.0,,,,,,,,,16753.352063024577,30290.90684985778,38402.91481711701,61851.46768402625
lp,50,25920,03,1.1011330503858936,,0.06018853933382333,0.0,0.0,1.0409445110520688,0.24932555612495916,0.0,0.0,0.8518074942609329,1.1011330503858918,0.0,-1.0181229686878066,0.0,0.0,2.1192560190736986,,,,,,,,,16753.352063024577,30290.90684985778,38402.91481711701,61851.46768402625
lp,50,25920,12,0.5449393076162121,,0.0,0.20693654369735373,0.3380027639188586,0.0,0.0,0.4463947223399238,0.09854458527628854,0.0,0.5449393076162123,-1.4210854715202004e-14,0.0,0.005978182439401222,0.5389611251768126,0.0,,,,,,,,,16753.352063024577,30290.90684985778,38402.91481711701,61851.46768402625
lp,50,25920,13,1.2893722955132074,,0.0,0.2204713076347306,0.0,1.0689009878784754,0.0,0.5987223092682,0.0,0.6906499862450058,1.2893722955132056,-1.4210854715202004e-14,0.0,-0.7418490447739216,0.0,2.031221340287127,,,,,,,,,16753.352063024577,30290.90684985778,38402.91481711701,61851.46768402625
lp,50,25920,23,2.7066683739325206,,0.0,0.0,0.823389627785153,1.8832787461473597,0.0,0.0,1.434274578973977,1.2723937949585356,2.7066683739325126,0.0,0.0,0.0,0.5197913229813699,2.186877050951142,,,,,,,,,16753.352063024577,30290.90684985778,38402.91481711701,61851.46768402625
lp,51,26088,01,0.33824313030538017,,0.10306716505644783,0.23517596524893247,0.0,0.0,0.2818140207924293,0.056429109512951096,0.0,0.0,0.33824313030538034,0.0,0.02966174854019392,0.30858138176518646,0.0,0.0,,,,,,,,,13373.254049574,30998.824614889403,35576.87267902273,65585.05939878576
lp,51,26088,02,0.5733960186838293,,0.11172426043881897,0.0,0.4616717582450106,0.0,0.4167891742430789,0.0,0.15660684444075076,0.0,0.5733960186838297,-2.1316282072803006e-14,-0.519798950532991,0.0,1.0931949692168192,0.0,,,,,,,,,13373.254049574,30998.824614889403,35576.87267902273,65585.05939878576
lp,51,26088,03,2.3106103405207623,,0.11325741657439596,0.0,0.0,2.1973529239463674,0.523182796817892,0.0,0.0,1.787427543702872,2.3106103405207636,0.0,-1.9404603824193398,0.0,0.0,4.251070722940103,,,,,,,,,13373.254049574,30998.824614889403,35576.87267902273,65585.05939878576
lp,51,26088,12,1.259163492931436,,0.0,0.5085227454679457,0.7506407474634909,0.0,0.0,1.096131090148914,0.16303240278252237,0.0,1.2591634929314366,-2.1316282072803006e-14,0.0,0.15858887042868416,1.100574622502753,0.0,,,,,,,,,13373.254049574,30998.824614889403,35576.87267902273,65585.05939878576
lp,51,26088,13,2.998017226370783,,0.0,0.5082440473299926,0.0,2.4897731790407915,0.0,1.2749523545252048,0.0,1.7230648718455797,2.9980172263707843,0.0,0.0,-1.165912857893352,0.0,4.163930084264137,,,,,,,,,13373.254049574,30998.824614889403,35576.87267902273,65585.05939878576
lp,51,26088,23,5.3870670445695605,,0.0,0.0,1.6720943363422167,3.714972708227323,0.0,0.0,2.5751470310284708,2.811920013541069,5.38706704456954,0.0,0.0,0.0,1.0553598129065271,4.331707231663012,,,,,,,,,13373.254049574,30998.824614889403,35576.87267902273,65585.05939878576
lp,0,17520,0,0.157659537897501,,0.15765953789750203,0.0,0.0,0.0,0.15765953789750203,0.0,0.0,0.0,0.15765953789750203,-8.171241461241152e-14,0.15765953789750864,0.0,0.0,0.0,,,,,,,,,13114.536984736784,29156.699051102096,37067.49783348024,65991.36389707768
lp,0,17520,1,1.0063769814149888,,0.0,1.0063769814149908,0.0,0.0,0.0,1.0063769814149905,0.0,0.0,1.0063769814149905,-1.4210854715202004e-13,0.0,1.0063769814149939,0.0,0.0,,,,,,,,,13114.536984736784,29156.699051102096,37067.49783348024,65991.36389707768
lp,0,17520,2,3.0586478034494653,,0.0,0.0,3.0586478034494635,0.0,0.0,0.0,3.0586478034494635,0.0,3.0586478034494635,-3.197442310920451e-14,0.0,0.0,3.0586478034494586,0.0,,,,,,,,,13114.536984736784,29156.699051102096,37067.49783348024,65991.36389707768
lp,0,17520,3,3.759050819707329,,0.0,0.0,0.0,3.759050819707331,0.0,0.0,0.0,3.759050819707331,3.759050819707331,1.1368683772161603e-13,0.0,0.0,0.0,3.7590508197073156,,,,,,,,,13114.536984736784,29156.699051102096,37067.49783348024,65991.36389707768
lp,1,17688,0,0.45246662700146545,,0.452466627001465,0.0,0.0,0.0,0.45246662700146495,0.0,0.0,0.0,0.45246662700146495,4.263256414560601e-14,0.4524666270014626,0.0,0.0,0.0,,,,,,,,,14597.867032310922,32410.657559259198,36611.718596365055,65021.45801182537
lp,1,17688,1,1.997623311898612,,0.0,1.9976233118986095,0.0,0.0,0.0,1.9976233118986095,0.0,0.0,1.9976233118986095,-1.7763568394002505e-14,0.0,1.9976233118986129,0.0,0.0,,,,,,,,,14597.867032310922,32410.657559259198,36611.718596365055,65021.45801182537
lp,1,17688,2,4.737688084399782,,0.0,0.0,4.737688084399793,0.0,0.0,0.0,4.737688084399793,0.0,4.737688084399793,-1.4210854715202004e-14,0.0,0.0,4.737688084399796,0.0,,,,,,,,,14597.867032310922,32410.657559259198,36611.718596365055,65021.45801182537
lp,1,17688,3,6.853127888450564,,0.0,0.0,0.0,6.853127888450561,0.0,0.0,0.0,6.853127888450561,6.85312788845056,-6.394884621840902e-14,0.0,0.0,0.0,6.853127888450565,,,,,,,,,14597.867032310922,32410.657559259198,36611.718596365055,65021.45801182537
lp,2,17856,0,0.2020549667057807,,0.20205496670578124,0.0,0.0,0.0,0.20205496670578124,0.0,0.0,0.0,0.20205496670578124,-6.394884621840902e-14,0.20205496670577702,0.0,0.0,0.0,,,,,,,,,14269.941751132043,31438.017046215486,37695.59250125816,65904.51893507827
lp,2,17856,1,0.9817067943704655,,0.0,0.9817067943704657,0.0,0.0,0.0,0.9817067943704657,0.0,0.0,0.9817067943704658,3.552713678800501e-14,0.0,0.981706794370462,0.0,0.0,,,,,,,,,14269.941751132043,31438.017046215486,37695.59250125816,65904.51893507827
lp,2,17856,2,3.3015247506187557,,0.0,0.0,3.3015247506187575,0.0,0.0,0.0,3.301524750618757,0.0,3.301524750618757,1.4210854715202004e-13,0.0,0.0,3.3015247506187615,0.0,,,,,,,,,14269.941751132043,31438.017046215486,37695.59250125816,65904.51893507827
lp,2,17856,3,6.179961343951094,,0.0,0.0,0.0,6.179961343951103,0.0,0.0,0.0,6.179961343951103,6.179961343951103,-6.039613253960852e-14,0.0,0.0,0.0,6.179961343951119,,,,,,,,,14269.941751132043,31438.017046215486,37695.59250125816,65904.51893507827
lp,3,18024,0,0.10402534009666231,,0.10402534009666196,0.0,0.0,0.0,0.10402534009666196,0.0,0.0,0.0,0.10402534009666196,3.197442310920451e-14,0.10402534009666707,0.0,0.0,0.0,,,,,,,,,14906.641268970801,29770.701161113953,39098.331872500916,69789.03043794769
lp,3,18024,1,0.33396086230214195,,0.0,0.3339608623021409,0.0,0.0,0.0,0.33396086230214084,0.0,0.0,0.3339608623021409,4.618527782440651e-14,0.0,0.33396086230215705,0.0,0.0,,,,,,,,,14906.641268970801,29770.701161113953,39098.331872500916,69789.03043794769
lp,3,18024,2,3.295270958239228,,0.0,0.0,1.5568209987090165,0.0,0.0,0.0,1.5568209987090165,0.0,1.5568209987090165,173.84499595302125,0.0,0.0,3.29527095823925,0.0,,,,,,,,,14906.641268970801,29770.701161113953,39098.331872500916,69789.03043794769
lp,3,18024,3,3.0390774057579395,,0.0,0.0,0.0,3.0390774057579386,0.0,0.0,0.0,3.039077405757939,3.039077405757939,1.3500311979441904e-13,0.0,0.0,0.0,3.0390774057579515,,,,,,,,,14906.641268970801,29770.701161113953,39098.331872500916,69789.03043794769
lp,4,18192,0,0.06235968906387509,,0.0623596890638752,0.0,0.0,0.0,0.06235968906387521,0.0,0.0,0.0,0.06235968906387521,-7.105427357601002e-15,0.06235968906387314,0.0,0.0,0.0,,,,,,,,,12081.253344416342,30935.141241374808,37130.9605590124,69504.61413025045
lp,4,18192,1,0.3799834543203638,,0.0,0.37998345432036207,0.0,0.0,0.0,0.379983454320362,0.0,0.0,0.379983454320362,1.5276668818842154e-13,0.0,0.37998345432036257,0.0,0.0,,,,,,,,,12081.253344416342,30935.141241374808,37130.9605590124,69504.61413025045
lp,4,18192,2,1.2633126707752567,,0.0,0.0,1.2633126707752564,0.0,0.0,0.0,1.2633126707752562,0.0,1.2633126707752562,-3.552713678800501e-14,0.0,0.0,1.2633126707752436,0.0,,,,,,,,,12081.253344416342,30935.141241374808,37130.9605590124,69504.61413025045
lp,4,18192,3,3.151801070484349,,0.0,0.0,0.0,3.1518010704843538,0.0,0.0,0.0,3.1518010704843533,3.1518010704843533,-2.1316282072803006e-13,0.0,0.0,0.0,3.151801070484362,,,,,,,,,12081.253344416342,30935.141241374808,37130.9605590124,69504.61413025045
lp,5,18360,0,0.1366023802153569,,0.136602380215356,0.0,0.0,0.0,0.136602380215356,0.0,0.0,0.0,0.136602380215356,9.947598300641403e-14,0.13660238021536172,0.0,0.0,0.0,,,,,,,,,13900.35538004321,26030.904409494364,32728.564974358964,62764.84997001141
lp,5,18360,1,0.5624108240276129,,0.0,0.5624108240276126,0.0,0.0,0.0,0.5624108240276126,0.0,0.0,0.5624108240276126,1.0658141036401503e-14,0.0,0.5624108240276061,0.0,0.0,,,,,,,,,13900.35538004321,26030.904409494364,32728.564974358964,62764.84997001141
lp,5,18360,2,2.2433302055756794,,0.0,0.0,2.243330205575681,0.0,0.0,0.0,2.2433302055756816,0.0,2.243330205575681,1.3145040611561853e-13,0.0,0.0,2.243330205575675,0.0,,,,,,,,,13900.35538004321,26030.904409494364,32728.564974358964,62764.84997001141
lp,5,18360,3,3.4570632443963945,,0.0,0.0,0.0,3.457063244396391,0.0,0.0,0.0,3.4570632443963905,3.4570632443963905,-2.7355895326763857e-13,0.0,0.0,0.0,3.4570632443963745,,,,,,,,,13900.35538004321,26030.904409494364,32728.564974358964,62764.84997001141
lp,6,18528,0,0.12716466121502876,,0.12716466121502962,0.0,0.0,0.0,0.12716466121502965,0.0,0.0,0.0,0.12716466121502965,-8.881784197001252e-14,0.12716466121503994,0.0,0.0,0.0,,,,,,,,,14390.087219414068,31667.89518174542,40887.80930479853,65573.6590781149
lp,6,18528,1,0.5521109596901981,,0.0,0.5521109596901944,0.0,0.0,0.0,0.5521109596901944,0.0,0.0,0.5521109596901944,2.6645352591003757e-13,0.0,0.5521109596902033,0.0,0.0,,,,,,,,,14390.087219414068,31667.89518174542,40887.80930479853,65573.6590781149
lp,6,18528,2,3.010256653232318,,0.0,0.0,3.010256653232312,0.0,0.0,0.0,3.010256653232312,0.0,3.010256653232312,6.039613253960852e-14,0.0,0.0,3.0102566532323007,0.0,,,,,,,,,14390.087219414068,31667.89518174542,40887.80930479853,65573.6590781149
lp,6,18528,3,3.790716391918394,,0.0,0.0,0.0,3.790716391918391,0.0,0.0,0.0,3.790716391918391,3.790716391918391,-4.618527782440651e-14,0.0,0.0,0.0,3.790716391918393,,,,,,,,,14390.087219414068,31667.89518174542,40887.80930479853,65573.6590781149
lp,7,18696,0,0.15324317210810137,,0.153243172108103,0.0,0.0,0.0,0.15324317210810304,0.0,0.0,0.0,0.15324317210810304,-1.5631940186722204e-13,0.1532431721081031,0.0,0.0,0.0,,,,,,,,,14979.883749405299,33708.90349543862,39307.662543230654,68046.00838093288
lp,7,18696,1,0.5499066824345339,,0.0,0.5499066824345352,0.0,0.0,0.0,0.5499066824345353,0.0,0.0,0.5499066824345352,-7.815970093361102e-14,0.0,0.5499066824345603,0.0,0.0,,,,,,,,,14979.883749405299,33708.90349543862,39307.662543230654,68046.00838093288
lp,7,18696,2,2.3886582209968497,,0.0,0.0,2.388658220996849,0.0,0.0,0.0,2.388658220996849,0.0,2.388658220996849,8.526512829121202e-14,0.0,0.0,2.3886582209968465,0.0,,,,,,,,,14979.883749405299,33708.90349543862,39307.662543230654,68046.00838093288
lp,7,18696,3,6.637325958953459,,0.0,0.0,0.0,4.0803716131613355,0.0,0.0,0.0,4.0803716131613355,4.0803716131613355,255.69543457921247,0.0,0.0,0.0,6.637325958953477,,,,,,,,,14979.883749405299,33708.90349543862,39307.662543230654,68046.00838093288
lp,8,18864,0,0.12053488446860731,,0.12053488446860784,0.0,0.0,0.0,0.12053488446860786,0.0,0.0,0.0,0.12053488446860784,-5.684341886080802e-14,0.12053488446861191,0.0,0.0,0.0,,,,,,,,,17248.926244694117,35286.595516897476,35008.55134628074,69766.55757102041
lp,8,18864,1,0.9312299454904619,,0.0,0.9312299454904631,0.0,0.0,0.0,0.9312299454904633,0.0,0.0,0.9312299454904631,-1.5276668818842154e-13,0.0,0.9312299454904809,0.0,0.0,,,,,,,,,17248.926244694117,35286.595516897476,35008.55134628074,69766.55757102041
lp,8,18864,2,2.592034637465377,,0.0,0.0,2.592034637465381,0.0,0.0,0.0,2.592034637465381,0.0,2.592034637465381,6.394884621840902e-14,0.0,0.0,2.5920346374653773,0.0,,,,,,,,,17248.926244694117,35286.595516897476,35008.55134628074,69766.55757102041
lp,8,18864,3,5.325622745086588,,0.0,0.0,0.0,5.325622745086604,0.0,0.0,0.0,5.325622745086603,5.325622745086603,9.947598300641403e-14,0.0,0.0,0.0,5.325622745086603,,,,,,,,,17248.926244694117,35286.595516897476,35008.55134628074,69766.55757102041
lp,9,19032,0,0.07395583715101753,,0.07395583715101808,0.0,0.0,0.0,0.07395583715101808,0.0,0.0,0.0,0.07395583715101807,-4.973799150320701e-14,0.07395583715101751,0.0,0.0,0.0,,,,,,,,,13833.599215830765,27476.18472521334,36973.967482118256,69158.87710466995
lp,9,19032,1,0.5978444031297945,,0.0,0.5978444031297941,0.0,0.0,0.0,0.5978444031297943,0.0,0.0,0.5978444031297943,2.842170943040401e-14,0.0,0.5978444031297807,0.0,0.0,,,,,,,,,13833.599215830765,27476.18472521334,36973.967482118256,69158.87710466995
lp,9,19032,2,2.9015904547194227,,0.0,0.0,2.901590454719418,0.0,0.0,0.0,2.901590454719418,0.0,2.901590454719418,1.1013412404281553e-13,0.0,0.0,2.9015904547194173,0.0,,,,,,,,,13833.599215830765,27476.18472521334,36973.967482118256,69158.87710466995
lp,9,19032,3,5.365343271421106,,0.0,0.0,0.0,5.365343271421112,0.0,0.0,0.0,5.365343271421111,5.365343271421111,-1.1723955140041653e-13,0.0,0.0,0.0,5.365343271421113,,,,,,,,,13833.599215830765,27476.18472521334,36973.967482118256,69158.87710466995
lp,10,19200,0,0.06521277452862878,,0.06521277452862827,0.0,0.0,0.0,0.06521277452862825,0.0,0.0,0.0,0.06521277452862827,5.3290705182007514e-14,0.06521277452863007,0.0,0.0,0.0,,,,,,,,,13388.868407652531,26950.704494150632,37043.813345033486,62980.61916804036
lp,10,19200,1,0.4195914910762597,,0.0,0.41959149107626126,0.0,0.0,0.0,0.41959149107626126,0.0,0.0,0.41959149107626126,-1.1723955140041653e-13,0.0,0.41959149107626487,0.0,0.0,,,,,,,,,13388.868407652531,26950.704494150632,37043.813345033486,62980.61916804036
lp,10,19200,2,2.43049256037593,,0.0,0.0,2.430492560375925,0.0,0.0,0.0,2.4304925603759253,0.0,2.4304925603759253,6.039613253960852e-14,0.0,0.0,2.430492560375919,0.0,,,,,,,,,13388.868407652531,26950.704494150632,37043.813345033486,62980.61916804036
lp,10,19200,3,3.270454448699772,,0.0,0.0,0.0,3.2704544486997777,0.0,0.0,0.0,3.2704544486997773,3.2704544486997773,-5.684341886080802e-14,0.0,0.0,0.0,3.2704544486997706,,,,,,,,,13388.868407652531,26950.704494150632,37043.813345033486,62980.61916804036
lp,11,19368,0,0.06981198883114281,,0.06981198883114313,0.0,0.0,0.0,0.06981198883114313,0.0,0.0,0.0,0.06981198883114313,-3.907985046680551e-14,0.06981198883114738,0.0,0.0,0.0,,,,,,,,,13316.458837540764,29367.397239506114,41153.92376554417,61478.90966967894
lp,11,19368,1,0.5857341208753708,,0.0,0.5857341208753714,0.0,0.0,0.0,0.5857341208753714,0.0,0.0,0.5857341208753714,-1.0658141036401503e-14,0.0,0.5857341208753787,0.0,0.0,,,,,,,,,13316.458837540764,29367.397239506114,41153.92376554417,61478.90966967894
lp,11,19368,2,2.5687528057956754,,0.0,0.0,2.568752805795679,0.0,0.0,0.0,2.568752805795679,0.0,2.568752805795679,-1.2789769243681803e-13,0.0,0.0,2.5687528057956976,0.0,,,,,,,,,13316.458837540764,29367.397239506114,41153.92376554417,61478.90966967894
lp,11,19368,3,3.249612057808804,,0.0,0.0,0.0,3.249612057808801,0.0,0.0,0.0,3.249612057808801,3.249612057808801,1.4566126083082054e-13,0.0,0.0,0.0,3.249612057808821,,,,,,,,,13316.458837540764,29367.397239506114,41153.92376554417,61478.90966967894
lp,12,19536,0,0.07150832273045299,,0.0715083227304527,0.0,0.0,0.0,0.0715083227304527,0.0,0.0,0.0,0.0715083227304527,3.197442310920451e-14,0.07150832273045246,0.0,0.0,0.0,,,,,,,,,13805.043765119415,27434.827982382223,36279.581444252675,60554.911955940515
lp,12,19536,1,0.32972774899099366,,0.0,0.3297277489909944,0.0,0.0,0.0,0.3297277489909945,0.0,0.0,0.3297277489909945,-4.973799150320701e-14,0.0,0.3297277489909947,0.0,0.0,,,,,,,,,13805.043765119415,27434.827982382223,36279.581444252675,60554.911955940515
lp,12,19536,2,2.0354364202030424,,0.0,0.0,2.035436420203043,0.0,0.0,0.0,2.0354364202030424,0.0,2.0354364202030424,-2.842170943040401e-14,0.0,0.0,2.035436420203059,0.0,,,,,,,,,13805.043765119415,27434.827982382223,36279.581444252675,60554.911955940515
lp,12,19536,3,2.6431249761380196,,0.0,0.0,0.0,2.643124976138021,0.0,0.0,0.0,2.6431249761380204,2.643124976138021,-1.2789769243681803e-13,0.0,0.0,0.0,2.6431249761380147,,,,,,,,,13805.043765119415,27434.827982382223,36279.581444252675,60554.911955940515
lp,13,19704,0,0.06397092630753065,,0.06397092630753029,0.0,0.0,0.0,0.06397092630753029,0.0,0.0,0.0,0.06397092630753029,3.197442310920451e-14,0.06397092630752597,0.0,0.0,0.0,,,,,,,,,13248.99086914503,27984.52270263167,34494.182242320945,68921.63699792922
lp,13,19704,1,0.35254616889134166,,0.0,0.3525461688913407,0.0,0.0,0.0,0.3525461688913407,0.0,0.0,0.3525461688913407,-1.7763568394002505e-14,0.0,0.3525461688913534,0.0,0.0,,,,,,,,,13248.99086914503,27984.52270263167,34494.182242320945,68921.63699792922
lp,13,19704,2,1.4023004193621174,,0.0,0.0,1.4023004193621134,0.0,0.0,0.0,1.4023004193621134,0.0,1.4023004193621134,1.3145040611561853e-13,0.0,0.0,1.40230041936212,0.0,,,,,,,,,13248.99086914503,27984.52270263167,34494.182242320945,68921.63699792922
lp,13,19704,3,2.0770656526952074,,0.0,0.0,0.0,2.077065652695216,0.0,0.0,0.0,2.077065652695216,2.077065652695216,-1.0658141036401503e-14,0.0,0.0,0.0,2.07706565269522,,,,,,,,,13248.99086914503,27984.52270263167,34494.182242320945,68921.63699792922
lp,14,19872,0,0.0340858544119946,,0.034085854411994604,0.0,0.0,0.0,0.034085854411994604,0.0,0.0,0.0,0.034085854411994604,0.0,0.034085854411996984,0.0,0.0,0.0,,,,,,,,,14532.146821679586,30104.911652108214,40328.67721296978,67295.74850901851
lp,14,19872,1,0.09498985329525057,,0.0,0.09498985329525088,0.0,0.0,0.0,0.09498985329525086,0.0,0.0,0.09498985329525086,-2.842170943040401e-14,0.0,0.0949898532952318,0.0,0.0,,,,,,,,,14532.146821679586,30104.911652108214,40328.67721296978,67295.74850901851
lp,14,19872,2,0.6439294183857511,,0.0,0.0,0.643929418385752,0.0,0.0,0.0,0.643929418385752,0.0,0.643929418385752,-1.8829382497642655e-13,0.0,0.0,0.6439294183857478,0.0,,,,,,,,,14532.146821679586,30104.911652108214,40328.67721296978,67295.74850901851
lp,14,19872,3,1.8084907306255977,,0.0,0.0,0.0,1.8084907306255962,0.0,0.0,0.0,1.8084907306255962,1.8084907306255962,-1.7408297026122455e-13,0.0,0.0,0.0,1.8084907306255633,,,,,,,,,14532.146821679586,30104.911652108214,40328.67721296978,67295.74850901851
lp,15,20040,0,0.07996453435647398,,0.07996453435647355,0.0,0.0,0.0,0.07996453435647356,0.0,0.0,0.0,0.07996453435647355,3.197442310920451e-14,0.07996453435646927,0.0,0.0,0.0,,,,,,,,,15861.11882723576,26324.86441873941,35327.440343277776,70090.40517593634
lp,15,20040,1,0.27757392583785134,,0.0,0.2775739258378522,0.0,0.0,0.0,0.2775739258378522,0.0,0.0,0.2775739258378522,-7.105427357601002e-14,0.0,0.2775739258378582,0.0,0.0,,,,,,,,,15861.11882723576,26324.86441873941,35327.440343277776,70090.40517593634
lp,15,20040,2,1.464088413481954,,0.0,0.0,1.4640884134819534,0.0,0.0,0.0,1.4640884134819534,0.0,1.4640884134819534,2.0961010704922955e-13,0.0,0.0,1.4640884134819634,0.0,,,,,,,,,15861.11882723576,26324.86441873941,35327.440343277776,70090.40517593634
lp,15,20040,3,3.2049118814767144,,0.0,0.0,0.0,3.03828196448021,0.0,0.0,0.0,3.0382819644802095,3.0382819644802095,16.66299169965067,0.0,0.0,0.0,3.204911881476717,,,,,,,,,15861.11882723576,26324.86441873941,35327.440343277776,70090.40517593634
lp,16,20208,0,0.09818279526790655,,0.09818279526790656,0.0,0.0,0.0,0.09818279526790656,0.0,0.0,0.0,0.09818279526790656,0.0,0.09818279526790222,0.0,0.0,0.0,,,,,,,,,13527.362504736146,33277.42958932638,36245.09667451099,65576.41292050597
lp,16,20208,1,0.6760026051368492,,0.0,0.6760026051368473,0.0,0.0,0.0,0.6760026051368474,0.0,0.0,0.6760026051368474,5.684341886080802e-14,0.0,0.6760026051368474,0.0,0.0,,,,,,,,,13527.362504736146,33277.42958932638,36245.09667451099,65576.41292050597
lp,16,20208,2,2.5102742745847375,,0.0,0.0,2.510274274584736,0.0,0.0,0.0,2.510274274584736,0.0,2.510274274584736,-3.907985046680551e-14,0.0,0.0,2.5102742745847526,0.0,,,,,,,,,13527.362504736146,33277.42958932638,36245.09667451099,65576.41292050597
lp,16,20208,3,4.8396371567758,,0.0,0.0,0.0,4.839637156775796,0.0,0.0,0.0,4.839637156775796,4.839637156775796,3.197442310920451e-14,0.0,0.0,0.0,4.839637156775753,,,,,,,,,13527.362504736146,33277.42958932638,36245.09667451099,65576.41292050597
lp,17,20376,0,0.10148294441908136,,0.10148294441908022,0.0,0.0,0.0,0.10148294441908023,0.0,0.0,0.0,0.10148294441908023,1.0658141036401503e-13,0.10148294441907107,0.0,0.0,0.0,,,,,,,,,13364.923778932985,28723.175704741683,33830.265474770975,68850.0833750001
lp,17,20376,1,0.4101284794108165,,0.0,0.41012847941081737,0.0,0.0,0.0,0.41012847941081737,0.0,0.0,0.41012847941081737,-8.171241461241152e-14,0.0,0.4101284794108246,0.0,0.0,,,,,,,,,13364.923778932985,28723.175704741683,33830.265474770975,68850.0833750001
lp,17,20376,2,1.5492974966812925,,0.0,0.0,1.5492974966812927,0.0,0.0,0.0,1.5492974966812927,0.0,1.5492974966812927,-1.1013412404281553e-13,0.0,0.0,1.5492974966812878,0.0,,,,,,,,,13364.923778932985,28723.175704741683,33830.265474770975,68850.0833750001
lp,17,20376,3,4.2024410515106965,,0.0,0.0,0.0,4.202441051510697,0.0,0.0,0.0,4.2024410515106965,4.2024410515106965,-2.4868995751603507e-14,0.0,0.0,0.0,4.202441051510698,,,,,,,,,13364.923778932985,28723.175704741683,33830.265474770975,68850.0833750001
lp,18,20544,0,0.1971633822475444,,0.19716338224754545,0.0,0.0,0.0,0.19716338224754545,0.0,0.0,0.0,0.19716338224754545,-1.1368683772161603e-13,0.19716338224755103,0.0,0.0,0.0,,,,,,,,,16290.324828878838,27324.996822470654,36757.44688441702,66030.73613530473
lp,18,20544,1,0.808347915901555,,0.0,0.8083479159015552,0.0,0.0,0.0,0.8083479159015553,0.0,0.0,0.8083479159015552,-1.2079226507921703e-13,0.0,0.8083479159015523,0.0,0.0,,,,,,,,,16290.324828878838,27324.996822470654,36757.44688441702,66030.73613530473
lp,18,20544,2,2.2479045430297533,,0.0,0.0,2.247904543029748,0.0,0.0,0.0,2.247904543029748,0.0,2.247904543029748,-3.552713678800501e-15,0.0,0.0,2.2479045430297337,0.0,,,,,,,,,16290.324828878838,27324.996822470654,36757.44688441702,66030.73613530473
lp,18,20544,3,4.71181356796973,,0.0,0.0,0.0,4.711813567969738,0.0,0.0,0.0,4.711813567969738,4.711813567969738,2.0605739337042905e-13,0.0,0.0,0.0,4.711813567969685,,,,,,,,,16290.324828878838,27324.996822470654,36757.44688441702,66030.73613530473
lp,19,20712,0,0.15588643082513848,,0.15588643082513912,0.0,0.0,0.0,0.15588643082513912,0.0,0.0,0.0,0.15588643082513912,-5.3290705182007514e-14,0.15588643082512915,0.0,0.0,0.0,,,,,,,,,11845.411272278241,28734.564004424392,37793.88246386813,73025.46831349234
lp,19,20712,1,0.8240532527142317,,0.0,0.8240532527142318,0.0,0.0,0.0,0.8240532527142318,0.0,0.0,0.8240532527142318,3.197442310920451e-14,0.0,0.8240532527142244,0.0,0.0,,,,,,,,,11845.411272278241,28734.564004424392,37793.88246386813,73025.46831349234
lp,19,20712,2,2.4978220121173145,,0.0,0.0,2.4978220121173136,0.0,0.0,0.0,2.497822012117314,0.0,2.4978220121173136,-2.7355895326763857e-13,0.0,0.0,2.4978220121173136,0.0,,,,,,,,,11845.411272278241,28734.564004424392,37793.88246386813,73025.46831349234
lp,19,20712,3,5.39290684484215,,0.0,0.0,0.0,5.3929068448421615,0.0,0.0,0.0,5.3929068448421615,5.3929068448421615,-3.090860900556436e-13,0.0,0.0,0.0,5.392906844842137,,,,,,,,,11845.411272278241,28734.564004424392,37793.88246386813,73025.46831349234
lp,20,20880,0,0.1922904264078273,,0.1922904264078269,0.0,0.0,0.0,0.1922904264078269,0.0,0.0,0.0,0.1922904264078269,3.197442310920451e-14,0.1922904264078224,0.0,0.0,0.0,,,,,,,,,14387.766754915545,25189.866086246737,38613.37088948968,69591.69940486731
lp,20,20880,1,0.7432949576190385,,0.0,0.7432949576190391,0.0,0.0,0.0,0.7432949576190392,0.0,0.0,0.7432949576190391,-5.684341886080802e-14,0.0,0.7432949576190561,0.0,0.0,,,,,,,,,14387.766754915545,25189.866086246737,38613.37088948968,69591.69940486731
lp,20,20880,2,2.2536376786200543,,0.0,0.0,2.253637678620055,0.0,0.0,0.0,2.253637678620055,0.0,2.253637678620055,2.0605739337042905e-13,0.0,0.0,2.253637678620054,0.0,,,,,,,,,14387.766754915545,25189.866086246737,38613.37088948968,69591.69940486731
lp,20,20880,3,3.7073016104990297,,0.0,0.0,0.0,3.7073016104990324,0.0,0.0,0.0,3.7073016104990324,3.7073016104990324,-6.750155989720952e-14,0.0,0.0,0.0,3.7073016104990404,,,,,,,,,14387.766754915545,25189.866086246737,38613.37088948968,69591.69940486731
lp,21,21048,0,0.10818195497910908,,0.10818195497910987,0.0,0.0,0.0,0.10818195497910989,0.0,0.0,0.0,0.10818195497910987,-6.750155989720952e-14,0.10818195497910732,0.0,0.0,0.0,,,,,,,,,15552.275967807984,25085.600329098834,36042.97905100031,63529.97947939734
lp,21,21048,1,0.37044701683160486,,0.0,0.3704470168316037,0.0,0.0,0.0,0.3704470168316037,0.0,0.0,0.3704470168316037,9.237055564881302e-14,0.0,0.37044701683161185,0.0,0.0,,,,,,,,,15552.275967807984,25085.600329098834,36042.97905100031,63529.97947939734
lp,21,21048,2,1.1310196368936862,,0.0,0.0,1.1310196368936865,0.0,0.0,0.0,1.1310196368936865,0.0,1.1310196368936865,-1.9184653865522705e-13,0.0,0.0,1.13101963689368,0.0,,,,,,,,,15552.275967807984,25085.600329098834,36042.97905100031,63529.97947939734
lp,21,21048,3,2.2901091835071217,,0.0,0.0,0.0,2.290109183507125,0.0,0.0,0.0,2.290109183507125,2.2901091835071243,-1.0658141036401503e-13,0.0,0.0,0.0,2.2901091835071044,,,,,,,,,15552.275967807984,25085.600329098834,36042.97905100031,63529.97947939734
lp,22,21216,0,0.04392315619293906,,0.04392315619293952,0.0,0.0,0.0,0.043923156192939516,0.0,0.0,0.0,0.043923156192939516,-4.973799150320701e-14,0.04392315619293331,0.0,0.0,0.0,,,,,,,,,12349.015123448651,32472.731758051123,32386.83558425152,66318.14907818803
lp,22,21216,1,0.2916201125027971,,0.0,0.2916201125027968,0.0,0.0,0.0,0.2916201125027968,0.0,0.0,0.2916201125027968,8.526512829121202e-14,0.0,0.29162011250280506,0.0,0.0,,,,,,,,,12349.015123448651,32472.731758051123,32386.83558425152,66318.14907818803
lp,22,21216,2,0.6256397243876899,,0.0,0.0,0.6256397243876886,0.0,0.0,0.0,0.6256397243876887,0.0,0.6256397243876888,1.2434497875801753e-13,0.0,0.0,0.6256397243876916,0.0,,,,,,,,,12349.015123448651,32472.731758051123,32386.83558425152,66318.14907818803
lp,22,21216,3,2.3654105078605814,,0.0,0.0,0.0,2.3654105078605796,0.0,0.0,0.0,2.3654105078605796,2.36541050786058,2.4868995751603507e-14,0.0,0.0,0.0,2.3654105078605663,,,,,,,,,12349.015123448651,32472.731758051123,32386.83558425152,66318.14907818803
lp,23,21384,0,0.12020496930301446,,0.12020496930301398,0.0,0.0,0.0,0.12020496930301398,0.0,0.0,0.0,0.12020496930301398,6.039613253960852e-14,0.12020496930302395,0.0,0.0,0.0,,,,,,,,,15628.457955765773,32265.60825685604,38797.90487580771,63408.008669707284
lp,23,21384,1,0.47033675333201097,,0.0,0.4703367533320091,0.0,0.0,0.0,0.470336753332009,0.0,0.0,0.470336753332009,1.4210854715202004e-13,0.0,0.47033675333198915,0.0,0.0,,,,,,,,,15628.457955765773,32265.60825685604,38797.90487580771,63408.008669707284
lp,23,21384,2,1.5679656057528062,,0.0,0.0,1.5679656057528062,0.0,0.0,0.0,1.5679656057528064,0.0,1.5679656057528066,-5.684341886080802e-14,0.0,0.0,1.5679656057528055,0.0,,,,,,,,,15628.457955765773,32265.60825685604,38797.90487580771,63408.008669707284
lp,23,21384,3,3.020919808852944,,0.0,0.0,0.0,3.0209198088529474,0.0,0.0,0.0,3.0209198088529474,3.0209198088529474,1.7763568394002505e-14,0.0,0.0,0.0,3.0209198088529403,,,,,,,,,15628.457955765773,32265.60825685604,38797.90487580771,63408.008669707284
lp,24,21552,0,0.1293342846389014,,0.12933428463890112,0.0,0.0,0.0,0.12933428463890112,0.0,0.0,0.0,0.12933428463890112,2.1316282072803006e-14,0.12933428463890143,0.0,0.0,0.0,,,,,,,,,14753.063319227665,32857.11347275045,33994.82053755867,63418.68016925162
lp,24,21552,1,0.688880042354819,,0.0,0.6888800423548185,0.0,0.0,0.0,0.6888800423548185,0.0,0.0,0.6888800423548185,7.460698725481052e-14,0.0,0.6888800423548083,0.0,0.0,,,,,,,,,14753.063319227665,32857.11347275045,33994.82053755867,63418.68016925162
lp,24,21552,2,1.585682087994734,,0.0,0.0,1.5856820879947346,0.0,0.0,0.0,1.5856820879947346,0.0,1.5856820879947346,-7.815970093361102e-14,0.0,0.0,1.5856820879947358,0.0,,,,,,,,,14753.063319227665,32857.11347275045,33994.82053755867,63418.68016925162
lp,24,21552,3,3.674698056575032,,0.0,0.0,0.0,3.6746980565750347,0.0,0.0,0.0,3.674698056575034,3.6746980565750342,8.171241461241152e-14,0.0,0.0,0.0,3.674698056575018,,,,,,,,,14753.063319227665,32857.11347275045,33994.82053755867,63418.68016925162
lp,25,21720,0,0.11185133029832772,,0.11185133029832747,0.0,0.0,0.0,0.11185133029832749,0.0,0.0,0.0,0.11185133029832749,1.4210854715202004e-14,0.11185133029832937,0.0,0.0,0.0,,,,,,,,,15033.19134941885,30582.20318938075,38742.63722174526,63210.082852579784
lp,25,21720,1,0.5404750550820613,,0.0,0.5404750550820613,0.0,0.0,0.0,0.5404750550820613,0.0,0.0,0.5404750550820612,3.552713678800501e-15,0.0,0.5404750550820733,0.0,0.0,,,,,,,,,15033.19134941885,30582.20318938075,38742.63722174526,63210.082852579784
lp,25,21720,2,1.528109082299008,,0.0,0.0,1.5267723576620966,0.0,0.0,0.0,1.526772357662097,0.0,1.5267723576620966,0.13367246369171326,0.0,0.0,1.5281090822990193,0.0,,,,,,,,,15033.19134941885,30582.20318938075,38742.63722174526,63210.082852579784
lp,25,21720,3,3.5039527516179025,,0.0,0.0,0.0,3.5039527516179,0.0,0.0,0.0,3.5039527516179,3.5039527516179,9.237055564881302e-14,0.0,0.0,0.0,3.5039527516179088,,,,,,,,,15033.19134941885,30582.20318938075,38742.63722174526,63210.082852579784
lp,26,21888,0,0.1370064200947994,,0.1370064200947995,0.0,0.0,0.0,0.1370064200947995,0.0,0.0,0.0,0.1370064200947995,-1.7763568394002505e-14,0.1370064200948095,0.0,0.0,0.0,,,,,,,,,15045.069759380549,33572.944354970656,36395.37209085144,65071.483142194396
lp,26,21888,1,0.30592893601827204,,0.0,0.30592893601827126,0.0,0.0,0.0,0.3059289360182713,0.0,0.0,0.30592893601827126,1.1368683772161603e-13,0.0,0.3059289360182772,0.0,0.0,,,,,,,,,15045.069759380549,33572.944354970656,36395.37209085144,65071.483142194396
lp,26,21888,2,1.1045071013032337,,0.0,0.0,1.025247252662838,0.0,0.0,0.0,1.025247252662838,0.0,1.025247252662838,7.925984864039709,0.0,0.0,1.1045071013032408,0.0,,,,,,,,,15045.069759380549,33572.944354970656,36395.37209085144,65071.483142194396
lp,26,21888,3,2.442604264284902,,0.0,0.0,0.0,2.4426042642848995,0.0,0.0,0.0,2.4426042642848995,2.4426042642848995,2.5224267119483557e-13,0.0,0.0,0.0,2.4426042642848795,,,,,,,,,15045.069759380549,33572.944354970656,36395.37209085144,65071.483142194396
lp,27,22056,0,0.21775506535839229,,0.21775506535839215,0.0,0.0,0.0,0.2177550653583922,0.0,0.0,0.0,0.21775506535839217,2.842170943040401e-14,0.21775506535838945,0.0,0.0,0.0,,,,,,,,,14761.612083799733,28857.37201709533,33962.01012191035,63589.35112703043
lp,27,22056,1,0.6057579515333081,,0.0,0.6057579515333072,0.0,0.0,0.0,0.6057579515333072,0.0,0.0,0.6057579515333072,6.750155989720952e-14,0.0,0.605757951533299,0.0,0.0,,,,,,,,,14761.612083799733,28857.37201709533,33962.01012191035,63589.35112703043
lp,27,22056,2,1.7577386249631897,,0.0,0.0,1.7577386249631928,0.0,0.0,0.0,1.7577386249631928,0.0,1.7577386249631928,-4.973799150320701e-14,0.0,0.0,1.7577386249631848,0.0,,,,,,,,,14761.612083799733,28857.37201709533,33962.01012191035,63589.35112703043
lp,27,22056,3,2.9823491720033934,,0.0,0.0,0.0,2.982349172003391,0.0,0.0,0.0,2.982349172003391,2.982349172003391,1.4921397450962104e-13,0.0,0.0,0.0,2.982349172003366,,,,,,,,,14761.612083799733,28857.37201709533,33962.01012191035,63589.35112703043
lp,28,22224,0,0.31725350768925287,,0.31725350768925276,0.0,0.0,0.0,0.31725350768925276,0.0,0.0,0.0,0.31725350768925276,4.618527782440651e-14,0.317253507689246,0.0,0.0,0.0,,,,,,,,,16913.018019189592,28664.266643147686,34127.003365177225,66870.18576289267
lp,28,22224,1,0.6074373698112225,,0.0,0.6074373698112219,0.0,0.0,0.0,0.607437369811222,0.0,0.0,0.607437369811222,1.0302869668521453e-13,0.0,0.6074373698112281,0.0,0.0,,,,,,,,,16913.018019189592,28664.266643147686,34127.003365177225,66870.18576289267
lp,28,22224,2,1.7034911864011586,,0.0,0.0,1.7034911864011586,0.0,0.0,0.0,1.7034911864011588,0.0,1.7034911864011586,2.7355895326763857e-13,0.0,0.0,1.703491186401168,0.0,,,,,,,,,16913.018019189592,28664.266643147686,34127.003365177225,66870.18576289267
lp,28,22224,3,4.075611877576519,,0.0,0.0,0.0,4.075611877576531,0.0,0.0,0.0,4.07561187757653,4.07561187757653,1.9539925233402755e-13,0.0,0.0,0.0,4.075611877576539,,,,,,,,,16913.018019189592,28664.266643147686,34127.003365177225,66870.18576289267
lp,29,22392,0,0.37796435855754235,,0.3779643585575439,0.0,0.0,0.0,0.37796435855754384,0.0,0.0,0.0,0.37796435855754384,-1.2434497875801753e-13,0.3779643585575496,0.0,0.0,0.0,,,,,,,,,15479.728371771485,29685.541145871724,36587.18354607985,69222.10029533357
lp,29,22392,1,0.7248664419065428,,0.0,0.7248664419065428,0.0,0.0,0.0,0.724866441906543,0.0,0.0,0.7248664419065428,8.171241461241152e-14,0.0,0.7248664419065318,0.0,0.0,,,,,,,,,15479.728371771485,29685.541145871724,36587.18354607985,69222.10029533357
lp,29,22392,2,2.1540693729904645,,0.0,0.0,2.154069372990465,0.0,0.0,0.0,2.154069372990465,0.0,2.154069372990465,-1.4210854715202004e-14,0.0,0.0,2.1540693729904756,0.0,,,,,,,,,15479.728371771485,29685.541145871724,36587.18354607985,69222.10029533357
lp,29,22392,3,4.242446291823838,,0.0,0.0,0.0,3.6950948657824347,0.0,0.0,0.0,3.695094865782435,3.695094865782435,54.735142604140464,0.0,0.0,0.0,4.24244629182386,,,,,,,,,15479.728371771485,29685.541145871724,36587.18354607985,69222.10029533357
lp,30,22560,0,0.26937416459020397,,0.26937416459020325,0.0,0.0,0.0,0.26937416459020325,0.0,0.0,0.0,0.26937416459020325,7.815970093361102e-14,0.2693741645901991,0.0,0.0,0.0,,,,,,,,,15976.834682206698,27361.777632225294,36565.13378292286,64911.30178386209
lp,30,22560,1,0.5737388518678253,,0.0,0.5737388518678259,0.0,0.0,0.0,0.5737388518678259,0.0,0.0,0.5737388518678259,-1.7763568394002505e-14,0.0,0.5737388518678289,0.0,0.0,,,,,,,,,15976.834682206698,27361.777632225294,36565.13378292286,64911.30178386209
lp,30,22560,2,1.9000295376033653,,0.0,0.0,1.9000295376033638,0.0,0.0,0.0,1.9000295376033636,0.0,1.9000295376033638,3.197442310920451e-14,0.0,0.0,1.9000295376033676,0.0,,,,,,,,,15976.834682206698,27361.777632225294,36565.13378292286,64911.30178386209
lp,30,22560,3,3.294142016663891,,0.0,0.0,0.0,3.294142016663891,0.0,0.0,0.0,3.2941420166638906,3.2941420166638906,4.618527782440651e-14,0.0,0.0,0.0,3.2941420166638746,,,,,,,,,15976.834682206698,27361.777632225294,36565.13378292286,64911.30178386209
lp,31,22728,0,0.05754870530625751,,0.05754870530625696,0.0,0.0,0.0,0.05754870530625696,0.0,0.0,0.0,0.05754870530625696,5.684341886080802e-14,0.057548705306252605,0.0,0.0,0.0,,,,,,,,,14178.464061358227,29516.025060467608,38098.64365074654,62240.842121579204
lp,31,22728,1,0.24209759444883605,,0.0,0.2420975944488363,0.0,0.0,0.0,0.24209759444883633,0.0,0.0,0.24209759444883633,-1.7763568394002505e-14,0.0,0.24209759444882958,0.0,0.0,,,,,,,,,14178.464061358227,29516.025060467608,38098.64365074654,62240.842121579204
lp,31,22728,2,0.6656669991024932,,0.0,0.0,0.6656669991024942,0.0,0.0,0.0,0.6656669991024942,0.0,0.6656669991024942,-1.0658141036401503e-14,0.0,0.0,0.665666999102477,0.0,,,,,,,,,14178.464061358227,29516.025060467608,38098.64365074654,62240.842121579204
lp,31,22728,3,2.086933423969131,,0.0,0.0,0.0,2.08693342396913,0.0,0.0,0.0,2.08693342396913,2.08693342396913,1.1368683772161603e-13,0.0,0.0,0.0,2.086933423969092,,,,,,,,,14178.464061358227,29516.025060467608,38098.64365074654,62240.842121579204
lp,32,22896,0,0.08231108133657765,,0.0823110813365783,0.0,0.0,0.0,0.0823110813365783,0.0,0.0,0.0,0.0823110813365783,-5.3290705182007514e-14,0.082311081336579,0.0,0.0,0.0,,,,,,,,,12862.57418025706,28832.80703250719,36671.013857052276,68263.62496968321
lp,32,22896,1,0.3437977683424762,,0.0,0.34379776834247766,0.0,0.0,0.0,0.3437977683424776,0.0,0.0,0.3437977683424777,-4.973799150320701e-14,0.0,0.34379776834249426,0.0,0.0,,,,,,,,,12862.57418025706,28832.80703250719,36671.013857052276,68263.62496968321
lp,32,22896,2,0.8706828983625658,,0.0,0.0,0.870682898362567,0.0,0.0,0.0,0.870682898362567,0.0,0.870682898362567,6.750155989720952e-14,0.0,0.0,0.8706828983625603,0.0,,,,,,,,,12862.57418025706,28832.80703250719,36671.013857052276,68263.62496968321
lp,32,22896,3,3.221614275968921,,0.0,0.0,0.0,3.2216142759689217,0.0,0.0,0.0,3.221614275968922,3.221614275968922,7.105427357601002e-15,0.0,0.0,0.0,3.2216142759689506,,,,,,,,,12862.57418025706,28832.80703250719,36671.013857052276,68263.62496968321
lp,33,23064,0,0.038990276921690714,,0.03899027692169045,0.0,0.0,0.0,0.038990276921690444,0.0,0.0,0.0,0.038990276921690444,3.552713678800501e-14,0.03899027692169241,0.0,0.0,0.0,,,,,,,,,14514.891181115716,29147.307044054014,39878.0736680149,69514.66513319936
lp,33,23064,1,0.23730697296252673,,0.0,0.23730697296252498,0.0,0.0,0.0,0.237306972962525,0.0,0.0,0.237306972962525,1.2434497875801753e-13,0.0,0.23730697296251535,0.0,0.0,,,,,,,,,14514.891181115716,29147.307044054014,39878.0736680149,69514.66513319936
lp,33,23064,2,0.4654814088645247,,0.0,0.0,0.4654814088645252,0.0,0.0,0.0,0.46548140886452516,0.0,0.46548140886452527,-2.1316282072803006e-14,0.0,0.0,0.46548140886452816,0.0,,,,,,,,,14514.891181115716,29147.307044054014,39878.0736680149,69514.66513319936
lp,33,23064,3,2.203045230645617,,0.0,0.0,0.0,2.2030452306456136,0.0,0.0,0.0,2.2030452306456136,2.2030452306456136,2.0961010704922955e-13,0.0,0.0,0.0,2.2030452306456243,,,,,,,,,14514.891181115716,29147.307044054014,39878.0736680149,69514.66513319936
lp,34,23232,0,0.0846976001933463,,0.08469760019334627,0.0,0.0,0.0,0.08469760019334627,0.0,0.0,0.0,0.08469760019334627,1.0658141036401503e-14,0.08469760019334503,0.0,0.0,0.0,,,,,,,,,14753.02172323661,26596.714568859115,38848.14954879925,64287.12942392263
lp,34,23232,1,0.28282318922658606,,0.0,0.2828231892265851,0.0,0.0,0.0,0.2828231892265851,0.0,0.0,0.28282318922658517,8.526512829121202e-14,0.0,0.2828231892265936,0.0,0.0,,,,,,,,,14753.02172323661,26596.714568859115,38848.14954879925,64287.12942392263
lp,34,23232,2,1.5815611316011122,,0.0,0.0,1.581561131601114,0.0,0.0,0.0,1.581561131601114,0.0,1.581561131601114,-1.5276668818842154e-13,0.0,0.0,1.5815611316011162,0.0,,,,,,,,,14753.02172323661,26596.714568859115,38848.14954879925,64287.12942392263
lp,34,23232,3,3.678616119174211,,0.0,0.0,0.0,3.6786161191742006,0.0,0.0,0.0,3.6786161191742,3.6786161191742006,2.7000623958883807e-13,0.0,0.0,0.0,3.678616119174231,,,,,,,,,14753.02172323661,26596.714568859115,38848.14954879925,64287.12942392263
lp,35,23400,0,0.15033118666104833,,0.15033118666104958,0.0,0.0,0.0,0.15033118666104955,0.0,0.0,0.0,0.15033118666104958,-1.1368683772161603e-13,0.150331186661054,0.0,0.0,0.0,,,,,,,,,16007.720142296894,29587.26943899234,36379.106263158435,63315.14139274085
lp,35,23400,1,0.4951991869456695,,0.0,0.49519918694567144,0.0,0.0,0.0,0.4951991869456714,0.0,0.0,0.49519918694567144,-1.5987211554602254e-13,0.0,0.49519918694568066,0.0,0.0,,,,,,,,,16007.720142296894,29587.26943899234,36379.106263158435,63315.14139274085
lp,35,23400,2,2.007266379107393,,0.0,0.0,2.0072663791073895,0.0,0.0,0.0,2.007266379107389,0.0,2.007266379107389,1.6342482922482304e-13,0.0,0.0,2.007266379107398,0.0,,,,,,,,,16007.720142296894,29587.26943899234,36379.106263158435,63315.14139274085
lp,35,23400,3,4.036581317188835,,0.0,0.0,0.0,4.036581317188839,0.0,0.0,0.0,4.036581317188839,4.036581317188839,9.592326932761353e-14,0.0,0.0,0.0,4.036581317188802,,,,,,,,,16007.720142296894,29587.26943899234,36379.106263158435,63315.14139274085
lp,36,23568,0,0.015056639728096096,,0.01505663972809697,0.0,0.0,0.0,0.01505663972809697,0.0,0.0,0.0,0.015056639728096972,-8.526512829121202e-14,0.01505663972810507,0.0,0.0,0.0,,,,,,,,,13226.494824622763,29519.116175929947,38761.21737950631,60208.276823168024
lp,36,23568,1,0.39859253078259377,,0.0,0.39859253078259316,0.0,0.0,0.0,0.3985925307825932,0.0,0.0,0.3985925307825932,1.1368683772161603e-13,0.0,0.39859253078258294,0.0,0.0,,,,,,,,,13226.494824622763,29519.116175929947,38761.21737950631,60208.276823168024
lp,36,23568,2,1.3731722157288584,,0.0,0.0,1.3731722157288575,0.0,0.0,0.0,1.3731722157288575,0.0,1.3731722157288575,8.526512829121202e-14,0.0,0.0,1.3731722157288317,0.0,,,,,,,,,13226.494824622763,29519.116175929947,38761.21737950631,60208.276823168024
lp,36,23568,3,2.6823211343700226,,0.0,0.0,0.0,2.6823211343700204,0.0,0.0,0.0,2.6823211343700204,2.6823211343700204,5.3290705182007514e-14,0.0,0.0,0.0,2.6823211343700093,,,,,,,,,13226.494824622763,29519.116175929947,38761.21737950631,60208.276823168024
lp,37,23736,0,0.09584816655067782,,0.09584816655067806,0.0,0.0,0.0,0.09584816655067806,0.0,0.0,0.0,0.09584816655067806,-2.842170943040401e-14,0.09584816655067233,0.0,0.0,0.0,,,,,,,,,12980.421346173822,29963.968912091237,34710.195871261734,63300.2744433678
lp,37,23736,1,0.7632412499316633,,0.0,0.7632412499316623,0.0,0.0,0.0,0.7632412499316622,0.0,0.0,0.7632412499316622,1.6342482922482304e-13,0.0,0.7632412499316381,0.0,0.0,,,,,,,,,12980.421346173822,29963.968912091237,34710.195871261734,63300.2744433678
lp,37,23736,2,2.276853372672279,,0.0,0.0,2.276853372672281,0.0,0.0,0.0,2.276853372672281,0.0,2.2768533726722806,-8.526512829121202e-14,0.0,0.0,2.276853372672278,0.0,,,,,,,,,12980.421346173822,29963.968912091237,34710.195871261734,63300.2744433678
lp,37,23736,3,3.067483256727258,,0.0,0.0,0.0,3.0674832567272587,0.0,0.0,0.0,3.0674832567272587,3.0674832567272587,2.7711166694643907e-13,0.0,0.0,0.0,3.0674832567272445,,,,,,,,,12980.421346173822,29963.968912091237,34710.195871261734,63300.2744433678
lp,38,23904,0,0.10053871467451658,,0.10053871467451643,0.0,0.0,0.0,0.10053871467451642,0.0,0.0,0.0,0.10053871467451642,2.4868995751603507e-14,0.10053871467451816,0.0,0.0,0.0,,,,,,,,,17280.166483182646,29389.288270029585,39915.23286548164,69057.833839025
lp,38,23904,1,0.5247536952026269,,0.0,0.5247536952026279,0.0,0.0,0.0,0.5247536952026279,0.0,0.0,0.5247536952026279,-1.4566126083082054e-13,0.0,0.5247536952026414,0.0,0.0,,,,,,,,,17280.166483182646,29389.288270029585,39915.23286548164,69057.833839025
lp,38,23904,2,2.0142128009347138,,0.0,0.0,2.014212800934713,0.0,0.0,0.0,2.014212800934713,0.0,2.014212800934713,7.105427357601002e-15,0.0,0.0,2.0142128009347027,0.0,,,,,,,,,17280.166483182646,29389.288270029585,39915.23286548164,69057.833839025
lp,38,23904,3,3.299291720561292,,0.0,0.0,0.0,3.1883731858018227,0.0,0.0,0.0,3.1883731858018227,3.1883731858018227,11.09185347594659,0.0,0.0,0.0,3.299291720561305,,,,,,,,,17280.166483182646,29389.288270029585,39915.23286548164,69057.833839025
lp,39,24072,0,0.03206316241103372,,0.032063162411033685,0.0,0.0,0.0,0.03206316241103368,0.0,0.0,0.0,0.032063162411033685,3.552713678800501e-15,0.03206316241103119,0.0,0.0,0.0,,,,,,,,,13180.581545083634,25825.396506794328,38620.65714169311,66257.5371596658
lp,39,24072,1,0.34308871277964814,,0.0,0.3430887127796478,0.0,0.0,0.0,0.3430887127796478,0.0,0.0,0.3430887127796478,1.0658141036401503e-14,0.0,0.3430887127796588,0.0,0.0,,,,,,,,,13180.581545083634,25825.396506794328,38620.65714169311,66257.5371596658
lp,39,24072,2,1.6901163019976735,,0.0,0.0,1.690116301997671,0.0,0.0,0.0,1.6901163019976706,0.0,1.690116301997671,1.2789769243681803e-13,0.0,0.0,1.6901163019976624,0.0,,,,,,,,,13180.581545083634,25825.396506794328,38620.65714169311,66257.5371596658
lp,39,24072,3,2.9434546509120962,,0.0,0.0,0.0,2.9434546509120967,0.0,0.0,0.0,2.9434546509120967,2.9434546509120967,-1.3855583347321954e-13,0.0,0.0,0.0,2.9434546509120914,,,,,,,,,13180.581545083634,25825.396506794328,38620.65714169311,66257.5371596658
lp,40,24240,0,0.0679827566378753,,0.06798275663787433,0.0,0.0,0.0,0.0679827566378743,0.0,0.0,0.0,0.0679827566378743,1.0302869668521453e-13,0.0679827566378712,0.0,0.0,0.0,,,,,,,,,14306.34156352679,28129.778146011435,34334.073026907536,67320.78641226036
lp,40,24240,1,0.5326878302678738,,0.0,0.5326878302678734,0.0,0.0,0.0,0.5326878302678734,0.0,0.0,0.5326878302678733,-3.197442310920451e-14,0.0,0.5326878302678764,0.0,0.0,,,,,,,,,14306.34156352679,28129.778146011435,34334.073026907536,67320.78641226036
lp,40,24240,2,2.0006296794881675,,0.0,0.0,2.0006296794881684,0.0,0.0,0.0,2.000629679488169,0.0,2.000629679488169,-1.7053025658242404e-13,0.0,0.0,2.000629679488169,0.0,,,,,,,,,14306.34156352679,28129.778146011435,34334.073026907536,67320.78641226036
lp,40,24240,3,3.838662886348396,,0.0,0.0,0.0,3.838662886348392,0.0,0.0,0.0,3.8386628863483927,3.8386628863483923,1.4210854715202004e-14,0.0,0.0,0.0,3.838662886348375,,,,,,,,,14306.34156352679,28129.778146011435,34334.073026907536,67320.78641226036
lp,41,24408,0,0.08028940672556122,,0.08028940672556019,0.0,0.0,0.0,0.08028940672556019,0.0,0.0,0.0,0.08028940672556019,1.0658141036401503e-13,0.08028940672556112,0.0,0.0,0.0,,,,,,,,,13944.273955645795,29800.33529104887,35733.26938283024,64759.998232680984
lp,41,24408,1,0.7147026353300157,,0.0,0.7147026353300144,0.0,0.0,0.0,0.7147026353300145,0.0,0.0,0.7147026353300145,7.460698725481052e-14,0.0,0.7147026353300233,0.0,0.0,,,,,,,,,13944.273955645795,29800.33529104887,35733.26938283024,64759.998232680984
lp,41,24408,2,2.241337264362107,,0.0,0.0,2.241337264362107,0.0,0.0,0.0,2.241337264362107,0.0,2.241337264362107,-1.7408297026122455e-13,0.0,0.0,2.2413372643621203,0.0,,,,,,,,,13944.273955645795,29800.33529104887,35733.26938283024,64759.998232680984
lp,41,24408,3,4.114899139347184,,0.0,0.0,0.0,4.11489913934718,0.0,0.0,0.0,4.11489913934718,4.11489913934718,-7.815970093361102e-14,0.0,0.0,0.0,4.114899139347189,,,,,,,,,13944.273955645795,29800.33529104887,35733.26938283024,64759.998232680984
lp,42,24576,0,0.09679888490019627,,0.096798884900196,0.0,0.0,0.0,0.096798884900196,0.0,0.0,0.0,0.096798884900196,2.4868995751603507e-14,0.0967988849001894,0.0,0.0,0.0,,,,,,,,,14395.3785318224,30317.154187780456,37360.6293022726,66004.25855914554
lp,42,24576,1,0.6048797011714246,,0.0,0.6048797011714244,0.0,0.0,0.0,0.6048797011714244,0.0,0.0,0.6048797011714244,1.1723955140041653e-13,0.0,0.6048797011714149,0.0,0.0,,,,,,,,,14395.3785318224,30317.154187780456,37360.6293022726,66004.25855914554
lp,42,24576,2,1.979288968013468,,0.0,0.0,1.9792889680134687,0.0,0.0,0.0,1.9792889680134682,0.0,1.9792889680134684,-1.4921397450962104e-13,0.0,0.0,1.9792889680134644,0.0,,,,,,,,,14395.3785318224,30317.154187780456,37360.6293022726,66004.25855914554
lp,42,24576,3,4.679808616709266,,0.0,0.0,0.0,4.679808616709263,0.0,0.0,0.0,4.679808616709263,4.679808616709263,-4.156675004196586e-13,0.0,0.0,0.0,4.679808616709245,,,,,,,,,14395.3785318224,30317.154187780456,37360.6293022726,66004.25855914554
lp,43,24744,0,0.2385747371503221,,0.2385747371503225,0.0,0.0,0.0,0.23857473715032246,0.0,0.0,0.0,0.23857473715032246,-5.684341886080802e-14,0.23857473715032562,0.0,0.0,0.0,,,,,,,,,13246.522048754327,31001.094894185233,41356.06581066488,69241.93160884523
lp,43,24744,1,0.7418439726697507,,0.0,0.7418439726697499,0.0,0.0,0.0,0.74184397266975,0.0,0.0,0.7418439726697499,-6.750155989720952e-14,0.0,0.7418439726697307,0.0,0.0,,,,,,,,,13246.522048754327,31001.094894185233,41356.06581066488,69241.93160884523
lp,43,24744,2,3.6401972114608427,,0.0,0.0,3.6401972114608427,0.0,0.0,0.0,3.6401972114608427,0.0,3.6401972114608427,-4.263256414560601e-14,0.0,0.0,3.6401972114608157,0.0,,,,,,,,,13246.522048754327,31001.094894185233,41356.06581066488,69241.93160884523
lp,43,24744,3,6.145386433278748,,0.0,0.0,0.0,6.145386433278744,0.0,0.0,0.0,6.145386433278745,6.145386433278745,-1.6697754290362354e-13,0.0,0.0,0.0,6.145386433278731,,,,,,,,,13246.522048754327,31001.094894185233,41356.06581066488,69241.93160884523
lp,44,24912,0,0.24744070493920017,,0.24744070493920028,0.0,0.0,0.0,0.24744070493920026,0.0,0.0,0.0,0.24744070493920026,-1.0658141036401503e-14,0.24744070493920192,0.0,0.0,0.0,,,,,,,,,14182.549179422662,31081.4118890989,39476.129456314935,63729.884402208416
lp,44,24912,1,0.8447861616579287,,0.0,0.8447861616579292,0.0,0.0,0.0,0.8447861616579292,0.0,0.0,0.8447861616579291,-9.237055564881302e-14,0.0,0.8447861616579372,0.0,0.0,,,,,,,,,14182.549179422662,31081.4118890989,39476.129456314935,63729.884402208416
lp,44,24912,2,3.697943467492718,,0.0,0.0,3.6979434674927134,0.0,0.0,0.0,3.6979434674927134,0.0,3.6979434674927134,3.268496584496461e-13,0.0,0.0,3.6979434674927205,0.0,,,,,,,,,14182.549179422662,31081.4118890989,39476.129456314935,63729.884402208416
lp,44,24912,3,6.905715247686073,,0.0,0.0,0.0,6.905715247686079,0.0,0.0,0.0,6.905715247686079,6.905715247686079,1.0658141036401503e-14,0.0,0.0,0.0,6.905715247686092,,,,,,,,,14182.549179422662,31081.4118890989,39476.129456314935,63729.884402208416
lp,45,25080,0,0.1373635033298084,,0.13736350332980704,0.0,0.0,0.0,0.13736350332980707,0.0,0.0,0.0,0.13736350332980704,1.1723955140041653e-13,0.13736350332981348,0.0,0.0,0.0,,,,,,,,,13683.796300467566,30527.874507504686,33071.059201471944,60952.75054538742
lp,45,25080,1,0.7935381217407924,,0.0,0.7935381217407929,0.0,0.0,0.0,0.7935381217407929,0.0,0.0,0.7935381217407929,-1.4210854715202004e-14,0.0,0.7935381217408041,0.0,0.0,,,,,,,,,13683.796300467566,30527.874507504686,33071.059201471944,60952.75054538742
lp,45,25080,2,2.3687027744588485,,0.0,0.0,2.3687027744588454,0.0,0.0,0.0,2.368702774458846,0.0,2.3687027744588454,-1.1013412404281553e-13,0.0,0.0,2.3687027744588676,0.0,,,,,,,,,13683.796300467566,30527.874507504686,33071.059201471944,60952.75054538742
lp,45,25080,3,5.48374257664784,,0.0,0.0,0.0,5.48374257664785,0.0,0.0,0.0,5.48374257664785,5.48374257664785,6.039613253960852e-14,0.0,0.0,0.0,5.483742576647853,,,,,,,,,13683.796300467566,30527.874507504686,33071.059201471944,60952.75054538742
lp,46,25248,0,0.09321666446910144,,0.09321666446909983,0.0,0.0,0.0,0.09321666446909983,0.0,0.0,0.0,0.09321666446909983,1.5276668818842154e-13,0.093216664469105,0.0,0.0,0.0,,,,,,,,,15680.014067748967,27971.628355901878,35706.99244669893,66030.56164380301
lp,46,25248,1,0.46153364305012456,,0.0,0.46153364305012473,0.0,0.0,0.0,0.46153364305012473,0.0,0.0,0.46153364305012473,-3.197442310920451e-14,0.0,0.461533643050129,0.0,0.0,,,,,,,,,15680.014067748967,27971.628355901878,35706.99244669893,66030.56164380301
lp,46,25248,2,1.9432222412546711,,0.0,0.0,1.943222241254673,0.0,0.0,0.0,1.943222241254673,0.0,1.9432222412546727,3.552713678800501e-15,0.0,0.0,1.9432222412546567,0.0,,,,,,,,,15680.014067748967,27971.628355901878,35706.99244669893,66030.56164380301
lp,46,25248,3,4.603592247102448,,0.0,0.0,0.0,4.603592247102452,0.0,0.0,0.0,4.603592247102452,4.603592247102452,2.0250467969162855e-13,0.0,0.0,0.0,4.603592247102464,,,,,,,,,15680.014067748967,27971.628355901878,35706.99244669893,66030.56164380301
lp,47,25416,0,0.15983216714033344,,0.15983216714033285,0.0,0.0,0.0,0.15983216714033285,0.0,0.0,0.0,0.15983216714033285,9.947598300641403e-14,0.15983216714032758,0.0,0.0,0.0,,,,,,,,,13485.872080147019,29147.03532257263,33744.89623044364,63846.264977282335
lp,47,25416,1,0.9418743915162333,,0.0,0.9418743915162359,0.0,0.0,0.0,0.9418743915162359,0.0,0.0,0.9418743915162359,-1.9895196601282805e-13,0.0,0.9418743915162344,0.0,0.0,,,,,,,,,13485.872080147019,29147.03532257263,33744.89623044364,63846.264977282335
lp,47,25416,2,2.2941896973430986,,0.0,0.0,2.2941896973431,0.0,0.0,0.0,2.2941896973431,0.0,2.2941896973430995,-5.3290705182007514e-14,0.0,0.0,2.2941896973430937,0.0,,,,,,,,,13485.872080147019,29147.03532257263,33744.89623044364,63846.264977282335
lp,47,25416,3,5.140543378539446,,0.0,0.0,0.0,5.140543378539447,0.0,0.0,0.0,5.140543378539448,5.140543378539448,8.526512829121202e-14,0.0,0.0,0.0,5.140543378539485,,,,,,,,,13485.872080147019,29147.03532257263,33744.89623044364,63846.264977282335
lp,48,25584,0,0.09172727291413733,,0.09172727291413749,0.0,0.0,0.0,0.09172727291413747,0.0,0.0,0.0,0.09172727291413747,-1.7763568394002505e-14,0.09172727291413801,0.0,0.0,0.0,,,,,,,,,12032.217796174462,30109.030084231184,36569.670242444976,65279.58704922657
lp,48,25584,1,0.6895016503350054,,0.0,0.6895016503350073,0.0,0.0,0.0,0.6895016503350073,0.0,0.0,0.6895016503350073,-2.4868995751603507e-13,0.0,0.6895016503350121,0.0,0.0,,,,,,,,,12032.217796174462,30109.030084231184,36569.670242444976,65279.58704922657
lp,48,25584,2,1.84482881845099,,0.0,0.0,1.84482881845099,0.0,0.0,0.0,1.84482881845099,0.0,1.84482881845099,-5.3290705182007514e-14,0.0,0.0,1.844828818450973,0.0,,,,,,,,,12032.217796174462,30109.030084231184,36569.670242444976,65279.58704922657
lp,48,25584,3,4.370902771983392,,0.0,0.0,0.0,4.370902771983391,0.0,0.0,0.0,4.370902771983392,4.370902771983392,-9.947598300641403e-14,0.0,0.0,0.0,4.370902771983385,,,,,,,,,12032.217796174462,30109.030084231184,36569.670242444976,65279.58704922657
lp,49,25752,0,0.4105935815970943,,0.41059358159709547,0.0,0.0,0.0,0.41059358159709547,0.0,0.0,0.0,0.41059358159709547,-1.0658141036401503e-14,0.41059358159709336,0.0,0.0,0.0,,,,,,,,,16188.961434021498,34397.65212203965,36848.82481887282,64464.84139110838
lp,49,25752,1,1.4067475032015078,,0.0,1.406747503201505,0.0,0.0,0.0,1.406747503201505,0.0,0.0,1.406747503201505,-1.2079226507921703e-13,0.0,1.4067475032015144,0.0,0.0,,,,,,,,,16188.961434021498,34397.65212203965,36848.82481887282,64464.84139110838
lp,49,25752,2,3.6455137762697305,,0.0,0.0,3.260531511537986,0.0,0.0,0.0,3.260531511537986,0.0,3.260531511537986,38.498226473174235,0.0,0.0,3.6455137762697376,0.0,,,,,,,,,16188.961434021498,34397.65212203965,36848.82481887282,64464.84139110838
lp,49,25752,3,5.615606246060709,,0.0,0.0,0.0,5.615606246060701,0.0,0.0,0.0,5.615606246060701,5.615606246060701,1.6342482922482304e-13,0.0,0.0,0.0,5.615606246060696,,,,,,,,,16188.961434021498,34397.65212203965,36848.82481887282,64464.84139110838
lp,50,25920,0,0.04762330347235285,,0.04762330347235399,0.0,0.0,0.0,0.047623303472353974,0.0,0.0,0.0,0.047623303472353974,-1.1368683772161603e-13,0.04762330347235442,0.0,0.0,0.0,,,,,,,,,16753.352063024577,30290.90684985778,38402.91481711701,61851.46768402625
lp,50,25920,1,0.19018509232456593,,0.0,0.19018509232456726,0.0,0.0,0.0,0.19018509232456726,0.0,0.0,0.19018509232456726,-1.2434497875801753e-13,0.0,0.190185092324559,0.0,0.0,,,,,,,,,16753.352063024577,30290.90684985778,38402.91481711701,61851.46768402625
lp,50,25920,2,0.8302517978892948,,0.0,0.0,0.8302517978892962,0.0,0.0,0.0,0.8302517978892962,0.0,0.8302517978892962,-8.881784197001252e-14,0.0,0.0,0.8302517978892965,0.0,,,,,,,,,16753.352063024577,30290.90684985778,38402.91481711701,61851.46768402625
lp,50,25920,3,2.3563483532690235,,0.0,0.0,0.0,2.356348353269031,0.0,0.0,0.0,2.3563483532690315,2.3563483532690315,-1.1368683772161603e-13,0.0,0.0,0.0,2.3563483532690053,,,,,,,,,16753.352063024577,30290.90684985778,38402.91481711701,61851.46768402625
lp,51,26088,0,0.10024381363973361,,0.10024381363973195,0.0,0.0,0.0,0.10024381363973194,0.0,0.0,0.0,0.10024381363973194,1.7053025658242404e-13,0.10024381363973021,0.0,0.0,0.0,,,,,,,,,13373.254049574,30998.824614889403,35576.87267902273,65585.05939878576
lp,51,26088,1,0.4609819497968946,,0.0,0.46098194979689405,0.0,0.0,0.0,0.46098194979689405,0.0,0.0,0.46098194979689405,7.105427357601002e-15,0.0,0.46098194979689194,0.0,0.0,,,,,,,,,13373.254049574,30998.824614889403,35576.87267902273,65585.05939878576
lp,51,26088,2,1.628316968637363,,0.0,0.0,1.6283169686373622,0.0,0.0,0.0,1.6283169686373624,0.0,1.6283169686373624,7.105427357601002e-15,0.0,0.0,1.6283169686373355,0.0,,,,,,,,,13373.254049574,30998.824614889403,35576.87267902273,65585.05939878576
lp,51,26088,3,4.494718292362021,,0.0,0.0,0.0,4.494718292362021,0.0,0.0,0.0,4.494718292362021,4.494718292362021,-1.6697754290362354e-13,0.0,0.0,0.0,4.494718292362003,,,,,,,,,13373.254049574,30998.824614889403,35576.87267902273,65585.05939878576
