t0,rho,seed,migrate,regime,policy,cube,r,tight,emis_t,late_frac,emis_adj_t,late_jobs,unfinished,mig_frac,work,jobs,ms_per_decision,week
15336,0.3,500,True,st,MPC-Protect,pred,0.1,1,0.5834910533288631,0.0,0.5834910533288631,0.0,0.0,0.7713081790177043,70014.13974734378,928.0,1.9280955000015507,2023-10-02
15336,0.3,500,True,st,MPC-Protect,pred,0.1,2,0.5836725155620343,0.0,0.5836725155620343,0.0,0.0,0.7705147418710165,70014.13974734378,928.0,1.999438008916903,2023-10-02
15336,0.3,500,True,st,MPC-Protect,pred,0.1,4,0.5843641020751321,0.0,0.5843641020751321,0.0,0.0,0.7717966028067088,70014.13974734378,928.0,1.9788859285694929,2023-10-02
15336,0.3,500,True,st,MPC-Protect,pred,0.2,1,0.5856357112840789,0.0,0.5856357112840789,0.0,0.0,0.7637351254836902,70014.13974734378,928.0,2.0891791562454336,2023-10-02
15336,0.3,500,True,st,MPC-Protect,pred,0.2,2,0.5856357112840789,0.0,0.5856357112840789,0.0,0.0,0.7637351254836902,70014.13974734378,928.0,1.95059220535703,2023-10-02
15336,0.3,500,True,st,MPC-Protect,pred,0.2,4,0.5860826630437626,0.0,0.5860826630437626,0.0,0.0,0.7640035760982353,70014.13974734378,928.0,2.0160547812630676,2023-10-02
15336,0.3,500,True,st,MPC-Protect,pred,0.3,1,0.586232749759269,0.0,0.586232749759269,0.0,0.0,0.7635422327386685,70014.13974734378,928.0,2.0330708666652857,2023-10-02
15336,0.3,500,True,st,MPC-Protect,pred,0.3,2,0.586232749759269,0.0,0.586232749759269,0.0,0.0,0.7635422327386685,70014.13974734378,928.0,2.1912486089058802,2023-10-02
15336,0.3,500,True,st,MPC-Protect,pred,0.3,4,0.586232749759269,0.0,0.586232749759269,0.0,0.0,0.7635422327386685,70014.13974734378,928.0,1.9607637555277,2023-10-02
15336,0.3,500,True,st,MPC-Protect,pred,0.5,1,0.6043128785105464,0.0,0.6043128785105464,0.0,0.0,0.7559811320060338,70014.13974734378,928.0,2.0516343392915,2023-10-02
15336,0.3,500,True,st,MPC-Protect,pred,0.5,2,0.6043128785105464,0.0,0.6043128785105464,0.0,0.0,0.7559811320060338,70014.13974734378,928.0,2.061104834804642,2023-10-02
15336,0.3,500,True,st,MPC-Protect,pred,0.5,4,0.6043128785105464,0.0,0.6043128785105464,0.0,0.0,0.7559811320060338,70014.13974734378,928.0,2.217566410674213,2023-10-02
15504,0.3,501,True,st,MPC-Protect,pred,0.1,1,0.9694604292446969,0.0,0.9694604292446969,0.0,0.0,0.7682045626243439,73719.56346610108,932.0,1.8644859275842645,2023-10-09
15504,0.3,501,True,st,MPC-Protect,pred,0.1,2,0.9726426049753432,0.0,0.9726426049753432,0.0,0.0,0.7706987756747092,73719.56346610108,932.0,1.9004956198858145,2023-10-09
15504,0.3,501,True,st,MPC-Protect,pred,0.1,4,1.059453806580259,0.0,1.059453806580259,0.0,0.0,0.7697441934561514,73719.56346610108,932.0,1.8715318823384364,2023-10-09
15504,0.3,501,True,st,MPC-Protect,pred,0.2,1,0.9807031667589541,0.0,0.9807031667589541,0.0,0.0,0.769540729305916,73719.56346610108,932.0,1.8636694298557028,2023-10-09
15504,0.3,501,True,st,MPC-Protect,pred,0.2,2,0.9807031667589541,0.0,0.9807031667589541,0.0,0.0,0.769540729305916,73719.56346610108,932.0,1.9452589457042486,2023-10-09
15504,0.3,501,True,st,MPC-Protect,pred,0.2,4,1.041770870530668,0.0,1.041770870530668,0.0,0.0,0.7706362438870428,73719.56346610108,932.0,1.9067652307815095,2023-10-09
15504,0.3,501,True,st,MPC-Protect,pred,0.3,1,1.0037806388391395,0.0,1.0037806388391395,0.0,0.0,0.766498231789254,73719.56346610108,932.0,2.0321796198922173,2023-10-09
15504,0.3,501,True,st,MPC-Protect,pred,0.3,2,1.0037806388391395,0.0,1.0037806388391395,0.0,0.0,0.766498231789254,73719.56346610108,932.0,1.919221443456505,2023-10-09
15504,0.3,501,True,st,MPC-Protect,pred,0.3,4,1.0353030922048208,0.0,1.0353030922048208,0.0,0.0,0.7657661484534711,73719.56346610108,932.0,1.98329593215795,2023-10-09
15504,0.3,501,True,st,MPC-Protect,pred,0.5,1,1.0624610491396371,0.0,1.0624610491396371,0.0,0.0,0.7539679241989004,73719.56346610108,932.0,1.9938103574466006,2023-10-09
15504,0.3,501,True,st,MPC-Protect,pred,0.5,2,1.0624610491396371,0.0,1.0624610491396371,0.0,0.0,0.7539679241989004,73719.56346610108,932.0,2.3796936334683654,2023-10-09
15504,0.3,501,True,st,MPC-Protect,pred,0.5,4,1.0748206114442214,0.0,1.0748206114442214,0.0,0.0,0.7540168230911987,73719.56346610108,932.0,1.999426416305923,2023-10-09
15672,0.3,502,True,st,MPC-Protect,pred,0.1,1,1.497316617793254,0.0,1.497316617793254,0.0,0.0,0.7836752805258478,70458.17240169305,915.0,1.9556816090657363,2023-10-16
15672,0.3,502,True,st,MPC-Protect,pred,0.1,2,1.4978656587288188,0.0,1.4978656587288188,0.0,0.0,0.783396205542562,70458.17240169305,915.0,2.074985790919858,2023-10-16
15672,0.3,502,True,st,MPC-Protect,pred,0.1,4,1.5030907249154004,0.0,1.5030907249154004,0.0,0.0,0.7832072256232517,70458.17240169305,915.0,1.7396021635704528,2023-10-16
15672,0.3,502,True,st,MPC-Protect,pred,0.2,1,1.496082664972214,0.0,1.496082664972214,0.0,0.0,0.7840953197855337,70458.17240169305,915.0,1.7703521040828787,2023-10-16
15672,0.3,502,True,st,MPC-Protect,pred,0.2,2,1.496082664972214,0.0,1.496082664972214,0.0,0.0,0.7840953197855337,70458.17240169305,915.0,1.9796127602175522,2023-10-16
15672,0.3,502,True,st,MPC-Protect,pred,0.2,4,1.4972022214709948,0.0,1.4972022214709948,0.0,0.0,0.7833839007655868,70458.17240169305,915.0,2.0176197420912363,2023-10-16
15672,0.3,502,True,st,MPC-Protect,pred,0.3,1,1.4970909727296982,0.0,1.4970909727296982,0.0,0.0,0.7818877062817997,70458.17240169305,915.0,1.7702739094939752,2023-10-16
15672,0.3,502,True,st,MPC-Protect,pred,0.3,2,1.4970909727296982,0.0,1.4970909727296982,0.0,0.0,0.7818877062817997,70458.17240169305,915.0,1.8515054208401784,2023-10-16
15672,0.3,502,True,st,MPC-Protect,pred,0.3,4,1.4970729939206318,0.0,1.4970729939206318,0.0,0.0,0.7823680012968628,70458.17240169305,915.0,1.828711678727686,2023-10-16
15672,0.3,502,True,st,MPC-Protect,pred,0.5,1,1.5121093818464295,0.0,1.5121093818464295,0.0,0.0,0.7582965057104203,70458.17240169305,915.0,1.9408631891614327,2023-10-16
15672,0.3,502,True,st,MPC-Protect,pred,0.5,2,1.5121093818464295,0.0,1.5121093818464295,0.0,0.0,0.7582965057104203,70458.17240169305,915.0,2.115076959460173,2023-10-16
15672,0.3,502,True,st,MPC-Protect,pred,0.5,4,1.5121093818464295,0.0,1.5121093818464295,0.0,0.0,0.7582965057104203,70458.17240169305,915.0,1.9414180495553959,2023-10-16
15840,0.3,503,True,st,MPC-Protect,pred,0.1,1,1.5485930212976724,0.0,1.5485930212976724,0.0,0.0,0.807187233816347,74318.580238708,981.0,2.142297592741275,2023-10-23
15840,0.3,503,True,st,MPC-Protect,pred,0.1,2,1.5485930212976724,0.0,1.5485930212976724,0.0,0.0,0.807187233816347,74318.580238708,981.0,2.1442131447693757,2023-10-23
15840,0.3,503,True,st,MPC-Protect,pred,0.1,4,1.5741801302848595,0.0,1.5741801302848595,0.0,0.0,0.8121944907329945,74318.580238708,981.0,2.047763918561204,2023-10-23
15840,0.3,503,True,st,MPC-Protect,pred,0.2,1,1.5659719108812036,0.0,1.5659719108812036,0.0,0.0,0.7990885388976772,74318.580238708,981.0,2.118596734235653,2023-10-23
15840,0.3,503,True,st,MPC-Protect,pred,0.2,2,1.5659719108812036,0.0,1.5659719108812036,0.0,0.0,0.7990885388976772,74318.580238708,981.0,2.2457689774537437,2023-10-23
15840,0.3,503,True,st,MPC-Protect,pred,0.2,4,1.5709390539680608,0.0,1.5709390539680608,0.0,0.0,0.8005468849597465,74318.580238708,981.0,2.0750747072221154,2023-10-23
15840,0.3,503,True,st,MPC-Protect,pred,0.3,1,1.5976916402780847,0.0,1.5976916402780847,0.0,0.0,0.7934161561436521,74318.580238708,981.0,2.06089645950612,2023-10-23
15840,0.3,503,True,st,MPC-Protect,pred,0.3,2,1.5976916402780847,0.0,1.5976916402780847,0.0,0.0,0.7934161561436521,74318.580238708,981.0,2.093784725209778,2023-10-23
15840,0.3,503,True,st,MPC-Protect,pred,0.3,4,1.5976916402780847,0.0,1.5976916402780847,0.0,0.0,0.7934161561436521,74318.580238708,981.0,2.4060688738163583,2023-10-23
15840,0.3,503,True,st,MPC-Protect,pred,0.5,1,1.7005453511520727,0.0,1.7005453511520727,0.0,0.0,0.7787222043655683,74318.580238708,981.0,2.102405171167898,2023-10-23
15840,0.3,503,True,st,MPC-Protect,pred,0.5,2,1.7005453511520727,0.0,1.7005453511520727,0.0,0.0,0.7787222043655683,74318.580238708,981.0,2.106193617118487,2023-10-23
15840,0.3,503,True,st,MPC-Protect,pred,0.5,4,1.7005453511520727,0.0,1.7005453511520727,0.0,0.0,0.7787222043655683,74318.580238708,981.0,2.1247868693625693,2023-10-23
16008,0.3,504,True,st,MPC-Protect,pred,0.1,1,0.9922994561490776,0.0,0.9922994561490776,0.0,0.0,0.8469348617702205,67588.57653298903,898.0,1.712345836375045,2023-10-30
16008,0.3,504,True,st,MPC-Protect,pred,0.1,2,0.9923573881633359,0.0,0.9923573881633359,0.0,0.0,0.847081283562062,67588.57653298903,898.0,1.7677315045768245,2023-10-30
16008,0.3,504,True,st,MPC-Protect,pred,0.1,4,0.995856563311409,0.0,0.995856563311409,0.0,0.0,0.8491603411889901,67588.57653298903,898.0,1.7700122009428096,2023-10-30
16008,0.3,504,True,st,MPC-Protect,pred,0.2,1,0.992748264978352,0.0,0.992748264978352,0.0,0.0,0.8502558094706203,67588.57653298903,898.0,1.772392700021638,2023-10-30
16008,0.3,504,True,st,MPC-Protect,pred,0.2,2,0.992748264978352,0.0,0.992748264978352,0.0,0.0,0.8502558094706203,67588.57653298903,898.0,1.765268063668786,2023-10-30
16008,0.3,504,True,st,MPC-Protect,pred,0.2,4,0.992748264978352,0.0,0.992748264978352,0.0,0.0,0.8502558094706203,67588.57653298903,898.0,1.9178979817711066,2023-10-30
16008,0.3,504,True,st,MPC-Protect,pred,0.3,1,0.9931009839818359,0.0,0.9931009839818359,0.0,0.0,0.8475246128803006,67588.57653298903,898.0,1.91811733640696,2023-10-30
16008,0.3,504,True,st,MPC-Protect,pred,0.3,2,0.9931009839818359,0.0,0.9931009839818359,0.0,0.0,0.8475246128803006,67588.57653298903,898.0,1.8150072636465417,2023-10-30
16008,0.3,504,True,st,MPC-Protect,pred,0.3,4,0.9931009839818359,0.0,0.9931009839818359,0.0,0.0,0.8475246128803006,67588.57653298903,898.0,1.9178460908898904,2023-10-30
16008,0.3,504,True,st,MPC-Protect,pred,0.5,1,1.0064426627443424,0.0,1.0064426627443424,0.0,0.0,0.8247520402810763,67588.57653298903,898.0,2.400405863599272,2023-10-30
16008,0.3,504,True,st,MPC-Protect,pred,0.5,2,1.0064426627443424,0.0,1.0064426627443424,0.0,0.0,0.8247520402810763,67588.57653298903,898.0,1.993813609082777,2023-10-30
16008,0.3,504,True,st,MPC-Protect,pred,0.5,4,1.0064426627443424,0.0,1.0064426627443424,0.0,0.0,0.8247520402810763,67588.57653298903,898.0,2.0042296045134704,2023-10-30
16176,0.3,505,True,st,MPC-Protect,pred,0.1,1,1.2393789569523408,0.0,1.2393789569523408,0.0,0.0,0.8344862413730596,62579.85648253633,875.0,1.5764754144493873,2023-11-06
16176,0.3,505,True,st,MPC-Protect,pred,0.1,2,1.2393789569523408,0.0,1.2393789569523408,0.0,0.0,0.8344862413730596,62579.85648253633,875.0,1.611269855808083,2023-11-06
16176,0.3,505,True,st,MPC-Protect,pred,0.1,4,1.2399556442359965,0.0,1.2399556442359965,0.0,0.0,0.835208793762719,62579.85648253633,875.0,1.6112713513819898,2023-11-06
16176,0.3,505,True,st,MPC-Protect,pred,0.2,1,1.241970910509665,0.0,1.241970910509665,0.0,0.0,0.8308626655053265,62579.85648253633,875.0,1.759246346868626,2023-11-06
16176,0.3,505,True,st,MPC-Protect,pred,0.2,2,1.241970910509665,0.0,1.241970910509665,0.0,0.0,0.8308626655053265,62579.85648253633,875.0,1.6209694729548425,2023-11-06
16176,0.3,505,True,st,MPC-Protect,pred,0.2,4,1.241970910509665,0.0,1.241970910509665,0.0,0.0,0.8308626655053265,62579.85648253633,875.0,1.6231325360766622,2023-11-06
16176,0.3,505,True,st,MPC-Protect,pred,0.3,1,1.2463380797083696,0.0,1.2463380797083696,0.0,0.0,0.8230538880082808,62579.85648253633,875.0,1.5948691215935222,2023-11-06
16176,0.3,505,True,st,MPC-Protect,pred,0.3,2,1.2463380797083696,0.0,1.2463380797083696,0.0,0.0,0.8230538880082808,62579.85648253633,875.0,1.878092815286846,2023-11-06
16176,0.3,505,True,st,MPC-Protect,pred,0.3,4,1.2463380797083696,0.0,1.2463380797083696,0.0,0.0,0.8230538880082808,62579.85648253633,875.0,1.652685319870445,2023-11-06
16176,0.3,505,True,st,MPC-Protect,pred,0.5,1,1.311802329167763,0.0,1.311802329167763,0.0,0.0,0.7988835229415147,62579.85648253633,875.0,1.6397004549592542,2023-11-06
16176,0.3,505,True,st,MPC-Protect,pred,0.5,2,1.311802329167763,0.0,1.311802329167763,0.0,0.0,0.7988835229415147,62579.85648253633,875.0,1.6750430585251468,2023-11-06
16176,0.3,505,True,st,MPC-Protect,pred,0.5,4,1.311802329167763,0.0,1.311802329167763,0.0,0.0,0.7988835229415147,62579.85648253633,875.0,2.2465056486613024,2023-11-06
16344,0.3,506,True,st,MPC-Protect,pred,0.1,1,2.2808884659716515,0.0,2.2808884659716515,0.0,0.0,0.8234532559806144,69689.04399031839,945.0,1.6362085746949482,2023-11-13
16344,0.3,506,True,st,MPC-Protect,pred,0.1,2,2.2808884659716515,0.0,2.2808884659716515,0.0,0.0,0.8234532559806144,69689.04399031839,945.0,1.8336888009699945,2023-11-13
16344,0.3,506,True,st,MPC-Protect,pred,0.1,4,2.28148406241716,0.0,2.28148406241716,0.0,0.0,0.8235289079139516,69689.04399031839,945.0,1.6944236742338898,2023-11-13
16344,0.3,506,True,st,MPC-Protect,pred,0.2,1,2.28072739346757,0.0,2.28072739346757,0.0,0.0,0.8200412844587943,69689.04399031839,945.0,1.6594820950163567,2023-11-13
16344,0.3,506,True,st,MPC-Protect,pred,0.2,2,2.28072739346757,0.0,2.28072739346757,0.0,0.0,0.8200412844587943,69689.04399031839,945.0,1.7045901403027561,2023-11-13
16344,0.3,506,True,st,MPC-Protect,pred,0.2,4,2.2808271989771893,0.0,2.2808271989771893,0.0,0.0,0.8198463506548902,69689.04399031839,945.0,1.6980075610575924,2023-11-13
16344,0.3,506,True,st,MPC-Protect,pred,0.3,1,2.2806046535966398,0.0,2.2806046535966398,0.0,0.0,0.8159146880153465,69689.04399031839,945.0,1.8933863393366215,2023-11-13
16344,0.3,506,True,st,MPC-Protect,pred,0.3,2,2.2806046535966398,0.0,2.2806046535966398,0.0,0.0,0.8159146880153465,69689.04399031839,945.0,1.7047167918845676,2023-11-13
16344,0.3,506,True,st,MPC-Protect,pred,0.3,4,2.2806046535966398,0.0,2.2806046535966398,0.0,0.0,0.8159146880153465,69689.04399031839,945.0,1.7121527918410457,2023-11-13
16344,0.3,506,True,st,MPC-Protect,pred,0.5,1,2.288792709616971,0.0,2.288792709616971,0.0,0.0,0.8079221105016445,69689.04399031839,945.0,1.7762979321362586,2023-11-13
16344,0.3,506,True,st,MPC-Protect,pred,0.5,2,2.288792709616971,0.0,2.288792709616971,0.0,0.0,0.8079221105016445,69689.04399031839,945.0,1.8533932489305915,2023-11-13
16344,0.3,506,True,st,MPC-Protect,pred,0.5,4,2.288792709616971,0.0,2.288792709616971,0.0,0.0,0.8079221105016445,69689.04399031839,945.0,1.848178954730112,2023-11-13
16512,0.3,507,True,st,MPC-Protect,pred,0.1,1,1.5966681205713544,0.0,1.5966681205713544,0.0,0.0,0.8250483356915079,67659.11521947458,904.0,1.880439462216196,2023-11-20
16512,0.3,507,True,st,MPC-Protect,pred,0.1,2,1.5967091237236974,0.0,1.5967091237236974,0.0,0.0,0.8244745380863158,67659.11521947458,904.0,1.806162368884543,2023-11-20
16512,0.3,507,True,st,MPC-Protect,pred,0.1,4,1.6039948138253,0.0,1.6039948138253,0.0,0.0,0.815523427886496,67659.11521947458,904.0,1.7951396133543716,2023-11-20
16512,0.3,507,True,st,MPC-Protect,pred,0.2,1,1.5984415873218576,0.0,1.5984415873218576,0.0,0.0,0.823215210173726,67659.11521947458,904.0,1.8168120267283585,2023-11-20
16512,0.3,507,True,st,MPC-Protect,pred,0.2,2,1.5984415873218576,0.0,1.5984415873218576,0.0,0.0,0.823215210173726,67659.11521947458,904.0,2.194850364446918,2023-11-20
16512,0.3,507,True,st,MPC-Protect,pred,0.2,4,1.5996480277112388,0.0,1.5996480277112388,0.0,0.0,0.8253492716273572,67659.11521947458,904.0,1.8404036844407932,2023-11-20
16512,0.3,507,True,st,MPC-Protect,pred,0.3,1,1.6018415585186216,0.0,1.6018415585186216,0.0,0.0,0.820973773469914,67659.11521947458,904.0,1.8565710622109084,2023-11-20
16512,0.3,507,True,st,MPC-Protect,pred,0.3,2,1.6018415585186216,0.0,1.6018415585186216,0.0,0.0,0.820973773469914,67659.11521947458,904.0,1.8939534311195731,2023-11-20
16512,0.3,507,True,st,MPC-Protect,pred,0.3,4,1.6023959197411546,0.0,1.6023959197411546,0.0,0.0,0.819772921099873,67659.11521947458,904.0,2.091253306652005,2023-11-20
16512,0.3,507,True,st,MPC-Protect,pred,0.5,1,1.6122509120259103,0.0,1.6122509120259103,0.0,0.0,0.7991854217288475,67659.11521947458,904.0,1.8955190533395379,2023-11-20
16512,0.3,507,True,st,MPC-Protect,pred,0.5,2,1.6122509120259103,0.0,1.6122509120259103,0.0,0.0,0.7991854217288475,67659.11521947458,904.0,1.9249190844695678,2023-11-20
16512,0.3,507,True,st,MPC-Protect,pred,0.5,4,1.6122509120259103,0.0,1.6122509120259103,0.0,0.0,0.7991854217288475,67659.11521947458,904.0,1.9512853777753965,2023-11-20
16680,0.3,508,True,st,MPC-Protect,pred,0.1,1,3.509775538900786,0.0,3.509775538900786,0.0,0.0,0.8147073061947147,64864.36282189725,893.0,1.6887665810704553,2023-11-27
16680,0.3,508,True,st,MPC-Protect,pred,0.1,2,3.509775538900786,0.0,3.509775538900786,0.0,0.0,0.8147073061947147,64864.36282189725,893.0,1.7991872297103442,2023-11-27
16680,0.3,508,True,st,MPC-Protect,pred,0.1,4,3.509775538900786,0.0,3.509775538900786,0.0,0.0,0.8147073061947147,64864.36282189725,893.0,1.615537707194718,2023-11-27
16680,0.3,508,True,st,MPC-Protect,pred,0.2,1,3.511066935441218,0.0,3.511066935441218,0.0,0.0,0.813869390346058,64864.36282189725,893.0,1.6459946666498024,2023-11-27
16680,0.3,508,True,st,MPC-Protect,pred,0.2,2,3.511066935441218,0.0,3.511066935441218,0.0,0.0,0.813869390346058,64864.36282189725,893.0,1.6296415179928223,2023-11-27
16680,0.3,508,True,st,MPC-Protect,pred,0.2,4,3.511066935441218,0.0,3.511066935441218,0.0,0.0,0.813869390346058,64864.36282189725,893.0,1.8784146261561938,2023-11-27
16680,0.3,508,True,st,MPC-Protect,pred,0.3,1,3.5151227231698243,0.0,3.5151227231698243,0.0,0.0,0.8087819238252476,64864.36282189725,893.0,1.8812206936623574,2023-11-27
16680,0.3,508,True,st,MPC-Protect,pred,0.3,2,3.5151227231698243,0.0,3.5151227231698243,0.0,0.0,0.8087819238252476,64864.36282189725,893.0,1.691662400955121,2023-11-27
16680,0.3,508,True,st,MPC-Protect,pred,0.3,4,3.5151227231698243,0.0,3.5151227231698243,0.0,0.0,0.8087819238252476,64864.36282189725,893.0,1.6643440360296464,2023-11-27
16680,0.3,508,True,st,MPC-Protect,pred,0.5,1,3.5605434335001256,0.0,3.5605434335001256,0.0,0.0,0.7886585383802864,64864.36282189725,893.0,1.7506001891839282,2023-11-27
16680,0.3,508,True,st,MPC-Protect,pred,0.5,2,3.5605434335001256,0.0,3.5605434335001256,0.0,0.0,0.7886585383802864,64864.36282189725,893.0,2.0069231936759024,2023-11-27
16680,0.3,508,True,st,MPC-Protect,pred,0.5,4,3.5605434335001256,0.0,3.5605434335001256,0.0,0.0,0.7886585383802864,64864.36282189725,893.0,1.7440241711827529,2023-11-27
16848,0.3,509,True,st,MPC-Protect,pred,0.1,1,1.6914777760441113,0.0,1.6914777760441113,0.0,0.0,0.8375998667875589,69667.54122002251,885.0,1.6539448288845584,2023-12-04
16848,0.3,509,True,st,MPC-Protect,pred,0.1,2,1.6914777760441113,0.0,1.6914777760441113,0.0,0.0,0.8375998667875589,69667.54122002251,885.0,1.7958257072014268,2023-12-04
16848,0.3,509,True,st,MPC-Protect,pred,0.1,4,1.6914777760441113,0.0,1.6914777760441113,0.0,0.0,0.8375998667875589,69667.54122002251,885.0,1.9472614684640543,2023-12-04
16848,0.3,509,True,st,MPC-Protect,pred,0.2,1,1.6907390665670192,0.0,1.6907390665670192,0.0,0.0,0.8287230387563665,69667.54122002251,885.0,1.6709795225053952,2023-12-04
16848,0.3,509,True,st,MPC-Protect,pred,0.2,2,1.6907390665670192,0.0,1.6907390665670192,0.0,0.0,0.8287230387563665,69667.54122002251,885.0,1.69157593694894,2023-12-04
16848,0.3,509,True,st,MPC-Protect,pred,0.2,4,1.6907390665670192,0.0,1.6907390665670192,0.0,0.0,0.8287230387563665,69667.54122002251,885.0,1.8880635900811964,2023-12-04
16848,0.3,509,True,st,MPC-Protect,pred,0.3,1,1.6896196646772672,0.0,1.6896196646772672,0.0,0.0,0.8199674675355435,69667.54122002251,885.0,1.853560319833779,2023-12-04
16848,0.3,509,True,st,MPC-Protect,pred,0.3,2,1.6896196646772672,0.0,1.6896196646772672,0.0,0.0,0.8199674675355435,69667.54122002251,885.0,1.7547701351374214,2023-12-04
16848,0.3,509,True,st,MPC-Protect,pred,0.3,4,1.6896196646772672,0.0,1.6896196646772672,0.0,0.0,0.8199674675355435,69667.54122002251,885.0,1.751097531502416,2023-12-04
16848,0.3,509,True,st,MPC-Protect,pred,0.5,1,1.7050833826595606,0.0,1.7050833826595606,0.0,0.0,0.8006983354440295,69667.54122002251,885.0,1.936989540546812,2023-12-04
16848,0.3,509,True,st,MPC-Protect,pred,0.5,2,1.7050833826595606,0.0,1.7050833826595606,0.0,0.0,0.8006983354440295,69667.54122002251,885.0,2.0928827026952463,2023-12-04
16848,0.3,509,True,st,MPC-Protect,pred,0.5,4,1.7050833826595606,0.0,1.7050833826595606,0.0,0.0,0.8006983354440295,69667.54122002251,885.0,1.8614684369519334,2023-12-04
17016,0.3,510,True,st,MPC-Protect,pred,0.1,1,1.5473250236264422,0.0,1.5473250236264422,0.0,0.0,0.831862525704804,70788.37691020197,930.0,1.7512780580091203,2023-12-11
17016,0.3,510,True,st,MPC-Protect,pred,0.1,2,1.5473240314708374,0.0,1.5473240314708374,0.0,0.0,0.831862525704804,70788.37691020197,930.0,1.9242462589171996,2023-12-11
17016,0.3,510,True,st,MPC-Protect,pred,0.1,4,1.5560765896497926,0.0,1.5560765896497926,0.0,0.0,0.8293832130831696,70788.37691020197,930.0,1.7883892901896357,2023-12-11
17016,0.3,510,True,st,MPC-Protect,pred,0.2,1,1.5547853552548625,0.0,1.5547853552548625,0.0,0.0,0.8261479645983818,70788.37691020197,930.0,2.1849304375060847,2023-12-11
17016,0.3,510,True,st,MPC-Protect,pred,0.2,2,1.5547853552548625,0.0,1.5547853552548625,0.0,0.0,0.8261479645983818,70788.37691020197,930.0,2.0175933794551577,2023-12-11
17016,0.3,510,True,st,MPC-Protect,pred,0.2,4,1.5569257762161428,0.0,1.5569257762161428,0.0,0.0,0.8254486659860976,70788.37691020197,930.0,2.1913594553179143,2023-12-11
17016,0.3,510,True,st,MPC-Protect,pred,0.3,1,1.56498920219152,0.0,1.56498920219152,0.0,0.0,0.819842161943611,70788.37691020197,930.0,1.8129088036045817,2023-12-11
17016,0.3,510,True,st,MPC-Protect,pred,0.3,2,1.56498920219152,0.0,1.56498920219152,0.0,0.0,0.819842161943611,70788.37691020197,930.0,1.8696789910604497,2023-12-11
17016,0.3,510,True,st,MPC-Protect,pred,0.3,4,1.5649955668612052,0.0,1.5649955668612052,0.0,0.0,0.8196883361453318,70788.37691020197,930.0,2.028234575902843,2023-12-11
17016,0.3,510,True,st,MPC-Protect,pred,0.5,1,1.6070271727744803,0.0,1.6070271727744803,0.0,0.0,0.7875809447091943,70788.37691020197,930.0,1.856807798201918,2023-12-11
17016,0.3,510,True,st,MPC-Protect,pred,0.5,2,1.6070271727744803,0.0,1.6070271727744803,0.0,0.0,0.7875809447091943,70788.37691020197,930.0,2.109535260090202,2023-12-11
17016,0.3,510,True,st,MPC-Protect,pred,0.5,4,1.6070271606475202,0.0,1.6070271606475202,0.0,0.0,0.7875808721189945,70788.37691020197,930.0,1.8824487085393609,2023-12-11
17184,0.3,511,True,st,MPC-Protect,pred,0.1,1,0.3526983932903194,0.0,0.3526983932903194,0.0,0.0,0.7944740307378487,71042.65994867557,945.0,2.029873022733723,2023-12-18
17184,0.3,511,True,st,MPC-Protect,pred,0.1,2,0.35305934814563217,0.0,0.35305934814563217,0.0,0.0,0.7944037540520816,71042.65994867557,945.0,1.9216515909234162,2023-12-18
17184,0.3,511,True,st,MPC-Protect,pred,0.1,4,0.3553977474239386,0.0,0.3553977474239386,0.0,0.0,0.796890416280935,71042.65994867557,945.0,1.9009565090982505,2023-12-18
17184,0.3,511,True,st,MPC-Protect,pred,0.2,1,0.35386502392877534,0.0,0.35386502392877534,0.0,0.0,0.7954008074136077,71042.65994867557,945.0,1.8926788409192918,2023-12-18
17184,0.3,511,True,st,MPC-Protect,pred,0.2,2,0.35386502392877534,0.0,0.35386502392877534,0.0,0.0,0.7954008074136077,71042.65994867557,945.0,1.9757378272722483,2023-12-18
17184,0.3,511,True,st,MPC-Protect,pred,0.2,4,0.35421463226758276,0.0,0.35421463226758276,0.0,0.0,0.7955480483940734,71042.65994867557,945.0,1.9373064727377907,2023-12-18
17184,0.3,511,True,st,MPC-Protect,pred,0.3,1,0.3550524333761286,0.0,0.3550524333761286,0.0,0.0,0.7905748053150555,71042.65994867557,945.0,1.933168936387698,2023-12-18
17184,0.3,511,True,st,MPC-Protect,pred,0.3,2,0.3550524333761286,0.0,0.3550524333761286,0.0,0.0,0.7905748053150555,71042.65994867557,945.0,2.004026654507966,2023-12-18
17184,0.3,511,True,st,MPC-Protect,pred,0.3,4,0.3550524333761286,0.0,0.3550524333761286,0.0,0.0,0.7905748053150555,71042.65994867557,945.0,1.974986709067459,2023-12-18
17184,0.3,511,True,st,MPC-Protect,pred,0.5,1,0.3753593058889749,0.0,0.3753593058889749,0.0,0.0,0.7807298456729952,71042.65994867557,945.0,1.9690414909043532,2023-12-18
17184,0.3,511,True,st,MPC-Protect,pred,0.5,2,0.3753593058889749,0.0,0.3753593058889749,0.0,0.0,0.7807298456729952,71042.65994867557,945.0,2.1478078181892424,2023-12-18
17184,0.3,511,True,st,MPC-Protect,pred,0.5,4,0.3753593058889749,0.0,0.3753593058889749,0.0,0.0,0.7807298456729952,71042.65994867557,945.0,2.1045211590758712,2023-12-18
17352,0.3,512,True,st,MPC-Protect,pred,0.1,1,0.44368320281307816,0.0,0.44368320281307816,0.0,0.0,0.7746548893762395,75758.69303508809,958.0,2.193613837797792,2023-12-25
17352,0.3,512,True,st,MPC-Protect,pred,0.1,2,0.4436762071459622,0.0,0.4436762071459622,0.0,0.0,0.7746004760351181,75758.69303508809,958.0,2.21799614414235,2023-12-25
17352,0.3,512,True,st,MPC-Protect,pred,0.1,4,0.4492055164603715,0.0,0.4492055164603715,0.0,0.0,0.771532252072871,75758.69303508809,958.0,2.141389522523798,2023-12-25
17352,0.3,512,True,st,MPC-Protect,pred,0.2,1,0.4435744977656561,0.0,0.4435744977656561,0.0,0.0,0.7752399909984394,75758.69303508809,958.0,2.0892522657459676,2023-12-25
17352,0.3,512,True,st,MPC-Protect,pred,0.2,2,0.4435744977656561,0.0,0.4435744977656561,0.0,0.0,0.7752399909984394,75758.69303508809,958.0,2.124802153187514,2023-12-25
17352,0.3,512,True,st,MPC-Protect,pred,0.2,4,0.4469210759064026,0.0,0.4469210759064026,0.0,0.0,0.7726926271527298,75758.69303508809,958.0,2.1241308153065317,2023-12-25
17352,0.3,512,True,st,MPC-Protect,pred,0.3,1,0.44615760623055767,0.0,0.44615760623055767,0.0,0.0,0.770932814649351,75758.69303508809,958.0,2.529503036053152,2023-12-25
17352,0.3,512,True,st,MPC-Protect,pred,0.3,2,0.44615760623055767,0.0,0.44615760623055767,0.0,0.0,0.770932814649351,75758.69303508809,958.0,2.3914567071777717,2023-12-25
17352,0.3,512,True,st,MPC-Protect,pred,0.3,4,0.44711264074519996,0.0,0.44711264074519996,0.0,0.0,0.7708989968196885,75758.69303508809,958.0,2.1602640901316286,2023-12-25
17352,0.3,512,True,st,MPC-Protect,pred,0.5,1,0.47332364273843547,0.0,0.47332364273843547,0.0,0.0,0.7576642499070061,75758.69303508809,958.0,2.233355868794531,2023-12-25
17352,0.3,512,True,st,MPC-Protect,pred,0.5,2,0.47332364273843547,0.0,0.47332364273843547,0.0,0.0,0.7576642499070061,75758.69303508809,958.0,2.301568167446243,2023-12-25
17352,0.3,512,True,st,MPC-Protect,pred,0.5,4,0.47332364273843547,0.0,0.47332364273843547,0.0,0.0,0.7576642499070061,75758.69303508809,958.0,2.243618773771981,2023-12-25
15336,0.5,500,True,st,MPC-Protect,pred,0.1,1,1.3864696571163286,0.0,1.3864696571163286,0.0,0.0,0.5639242909030457,113898.46651379707,1490.0,5.203397711205792,2023-10-02
15336,0.5,500,True,st,MPC-Protect,pred,0.1,2,1.3887519247151958,0.0,1.3887519247151958,0.0,0.0,0.5751328991699958,113898.46651379707,1490.0,5.002038267223035,2023-10-02
15336,0.5,500,True,st,MPC-Protect,pred,0.1,4,1.4393748195831544,0.0,1.4393748195831544,0.0,0.0,0.6369134908215583,113898.46651379707,1490.0,4.715034346328608,2023-10-02
15336,0.5,500,True,st,MPC-Protect,pred,0.2,1,1.3472762099393476,0.0,1.3472762099393476,0.0,0.0,0.5796172416159184,113898.46651379707,1490.0,5.867000571409244,2023-10-02
15336,0.5,500,True,st,MPC-Protect,pred,0.2,2,1.3693491835456826,0.0,1.3693491835456826,0.0,0.0,0.5789590409861981,113898.46651379707,1490.0,5.076051194805094,2023-10-02
15336,0.5,500,True,st,MPC-Protect,pred,0.2,4,1.4267622524807957,0.0,1.4267622524807957,0.0,0.0,0.6205148847744623,113898.46651379707,1490.0,5.102214034664168,2023-10-02
15336,0.5,500,True,st,MPC-Protect,pred,0.3,1,1.3235898233661418,0.0,1.3235898233661418,0.0,0.0,0.5973679067056568,113898.46651379707,1490.0,5.055403818938305,2023-10-02
15336,0.5,500,True,st,MPC-Protect,pred,0.3,2,1.3230039170464003,0.0,1.3230039170464003,0.0,0.0,0.5969337877512425,113898.46651379707,1490.0,4.936554840469398,2023-10-02
15336,0.5,500,True,st,MPC-Protect,pred,0.3,4,1.3654201053900514,0.0,1.3654201053900514,0.0,0.0,0.6075736766721146,113898.46651379707,1490.0,4.9219418484560435,2023-10-02
15336,0.5,500,True,st,MPC-Protect,pred,0.5,1,1.2760282248671908,0.0,1.2760282248671908,0.0,0.0,0.6332393662499777,113898.46651379707,1490.0,4.9762860432695435,2023-10-02
15336,0.5,500,True,st,MPC-Protect,pred,0.5,2,1.2760282248671908,0.0,1.2760282248671908,0.0,0.0,0.6332393662499777,113898.46651379707,1490.0,5.527290731577097,2023-10-02
15336,0.5,500,True,st,MPC-Protect,pred,0.5,4,1.2791896420600282,0.0,1.2791896420600282,0.0,0.0,0.634003858102894,113898.46651379707,1490.0,4.828745333292145,2023-10-02
15504,0.5,501,True,st,MPC-Protect,pred,0.1,1,2.4945858199296307,0.0,2.4945858199296307,0.0,0.0,0.5692206226001634,116114.4954149879,1494.0,4.861685277503642,2023-10-09
15504,0.5,501,True,st,MPC-Protect,pred,0.1,2,2.4929651506892827,0.0,2.4929651506892827,0.0,0.0,0.578840505019598,116114.4954149879,1494.0,4.9474086902962044,2023-10-09
15504,0.5,501,True,st,MPC-Protect,pred,0.1,4,2.3904414557738547,0.0,2.3904414557738547,0.0,0.0,0.6386234258398181,116114.4954149879,1494.0,4.9165739292180435,2023-10-09
15504,0.5,501,True,st,MPC-Protect,pred,0.2,1,2.4689736315462905,0.0,2.4689736315462905,0.0,0.0,0.5880271441666154,116114.4954149879,1494.0,4.79090528759808,2023-10-09
15504,0.5,501,True,st,MPC-Protect,pred,0.2,2,2.473965328021227,0.0,2.473965328021227,0.0,0.0,0.5908315211587237,116114.4954149879,1494.0,5.2772921061724265,2023-10-09
15504,0.5,501,True,st,MPC-Protect,pred,0.2,4,2.4444987891906322,0.0,2.4444987891906322,0.0,0.0,0.6258751329001466,116114.4954149879,1494.0,4.984436393752465,2023-10-09
15504,0.5,501,True,st,MPC-Protect,pred,0.3,1,2.4149890988885967,0.0,2.4149890988885967,0.0,0.0,0.6105815317152251,116114.4954149879,1494.0,5.537790752200193,2023-10-09
15504,0.5,501,True,st,MPC-Protect,pred,0.3,2,2.419346587282849,0.0,2.419346587282849,0.0,0.0,0.6119391587298953,116114.4954149879,1494.0,5.042883088542346,2023-10-09
15504,0.5,501,True,st,MPC-Protect,pred,0.3,4,2.466845489101439,0.0,2.466845489101439,0.0,0.0,0.6216325150891717,116114.4954149879,1494.0,5.157132597338784,2023-10-09
15504,0.5,501,True,st,MPC-Protect,pred,0.5,1,2.351014397983983,0.0,2.351014397983983,0.0,0.0,0.6367756859147529,116114.4954149879,1494.0,4.60615507554596,2023-10-09
15504,0.5,501,True,st,MPC-Protect,pred,0.5,2,2.351014397983983,0.0,2.351014397983983,0.0,0.0,0.6367756859147529,116114.4954149879,1494.0,4.692166071084405,2023-10-09
15504,0.5,501,True,st,MPC-Protect,pred,0.5,4,2.349412709149835,0.0,2.349412709149835,0.0,0.0,0.6367840196469602,116114.4954149879,1494.0,4.789560462231748,2023-10-09
15672,0.5,502,True,st,MPC-Protect,pred,0.1,1,3.2081881609084335,0.0,3.2081881609084335,0.0,0.0,0.5529850998854652,117710.60274682064,1534.0,5.471747195722697,2023-10-16
15672,0.5,502,True,st,MPC-Protect,pred,0.1,2,3.2298852055975624,0.0,3.2298852055975624,0.0,0.0,0.5602593479253658,117710.60274682064,1534.0,5.334613347804407,2023-10-16
15672,0.5,502,True,st,MPC-Protect,pred,0.1,4,3.3021387376378684,0.0,3.3021387376378684,0.0,0.0,0.6197057935630862,117710.60274682064,1534.0,5.306363213975994,2023-10-16
15672,0.5,502,True,st,MPC-Protect,pred,0.2,1,3.197473308516659,0.0,3.197473308516659,0.0,0.0,0.5630429142487564,117710.60274682064,1534.0,5.4314634803492625,2023-10-16
15672,0.5,502,True,st,MPC-Protect,pred,0.2,2,3.205342685800642,0.0,3.205342685800642,0.0,0.0,0.5629165344478533,117710.60274682064,1534.0,5.436184541502284,2023-10-16
15672,0.5,502,True,st,MPC-Protect,pred,0.2,4,3.2700304683650625,0.0,3.2700304683650625,0.0,0.0,0.6049530029287665,117710.60274682064,1534.0,5.6255186200439615,2023-10-16
15672,0.5,502,True,st,MPC-Protect,pred,0.3,1,3.180098720732203,0.0,3.180098720732203,0.0,0.0,0.5767319802509498,117710.60274682064,1534.0,5.538947504407444,2023-10-16
15672,0.5,502,True,st,MPC-Protect,pred,0.3,2,3.1783600571219632,0.0,3.1783600571219632,0.0,0.0,0.5808885068153328,117710.60274682064,1534.0,5.670478850876399,2023-10-16
15672,0.5,502,True,st,MPC-Protect,pred,0.3,4,3.2399720568158674,0.0,3.2399720568158674,0.0,0.0,0.6026580874099635,117710.60274682064,1534.0,5.316098157915181,2023-10-16
15672,0.5,502,True,st,MPC-Protect,pred,0.5,1,3.2057667290823706,0.0,3.2057667290823706,0.0,0.0,0.60610042536394,117710.60274682064,1534.0,5.210044048431674,2023-10-16
15672,0.5,502,True,st,MPC-Protect,pred,0.5,2,3.2057667290823706,0.0,3.2057667290823706,0.0,0.0,0.60610042536394,117710.60274682064,1534.0,5.617314700426136,2023-10-16
15672,0.5,502,True,st,MPC-Protect,pred,0.5,4,3.228788812338978,0.0,3.228788812338978,0.0,0.0,0.6110812961719766,117710.60274682064,1534.0,5.447296585863406,2023-10-16
15840,0.5,503,True,st,MPC-Protect,pred,0.1,1,4.655326179196578,0.0,4.655326179196578,0.0,0.0,0.4840598989952214,125927.17619749843,1638.0,5.131069066050307,2023-10-23
15840,0.5,503,True,st,MPC-Protect,pred,0.1,2,4.669437550269376,0.0,4.669437550269376,0.0,0.0,0.48957841337011976,125927.17619749843,1638.0,6.0548341409975714,2023-10-23
15840,0.5,503,True,st,MPC-Protect,pred,0.1,4,4.89263740081027,0.0,4.89263740081027,0.0,0.0,0.583673194500457,125927.17619749843,1638.0,5.547153048698733,2023-10-23
15840,0.5,503,True,st,MPC-Protect,pred,0.2,1,4.609576569156667,0.0,4.609576569156667,0.0,0.0,0.495837602531372,125927.17619749843,1638.0,5.931388960345534,2023-10-23
15840,0.5,503,True,st,MPC-Protect,pred,0.2,2,4.6159883891269,0.0,4.6159883891269,0.0,0.0,0.4966722928209957,125927.17619749843,1638.0,5.230193092524581,2023-10-23
15840,0.5,503,True,st,MPC-Protect,pred,0.2,4,4.781867834776216,0.0,4.781867834776216,0.0,0.0,0.558942226569175,125927.17619749843,1638.0,5.2119362995846545,2023-10-23
15840,0.5,503,True,st,MPC-Protect,pred,0.3,1,4.5488903943075885,0.0,4.5488903943075885,0.0,0.0,0.5133303598088114,125927.17619749843,1638.0,5.534336665179644,2023-10-23
15840,0.5,503,True,st,MPC-Protect,pred,0.3,2,4.54918420347218,0.0,4.54918420347218,0.0,0.0,0.5141213227426896,125927.17619749843,1638.0,5.850233801743043,2023-10-23
15840,0.5,503,True,st,MPC-Protect,pred,0.3,4,4.67970061390315,0.0,4.67970061390315,0.0,0.0,0.548425651114899,125927.17619749843,1638.0,5.2825762026387535,2023-10-23
15840,0.5,503,True,st,MPC-Protect,pred,0.5,1,4.483521097716955,0.0,4.483521097716955,0.0,0.0,0.547772814070211,125927.17619749843,1638.0,5.268399327423968,2023-10-23
15840,0.5,503,True,st,MPC-Protect,pred,0.5,2,4.483521097716955,0.0,4.483521097716955,0.0,0.0,0.547772814070211,125927.17619749843,1638.0,5.504104999987908,2023-10-23
15840,0.5,503,True,st,MPC-Protect,pred,0.5,4,4.524384153235752,0.0,4.524384153235752,0.0,0.0,0.5529779256487743,125927.17619749843,1638.0,5.207346508839176,2023-10-23
16008,0.5,504,True,st,MPC-Protect,pred,0.1,1,2.6559065897443976,0.0,2.6559065897443976,0.0,0.0,0.57298323566562,114743.37890450687,1520.0,4.584213330344612,2023-10-30
16008,0.5,504,True,st,MPC-Protect,pred,0.1,2,2.668953275779236,0.0,2.668953275779236,0.0,0.0,0.5790615204033963,114743.37890450687,1520.0,4.570272495580444,2023-10-30
16008,0.5,504,True,st,MPC-Protect,pred,0.1,4,2.6848539492673154,0.0,2.6848539492673154,0.0,0.0,0.6383886638772159,114743.37890450687,1520.0,4.719185999960018,2023-10-30
16008,0.5,504,True,st,MPC-Protect,pred,0.2,1,2.658691834875462,0.0,2.658691834875462,0.0,0.0,0.5883057919009576,114743.37890450687,1520.0,4.9907201428547,2023-10-30
16008,0.5,504,True,st,MPC-Protect,pred,0.2,2,2.660961843534368,0.0,2.660961843534368,0.0,0.0,0.587441740605251,114743.37890450687,1520.0,5.126110477663458,2023-10-30
16008,0.5,504,True,st,MPC-Protect,pred,0.2,4,2.6790706062954173,0.0,2.6790706062954173,0.0,0.0,0.6199849182250473,114743.37890450687,1520.0,5.111481424125129,2023-10-30
16008,0.5,504,True,st,MPC-Protect,pred,0.3,1,2.629593993396136,0.0,2.629593993396136,0.0,0.0,0.5984658860527639,114743.37890450687,1520.0,4.747453049260059,2023-10-30
16008,0.5,504,True,st,MPC-Protect,pred,0.3,2,2.629323447564629,0.0,2.629323447564629,0.0,0.0,0.5982727169254116,114743.37890450687,1520.0,4.652655363205598,2023-10-30
16008,0.5,504,True,st,MPC-Protect,pred,0.3,4,2.6757807948723906,0.0,2.6757807948723906,0.0,0.0,0.6122582416366618,114743.37890450687,1520.0,5.0386570312923595,2023-10-30
16008,0.5,504,True,st,MPC-Protect,pred,0.5,1,2.5771818355331266,0.0,2.5771818355331266,0.0,0.0,0.6182587136757386,114743.37890450687,1520.0,5.016794753318629,2023-10-30
16008,0.5,504,True,st,MPC-Protect,pred,0.5,2,2.5771818355331266,0.0,2.5771818355331266,0.0,0.0,0.6182587136757386,114743.37890450687,1520.0,5.071430883458663,2023-10-30
16008,0.5,504,True,st,MPC-Protect,pred,0.5,4,2.584386762059653,0.0,2.584386762059653,0.0,0.0,0.6181943067562571,114743.37890450687,1520.0,4.3890431389982165,2023-10-30
16176,0.5,505,True,st,MPC-Protect,pred,0.1,1,3.269652606351613,0.0,3.269652606351613,0.0,0.0,0.5710060597233393,113797.0354469592,1521.0,4.671277982405695,2023-11-06
16176,0.5,505,True,st,MPC-Protect,pred,0.1,2,3.2952449425402195,0.0,3.2952449425402195,0.0,0.0,0.5806802467708192,113797.0354469592,1521.0,4.511919396479808,2023-11-06
16176,0.5,505,True,st,MPC-Protect,pred,0.1,4,3.3629287999496973,0.0,3.3629287999496973,0.0,0.0,0.6366425503288033,113797.0354469592,1521.0,4.937727309747045,2023-11-06
16176,0.5,505,True,st,MPC-Protect,pred,0.2,1,3.2530947619296327,0.0,3.2530947619296327,0.0,0.0,0.5838092757029125,113797.0354469592,1521.0,4.580993377793574,2023-11-06
16176,0.5,505,True,st,MPC-Protect,pred,0.2,2,3.268169768664241,0.0,3.268169768664241,0.0,0.0,0.5852529408873486,113797.0354469592,1521.0,5.098208755520722,2023-11-06
16176,0.5,505,True,st,MPC-Protect,pred,0.2,4,3.353104834452694,0.0,3.353104834452694,0.0,0.0,0.6256219927787625,113797.0354469592,1521.0,4.800022506654689,2023-11-06
16176,0.5,505,True,st,MPC-Protect,pred,0.3,1,3.2122417072189675,0.0,3.2122417072189675,0.0,0.0,0.6026892012832618,113797.0354469592,1521.0,5.248239364462076,2023-11-06
16176,0.5,505,True,st,MPC-Protect,pred,0.3,2,3.213020273938257,0.0,3.213020273938257,0.0,0.0,0.6028875777704346,113797.0354469592,1521.0,5.210169164460644,2023-11-06
16176,0.5,505,True,st,MPC-Protect,pred,0.3,4,3.3068774345548477,0.0,3.3068774345548477,0.0,0.0,0.6186597107281524,113797.0354469592,1521.0,4.838968244399035,2023-11-06
16176,0.5,505,True,st,MPC-Protect,pred,0.5,1,3.1968719317264824,0.0,3.1968719317264824,0.0,0.0,0.6231150184701789,113797.0354469592,1521.0,4.581454553553093,2023-11-06
16176,0.5,505,True,st,MPC-Protect,pred,0.5,2,3.1968719317264824,0.0,3.1968719317264824,0.0,0.0,0.6231150184701789,113797.0354469592,1521.0,4.728667816948473,2023-11-06
16176,0.5,505,True,st,MPC-Protect,pred,0.5,4,3.206685202582763,0.0,3.206685202582763,0.0,0.0,0.6237348553082828,113797.0354469592,1521.0,4.803256892882603,2023-11-06
16344,0.5,506,True,st,MPC-Protect,pred,0.1,1,4.543090217121732,0.0,4.543090217121732,0.0,0.0,0.6022346938593278,114535.07617219127,1534.0,4.229861176228013,2023-11-13
16344,0.5,506,True,st,MPC-Protect,pred,0.1,2,4.549676982162392,0.0,4.549676982162392,0.0,0.0,0.6066804678718611,114535.07617219127,1534.0,4.274677665195352,2023-11-13
16344,0.5,506,True,st,MPC-Protect,pred,0.1,4,4.697256065332144,0.0,4.697256065332144,0.0,0.0,0.6642726872699259,114535.07617219127,1534.0,4.658924559451823,2023-11-13
16344,0.5,506,True,st,MPC-Protect,pred,0.2,1,4.532691822562408,0.0,4.532691822562408,0.0,0.0,0.6082347306055976,114535.07617219127,1534.0,4.799258312785177,2023-11-13
16344,0.5,506,True,st,MPC-Protect,pred,0.2,2,4.536732082551133,0.0,4.536732082551133,0.0,0.0,0.6096246966043454,114535.07617219127,1534.0,4.580944233486566,2023-11-13
16344,0.5,506,True,st,MPC-Protect,pred,0.2,4,4.669637490030719,0.0,4.669637490030719,0.0,0.0,0.6489899982540038,114535.07617219127,1534.0,4.333070506650294,2023-11-13
16344,0.5,506,True,st,MPC-Protect,pred,0.3,1,4.512907410004216,0.0,4.512907410004216,0.0,0.0,0.6177871270887109,114535.07617219127,1534.0,4.8270666519892025,2023-11-13
16344,0.5,506,True,st,MPC-Protect,pred,0.3,2,4.5151413751031315,0.0,4.5151413751031315,0.0,0.0,0.6176566976919392,114535.07617219127,1534.0,5.4102898326236115,2023-11-13
16344,0.5,506,True,st,MPC-Protect,pred,0.3,4,4.6256743634096456,0.0,4.6256743634096456,0.0,0.0,0.6329273308151457,114535.07617219127,1534.0,5.037499735700827,2023-11-13
16344,0.5,506,True,st,MPC-Protect,pred,0.5,1,4.541570922970127,0.0,4.541570922970127,0.0,0.0,0.6443186291463362,114535.07617219127,1534.0,4.3968760354100676,2023-11-13
16344,0.5,506,True,st,MPC-Protect,pred,0.5,2,4.541570922970127,0.0,4.541570922970127,0.0,0.0,0.6443186291463362,114535.07617219127,1534.0,4.496224243429368,2023-11-13
16344,0.5,506,True,st,MPC-Protect,pred,0.5,4,4.575863678254514,0.0,4.575863678254514,0.0,0.0,0.6423675142631561,114535.07617219127,1534.0,5.240034278797157,2023-11-13
16512,0.5,507,True,st,MPC-Protect,pred,0.1,1,3.559892953204912,0.0,3.559892953204912,0.0,0.0,0.6069662541091504,115267.9624331729,1500.0,4.9818976079218915,2023-11-20
16512,0.5,507,True,st,MPC-Protect,pred,0.1,2,3.550771723796835,0.0,3.550771723796835,0.0,0.0,0.6106581539693137,115267.9624331729,1500.0,5.297556609632107,2023-11-20
16512,0.5,507,True,st,MPC-Protect,pred,0.1,4,3.6101693380563438,0.0,3.6101693380563438,0.0,0.0,0.6636001770785104,115267.9624331729,1500.0,4.9285053026587295,2023-11-20
16512,0.5,507,True,st,MPC-Protect,pred,0.2,1,3.5292510046080507,0.0,3.5292510046080507,0.0,0.0,0.6146917682996567,115267.9624331729,1500.0,4.867533396431789,2023-11-20
16512,0.5,507,True,st,MPC-Protect,pred,0.2,2,3.532924041534976,0.0,3.532924041534976,0.0,0.0,0.6149228809523445,115267.9624331729,1500.0,5.532870819363095,2023-11-20
16512,0.5,507,True,st,MPC-Protect,pred,0.2,4,3.585858237492618,0.0,3.585858237492618,0.0,0.0,0.644002458401269,115267.9624331729,1500.0,5.355489400885604,2023-11-20
16512,0.5,507,True,st,MPC-Protect,pred,0.3,1,3.542233429110955,0.0,3.542233429110955,0.0,0.0,0.6262474075156186,115267.9624331729,1500.0,5.087530726855962,2023-11-20
16512,0.5,507,True,st,MPC-Protect,pred,0.3,2,3.544100786199108,0.0,3.544100786199108,0.0,0.0,0.6268717199477891,115267.9624331729,1500.0,5.785971458153894,2023-11-20
16512,0.5,507,True,st,MPC-Protect,pred,0.3,4,3.577288942827184,0.0,3.577288942827184,0.0,0.0,0.6387384291146736,115267.9624331729,1500.0,6.026792255513786,2023-11-20
16512,0.5,507,True,st,MPC-Protect,pred,0.5,1,3.5967264965554198,0.0,3.5967264965554198,0.0,0.0,0.6415308215513887,115267.9624331729,1500.0,5.200453453334275,2023-11-20
16512,0.5,507,True,st,MPC-Protect,pred,0.5,2,3.5967264965554198,0.0,3.5967264965554198,0.0,0.0,0.6415308215513887,115267.9624331729,1500.0,4.690397937734411,2023-11-20
16512,0.5,507,True,st,MPC-Protect,pred,0.5,4,3.598392787823711,0.0,3.598392787823711,0.0,0.0,0.6429653887907367,115267.9624331729,1500.0,4.852383920014189,2023-11-20
16680,0.5,508,True,st,MPC-Protect,pred,0.1,1,7.811938455751638,0.0,7.811938455751638,0.0,0.0,0.5548746422819983,117195.14939128078,1567.0,4.7429913537197494,2023-11-27
16680,0.5,508,True,st,MPC-Protect,pred,0.1,2,7.82498923204628,0.0,7.82498923204628,0.0,0.0,0.5600275717586741,117195.14939128078,1567.0,5.220003170308391,2023-11-27
16680,0.5,508,True,st,MPC-Protect,pred,0.1,4,8.008455398569623,0.0,8.008455398569623,0.0,0.0,0.6215375607272671,117195.14939128078,1567.0,4.4947801834297625,2023-11-27
16680,0.5,508,True,st,MPC-Protect,pred,0.2,1,7.815967540922719,0.0,7.815967540922719,0.0,0.0,0.5604211494656071,117195.14939128078,1567.0,5.326499907907515,2023-11-27
16680,0.5,508,True,st,MPC-Protect,pred,0.2,2,7.818092702169743,0.0,7.818092702169743,0.0,0.0,0.5612406042057151,117195.14939128078,1567.0,4.7323392236968065,2023-11-27
16680,0.5,508,True,st,MPC-Protect,pred,0.2,4,7.946521813674508,0.0,7.946521813674508,0.0,0.0,0.6002926088467391,117195.14939128078,1567.0,5.011921627248994,2023-11-27
16680,0.5,508,True,st,MPC-Protect,pred,0.3,1,7.834259928904684,0.0,7.834259928904684,0.0,0.0,0.5643521151022332,117195.14939128078,1567.0,4.7899564605470735,2023-11-27
16680,0.5,508,True,st,MPC-Protect,pred,0.3,2,7.835423367781941,0.0,7.835423367781941,0.0,0.0,0.5646752255725458,117195.14939128078,1567.0,5.747899837711214,2023-11-27
16680,0.5,508,True,st,MPC-Protect,pred,0.3,4,7.907791920281747,0.0,7.907791920281747,0.0,0.0,0.5851437778609196,117195.14939128078,1567.0,4.779854100896747,2023-11-27
16680,0.5,508,True,st,MPC-Protect,pred,0.5,1,7.921898001218698,0.0,7.921898001218698,0.0,0.0,0.5691332974256861,117195.14939128078,1567.0,5.100994911890867,2023-11-27
16680,0.5,508,True,st,MPC-Protect,pred,0.5,2,7.921898001218698,0.0,7.921898001218698,0.0,0.0,0.5691332974256861,117195.14939128078,1567.0,5.238635387638774,2023-11-27
16680,0.5,508,True,st,MPC-Protect,pred,0.5,4,7.921165774885332,0.0,7.921165774885332,0.0,0.0,0.5714182022171532,117195.14939128078,1567.0,5.244426118929669,2023-11-27
16848,0.5,509,True,st,MPC-Protect,pred,0.1,1,3.951590278732933,0.0,3.951590278732933,0.0,0.0,0.5801023883123165,113168.7626501414,1455.0,4.277873466869981,2023-12-04
16848,0.5,509,True,st,MPC-Protect,pred,0.1,2,3.954732429564706,0.0,3.954732429564706,0.0,0.0,0.5836368883751367,113168.7626501414,1455.0,4.900549317209983,2023-12-04
16848,0.5,509,True,st,MPC-Protect,pred,0.1,4,4.108089297390943,0.0,4.108089297390943,0.0,0.0,0.6358938306427366,113168.7626501414,1455.0,4.47275927875536,2023-12-04
16848,0.5,509,True,st,MPC-Protect,pred,0.2,1,3.9291657739234522,0.0,3.9291657739234522,0.0,0.0,0.5854987009100798,113168.7626501414,1455.0,4.372729299523354,2023-12-04
16848,0.5,509,True,st,MPC-Protect,pred,0.2,2,3.9282044573376638,0.0,3.9282044573376638,0.0,0.0,0.5859394487688179,113168.7626501414,1455.0,4.693673418461456,2023-12-04
16848,0.5,509,True,st,MPC-Protect,pred,0.2,4,4.026127358707086,0.0,4.026127358707086,0.0,0.0,0.619278235535942,113168.7626501414,1455.0,4.999637748882266,2023-12-04
16848,0.5,509,True,st,MPC-Protect,pred,0.3,1,3.9307264947661964,0.0,3.9307264947661964,0.0,0.0,0.6001932946153503,113168.7626501414,1455.0,5.221976718057864,2023-12-04
16848,0.5,509,True,st,MPC-Protect,pred,0.3,2,3.9318350145133136,0.0,3.9318350145133136,0.0,0.0,0.5999964642919952,113168.7626501414,1455.0,4.320882374498265,2023-12-04
16848,0.5,509,True,st,MPC-Protect,pred,0.3,4,3.9828590089049856,0.0,3.9828590089049856,0.0,0.0,0.6141642346522416,113168.7626501414,1455.0,4.487498541854143,2023-12-04
16848,0.5,509,True,st,MPC-Protect,pred,0.5,1,3.930957972078074,0.0,3.930957972078074,0.0,0.0,0.6217061950607863,113168.7626501414,1455.0,4.506079571435911,2023-12-04
16848,0.5,509,True,st,MPC-Protect,pred,0.5,2,3.93095796423257,0.0,3.93095796423257,0.0,0.0,0.6217061656854892,113168.7626501414,1455.0,5.492716334795692,2023-12-04
16848,0.5,509,True,st,MPC-Protect,pred,0.5,4,3.9342837833803577,0.0,3.9342837833803577,0.0,0.0,0.6234362570685689,113168.7626501414,1455.0,5.111575000004872,2023-12-04
17016,0.5,510,True,st,MPC-Protect,pred,0.1,1,3.1241512908362212,0.0,3.1241512908362212,0.0,0.0,0.6003663671285561,113082.6955013234,1510.0,5.590677724471283,2023-12-11
17016,0.5,510,True,st,MPC-Protect,pred,0.1,2,3.142785801230671,0.0,3.142785801230671,0.0,0.0,0.6035142190818659,113082.6955013234,1510.0,5.5599083244427066,2023-12-11
17016,0.5,510,True,st,MPC-Protect,pred,0.1,4,3.240766900020562,0.0,3.240766900020562,0.0,0.0,0.6512036675655697,113082.6955013234,1510.0,4.889721284457159,2023-12-11
17016,0.5,510,True,st,MPC-Protect,pred,0.2,1,3.1004965553885007,0.0,3.1004965553885007,0.0,0.0,0.6060117201494414,113082.6955013234,1510.0,4.734651799990388,2023-12-11
17016,0.5,510,True,st,MPC-Protect,pred,0.2,2,3.1020832349872016,0.0,3.1020832349872016,0.0,0.0,0.6079726978485904,113082.6955013234,1510.0,4.8437667911073525,2023-12-11
17016,0.5,510,True,st,MPC-Protect,pred,0.2,4,3.168478812264748,0.0,3.168478812264748,0.0,0.0,0.6369261174822032,113082.6955013234,1510.0,4.653758377798011,2023-12-11
17016,0.5,510,True,st,MPC-Protect,pred,0.3,1,3.0555441489247452,0.0,3.0555441489247452,0.0,0.0,0.6045257650834099,113082.6955013234,1510.0,4.998434679978851,2023-12-11
17016,0.5,510,True,st,MPC-Protect,pred,0.3,2,3.056839832364638,0.0,3.056839832364638,0.0,0.0,0.6063551078651922,113082.6955013234,1510.0,4.611605244475261,2023-12-11
17016,0.5,510,True,st,MPC-Protect,pred,0.3,4,3.110075054405099,0.0,3.110075054405099,0.0,0.0,0.6218240484209774,113082.6955013234,1510.0,4.934336977801447,2023-12-11
17016,0.5,510,True,st,MPC-Protect,pred,0.5,1,3.0425619424895824,0.0,3.0425619424895824,0.0,0.0,0.6164189861766031,113082.6955013234,1510.0,4.68946873334466,2023-12-11
17016,0.5,510,True,st,MPC-Protect,pred,0.5,2,3.0425619424895824,0.0,3.0425619424895824,0.0,0.0,0.6164189861766031,113082.6955013234,1510.0,4.570783946728625,2023-12-11
17016,0.5,510,True,st,MPC-Protect,pred,0.5,4,3.048795570855495,0.0,3.048795570855495,0.0,0.0,0.6186751411156961,113082.6955013234,1510.0,4.6439430844596545,2023-12-11
17184,0.5,511,True,st,MPC-Protect,pred,0.1,1,0.9009777552181276,0.0,0.9009777552181276,0.0,0.0,0.59314099052422,118184.13952197897,1551.0,4.965539605280898,2023-12-18
17184,0.5,511,True,st,MPC-Protect,pred,0.1,2,0.9031167509483672,0.0,0.9031167509483672,0.0,0.0,0.6005398165821149,118184.13952197897,1551.0,4.9330922236932615,2023-12-18
17184,0.5,511,True,st,MPC-Protect,pred,0.1,4,0.9269483731002409,0.0,0.9269483731002409,0.0,0.0,0.6686433280032149,118184.13952197897,1551.0,4.694156872293779,2023-12-18
17184,0.5,511,True,st,MPC-Protect,pred,0.2,1,0.8963212696501861,0.0,0.8963212696501861,0.0,0.0,0.6145254939276739,118184.13952197897,1551.0,5.440572603472477,2023-12-18
17184,0.5,511,True,st,MPC-Protect,pred,0.2,2,0.8986903164056693,0.0,0.8986903164056693,0.0,0.0,0.6152800223218327,118184.13952197897,1551.0,5.488726409699097,2023-12-18
17184,0.5,511,True,st,MPC-Protect,pred,0.2,4,0.9327932027615443,0.0,0.9327932027615443,0.0,0.0,0.6506032666704994,118184.13952197897,1551.0,5.567605894263343,2023-12-18
17184,0.5,511,True,st,MPC-Protect,pred,0.3,1,0.8859478975136919,0.0,0.8859478975136919,0.0,0.0,0.6339811403160384,118184.13952197897,1551.0,5.165204233521503,2023-12-18
17184,0.5,511,True,st,MPC-Protect,pred,0.3,2,0.8847647768433997,0.0,0.8847647768433997,0.0,0.0,0.6343811495720557,118184.13952197897,1551.0,5.308593039644861,2023-12-18
17184,0.5,511,True,st,MPC-Protect,pred,0.3,4,0.9288742418133473,0.0,0.9288742418133473,0.0,0.0,0.6562716530217845,118184.13952197897,1551.0,5.4767078237143565,2023-12-18
17184,0.5,511,True,st,MPC-Protect,pred,0.5,1,0.8450883367956291,0.0,0.8450883367956291,0.0,0.0,0.6782997202147539,118184.13952197897,1551.0,5.18440318582123,2023-12-18
17184,0.5,511,True,st,MPC-Protect,pred,0.5,2,0.8450883367956291,0.0,0.8450883367956291,0.0,0.0,0.6782997202147539,118184.13952197897,1551.0,4.819655150435516,2023-12-18
17184,0.5,511,True,st,MPC-Protect,pred,0.5,4,0.8514318724577138,0.0,0.8514318724577138,0.0,0.0,0.6807255168667956,118184.13952197897,1551.0,4.891221730127026,2023-12-18
17352,0.5,512,True,st,MPC-Protect,pred,0.1,1,1.0496565404352145,0.0,1.0496565404352145,0.0,0.0,0.5181336173577095,120237.69722299729,1561.0,5.21151172606551,2023-12-25
17352,0.5,512,True,st,MPC-Protect,pred,0.1,2,1.0506760545973968,0.0,1.0506760545973968,0.0,0.0,0.5269592457185202,120237.69722299729,1561.0,5.244333217393907,2023-12-25
17352,0.5,512,True,st,MPC-Protect,pred,0.1,4,1.0654850478276008,0.0,1.0654850478276008,0.0,0.0,0.5921789268291983,120237.69722299729,1561.0,5.050385452175207,2023-12-25
17352,0.5,512,True,st,MPC-Protect,pred,0.2,1,1.0390686752140146,0.0,1.0390686752140146,0.0,0.0,0.5375060369723347,120237.69722299729,1561.0,5.318299660876105,2023-12-25
17352,0.5,512,True,st,MPC-Protect,pred,0.2,2,1.0409242317104332,0.0,1.0409242317104332,0.0,0.0,0.5383660359861223,120237.69722299729,1561.0,5.226009569548256,2023-12-25
17352,0.5,512,True,st,MPC-Protect,pred,0.2,4,1.0538533918562696,0.0,1.0538533918562696,0.0,0.0,0.5745343542704855,120237.69722299729,1561.0,5.147323926089682,2023-12-25
17352,0.5,512,True,st,MPC-Protect,pred,0.3,1,1.0392358349863995,0.0,1.0392358349863995,0.0,0.0,0.5515275760565065,120237.69722299729,1561.0,5.550564676859841,2023-12-25
17352,0.5,512,True,st,MPC-Protect,pred,0.3,2,1.0392358349863995,0.0,1.0392358349863995,0.0,0.0,0.5515275760565065,120237.69722299729,1561.0,5.503261882119965,2023-12-25
17352,0.5,512,True,st,MPC-Protect,pred,0.3,4,1.0456995903260906,0.0,1.0456995903260906,0.0,0.0,0.567405165257328,120237.69722299729,1561.0,5.742435008742415,2023-12-25
17352,0.5,512,True,st,MPC-Protect,pred,0.5,1,1.0046290860147202,0.0,1.0046290860147202,0.0,0.0,0.5923355536915633,120237.69722299729,1561.0,5.198153806160381,2023-12-25
17352,0.5,512,True,st,MPC-Protect,pred,0.5,2,1.0046290860147202,0.0,1.0046290860147202,0.0,0.0,0.5923355536915633,120237.69722299729,1561.0,5.423650414128125,2023-12-25
17352,0.5,512,True,st,MPC-Protect,pred,0.5,4,1.0043285009344702,0.0,1.0043285009344702,0.0,0.0,0.5940135484869851,120237.69722299729,1561.0,5.519366511075953,2023-12-25
15336,0.7,500,True,st,MPC-Protect,pred,0.1,1,3.890317588049149,0.006831184444415093,4.0884079475097455,0.03620531622364803,0.0,0.3508711999909569,166463.55983189825,2182.0,8.62510258081494,2023-10-02
15336,0.7,500,True,st,MPC-Protect,pred,0.1,2,3.913573663361212,0.005540546522475915,4.074238166153653,0.0307057745187901,0.0,0.3540213790299417,166463.55983189825,2182.0,8.383681668149672,2023-10-02
15336,0.7,500,True,st,MPC-Protect,pred,0.1,4,4.011336113476731,0.0038477820300614157,4.122913912563101,0.03024747937671861,0.0,0.4359716279271453,166463.55983189825,2182.0,8.409254539481225,2023-10-02
15336,0.7,500,True,st,MPC-Protect,pred,0.2,1,3.8661252480582973,0.0028229782456283916,3.9479858360685,0.022914757103574702,0.0,0.3749601021493708,166463.55983189825,2182.0,8.441162991271899,2023-10-02
15336,0.7,500,True,st,MPC-Protect,pred,0.2,2,3.858548057077897,0.0027105884929134985,3.937149572419789,0.02153987167736022,0.0,0.3772687163750509,166463.55983189825,2182.0,8.304779628811623,2023-10-02
15336,0.7,500,True,st,MPC-Protect,pred,0.2,4,3.977072970649563,0.0019919903493444214,4.034836611428767,0.01237396883593034,0.0,0.42447534713733787,166463.55983189825,2182.0,8.400382152826532,2023-10-02
15336,0.7,500,True,st,MPC-Protect,pred,0.3,1,3.8215538606731916,0.0014235962782615304,3.862835237392297,0.014207149404216315,0.0,0.397698471159513,166463.55983189825,2182.0,8.377036585153494,2023-10-02
15336,0.7,500,True,st,MPC-Protect,pred,0.3,2,3.8370893735499463,0.001562294035505833,3.88239270119315,0.013748854262144821,0.0,0.3976957233780888,166463.55983189825,2182.0,8.595304056751159,2023-10-02
15336,0.7,500,True,st,MPC-Protect,pred,0.3,4,3.871460042543521,0.0008148695942976023,3.8950895920252204,0.014207149404216315,0.0,0.4301508403740009,166463.55983189825,2182.0,7.940837751122601,2023-10-02
15336,0.7,500,True,st,MPC-Protect,pred,0.5,1,3.722431978362766,0.0005344532092381079,3.737930026936085,0.004124656278643446,0.0,0.4494267036397917,166463.55983189825,2182.0,8.733759811416588,2023-10-02
15336,0.7,500,True,st,MPC-Protect,pred,0.5,2,3.722431978362766,0.0005344532092381079,3.737930026936085,0.004124656278643446,0.0,0.4494267036397917,166463.55983189825,2182.0,8.957595140305274,2023-10-02
15336,0.7,500,True,st,MPC-Protect,pred,0.5,4,3.7640042060949854,0.00040624614744883496,3.7757845124287446,0.0032080659945004585,0.0,0.46640792084961086,166463.55983189825,2182.0,9.186556889922972,2023-10-02
15504,0.7,501,True,st,MPC-Protect,pred,0.1,1,5.7791967826287785,0.016235932240725077,6.301431708963639,0.05650764242704956,0.0,0.3290903896173934,165587.5406092412,2159.0,8.754106580768147,2023-10-09
15504,0.7,501,True,st,MPC-Protect,pred,0.1,2,5.784639546240067,0.015966631453643014,6.298212310487865,0.05974988420565076,0.0,0.3369217065687344,165587.5406092412,2159.0,8.902749877754946,2023-10-09
15504,0.7,501,True,st,MPC-Protect,pred,0.1,4,5.916675704105805,0.008382820303870301,6.186312302667674,0.03427512737378416,0.0,0.4286661890091565,165587.5406092412,2159.0,8.302734790399226,2023-10-09
15504,0.7,501,True,st,MPC-Protect,pred,0.2,1,5.721354665804436,0.012994479589085065,6.139327036614394,0.052802223251505326,0.0,0.3484239991163197,165587.5406092412,2159.0,9.101246720473878,2023-10-09
15504,0.7,501,True,st,MPC-Protect,pred,0.2,2,5.733386286490206,0.014569587938128233,6.202022615515553,0.05465493283927744,0.0,0.3514967706284498,165587.5406092412,2159.0,8.525080445429905,2023-10-09
15504,0.7,501,True,st,MPC-Protect,pred,0.2,4,5.869104644228674,0.008694590777806717,6.148769458483705,0.03520148216767022,0.0,0.41702440548894126,165587.5406092412,2159.0,7.942062969435557,2023-10-09
15504,0.7,501,True,st,MPC-Protect,pred,0.3,1,5.691472425811435,0.008661578042404588,5.97007537289523,0.03844372394627142,0.0,0.3713987430717626,165587.5406092412,2159.0,8.88120106113263,2023-10-09
15504,0.7,501,True,st,MPC-Protect,pred,0.3,2,5.691360928702416,0.008366789233816462,5.96048188180799,0.03798054654932839,0.0,0.37282770747064736,165587.5406092412,2159.0,8.030580820920823,2023-10-09
15504,0.7,501,True,st,MPC-Protect,pred,0.3,4,5.828524634094676,0.007628480448562775,6.073897604739951,0.03195924038906901,0.0,0.4129243957607922,165587.5406092412,2159.0,8.18894313537917,2023-10-09
15504,0.7,501,True,st,MPC-Protect,pred,0.5,1,5.7094088757234385,0.002581980175642714,5.792459248614414,0.013432144511347846,0.0,0.42367843128620714,165587.5406092412,2159.0,8.747970728085132,2023-10-09
15504,0.7,501,True,st,MPC-Protect,pred,0.5,2,5.7094088757234385,0.002581980175642714,5.792459248614414,0.013432144511347846,0.0,0.42367843128620714,165587.5406092412,2159.0,9.102082486857686,2023-10-09
15504,0.7,501,True,st,MPC-Protect,pred,0.5,4,5.732987109566401,0.00279355742762797,5.822842945116768,0.013432144511347846,0.0,0.43213004987174586,165587.5406092412,2159.0,8.958312916359274,2023-10-09
15672,0.7,502,True,st,MPC-Protect,pred,0.1,1,6.285097355250244,0.01992166342874957,6.999942071891771,0.08943089430894309,0.0,0.3122032401956359,168860.153127672,2214.0,8.921262909497868,2023-10-16
15672,0.7,502,True,st,MPC-Protect,pred,0.1,2,6.3085864412371935,0.02010393532419553,7.0299715806660945,0.09439927732610659,0.0,0.3193677854175868,168860.153127672,2214.0,8.744227181041268,2023-10-16
15672,0.7,502,True,st,MPC-Protect,pred,0.1,4,6.40982874413397,0.010842746697547855,6.798896666014374,0.056458897922312554,0.0,0.4013621263440328,168860.153127672,2214.0,8.730456164489643,2023-10-16
15672,0.7,502,True,st,MPC-Protect,pred,0.2,1,6.28613454591137,0.011170916270826786,6.686978105225865,0.056458897922312554,0.0,0.33222304408447095,168860.153127672,2214.0,8.106116666642494,2023-10-16
15672,0.7,502,True,st,MPC-Protect,pred,0.2,2,6.289449194959111,0.011718091074347136,6.709926908759493,0.06052393857271906,0.0,0.3337591375629669,168860.153127672,2214.0,8.127817943767738,2023-10-16
15672,0.7,502,True,st,MPC-Protect,pred,0.2,4,6.37706399432097,0.007087017099140694,6.631365887744077,0.03974706413730804,0.0,0.3828557594354404,168860.153127672,2214.0,8.044167688330678,2023-10-16
15672,0.7,502,True,st,MPC-Protect,pred,0.3,1,6.281052205302589,0.005897332278006025,6.492664896998221,0.03477868112014453,0.0,0.35681598629989103,168860.153127672,2214.0,8.350618573916543,2023-10-16
15672,0.7,502,True,st,MPC-Protect,pred,0.3,2,6.2692950076722465,0.006525666268602893,6.503454071314725,0.03477868112014453,0.0,0.3551651353150733,168860.153127672,2214.0,8.265171430423873,2023-10-16
15672,0.7,502,True,st,MPC-Protect,pred,0.3,4,6.346978018231682,0.003608877032199813,6.4764745679903735,0.022583559168925023,0.0,0.38708466584696893,168860.153127672,2214.0,8.25179999567057,2023-10-16
15672,0.7,502,True,st,MPC-Protect,pred,0.5,1,6.26092632962721,0.0016496071793056608,6.320118825318048,0.008581752484191508,0.0,0.4054155841101903,168860.153127672,2214.0,8.46807978163921,2023-10-16
15672,0.7,502,True,st,MPC-Protect,pred,0.5,2,6.26092632962721,0.0016496071793056608,6.320118825318048,0.008581752484191508,0.0,0.4054155841101903,168860.153127672,2214.0,8.657100655051881,2023-10-16
15672,0.7,502,True,st,MPC-Protect,pred,0.5,4,6.298580961768598,0.000925651429312826,6.331795910714128,0.008130081300813009,0.0,0.4159835930638245,168860.153127672,2214.0,8.736144794715884,2023-10-16
15840,0.7,503,True,st,MPC-Protect,pred,0.1,1,8.804844040941639,0.02862272677092811,9.831456703265822,0.13302752293577982,0.0,0.2833703256185583,168786.09957749603,2180.0,8.224868765240029,2023-10-23
15840,0.7,503,True,st,MPC-Protect,pred,0.1,2,8.840388313919048,0.026100937799664325,9.776551854804584,0.11697247706422019,0.0,0.29072306734399356,168786.09957749603,2180.0,8.580440573931138,2023-10-23
15840,0.7,503,True,st,MPC-Protect,pred,0.1,4,9.104986964198172,0.00614361874847115,9.325340421440366,0.030733944954128442,0.0,0.3922448263851712,168786.09957749603,2180.0,8.955778808681119,2023-10-23
15840,0.7,503,True,st,MPC-Protect,pred,0.2,1,8.761414931705003,0.02006306516380696,9.481017816050727,0.09495412844036698,0.0,0.3100999977036824,168786.09957749603,2180.0,9.251040484721821,2023-10-23
15840,0.7,503,True,st,MPC-Protect,pred,0.2,2,8.761131641412165,0.02178350095613353,9.542441475736958,0.10642201834862386,0.0,0.31025711234595177,168786.09957749603,2180.0,8.192455231397918,2023-10-23
15840,0.7,503,True,st,MPC-Protect,pred,0.2,4,8.97541639514934,0.007423007545560094,9.24165774943359,0.04357798165137615,0.0,0.37706209538255153,168786.09957749603,2180.0,8.855309956330395,2023-10-23
15840,0.7,503,True,st,MPC-Protect,pred,0.3,1,8.727337323015895,0.014184286617557213,9.23608578587758,0.0779816513761468,0.0,0.33881857372805474,168786.09957749603,2180.0,8.644785327504305,2023-10-23
15840,0.7,503,True,st,MPC-Protect,pred,0.3,2,8.715969318854176,0.01572274862260965,9.279897869466819,0.07935779816513762,0.0,0.33840592408754816,168786.09957749603,2180.0,9.285624524029005,2023-10-23
15840,0.7,503,True,st,MPC-Protect,pred,0.3,4,8.846442002498144,0.007696306025731721,9.122485765986227,0.04220183486238532,0.0,0.37640054818239876,168786.09957749603,2180.0,8.353467179034748,2023-10-23
15840,0.7,503,True,st,MPC-Protect,pred,0.5,1,8.635325281212673,0.005569871353605089,8.835100114158902,0.030275229357798167,0.0,0.3927194354544948,168786.09957749603,2180.0,8.869667004374973,2023-10-23
15840,0.7,503,True,st,MPC-Protect,pred,0.5,2,8.635325281212673,0.005569871353605089,8.835100114158902,0.030275229357798167,0.0,0.3927194354544948,168786.09957749603,2180.0,8.799538337705982,2023-10-23
15840,0.7,503,True,st,MPC-Protect,pred,0.5,4,8.698106897362642,0.003921817518024466,8.838770907313576,0.023853211009174313,0.0,0.4055669234815649,168786.09957749603,2180.0,8.419083969245452,2023-10-23
16008,0.7,504,True,st,MPC-Protect,pred,0.1,1,5.578718492428657,0.006959554278354412,5.775983834480994,0.03271889400921659,0.0,0.32403745793857974,164554.64009634324,2170.0,8.79205822368197,2023-10-30
16008,0.7,504,True,st,MPC-Protect,pred,0.1,2,5.578179817285776,0.006154979328292085,5.752639855092634,0.02488479262672811,0.0,0.3284991479244391,164554.64009634324,2170.0,8.912744293846181,2023-10-30
16008,0.7,504,True,st,MPC-Protect,pred,0.1,4,5.789907569829109,0.0,5.789907569829109,0.0,0.0,0.4323541160528202,164554.64009634324,2170.0,8.083076471582375,2023-10-30
16008,0.7,504,True,st,MPC-Protect,pred,0.2,1,5.497621744913969,0.0055269627640663595,5.654280944132381,0.020276497695852536,0.0,0.34440052569311747,164554.64009634324,2170.0,7.71268476317569,2023-10-30
16008,0.7,504,True,st,MPC-Protect,pred,0.2,2,5.502733300064489,0.00411393546128113,5.619340894961032,0.018433179723502304,0.0,0.34466602094494875,164554.64009634324,2170.0,8.511781640352542,2023-10-30
16008,0.7,504,True,st,MPC-Protect,pred,0.2,4,5.680946461878361,0.0,5.680946461878361,0.0,0.0,0.4045147774946652,164554.64009634324,2170.0,7.5161837763245565,2023-10-30
16008,0.7,504,True,st,MPC-Protect,pred,0.3,1,5.411744138608864,0.001663655745738739,5.458899690044276,0.004608294930875576,0.0,0.36418411618167507,164554.64009634324,2170.0,8.726480308403167,2023-10-30
16008,0.7,504,True,st,MPC-Protect,pred,0.3,2,5.403291650263688,0.0018697624583039292,5.456289200989185,0.005990783410138249,0.0,0.36687298252377587,164554.64009634324,2170.0,7.83664386343872,2023-10-30
16008,0.7,504,True,st,MPC-Protect,pred,0.3,4,5.536351148141651,0.0,5.536351148141651,0.0,0.0,0.3983142226916918,164554.64009634324,2170.0,7.902654491140592,2023-10-30
16008,0.7,504,True,st,MPC-Protect,pred,0.5,1,5.208864680223396,0.0,5.208864680223396,0.0,0.0,0.41270360383763227,164554.64009634324,2170.0,7.793544101324359,2023-10-30
16008,0.7,504,True,st,MPC-Protect,pred,0.5,2,5.208864680223396,0.0,5.208864680223396,0.0,0.0,0.41270360383763227,164554.64009634324,2170.0,8.567875960351465,2023-10-30
16008,0.7,504,True,st,MPC-Protect,pred,0.5,4,5.258587502115118,0.0,5.258587502115118,0.0,0.0,0.42224520399864085,164554.64009634324,2170.0,8.10509794717347,2023-10-30
16176,0.7,505,True,st,MPC-Protect,pred,0.1,1,5.987677755617622,0.0006911251003897655,6.008289470527529,0.012183235867446393,0.0,0.3708610316754948,151580.28519375168,2052.0,7.039327137139867,2023-11-06
16176,0.7,505,True,st,MPC-Protect,pred,0.1,2,6.007169452912883,0.00041499140744599564,6.019545916414954,0.004873294346978557,0.0,0.3797149628292423,151580.28519375168,2052.0,7.7041028495833555,2023-11-06
16176,0.7,505,True,st,MPC-Protect,pred,0.1,4,6.210793079885906,0.0,6.210793079885906,0.0,0.0,0.470169519147499,151580.28519375168,2052.0,7.733771225672027,2023-11-06
16176,0.7,505,True,st,MPC-Protect,pred,0.2,1,5.919342051277256,0.0006624813184917815,5.939099510617384,0.005360623781676413,0.0,0.3969576933182207,151580.28519375168,2052.0,7.987003889355085,2023-11-06
16176,0.7,505,True,st,MPC-Protect,pred,0.2,2,5.91627803859924,0.0003074311766774387,5.92544668804421,0.0043859649122807015,0.0,0.3983981521973583,151580.28519375168,2052.0,7.43030877875166,2023-11-06
16176,0.7,505,True,st,MPC-Protect,pred,0.2,4,6.113932713109373,0.0,6.113932713109373,0.0,0.0,0.4535783572735081,151580.28519375168,2052.0,6.9990235751861976,2023-11-06
16176,0.7,505,True,st,MPC-Protect,pred,0.3,1,5.834428710249293,0.0004121698343119282,5.846721024787587,0.001949317738791423,0.0,0.41416848709634174,151580.28519375168,2052.0,7.193353312806865,2023-11-06
16176,0.7,505,True,st,MPC-Protect,pred,0.3,2,5.836769566896476,0.0003652259836996089,5.8476618552093464,0.001949317738791423,0.0,0.41405139072249647,151580.28519375168,2052.0,7.715816660773608,2023-11-06
16176,0.7,505,True,st,MPC-Protect,pred,0.3,4,6.011510885590244,0.0,6.011510885590244,0.0,0.0,0.4491404794021754,151580.28519375168,2052.0,7.722087168165076,2023-11-06
16176,0.7,505,True,st,MPC-Protect,pred,0.5,1,5.674737552350637,0.0008020834984724562,5.6986584262924636,0.0024366471734892786,0.0,0.4605446075776951,151580.28519375168,2052.0,8.00582273332111,2023-11-06
16176,0.7,505,True,st,MPC-Protect,pred,0.5,2,5.674737552350637,0.0008020834984724562,5.6986584262924636,0.0024366471734892786,0.0,0.4605446075776951,151580.28519375168,2052.0,8.222243573351685,2023-11-06
16176,0.7,505,True,st,MPC-Protect,pred,0.5,4,5.7554888564849,0.0005844930520693609,5.772920438913726,0.0043859649122807015,0.0,0.47375995168600515,151580.28519375168,2052.0,7.8888087821986925,2023-11-06
16344,0.7,506,True,st,MPC-Protect,pred,0.1,1,8.936893207232032,0.019030617076004813,9.61977552777559,0.07044198895027624,0.0,0.3490020106392842,164038.17798385496,2172.0,7.617968456523395,2023-11-13
16344,0.7,506,True,st,MPC-Protect,pred,0.1,2,8.951245049624216,0.01757358547460446,9.581844193164327,0.058011049723756904,0.0,0.35638651591131004,164038.17798385496,2172.0,7.494300543472175,2023-11-13
16344,0.7,506,True,st,MPC-Protect,pred,0.1,4,9.157758138558311,0.00400950647166761,9.30163266835793,0.020257826887661142,0.0,0.45108830891829577,164038.17798385496,2172.0,7.286884539126217,2023-11-13
16344,0.7,506,True,st,MPC-Protect,pred,0.2,1,8.871637017744938,0.013702617888855864,9.363332871016134,0.0570902394106814,0.0,0.36145513692327197,164038.17798385496,2172.0,7.4941135652332616,2023-11-13
16344,0.7,506,True,st,MPC-Protect,pred,0.2,2,8.882624943246965,0.014187253812366008,9.391711157679001,0.055248618784530384,0.0,0.36153624939171214,164038.17798385496,2172.0,7.578553126048696,2023-11-13
16344,0.7,506,True,st,MPC-Protect,pred,0.2,4,9.089439877052538,0.004691940058855985,9.25780241109158,0.02255985267034991,0.0,0.4302392338554944,164038.17798385496,2172.0,7.849325157177115,2023-11-13
16344,0.7,506,True,st,MPC-Protect,pred,0.3,1,8.78741324169479,0.009446219135347591,9.126375242650743,0.04880294659300184,0.0,0.3767264138177267,164038.17798385496,2172.0,7.890740478076527,2023-11-13
16344,0.7,506,True,st,MPC-Protect,pred,0.3,2,8.793265176455478,0.009092314943975544,9.119527908938473,0.04558011049723757,0.0,0.37883323792110124,164038.17798385496,2172.0,8.910529434212565,2023-11-13
16344,0.7,506,True,st,MPC-Protect,pred,0.3,4,8.981166444774928,0.006216893406371618,9.20424941570328,0.030847145488029467,0.0,0.42324305029039033,164038.17798385496,2172.0,8.517757999981226,2023-11-13
16344,0.7,506,True,st,MPC-Protect,pred,0.5,1,8.569035885721215,0.004149810120237817,8.717944980649946,0.01979742173112339,0.0,0.42385474626889214,164038.17798385496,2172.0,8.343914422947126,2023-11-13
16344,0.7,506,True,st,MPC-Protect,pred,0.5,2,8.568761801060427,0.004173556976518028,8.718523012778514,0.020257826887661142,0.0,0.4256374544408376,164038.17798385496,2172.0,8.409447334821532,2023-11-13
16344,0.7,506,True,st,MPC-Protect,pred,0.5,4,8.665583867531932,0.003172975359949793,8.779440857464333,0.01289134438305709,0.0,0.4452882358863753,164038.17798385496,2172.0,8.429645607891405,2023-11-13
16512,0.7,507,True,st,MPC-Protect,pred,0.1,1,7.777704121469966,0.028081035830927838,8.737274962011215,0.08576814326107446,0.0,0.3251892082559521,168956.68822873302,2122.0,9.133092269554334,2023-11-20
16512,0.7,507,True,st,MPC-Protect,pred,0.1,2,7.782002693690354,0.028175512550530128,8.74480194452908,0.08294062205466542,0.0,0.3301839258297561,168956.68822873302,2122.0,8.18713230434261,2023-11-20
16512,0.7,507,True,st,MPC-Protect,pred,0.1,4,7.906916080525839,0.01464408292398831,8.407326216566853,0.05089538171536286,0.0,0.4078910014325916,168956.68822873302,2122.0,7.813896868423909,2023-11-20
16512,0.7,507,True,st,MPC-Protect,pred,0.2,1,7.687111461956905,0.024985749854825733,8.540911768117347,0.07822808671065033,0.0,0.3412475156996383,168956.68822873302,2122.0,7.954290447837,2023-11-20
16512,0.7,507,True,st,MPC-Protect,pred,0.2,2,7.690882216384573,0.024964710953740952,8.5439635919429,0.07398680490103676,0.0,0.3435999726438076,168956.68822873302,2122.0,8.469415378282935,2023-11-20
16512,0.7,507,True,st,MPC-Protect,pred,0.2,4,7.790609201469704,0.012928688412278838,8.23240175077455,0.051837888784165884,0.0,0.3947995184758975,168956.68822873302,2122.0,8.143860644730395,2023-11-20
16512,0.7,507,True,st,MPC-Protect,pred,0.3,1,7.577271699611083,0.021225225624955907,8.302569288925246,0.07210179076343072,0.0,0.3622371383703666,168956.68822873302,2122.0,8.75686228383374,2023-11-20
16512,0.7,507,True,st,MPC-Protect,pred,0.3,2,7.581792593910468,0.022745882112930185,8.359053281492285,0.07398680490103676,0.0,0.36306288034565043,168956.68822873302,2122.0,8.703538144073603,2023-11-20
16512,0.7,507,True,st,MPC-Protect,pred,0.3,4,7.680851869669986,0.01131998960310229,8.067672783391535,0.05466540999057493,0.0,0.3950225947751399,168956.68822873302,2122.0,8.15634150222455,2023-11-20
16512,0.7,507,True,st,MPC-Protect,pred,0.5,1,7.4266285528953135,0.006944280180664263,7.6639249549950845,0.02827521206409048,0.0,0.4121254659197941,168956.68822873302,2122.0,8.9571126740026,2023-11-20
16512,0.7,507,True,st,MPC-Protect,pred,0.5,2,7.426946406191718,0.006765223847965874,7.658124186574467,0.030160226201696512,0.0,0.41220424405117256,168956.68822873302,2122.0,9.11450165193603,2023-11-20
16512,0.7,507,True,st,MPC-Protect,pred,0.5,4,7.465109048013842,0.005536939037258293,7.654314506031736,0.032516493873704054,0.0,0.42185104636271975,168956.68822873302,2122.0,9.230597105718392,2023-11-20
16680,0.7,508,True,st,MPC-Protect,pred,0.1,1,13.365140638984702,0.021417829841219916,14.084708395529919,0.08962928202721727,0.0,0.32189062553631126,162106.97118644227,2131.0,7.596906124506101,2023-11-27
16680,0.7,508,True,st,MPC-Protect,pred,0.1,2,13.38449764992325,0.018807178488870563,14.016356215077078,0.08024401689347724,0.0,0.330589335479038,162106.97118644227,2131.0,7.222009004309831,2023-11-27
16680,0.7,508,True,st,MPC-Protect,pred,0.1,4,13.626943195386994,0.0022298242736823407,13.70185786517374,0.018301267010793053,0.0,0.4160114150854663,162106.97118644227,2131.0,8.313392719828542,2023-11-27
16680,0.7,508,True,st,MPC-Protect,pred,0.2,1,13.344382594495041,0.015131225443524512,13.85274137906351,0.07695917409666823,0.0,0.33596548562228534,162106.97118644227,2131.0,8.380440146577806,2023-11-27
16680,0.7,508,True,st,MPC-Protect,pred,0.2,2,13.367578123309544,0.012403111449951636,13.784281362918138,0.06241201313937119,0.0,0.3385739069394414,162106.97118644227,2131.0,8.42307621122347,2023-11-27
16680,0.7,508,True,st,MPC-Protect,pred,0.2,4,13.536842216999252,0.002981830744618201,13.637021799861243,0.019709056780854058,0.0,0.3963949961355017,162106.97118644227,2131.0,8.08361010778189,2023-11-27
16680,0.7,508,True,st,MPC-Protect,pred,0.3,1,13.310408420961073,0.00979288843503671,13.639416859889618,0.048803378695448145,0.0,0.353987741911264,162106.97118644227,2131.0,8.2531464372334,2023-11-27
16680,0.7,508,True,st,MPC-Protect,pred,0.3,2,13.32495946116229,0.008600935919024473,13.613922265018848,0.04504927264195214,0.0,0.35660664139837145,162106.97118644227,2131.0,7.456959038976004,2023-11-27
16680,0.7,508,True,st,MPC-Protect,pred,0.3,4,13.452337964588677,0.0021632663202940344,13.525016508794309,0.014077897700610043,0.0,0.3933296465229294,162106.97118644227,2131.0,7.500481904729131,2023-11-27
16680,0.7,508,True,st,MPC-Protect,pred,0.5,1,13.305228416801311,0.0039290358048703344,13.437230935285012,0.02017832003754106,0.0,0.4012801048119057,162106.97118644227,2131.0,7.385594179025577,2023-11-27
16680,0.7,508,True,st,MPC-Protect,pred,0.5,2,13.305228416801311,0.0039290358048703344,13.437230935285012,0.02017832003754106,0.0,0.4012801048119057,162106.97118644227,2131.0,7.994852161549533,2023-11-27
16680,0.7,508,True,st,MPC-Protect,pred,0.5,4,13.338511622896448,0.0038668208190157567,13.468423925045125,0.01689347724073205,0.0,0.40874953439195527,162106.97118644227,2131.0,7.320967947623012,2023-11-27
16848,0.7,509,True,st,MPC-Protect,pred,0.1,1,6.976763362400117,0.001598520950761278,7.025806572538418,0.018509498295177788,0.0,0.3515195870840444,160840.7205518153,2053.0,7.405780396546671,2023-12-04
16848,0.7,509,True,st,MPC-Protect,pred,0.1,2,6.992624107509282,0.0011553370447253716,7.028070272564575,0.00974184120798831,0.0,0.3584177166372683,160840.7205518153,2053.0,7.282286112511279,2023-12-04
16848,0.7,509,True,st,MPC-Protect,pred,0.1,4,7.101509614513014,0.0,7.101509614513014,0.0,0.0,0.45128699759220037,160840.7205518153,2053.0,7.257876922098014,2023-12-04
16848,0.7,509,True,st,MPC-Protect,pred,0.2,1,6.905435909640252,0.0003249347450713381,6.9154050270147716,0.00438382854359474,0.0,0.3647328286137446,160840.7205518153,2053.0,7.303977558388581,2023-12-04
16848,0.7,509,True,st,MPC-Protect,pred,0.2,2,6.908728855352501,0.0004035277804201717,6.92110923593016,0.0034096444227959084,0.0,0.36818642264637846,160840.7205518153,2053.0,7.387951558421934,2023-12-04
16848,0.7,509,True,st,MPC-Protect,pred,0.2,4,7.042224135728748,0.0,7.042224135728748,0.0,0.0,0.4338696287631754,160840.7205518153,2053.0,7.299815554086001,2023-12-04
16848,0.7,509,True,st,MPC-Protect,pred,0.3,1,6.822738721576773,4.958918486585052e-05,6.824260135989768,0.000974184120798831,0.0,0.3827657902650976,160840.7205518153,2053.0,7.39783398260482,2023-12-04
16848,0.7,509,True,st,MPC-Protect,pred,0.3,2,6.8284579836427834,4.958918486585052e-05,6.8299793980557775,0.000974184120798831,0.0,0.38378502010999177,160840.7205518153,2053.0,7.375451878314102,2023-12-04
16848,0.7,509,True,st,MPC-Protect,pred,0.3,4,6.928539081862095,0.0,6.928539081862095,0.0,0.0,0.4235864011003317,160840.7205518153,2053.0,7.3594475000035064,2023-12-04
16848,0.7,509,True,st,MPC-Protect,pred,0.5,1,6.691610195115915,0.0,6.691610195115915,0.0,0.0,0.41765160688247155,160840.7205518153,2053.0,7.488092130473018,2023-12-04
16848,0.7,509,True,st,MPC-Protect,pred,0.5,2,6.691610194798499,0.0,6.691610194798499,0.0,0.0,0.4176516160614675,160840.7205518153,2053.0,7.4407360434792205,2023-12-04
16848,0.7,509,True,st,MPC-Protect,pred,0.5,4,6.729055900244641,0.0,6.729055900244641,0.0,0.0,0.42687279118932575,160840.7205518153,2053.0,7.2553789130166555,2023-12-04
17016,0.7,510,True,st,MPC-Protect,pred,0.1,1,7.018015126073926,0.008106274155182926,7.2725223974751625,0.05320600272851296,0.0,0.35918505318722194,164594.1368183523,2199.0,7.59510634198504,2023-12-11
17016,0.7,510,True,st,MPC-Protect,pred,0.1,2,7.0312565836265275,0.006959943064734384,7.249773263990829,0.04411095952705776,0.0,0.36676647285811803,164594.1368183523,2199.0,7.5039605757237515,2023-12-11
17016,0.7,510,True,st,MPC-Protect,pred,0.1,4,7.173192106094691,0.0012987807947625657,7.213969058600301,0.01227830832196453,0.0,0.4636142056489718,164594.1368183523,2199.0,7.9123705086875935,2023-12-11
17016,0.7,510,True,st,MPC-Protect,pred,0.2,1,6.931166914105319,0.004678680494804583,7.07806031836177,0.03137789904502047,0.0,0.3757749046091851,164594.1368183523,2199.0,7.634466086979639,2023-12-11
17016,0.7,510,True,st,MPC-Protect,pred,0.2,2,6.9361644899532084,0.005000693435334389,7.093167919269413,0.03365165984538426,0.0,0.3785432865553782,164594.1368183523,2199.0,8.041679091294771,2023-12-11
17016,0.7,510,True,st,MPC-Protect,pred,0.2,4,7.100013152624574,0.0005952909751488832,7.118703105477705,0.004547521600727604,0.0,0.4548543710204134,164594.1368183523,2199.0,7.886921647838355,2023-12-11
17016,0.7,510,True,st,MPC-Protect,pred,0.3,1,6.845726997954204,0.003624674031373496,6.959528465778231,0.02501136880400182,0.0,0.3975787360225038,164594.1368183523,2199.0,8.29416395635628,2023-12-11
17016,0.7,510,True,st,MPC-Protect,pred,0.3,2,6.843623471653614,0.003669096157665059,6.9588196312849835,0.027285129604365622,0.0,0.3970342942226986,164594.1368183523,2199.0,8.50177267684915,2023-12-11
17016,0.7,510,True,st,MPC-Protect,pred,0.3,4,6.9953550403246725,0.0009997928635333442,7.0267448685975795,0.010459299681673489,0.0,0.45111775098926177,164594.1368183523,2199.0,8.22336366812374,2023-12-11
17016,0.7,510,True,st,MPC-Protect,pred,0.5,1,6.683056893601943,0.0019878795920569535,6.74546902045126,0.01273306048203729,0.0,0.4521528111297708,164594.1368183523,2199.0,7.96650814914644,2023-12-11
17016,0.7,510,True,st,MPC-Protect,pred,0.5,2,6.683056893601943,0.0019878795920569535,6.74546902045126,0.01273306048203729,0.0,0.4521528111297708,164594.1368183523,2199.0,8.811348491207626,2023-12-11
17016,0.7,510,True,st,MPC-Protect,pred,0.5,4,6.771971767021931,0.0014418753104125305,6.817241362390757,0.010459299681673489,0.0,0.46695182806904867,164594.1368183523,2199.0,8.97776910526198,2023-12-11
17184,0.7,511,True,st,MPC-Protect,pred,0.1,1,2.120314592327674,0.014345227521341423,2.4394930834355484,0.05336951605608322,0.0,0.3586251836129605,163002.22221512708,2211.0,8.005984703100598,2023-12-18
17184,0.7,511,True,st,MPC-Protect,pred,0.1,2,2.129488526925109,0.013929510083222685,2.439417386793007,0.045228403437358664,0.0,0.3652123836440698,163002.22221512708,2211.0,7.848791439122895,2023-12-18
17184,0.7,511,True,st,MPC-Protect,pred,0.1,4,2.162442181282301,0.0060441938163421915,2.2969243049986106,0.02668475802804161,0.0,0.46127742762018775,163002.22221512708,2211.0,7.453247550257286,2023-12-18
17184,0.7,511,True,st,MPC-Protect,pred,0.2,1,2.0900187860811466,0.012807886654190439,2.3749917452401044,0.036635006784260515,0.0,0.37538053187202647,163002.22221512708,2211.0,8.423868515299498,2023-12-18
17184,0.7,511,True,st,MPC-Protect,pred,0.2,2,2.0882952326884068,0.012230451577598597,2.360420374955987,0.04296698326549073,0.0,0.37494856085708095,163002.22221512708,2211.0,7.761719117885412,2023-12-18
17184,0.7,511,True,st,MPC-Protect,pred,0.2,4,2.1340760161989127,0.006866430095389429,2.2868527354167587,0.030303030303030304,0.0,0.43994017863245316,163002.22221512708,2211.0,8.26670887774097,2023-12-18
17184,0.7,511,True,st,MPC-Protect,pred,0.3,1,2.0496892728879774,0.009906819139599994,2.270114050393385,0.03980099502487562,0.0,0.39838809712624645,163002.22221512708,2211.0,7.7214097161458,2023-12-18
17184,0.7,511,True,st,MPC-Protect,pred,0.3,2,2.051144367167188,0.010500942742469682,2.284788277991562,0.03844414292175486,0.0,0.40131512319961815,163002.22221512708,2211.0,7.977931100446875,2023-12-18
17184,0.7,511,True,st,MPC-Protect,pred,0.3,4,2.0879037572117394,0.005771217015695843,2.21631220079937,0.02532790592492085,0.0,0.43549472103761694,163002.22221512708,2211.0,7.800354912675517,2023-12-18
17184,0.7,511,True,st,MPC-Protect,pred,0.5,1,1.9909739305215515,0.002923534247045953,2.0560219925537573,0.016282225237449117,0.0,0.4560697628122632,163002.22221512708,2211.0,8.141922921036862,2023-12-18
17184,0.7,511,True,st,MPC-Protect,pred,0.5,2,1.989298258485709,0.0029363199121209384,2.054630799051307,0.016282225237449117,0.0,0.45823108050102757,163002.22221512708,2211.0,7.5967463903787955,2023-12-18
17184,0.7,511,True,st,MPC-Protect,pred,0.5,4,2.0048835463357175,0.003141564884966579,2.0747827471820877,0.015829941203075532,0.0,0.469840172580732,163002.22221512708,2211.0,7.8045378333642965,2023-12-18
17352,0.7,512,True,st,MPC-Protect,pred,0.1,1,2.248431252376542,0.025314227034662115,2.8552451761606146,0.08805620608899298,0.0,0.31695298004057654,167924.7651880073,2135.0,8.298377602614975,2023-12-25
17352,0.7,512,True,st,MPC-Protect,pred,0.1,2,2.2507978012401715,0.02470180493681764,2.842931195545851,0.09320843091334895,0.0,0.322305744893255,167924.7651880073,2135.0,8.227176392997197,2023-12-25
17352,0.7,512,True,st,MPC-Protect,pred,0.1,4,2.2919612373795553,0.006733239594095254,2.4533654758845116,0.029039812646370025,0.0,0.39307398416073724,167924.7651880073,2135.0,7.669465750033149,2023-12-25
17352,0.7,512,True,st,MPC-Protect,pred,0.2,1,2.2391493781184018,0.019867790551308325,2.715405355630632,0.08290398126463701,0.0,0.3358151493886828,167924.7651880073,2135.0,8.113823807015683,2023-12-25
17352,0.7,512,True,st,MPC-Protect,pred,0.2,2,2.2422665009371037,0.021284166930930486,2.752474805229715,0.08009367681498829,0.0,0.3386649759699582,167924.7651880073,2135.0,7.931670881585537,2023-12-25
17352,0.7,512,True,st,MPC-Protect,pred,0.2,4,2.256916959650379,0.0066022037941916535,2.4151801048963226,0.03138173302107728,0.0,0.38520843773994806,167924.7651880073,2135.0,8.190700517572399,2023-12-25
17352,0.7,512,True,st,MPC-Protect,pred,0.3,1,2.2168238221027767,0.013794413231263033,2.54749329139765,0.06276346604215456,0.0,0.3545142560192798,167924.7651880073,2135.0,8.198332149097615,2023-12-25
17352,0.7,512,True,st,MPC-Protect,pred,0.3,2,2.217497547470157,0.013370137358432019,2.537996589407838,0.046370023419203744,0.0,0.35576100725293086,167924.7651880073,2135.0,8.12831498249005,2023-12-25
17352,0.7,512,True,st,MPC-Protect,pred,0.3,4,2.2393971526444396,0.00698275194194878,2.4067825165705377,0.02857142857142857,0.0,0.384581425025961,167924.7651880073,2135.0,8.275412421083098,2023-12-25
17352,0.7,512,True,st,MPC-Protect,pred,0.5,1,2.1248598522743616,0.004091928394621041,2.222948532666755,0.01405152224824356,0.0,0.39592587146534847,167924.7651880073,2135.0,8.57215759212618,2023-12-25
17352,0.7,512,True,st,MPC-Protect,pred,0.5,2,2.1231198408276484,0.00365273924871642,2.2106806039131124,0.01592505854800937,0.0,0.39606957145435345,167924.7651880073,2135.0,8.248237500019808,2023-12-25
17352,0.7,512,True,st,MPC-Protect,pred,0.5,4,2.141879532356612,0.003978575977851353,2.237251012468853,0.014988290398126464,0.0,0.40420056998568055,167924.7651880073,2135.0,8.005761105239703,2023-12-25
15336,0.3,500,False,t,MPC-Protect,pred,0.1,1,2.399205047346638,0.0,2.399205047346638,0.0,0.0,0.0,70014.13974734378,928.0,2.03894584346531,2023-10-02
15336,0.3,500,False,t,MPC-Protect,pred,0.1,2,2.411219702588964,0.0,2.411219702588964,0.0,0.0,0.0,70014.13974734378,928.0,2.0194640695832358,2023-10-02
15336,0.3,500,False,t,MPC-Protect,pred,0.1,4,2.4504882383483237,0.0,2.4504882383483237,0.0,0.0,0.0,70014.13974734378,928.0,2.0671659782712357,2023-10-02
15336,0.3,500,False,t,MPC-Protect,pred,0.2,1,2.3997099936699975,0.0,2.3997099936699975,0.0,0.0,0.0,70014.13974734378,928.0,2.033156008741865,2023-10-02
15336,0.3,500,False,t,MPC-Protect,pred,0.2,2,2.4107817200344326,0.0,2.4107817200344326,0.0,0.0,0.0,70014.13974734378,928.0,2.351467694296244,2023-10-02
15336,0.3,500,False,t,MPC-Protect,pred,0.2,4,2.4513683675400166,0.0,2.4513683675400166,0.0,0.0,0.0,70014.13974734378,928.0,2.0794899783022234,2023-10-02
15336,0.3,500,False,t,MPC-Protect,pred,0.3,1,2.3996439646396315,0.0,2.3996439646396315,0.0,0.0,0.0,70014.13974734378,928.0,2.0253755608910464,2023-10-02
15336,0.3,500,False,t,MPC-Protect,pred,0.3,2,2.4113643509044786,0.0,2.4113643509044786,0.0,0.0,0.0,70014.13974734378,928.0,2.3487249608637204,2023-10-02
15336,0.3,500,False,t,MPC-Protect,pred,0.3,4,2.4512813314933015,0.0,2.4512813314933015,0.0,0.0,0.0,70014.13974734378,928.0,2.009508713063437,2023-10-02
15336,0.3,500,False,t,MPC-Protect,pred,0.5,1,2.399723862183063,0.0,2.399723862183063,0.0,0.0,0.0,70014.13974734378,928.0,2.4650551521517627,2023-10-02
15336,0.3,500,False,t,MPC-Protect,pred,0.5,2,2.4107248425965166,0.0,2.4107248425965166,0.0,0.0,0.0,70014.13974734378,928.0,2.0489680130594934,2023-10-02
15336,0.3,500,False,t,MPC-Protect,pred,0.5,4,2.4513131115956392,0.0,2.4513131115956392,0.0,0.0,0.0,70014.13974734378,928.0,2.012067226081379,2023-10-02
15504,0.3,501,False,t,MPC-Protect,pred,0.1,1,3.8939997690942825,0.0006622102754683107,3.903482636928866,0.0075107296137339056,0.0,0.0,73719.56346610108,932.0,2.3269185900955547,2023-10-09
15504,0.3,501,False,t,MPC-Protect,pred,0.1,2,3.907953195871914,0.0005177256525248082,3.9153670402644587,0.003218884120171674,0.0,0.0,73719.56346610108,932.0,2.062954639637479,2023-10-09
15504,0.3,501,False,t,MPC-Protect,pred,0.1,4,3.9631237554440917,0.0,3.9631237554440917,0.0,0.0,0.0,73719.56346610108,932.0,2.072986036014586,2023-10-09
15504,0.3,501,False,t,MPC-Protect,pred,0.2,1,3.8946060878497875,0.0006617964933776922,3.904083030314405,0.00536480686695279,0.0,0.0,73719.56346610108,932.0,2.059425468405197,2023-10-09
15504,0.3,501,False,t,MPC-Protect,pred,0.2,2,3.908335497175732,0.0005606465994529705,3.916363970610037,0.003218884120171674,0.0,0.0,73719.56346610108,932.0,2.0957285225556115,2023-10-09
15504,0.3,501,False,t,MPC-Protect,pred,0.2,4,3.9614901138350276,0.0,3.9614901138350276,0.0,0.0,0.0,73719.56346610108,932.0,2.0901570000090826,2023-10-09
15504,0.3,501,False,t,MPC-Protect,pred,0.3,1,3.8944179422888245,0.0006626883086318513,3.9039076555703582,0.00536480686695279,0.0,0.0,73719.56346610108,932.0,2.1827257117259142,2023-10-09
15504,0.3,501,False,t,MPC-Protect,pred,0.3,2,3.9087157475019954,0.0005547261404565599,3.9166594398142576,0.003218884120171674,0.0,0.0,73719.56346610108,932.0,2.094248076618159,2023-10-09
15504,0.3,501,False,t,MPC-Protect,pred,0.3,4,3.9614998569715536,0.0,3.9614998569715536,0.0,0.0,0.0,73719.56346610108,932.0,2.0529586711803005,2023-10-09
15504,0.3,501,False,t,MPC-Protect,pred,0.5,1,3.895245131838783,0.0007146459810495363,3.9054788802988427,0.006437768240343348,0.0,0.0,73719.56346610108,932.0,2.1418723153318924,2023-10-09
15504,0.3,501,False,t,MPC-Protect,pred,0.5,2,3.9078962020832546,0.0005612031153758165,3.915932644839601,0.003218884120171674,0.0,0.0,73719.56346610108,932.0,2.483385716201352,2023-10-09
15504,0.3,501,False,t,MPC-Protect,pred,0.5,4,3.9612781459715714,0.0,3.9612781459715714,0.0,0.0,0.0,73719.56346610108,932.0,2.090962680180022,2023-10-09
15672,0.3,502,False,t,MPC-Protect,pred,0.1,1,3.4100844212543473,0.0,3.4100844212543473,0.0,0.0,0.0,70458.17240169305,915.0,1.946603810906441,2023-10-16
15672,0.3,502,False,t,MPC-Protect,pred,0.1,2,3.4145084660410934,0.0,3.4145084660410934,0.0,0.0,0.0,70458.17240169305,915.0,2.1120984767917492,2023-10-16
15672,0.3,502,False,t,MPC-Protect,pred,0.1,4,3.431964807880756,0.0,3.431964807880756,0.0,0.0,0.0,70458.17240169305,915.0,2.0193679361367916,2023-10-16
15672,0.3,502,False,t,MPC-Protect,pred,0.2,1,3.4097315815018185,0.0,3.4097315815018185,0.0,0.0,0.0,70458.17240169305,915.0,1.8774118907802542,2023-10-16
15672,0.3,502,False,t,MPC-Protect,pred,0.2,2,3.4150229575700415,0.0,3.4150229575700415,0.0,0.0,0.0,70458.17240169305,915.0,1.9185319999934696,2023-10-16
15672,0.3,502,False,t,MPC-Protect,pred,0.2,4,3.4319220769723047,0.0,3.4319220769723047,0.0,0.0,0.0,70458.17240169305,915.0,1.965628123411505,2023-10-16
15672,0.3,502,False,t,MPC-Protect,pred,0.3,1,3.409212007265143,0.0,3.409212007265143,0.0,0.0,0.0,70458.17240169305,915.0,2.6436641260834453,2023-10-16
15672,0.3,502,False,t,MPC-Protect,pred,0.3,2,3.414283921525879,0.0,3.414283921525879,0.0,0.0,0.0,70458.17240169305,915.0,1.9064029409008394,2023-10-16
15672,0.3,502,False,t,MPC-Protect,pred,0.3,4,3.432528435601919,0.0,3.432528435601919,0.0,0.0,0.0,70458.17240169305,915.0,1.9369411532023422,2023-10-16
15672,0.3,502,False,t,MPC-Protect,pred,0.5,1,3.410038338151509,0.0,3.410038338151509,0.0,0.0,0.0,70458.17240169305,915.0,2.007928306735083,2023-10-16
15672,0.3,502,False,t,MPC-Protect,pred,0.5,2,3.4145907562404743,0.0,3.4145907562404743,0.0,0.0,0.0,70458.17240169305,915.0,2.050430894490126,2023-10-16
15672,0.3,502,False,t,MPC-Protect,pred,0.5,4,3.432288094533291,0.0,3.432288094533291,0.0,0.0,0.0,70458.17240169305,915.0,1.9373395361749026,2023-10-16
15840,0.3,503,False,t,MPC-Protect,pred,0.1,1,5.032477797754938,0.0,5.032477797754938,0.0,0.0,0.0,74318.580238708,981.0,2.429545914001786,2023-10-23
15840,0.3,503,False,t,MPC-Protect,pred,0.1,2,5.041658096454235,0.0,5.041658096454235,0.0,0.0,0.0,74318.580238708,981.0,2.3198958461552346,2023-10-23
15840,0.3,503,False,t,MPC-Protect,pred,0.1,4,5.124098173464814,0.0,5.124098173464814,0.0,0.0,0.0,74318.580238708,981.0,2.315315022603265,2023-10-23
15840,0.3,503,False,t,MPC-Protect,pred,0.2,1,5.03291871248272,0.0,5.03291871248272,0.0,0.0,0.0,74318.580238708,981.0,2.356818253387106,2023-10-23
15840,0.3,503,False,t,MPC-Protect,pred,0.2,2,5.0414823828036415,0.0,5.0414823828036415,0.0,0.0,0.0,74318.580238708,981.0,2.31037914934497,2023-10-23
15840,0.3,503,False,t,MPC-Protect,pred,0.2,4,5.124949488023949,0.0,5.124949488023949,0.0,0.0,0.0,74318.580238708,981.0,2.2809880361630217,2023-10-23
15840,0.3,503,False,t,MPC-Protect,pred,0.3,1,5.032681398275418,0.0,5.032681398275418,0.0,0.0,0.0,74318.580238708,981.0,2.3629012533985496,2023-10-23
15840,0.3,503,False,t,MPC-Protect,pred,0.3,2,5.0426625745747575,0.0,5.0426625745747575,0.0,0.0,0.0,74318.580238708,981.0,2.513159642580934,2023-10-23
15840,0.3,503,False,t,MPC-Protect,pred,0.3,4,5.122306297932748,0.0,5.122306297932748,0.0,0.0,0.0,74318.580238708,981.0,2.648993579204961,2023-10-23
15840,0.3,503,False,t,MPC-Protect,pred,0.5,1,5.032993252280371,0.0,5.032993252280371,0.0,0.0,0.0,74318.580238708,981.0,2.539991511304126,2023-10-23
15840,0.3,503,False,t,MPC-Protect,pred,0.5,2,5.040248834671233,0.0,5.040248834671233,0.0,0.0,0.0,74318.580238708,981.0,2.3504601900451103,2023-10-23
15840,0.3,503,False,t,MPC-Protect,pred,0.5,4,5.123091034398219,0.0,5.123091034398219,0.0,0.0,0.0,74318.580238708,981.0,2.480803687785943,2023-10-23
16008,0.3,504,False,t,MPC-Protect,pred,0.1,1,3.0125096998663676,0.0,3.0125096998663676,0.0,0.0,0.0,67588.57653298903,898.0,2.13993985318349,2023-10-30
16008,0.3,504,False,t,MPC-Protect,pred,0.1,2,3.0203250394000474,0.0,3.0203250394000474,0.0,0.0,0.0,67588.57653298903,898.0,2.1758361743470918,2023-10-30
16008,0.3,504,False,t,MPC-Protect,pred,0.1,4,3.0728002773906784,0.0,3.0728002773906784,0.0,0.0,0.0,67588.57653298903,898.0,2.0655830963032127,2023-10-30
16008,0.3,504,False,t,MPC-Protect,pred,0.2,1,3.011644950746729,0.0,3.011644950746729,0.0,0.0,0.0,67588.57653298903,898.0,2.1149706421423318,2023-10-30
16008,0.3,504,False,t,MPC-Protect,pred,0.2,2,3.0202322802901986,0.0,3.0202322802901986,0.0,0.0,0.0,67588.57653298903,898.0,2.2138974128845117,2023-10-30
16008,0.3,504,False,t,MPC-Protect,pred,0.2,4,3.072810281848045,0.0,3.072810281848045,0.0,0.0,0.0,67588.57653298903,898.0,2.4806062064180043,2023-10-30
16008,0.3,504,False,t,MPC-Protect,pred,0.3,1,3.012046727431955,0.0,3.012046727431955,0.0,0.0,0.0,67588.57653298903,898.0,2.0337831697152655,2023-10-30
16008,0.3,504,False,t,MPC-Protect,pred,0.3,2,3.0202328425253016,0.0,3.0202328425253016,0.0,0.0,0.0,67588.57653298903,898.0,2.0167466008922164,2023-10-30
16008,0.3,504,False,t,MPC-Protect,pred,0.3,4,3.0729082117003226,0.0,3.0729082117003226,0.0,0.0,0.0,67588.57653298903,898.0,2.0776969771375646,2023-10-30
16008,0.3,504,False,t,MPC-Protect,pred,0.5,1,3.011752660704676,0.0,3.011752660704676,0.0,0.0,0.0,67588.57653298903,898.0,2.4843958394990504,2023-10-30
16008,0.3,504,False,t,MPC-Protect,pred,0.5,2,3.020332616627559,0.0,3.020332616627559,0.0,0.0,0.0,67588.57653298903,898.0,2.0890496605407454,2023-10-30
16008,0.3,504,False,t,MPC-Protect,pred,0.5,4,3.072805804990115,0.0,3.072805804990115,0.0,0.0,0.0,67588.57653298903,898.0,2.2353723164947,2023-10-30
16176,0.3,505,False,t,MPC-Protect,pred,0.1,1,3.424031502772219,0.0,3.424031502772219,0.0,0.0,0.0,62579.85648253633,875.0,2.169293290919747,2023-11-06
16176,0.3,505,False,t,MPC-Protect,pred,0.1,2,3.431960686957262,0.0,3.431960686957262,0.0,0.0,0.0,62579.85648253633,875.0,2.614639527283461,2023-11-06
16176,0.3,505,False,t,MPC-Protect,pred,0.1,4,3.481048908807217,0.0,3.481048908807217,0.0,0.0,0.0,62579.85648253633,875.0,2.337516081822535,2023-11-06
16176,0.3,505,False,t,MPC-Protect,pred,0.2,1,3.424072209832267,0.0,3.424072209832267,0.0,0.0,0.0,62579.85648253633,875.0,2.589663204546675,2023-11-06
16176,0.3,505,False,t,MPC-Protect,pred,0.2,2,3.4319135003520396,0.0,3.4319135003520396,0.0,0.0,0.0,62579.85648253633,875.0,2.3816575409124527,2023-11-06
16176,0.3,505,False,t,MPC-Protect,pred,0.2,4,3.4809324077510087,0.0,3.4809324077510087,0.0,0.0,0.0,62579.85648253633,875.0,2.343736013670588,2023-11-06
16176,0.3,505,False,t,MPC-Protect,pred,0.3,1,3.4240715484613973,0.0,3.4240715484613973,0.0,0.0,0.0,62579.85648253633,875.0,2.229499422744332,2023-11-06
16176,0.3,505,False,t,MPC-Protect,pred,0.3,2,3.4319191602701187,0.0,3.4319191602701187,0.0,0.0,0.0,62579.85648253633,875.0,2.4304646727283727,2023-11-06
16176,0.3,505,False,t,MPC-Protect,pred,0.3,4,3.4811805842624093,0.0,3.4811805842624093,0.0,0.0,0.0,62579.85648253633,875.0,2.148678449959169,2023-11-06
16176,0.3,505,False,t,MPC-Protect,pred,0.5,1,3.4241584508743976,0.0,3.4241584508743976,0.0,0.0,0.0,62579.85648253633,875.0,2.1296769363702466,2023-11-06
16176,0.3,505,False,t,MPC-Protect,pred,0.5,2,3.4318219760849966,0.0,3.4318219760849966,0.0,0.0,0.0,62579.85648253633,875.0,2.23146420453304,2023-11-06
16176,0.3,505,False,t,MPC-Protect,pred,0.5,4,3.4816737361222367,0.0,3.4816737361222367,0.0,0.0,0.0,62579.85648253633,875.0,2.1659082000248664,2023-11-06
16344,0.3,506,False,t,MPC-Protect,pred,0.1,1,4.635531301720803,0.0004832727904783082,4.642898543323453,0.0031746031746031746,0.0,0.0,69689.04399031839,945.0,2.155096774782447,2023-11-13
16344,0.3,506,False,t,MPC-Protect,pred,0.1,2,4.644313017512388,0.0,4.644313017512388,0.0,0.0,0.0,69689.04399031839,945.0,2.4383325585445204,2023-11-13
16344,0.3,506,False,t,MPC-Protect,pred,0.1,4,4.67586594858911,0.0,4.67586594858911,0.0,0.0,0.0,69689.04399031839,945.0,2.3299649820023864,2023-11-13
16344,0.3,506,False,t,MPC-Protect,pred,0.2,1,4.634087937079938,0.00028178665978622654,4.638383627720816,0.004232804232804233,0.0,0.0,69689.04399031839,945.0,2.0600006396102595,2023-11-13
16344,0.3,506,False,t,MPC-Protect,pred,0.2,2,4.64406822506733,0.0,4.64406822506733,0.0,0.0,0.0,69689.04399031839,945.0,2.092467891904013,2023-11-13
16344,0.3,506,False,t,MPC-Protect,pred,0.2,4,4.674469092390237,0.0,4.674469092390237,0.0,0.0,0.0,69689.04399031839,945.0,2.1346470315300983,2023-11-13
16344,0.3,506,False,t,MPC-Protect,pred,0.3,1,4.633851983988671,0.0004316756179157214,4.640432653610087,0.004232804232804233,0.0,0.0,69689.04399031839,945.0,2.1960424188233314,2023-11-13
16344,0.3,506,False,t,MPC-Protect,pred,0.3,2,4.642865892537519,0.0,4.642865892537519,0.0,0.0,0.0,69689.04399031839,945.0,2.084601869289661,2023-11-13
16344,0.3,506,False,t,MPC-Protect,pred,0.3,4,4.674674342849323,0.0,4.674674342849323,0.0,0.0,0.0,69689.04399031839,945.0,2.0661537882997516,2023-11-13
16344,0.3,506,False,t,MPC-Protect,pred,0.5,1,4.629073012094286,0.0005535167755922324,4.637511086608829,0.0021164021164021165,0.0,0.0,69689.04399031839,945.0,2.079442779250786,2023-11-13
16344,0.3,506,False,t,MPC-Protect,pred,0.5,2,4.643395464158591,0.0,4.643395464158591,0.0,0.0,0.0,69689.04399031839,945.0,2.1825752612810674,2023-11-13
16344,0.3,506,False,t,MPC-Protect,pred,0.5,4,4.674961929110376,0.0,4.674961929110376,0.0,0.0,0.0,69689.04399031839,945.0,2.0677328018029733,2023-11-13
16512,0.3,507,False,t,MPC-Protect,pred,0.1,1,3.747018845738007,0.0,3.747018845738007,0.0,0.0,0.0,67659.11521947458,904.0,2.2170366515737077,2023-11-20
16512,0.3,507,False,t,MPC-Protect,pred,0.1,2,3.753641016035141,0.0,3.753641016035141,0.0,0.0,0.0,67659.11521947458,904.0,2.221199217191954,2023-11-20
16512,0.3,507,False,t,MPC-Protect,pred,0.1,4,3.810478321688447,0.0,3.810478321688447,0.0,0.0,0.0,67659.11521947458,904.0,2.08189297285884,2023-11-20
16512,0.3,507,False,t,MPC-Protect,pred,0.2,1,3.7467705134180727,0.0,3.7467705134180727,0.0,0.0,0.0,67659.11521947458,904.0,2.0440090136090308,2023-11-20
16512,0.3,507,False,t,MPC-Protect,pred,0.2,2,3.75327468870598,0.0,3.75327468870598,0.0,0.0,0.0,67659.11521947458,904.0,2.3762929864723987,2023-11-20
16512,0.3,507,False,t,MPC-Protect,pred,0.2,4,3.810481422185846,0.0,3.810481422185846,0.0,0.0,0.0,67659.11521947458,904.0,2.4341198280895835,2023-11-20
16512,0.3,507,False,t,MPC-Protect,pred,0.3,1,3.7470046947057862,0.0,3.7470046947057862,0.0,0.0,0.0,67659.11521947458,904.0,2.239584601812974,2023-11-20
16512,0.3,507,False,t,MPC-Protect,pred,0.3,2,3.7532692295650967,0.0,3.7532692295650967,0.0,0.0,0.0,67659.11521947458,904.0,2.072501054277069,2023-11-20
16512,0.3,507,False,t,MPC-Protect,pred,0.3,4,3.8100741633910444,0.0,3.8100741633910444,0.0,0.0,0.0,67659.11521947458,904.0,2.2907284207959324,2023-11-20
16512,0.3,507,False,t,MPC-Protect,pred,0.5,1,3.747098236305007,0.0,3.747098236305007,0.0,0.0,0.0,67659.11521947458,904.0,2.251147420797247,2023-11-20
16512,0.3,507,False,t,MPC-Protect,pred,0.5,2,3.7536074706689857,0.0,3.7536074706689857,0.0,0.0,0.0,67659.11521947458,904.0,2.2168583619898268,2023-11-20
16512,0.3,507,False,t,MPC-Protect,pred,0.5,4,3.810262870292871,0.0,3.810262870292871,0.0,0.0,0.0,67659.11521947458,904.0,2.0582231086563176,2023-11-20
16680,0.3,508,False,t,MPC-Protect,pred,0.1,1,6.276146397819125,0.0,6.276146397819125,0.0,0.0,0.0,64864.36282189725,893.0,2.413397683282887,2023-11-27
16680,0.3,508,False,t,MPC-Protect,pred,0.1,2,6.282793179419285,0.0,6.282793179419285,0.0,0.0,0.0,64864.36282189725,893.0,2.2945234750954095,2023-11-27
16680,0.3,508,False,t,MPC-Protect,pred,0.1,4,6.327322948489552,0.0,6.327322948489552,0.0,0.0,0.0,64864.36282189725,893.0,2.2571305972917086,2023-11-27
16680,0.3,508,False,t,MPC-Protect,pred,0.2,1,6.276088055829728,0.0,6.276088055829728,0.0,0.0,0.0,64864.36282189725,893.0,2.187342144782744,2023-11-27
16680,0.3,508,False,t,MPC-Protect,pred,0.2,2,6.282579190604709,0.0,6.282579190604709,0.0,0.0,0.0,64864.36282189725,893.0,2.410843796361113,2023-11-27
16680,0.3,508,False,t,MPC-Protect,pred,0.2,4,6.327331025648855,0.0,6.327331025648855,0.0,0.0,0.0,64864.36282189725,893.0,2.4954510090702566,2023-11-27
16680,0.3,508,False,t,MPC-Protect,pred,0.3,1,6.27582715642648,0.0,6.27582715642648,0.0,0.0,0.0,64864.36282189725,893.0,2.3413718733178333,2023-11-27
16680,0.3,508,False,t,MPC-Protect,pred,0.3,2,6.283052436409805,0.0,6.283052436409805,0.0,0.0,0.0,64864.36282189725,893.0,2.4110958597270735,2023-11-27
16680,0.3,508,False,t,MPC-Protect,pred,0.3,4,6.327585920663198,0.0,6.327585920663198,0.0,0.0,0.0,64864.36282189725,893.0,2.188017009033156,2023-11-27
16680,0.3,508,False,t,MPC-Protect,pred,0.5,1,6.275913559079738,0.0,6.275913559079738,0.0,0.0,0.0,64864.36282189725,893.0,2.336274497739556,2023-11-27
16680,0.3,508,False,t,MPC-Protect,pred,0.5,2,6.282578275275739,0.0,6.282578275275739,0.0,0.0,0.0,64864.36282189725,893.0,2.045477873285744,2023-11-27
16680,0.3,508,False,t,MPC-Protect,pred,0.5,4,6.327335559317264,0.0,6.327335559317264,0.0,0.0,0.0,64864.36282189725,893.0,2.254995031659635,2023-11-27
16848,0.3,509,False,t,MPC-Protect,pred,0.1,1,4.095054689634954,0.0,4.095054689634954,0.0,0.0,0.0,69667.54122002251,885.0,2.3188845067841,2023-12-04
16848,0.3,509,False,t,MPC-Protect,pred,0.1,2,4.100640050641919,0.0,4.100640050641919,0.0,0.0,0.0,69667.54122002251,885.0,2.051977099551439,2023-12-04
16848,0.3,509,False,t,MPC-Protect,pred,0.1,4,4.14180949881065,0.0,4.14180949881065,0.0,0.0,0.0,69667.54122002251,885.0,2.3892924388800405,2023-12-04
16848,0.3,509,False,t,MPC-Protect,pred,0.2,1,4.094012877531097,0.0,4.094012877531097,0.0,0.0,0.0,69667.54122002251,885.0,2.519723194596094,2023-12-04
16848,0.3,509,False,t,MPC-Protect,pred,0.2,2,4.099591910244088,0.0,4.099591910244088,0.0,0.0,0.0,69667.54122002251,885.0,2.1226784389181463,2023-12-04
16848,0.3,509,False,t,MPC-Protect,pred,0.2,4,4.141809404805336,0.0,4.141809404805336,0.0,0.0,0.0,69667.54122002251,885.0,2.0410010452140677,2023-12-04
16848,0.3,509,False,t,MPC-Protect,pred,0.3,1,4.095061599290359,0.0,4.095061599290359,0.0,0.0,0.0,69667.54122002251,885.0,2.0384737783215274,2023-12-04
16848,0.3,509,False,t,MPC-Protect,pred,0.3,2,4.100644930127298,0.0,4.100644930127298,0.0,0.0,0.0,69667.54122002251,885.0,2.240094687805218,2023-12-04
16848,0.3,509,False,t,MPC-Protect,pred,0.3,4,4.141809588014519,0.0,4.141809588014519,0.0,0.0,0.0,69667.54122002251,885.0,2.0615249547694994,2023-12-04
16848,0.3,509,False,t,MPC-Protect,pred,0.5,1,4.095060390506322,0.0,4.095060390506322,0.0,0.0,0.0,69667.54122002251,885.0,2.0422726199256727,2023-12-04
16848,0.3,509,False,t,MPC-Protect,pred,0.5,2,4.100640879910568,0.0,4.100640879910568,0.0,0.0,0.0,69667.54122002251,885.0,2.088405742043872,2023-12-04
16848,0.3,509,False,t,MPC-Protect,pred,0.5,4,4.141796517418069,0.0,4.141796517418069,0.0,0.0,0.0,69667.54122002251,885.0,2.479942380117651,2023-12-04
17016,0.3,510,False,t,MPC-Protect,pred,0.1,1,4.092088030034953,0.0,4.092088030034953,0.0,0.0,0.0,70788.37691020197,930.0,2.5318403800588487,2023-12-11
17016,0.3,510,False,t,MPC-Protect,pred,0.1,2,4.098918475988617,0.0,4.098918475988617,0.0,0.0,0.0,70788.37691020197,930.0,2.0796086878054334,2023-12-11
17016,0.3,510,False,t,MPC-Protect,pred,0.1,4,4.152636543495003,0.0,4.152636543495003,0.0,0.0,0.0,70788.37691020197,930.0,2.1226105429986712,2023-12-11
17016,0.3,510,False,t,MPC-Protect,pred,0.2,1,4.091736978174882,0.0,4.091736978174882,0.0,0.0,0.0,70788.37691020197,930.0,2.5915150000067557,2023-12-11
17016,0.3,510,False,t,MPC-Protect,pred,0.2,2,4.098326635684786,0.0,4.098326635684786,0.0,0.0,0.0,70788.37691020197,930.0,2.3242167466073766,2023-12-11
17016,0.3,510,False,t,MPC-Protect,pred,0.2,4,4.152294877355993,0.0,4.152294877355993,0.0,0.0,0.0,70788.37691020197,930.0,2.0202954750964315,2023-12-11
17016,0.3,510,False,t,MPC-Protect,pred,0.3,1,4.0921806288409055,0.0,4.0921806288409055,0.0,0.0,0.0,70788.37691020197,930.0,2.492502067877356,2023-12-11
17016,0.3,510,False,t,MPC-Protect,pred,0.3,2,4.098984092715951,0.0,4.098984092715951,0.0,0.0,0.0,70788.37691020197,930.0,2.2711712669426634,2023-12-11
17016,0.3,510,False,t,MPC-Protect,pred,0.3,4,4.1523453300181945,0.0,4.1523453300181945,0.0,0.0,0.0,70788.37691020197,930.0,2.0558615656495127,2023-12-11
17016,0.3,510,False,t,MPC-Protect,pred,0.5,1,4.091891893435727,0.0,4.091891893435727,0.0,0.0,0.0,70788.37691020197,930.0,2.547721588244585,2023-12-11
17016,0.3,510,False,t,MPC-Protect,pred,0.5,2,4.098802249311217,0.0,4.098802249311217,0.0,0.0,0.0,70788.37691020197,930.0,2.434920733008865,2023-12-11
17016,0.3,510,False,t,MPC-Protect,pred,0.5,4,4.153101320403835,0.0,4.153101320403835,0.0,0.0,0.0,70788.37691020197,930.0,2.079127303181952,2023-12-11
17184,0.3,511,False,t,MPC-Protect,pred,0.1,1,1.2680273024921342,0.0,1.2680273024921342,0.0,0.0,0.0,71042.65994867557,945.0,2.109025692317937,2023-12-18
17184,0.3,511,False,t,MPC-Protect,pred,0.1,2,1.270963099730513,0.0,1.270963099730513,0.0,0.0,0.0,71042.65994867557,945.0,2.457030542998886,2023-12-18
17184,0.3,511,False,t,MPC-Protect,pred,0.1,4,1.2817456719336482,0.0,1.2817456719336482,0.0,0.0,0.0,71042.65994867557,945.0,2.952792583742206,2023-12-18
17184,0.3,511,False,t,MPC-Protect,pred,0.2,1,1.2678411715038163,0.0,1.2678411715038163,0.0,0.0,0.0,71042.65994867557,945.0,2.637579257943428,2023-12-18
17184,0.3,511,False,t,MPC-Protect,pred,0.2,2,1.2707466495754187,0.0,1.2707466495754187,0.0,0.0,0.0,71042.65994867557,945.0,3.3399665158719567,2023-12-18
17184,0.3,511,False,t,MPC-Protect,pred,0.2,4,1.281889633144718,0.0,1.281889633144718,0.0,0.0,0.0,71042.65994867557,945.0,3.006029538470489,2023-12-18
17184,0.3,511,False,t,MPC-Protect,pred,0.3,1,1.26786725075341,0.0,1.26786725075341,0.0,0.0,0.0,71042.65994867557,945.0,2.1884501674284618,2023-12-18
17184,0.3,511,False,t,MPC-Protect,pred,0.3,2,1.270555138945196,0.0,1.270555138945196,0.0,0.0,0.0,71042.65994867557,945.0,2.6533482488373434,2023-12-18
17184,0.3,511,False,t,MPC-Protect,pred,0.3,4,1.2818209247082848,0.0,1.2818209247082848,0.0,0.0,0.0,71042.65994867557,945.0,2.4309247058626093,2023-12-18
17184,0.3,511,False,t,MPC-Protect,pred,0.5,1,1.2680656848789396,0.0,1.2680656848789396,0.0,0.0,0.0,71042.65994867557,945.0,2.408284751135196,2023-12-18
17184,0.3,511,False,t,MPC-Protect,pred,0.5,2,1.271050791467939,0.0,1.271050791467939,0.0,0.0,0.0,71042.65994867557,945.0,2.1595092126492865,2023-12-18
17184,0.3,511,False,t,MPC-Protect,pred,0.5,4,1.2818984598212326,0.0,1.2818984598212326,0.0,0.0,0.0,71042.65994867557,945.0,2.144674701354826,2023-12-18
17352,0.3,512,False,t,MPC-Protect,pred,0.1,1,1.3653367044497209,0.0,1.3653367044497209,0.0,0.0,0.0,75758.69303508809,958.0,2.2373819432464606,2023-12-25
17352,0.3,512,False,t,MPC-Protect,pred,0.1,2,1.3686401308577583,0.0,1.3686401308577583,0.0,0.0,0.0,75758.69303508809,958.0,2.288051381595467,2023-12-25
17352,0.3,512,False,t,MPC-Protect,pred,0.1,4,1.3828529684527158,0.0,1.3828529684527158,0.0,0.0,0.0,75758.69303508809,958.0,2.2353571327617283,2023-12-25
17352,0.3,512,False,t,MPC-Protect,pred,0.2,1,1.3653334602065337,0.0,1.3653334602065337,0.0,0.0,0.0,75758.69303508809,958.0,2.25568552835733,2023-12-25
17352,0.3,512,False,t,MPC-Protect,pred,0.2,2,1.3686447090487475,0.0,1.3686447090487475,0.0,0.0,0.0,75758.69303508809,958.0,2.288803622760545,2023-12-25
17352,0.3,512,False,t,MPC-Protect,pred,0.2,4,1.3830804278131579,0.0,1.3830804278131579,0.0,0.0,0.0,75758.69303508809,958.0,2.2634059822591386,2023-12-25
17352,0.3,512,False,t,MPC-Protect,pred,0.3,1,1.3652827890101407,0.0,1.3652827890101407,0.0,0.0,0.0,75758.69303508809,958.0,2.2454672925364303,2023-12-25
17352,0.3,512,False,t,MPC-Protect,pred,0.3,2,1.3687253866942368,0.0,1.3687253866942368,0.0,0.0,0.0,75758.69303508809,958.0,2.2891796973637386,2023-12-25
17352,0.3,512,False,t,MPC-Protect,pred,0.3,4,1.3828541867928592,0.0,1.3828541867928592,0.0,0.0,0.0,75758.69303508809,958.0,2.2477255442212063,2023-12-25
17352,0.3,512,False,t,MPC-Protect,pred,0.5,1,1.3651483408912168,0.0,1.3651483408912168,0.0,0.0,0.0,75758.69303508809,958.0,2.246027061154838,2023-12-25
17352,0.3,512,False,t,MPC-Protect,pred,0.5,2,1.368359841254591,0.0,1.368359841254591,0.0,0.0,0.0,75758.69303508809,958.0,2.276779916679803,2023-12-25
17352,0.3,512,False,t,MPC-Protect,pred,0.5,4,1.3829501064824536,0.0,1.3829501064824536,0.0,0.0,0.0,75758.69303508809,958.0,2.35948466809379,2023-12-25
15336,0.5,500,False,t,MPC-Protect,pred,0.1,1,4.049838160881776,0.0064287635917009344,4.177391984898068,0.026845637583892617,0.0,0.0,113898.46651379707,1490.0,3.566798285713588,2023-10-02
15336,0.5,500,False,t,MPC-Protect,pred,0.1,2,4.058044847154182,0.005067130893439722,4.15858236312128,0.028187919463087248,0.0,0.0,113898.46651379707,1490.0,3.5325325151189917,2023-10-02
15336,0.5,500,False,t,MPC-Protect,pred,0.1,4,4.107292888913349,0.004671586071685438,4.19998235542818,0.022818791946308724,0.0,0.0,113898.46651379707,1490.0,3.4838738311875552,2023-10-02
15336,0.5,500,False,t,MPC-Protect,pred,0.2,1,4.04543549654151,0.006361952500774042,4.171663714161974,0.024832214765100672,0.0,0.0,113898.46651379707,1490.0,3.699205956740139,2023-10-02
15336,0.5,500,False,t,MPC-Protect,pred,0.2,2,4.055484382343408,0.007653385421413188,4.207336066302051,0.027516778523489934,0.0,0.0,113898.46651379707,1490.0,3.561101692666144,2023-10-02
15336,0.5,500,False,t,MPC-Protect,pred,0.2,4,4.106999406567708,0.004457502192460863,4.195441210671902,0.0174496644295302,0.0,0.0,113898.46651379707,1490.0,3.4873531211700954,2023-10-02
15336,0.5,500,False,t,MPC-Protect,pred,0.3,1,4.044117836669018,0.006380990715203701,4.170723793650761,0.025503355704697986,0.0,0.0,113898.46651379707,1490.0,3.6588373636082645,2023-10-02
15336,0.5,500,False,t,MPC-Protect,pred,0.3,2,4.056631848399592,0.0046230962595826455,4.148359223079606,0.022818791946308724,0.0,0.0,113898.46651379707,1490.0,3.830143848468549,2023-10-02
15336,0.5,500,False,t,MPC-Protect,pred,0.3,4,4.106800853079088,0.005141051012506965,4.208805026471719,0.02080536912751678,0.0,0.0,113898.46651379707,1490.0,3.7199061342154844,2023-10-02
15336,0.5,500,False,t,MPC-Protect,pred,0.5,1,4.049202366858531,0.006886386508407875,4.185835938815597,0.025503355704697986,0.0,0.0,113898.46651379707,1490.0,4.0599285064562345,2023-10-02
15336,0.5,500,False,t,MPC-Protect,pred,0.5,2,4.058245886479563,0.0053499805254466565,4.1643954539196155,0.02348993288590604,0.0,0.0,113898.46651379707,1490.0,3.9901495540926075,2023-10-02
15336,0.5,500,False,t,MPC-Protect,pred,0.5,4,4.108577741841118,0.004242699021896829,4.1927576119940255,0.020134228187919462,0.0,0.0,113898.46651379707,1490.0,3.683486757596193,2023-10-02
15504,0.5,501,False,t,MPC-Protect,pred,0.1,1,5.93087979869442,0.0022301910075926044,5.981182293754279,0.015394912985274432,0.0,0.0,116114.4954149879,1494.0,3.6444496304363345,2023-10-09
15504,0.5,501,False,t,MPC-Protect,pred,0.1,2,5.942243429752262,0.002117235394366172,5.989998183763501,0.01673360107095047,0.0,0.0,116114.4954149879,1494.0,3.7773219608622997,2023-10-09
15504,0.5,501,False,t,MPC-Protect,pred,0.1,4,5.997793658658329,0.00047423204281235327,6.00849007654791,0.004685408299866131,0.0,0.0,116114.4954149879,1494.0,4.7622720436726516,2023-10-09
15504,0.5,501,False,t,MPC-Protect,pred,0.2,1,5.9323787858300765,0.0022517316661603694,5.983167135629508,0.020080321285140562,0.0,0.0,116114.4954149879,1494.0,4.79305451303251,2023-10-09
15504,0.5,501,False,t,MPC-Protect,pred,0.2,2,5.9417515297473456,0.002181427997272267,5.990954163370498,0.01740294511378849,0.0,0.0,116114.4954149879,1494.0,4.311051139080993,2023-10-09
15504,0.5,501,False,t,MPC-Protect,pred,0.2,4,5.994917040712839,0.0004743300744706196,6.005615669730071,0.004016064257028112,0.0,0.0,116114.4954149879,1494.0,4.4945458471633035,2023-10-09
15504,0.5,501,False,t,MPC-Protect,pred,0.3,1,5.9312259075967955,0.002503564489494682,5.987694407351347,0.01673360107095047,0.0,0.0,116114.4954149879,1494.0,3.955927726161937,2023-10-09
15504,0.5,501,False,t,MPC-Protect,pred,0.3,2,5.9411240605052695,0.002107814952607038,5.988666334184808,0.018741633199464525,0.0,0.0,116114.4954149879,1494.0,4.254788634787711,2023-10-09
15504,0.5,501,False,t,MPC-Protect,pred,0.3,4,5.994296733179128,0.0005403492533472711,6.006484440669008,0.002677376171352075,0.0,0.0,116114.4954149879,1494.0,4.068917074229878,2023-10-09
15504,0.5,501,False,t,MPC-Protect,pred,0.5,1,5.931335938573645,0.0022088397295017587,5.98115685041618,0.020080321285140562,0.0,0.0,116114.4954149879,1494.0,4.652595826104042,2023-10-09
15504,0.5,501,False,t,MPC-Protect,pred,0.5,2,5.942380357491061,0.0020832823399367147,5.989369292185977,0.018072289156626505,0.0,0.0,116114.4954149879,1494.0,4.097634534805959,2023-10-09
15504,0.5,501,False,t,MPC-Protect,pred,0.5,4,5.9950732009939784,0.0004994449823710782,6.006338302804927,0.002008032128514056,0.0,0.0,116114.4954149879,1494.0,3.9336571834209235,2023-10-09
15672,0.5,502,False,t,MPC-Protect,pred,0.1,1,5.973174954458037,0.002712913493973696,6.041034424505359,0.02151238591916558,0.0,0.0,117710.60274682064,1534.0,4.116280175736263,2023-10-16
15672,0.5,502,False,t,MPC-Protect,pred,0.1,2,5.983194724189879,0.0012957145482181405,6.015605084037327,0.007822685788787484,0.0,0.0,117710.60274682064,1534.0,4.164873197455678,2023-10-16
15672,0.5,502,False,t,MPC-Protect,pred,0.1,4,6.013672603100929,0.0009778638843895102,6.038132404388544,0.005867014341590613,0.0,0.0,117710.60274682064,1534.0,3.763405635597445,2023-10-16
15672,0.5,502,False,t,MPC-Protect,pred,0.2,1,5.970261230615935,0.0029913242802393734,6.0450847297240475,0.01694915254237288,0.0,0.0,117710.60274682064,1534.0,4.065828159045888,2023-10-16
15672,0.5,502,False,t,MPC-Protect,pred,0.2,2,5.980934280855873,0.0011881184588886336,6.010653285591085,0.007822685788787484,0.0,0.0,117710.60274682064,1534.0,4.042981382324705,2023-10-16
15672,0.5,502,False,t,MPC-Protect,pred,0.2,4,6.012101581870044,0.0007850207139171554,6.031737699918378,0.003911342894393742,0.0,0.0,117710.60274682064,1534.0,3.735439343214331,2023-10-16
15672,0.5,502,False,t,MPC-Protect,pred,0.3,1,5.970854870972211,0.002905613486107305,6.043534442866994,0.02151238591916558,0.0,0.0,117710.60274682064,1534.0,3.6208698033588615,2023-10-16
15672,0.5,502,False,t,MPC-Protect,pred,0.3,2,5.981175089216704,0.0015196317903666946,6.019186403691129,0.01108213820078227,0.0,0.0,117710.60274682064,1534.0,3.5880475630512914,2023-10-16
15672,0.5,502,False,t,MPC-Protect,pred,0.3,4,6.01386792965457,0.0009308835594119923,6.037152588438487,0.0045632333767926985,0.0,0.0,117710.60274682064,1534.0,3.7141795423656854,2023-10-16
15672,0.5,502,False,t,MPC-Protect,pred,0.5,1,5.968730450243915,0.0027467722351473575,6.037436846017993,0.02216427640156454,0.0,0.0,117710.60274682064,1534.0,3.873369393343382,2023-10-16
15672,0.5,502,False,t,MPC-Protect,pred,0.5,2,5.982077825172101,0.0014508198144371515,6.018367911074416,0.00847457627118644,0.0,0.0,117710.60274682064,1534.0,4.304595432742889,2023-10-16
15672,0.5,502,False,t,MPC-Protect,pred,0.5,4,6.014050595009332,0.0009562565092881741,6.037969920153219,0.005867014341590613,0.0,0.0,117710.60274682064,1534.0,4.230132898359351,2023-10-16
15840,0.5,503,False,t,MPC-Protect,pred,0.1,1,8.387965761874222,0.00656102143545046,8.563535578620948,0.045787545787545784,0.0,0.0,125927.17619749843,1638.0,4.078184104112786,2023-10-23
15840,0.5,503,False,t,MPC-Protect,pred,0.1,2,8.396523668462956,0.004935134810428958,8.528585531514608,0.033577533577533576,0.0,0.0,125927.17619749843,1638.0,4.323457601808164,2023-10-23
15840,0.5,503,False,t,MPC-Protect,pred,0.1,4,8.461906830753337,0.0018534441862715935,8.511504116684419,0.010378510378510378,0.0,0.0,125927.17619749843,1638.0,4.427757253406979,2023-10-23
15840,0.5,503,False,t,MPC-Protect,pred,0.2,1,8.387011110660117,0.006718576704882184,8.566797031568939,0.04884004884004884,0.0,0.0,125927.17619749843,1638.0,4.890883493247272,2023-10-23
15840,0.5,503,False,t,MPC-Protect,pred,0.2,2,8.396639245530627,0.004776567243384312,8.524457915816958,0.03968253968253968,0.0,0.0,125927.17619749843,1638.0,5.292866909513162,2023-10-23
15840,0.5,503,False,t,MPC-Protect,pred,0.2,4,8.459621770804231,0.001925361758582229,8.511143536805326,0.0115995115995116,0.0,0.0,125927.17619749843,1638.0,3.8649131040806814,2023-10-23
15840,0.5,503,False,t,MPC-Protect,pred,0.3,1,8.386270103456733,0.006721839688784815,8.566143340264684,0.04700854700854701,0.0,0.0,125927.17619749843,1638.0,4.426100493182527,2023-10-23
15840,0.5,503,False,t,MPC-Protect,pred,0.3,2,8.393159394514084,0.0048839896657014905,8.523852637789739,0.03235653235653236,0.0,0.0,125927.17619749843,1638.0,4.18767887329037,2023-10-23
15840,0.5,503,False,t,MPC-Protect,pred,0.3,4,8.460736654282833,0.0016812668062790922,8.50572655531956,0.010378510378510378,0.0,0.0,125927.17619749843,1638.0,4.275989176482954,2023-10-23
15840,0.5,503,False,t,MPC-Protect,pred,0.5,1,8.388530268291062,0.007148732247849695,8.579826947180848,0.04945054945054945,0.0,0.0,125927.17619749843,1638.0,4.300239796403767,2023-10-23
15840,0.5,503,False,t,MPC-Protect,pred,0.5,2,8.397372484945546,0.004260247795035648,8.511374692075767,0.03785103785103785,0.0,0.0,125927.17619749843,1638.0,4.596570361991737,2023-10-23
15840,0.5,503,False,t,MPC-Protect,pred,0.5,4,8.459982771974564,0.001713991713516824,8.505848375982744,0.009768009768009768,0.0,0.0,125927.17619749843,1638.0,3.9899946696630866,2023-10-23
16008,0.5,504,False,t,MPC-Protect,pred,0.1,1,5.34034509251941,0.0010457152787022438,5.361013181310986,0.010526315789473684,0.0,0.0,114743.37890450687,1520.0,3.8939997935696335,2023-10-30
16008,0.5,504,False,t,MPC-Protect,pred,0.1,2,5.34879527465686,0.0009538165418335722,5.367647026542856,0.006578947368421052,0.0,0.0,114743.37890450687,1520.0,3.86240299087082,2023-10-30
16008,0.5,504,False,t,MPC-Protect,pred,0.1,4,5.423349256942462,0.0,5.423349256942462,0.0,0.0,0.0,114743.37890450687,1520.0,3.8128669357945975,2023-10-30
16008,0.5,504,False,t,MPC-Protect,pred,0.2,1,5.334615341136124,0.0012473522572915598,5.359268693471253,0.009868421052631578,0.0,0.0,114743.37890450687,1520.0,3.9157021834573844,2023-10-30
16008,0.5,504,False,t,MPC-Protect,pred,0.2,2,5.349847067300014,0.0010327599149739187,5.370259099196068,0.009868421052631578,0.0,0.0,114743.37890450687,1520.0,3.454001908262774,2023-10-30
16008,0.5,504,False,t,MPC-Protect,pred,0.2,4,5.422786817565941,0.0,5.422786817565941,0.0,0.0,0.0,114743.37890450687,1520.0,3.5485141834757385,2023-10-30
16008,0.5,504,False,t,MPC-Protect,pred,0.3,1,5.3355133886101935,0.0010451012803248492,5.356169342001971,0.0059210526315789476,0.0,0.0,114743.37890450687,1520.0,3.5336370137675335,2023-10-30
16008,0.5,504,False,t,MPC-Protect,pred,0.3,2,5.348537208265927,0.0009064688935116256,5.366453155330552,0.007236842105263158,0.0,0.0,114743.37890450687,1520.0,3.535531399046946,2023-10-30
16008,0.5,504,False,t,MPC-Protect,pred,0.3,4,5.424187411713522,0.0,5.424187411713522,0.0,0.0,0.0,114743.37890450687,1520.0,3.380048344013697,2023-10-30
16008,0.5,504,False,t,MPC-Protect,pred,0.5,1,5.336217574422218,0.0010811161082385232,5.357585344573579,0.010526315789473684,0.0,0.0,114743.37890450687,1520.0,3.562191922038779,2023-10-30
16008,0.5,504,False,t,MPC-Protect,pred,0.5,2,5.348509443294337,0.0009536871620185757,5.3673586380468965,0.009210526315789473,0.0,0.0,114743.37890450687,1520.0,3.5660491651411377,2023-10-30
16008,0.5,504,False,t,MPC-Protect,pred,0.5,4,5.423503022671037,0.0,5.423503022671037,0.0,0.0,0.0,114743.37890450687,1520.0,3.837727091720791,2023-10-30
16176,0.5,505,False,t,MPC-Protect,pred,0.1,1,6.515275925567799,0.0005670140100527865,6.527971123579427,0.006574621959237344,0.0,0.0,113797.0354469592,1521.0,3.451211253402243,2023-11-06
16176,0.5,505,False,t,MPC-Protect,pred,0.1,2,6.528542366841264,0.0001747496942038649,6.532454936779673,0.003287310979618672,0.0,0.0,113797.0354469592,1521.0,3.654621651614796,2023-11-06
16176,0.5,505,False,t,MPC-Protect,pred,0.1,4,6.630677881538641,0.0,6.630677881538641,0.0,0.0,0.0,113797.0354469592,1521.0,3.7666898778960336,2023-11-06
16176,0.5,505,False,t,MPC-Protect,pred,0.2,1,6.5143163506736315,0.0006344356540069281,6.528521090081224,0.005917159763313609,0.0,0.0,113797.0354469592,1521.0,3.8749875384259442,2023-11-06
16176,0.5,505,False,t,MPC-Protect,pred,0.2,2,6.528303069492529,5.6086227765775185e-05,6.529558815831399,0.0019723865877712033,0.0,0.0,113797.0354469592,1521.0,4.059207882362165,2023-11-06
16176,0.5,505,False,t,MPC-Protect,pred,0.2,4,6.63092070172798,0.0,6.63092070172798,0.0,0.0,0.0,113797.0354469592,1521.0,3.463435081485178,2023-11-06
16176,0.5,505,False,t,MPC-Protect,pred,0.3,1,6.515281871971939,0.0006035302861439506,6.5287946535836285,0.007889546351084813,0.0,0.0,113797.0354469592,1521.0,3.514739606321797,2023-11-06
16176,0.5,505,False,t,MPC-Protect,pred,0.3,2,6.527384416152511,0.00019183571493421633,6.531679534692113,0.0013149243918474688,0.0,0.0,113797.0354469592,1521.0,3.5676161402795814,2023-11-06
16176,0.5,505,False,t,MPC-Protect,pred,0.3,4,6.631133400797771,0.0,6.631133400797771,0.0,0.0,0.0,113797.0354469592,1521.0,3.4658514207905387,2023-11-06
16176,0.5,505,False,t,MPC-Protect,pred,0.5,1,6.515427764141614,0.0006318426085890136,6.529574446385802,0.006574621959237344,0.0,0.0,113797.0354469592,1521.0,4.005607515876886,2023-11-06
16176,0.5,505,False,t,MPC-Protect,pred,0.5,2,6.5267431971747465,0.00020614682084225505,6.531358735174973,0.0039447731755424065,0.0,0.0,113797.0354469592,1521.0,3.650031972880835,2023-11-06
16176,0.5,505,False,t,MPC-Protect,pred,0.5,4,6.630670841810075,0.0,6.630670841810075,0.0,0.0,0.0,113797.0354469592,1521.0,3.5416844977170023,2023-11-06
16344,0.5,506,False,t,MPC-Protect,pred,0.1,1,7.957700298210109,0.005620507614379918,8.0985195755281,0.029335071707953065,0.0,0.0,114535.07617219127,1534.0,3.545073216181671,2023-11-13
16344,0.5,506,False,t,MPC-Protect,pred,0.1,2,7.968094857916806,0.004477016936825621,8.080264493266325,0.01955671447196871,0.0,0.0,114535.07617219127,1534.0,3.7487902792883427,2023-11-13
16344,0.5,506,False,t,MPC-Protect,pred,0.1,4,8.046992954368568,0.0040603537617327715,8.148723282234277,0.01303780964797914,0.0,0.0,114535.07617219127,1534.0,3.398643153121173,2023-11-13
16344,0.5,506,False,t,MPC-Protect,pred,0.2,1,7.9569594146867075,0.004608056793627262,8.072412194406931,0.02607561929595828,0.0,0.0,114535.07617219127,1534.0,3.5414222882921806,2023-11-13
16344,0.5,506,False,t,MPC-Protect,pred,0.2,2,7.96834881366087,0.0038532819716014027,8.064891051439373,0.01955671447196871,0.0,0.0,114535.07617219127,1534.0,3.596926603615823,2023-11-13
16344,0.5,506,False,t,MPC-Protect,pred,0.2,4,8.041391903692153,0.004261618281781991,8.148164823118556,0.013689700130378096,0.0,0.0,114535.07617219127,1534.0,3.7609537657403593,2023-11-13
16344,0.5,506,False,t,MPC-Protect,pred,0.3,1,7.959015310474409,0.004955481330062627,8.08317265488879,0.02803129074315515,0.0,0.0,114535.07617219127,1534.0,3.4751739819823655,2023-11-13
16344,0.5,506,False,t,MPC-Protect,pred,0.3,2,7.967241032306227,0.0047296519076522265,8.085740322636736,0.022816166883963495,0.0,0.0,114535.07617219127,1534.0,3.5254711395954237,2023-11-13
16344,0.5,506,False,t,MPC-Protect,pred,0.3,4,8.044589643393017,0.003728148033643688,8.137996706927458,0.013689700130378096,0.0,0.0,114535.07617219127,1534.0,3.4634661396307207,2023-11-13
16344,0.5,506,False,t,MPC-Protect,pred,0.5,1,7.957033974066572,0.005540954473724232,8.095860083410402,0.02803129074315515,0.0,0.0,114535.07617219127,1534.0,3.548926135085043,2023-11-13
16344,0.5,506,False,t,MPC-Protect,pred,0.5,2,7.968552216656679,0.004947685143662914,8.09251423114537,0.022816166883963495,0.0,0.0,114535.07617219127,1534.0,3.536731328814632,2023-11-13
16344,0.5,506,False,t,MPC-Protect,pred,0.5,4,8.044418451794941,0.0035045561864396834,8.132223522680727,0.01564537157757497,0.0,0.0,114535.07617219127,1534.0,3.5098048964149107,2023-11-13
16512,0.5,507,False,t,MPC-Protect,pred,0.1,1,7.396656155726218,0.0009797792046915366,7.419497694831313,0.013333333333333334,0.0,0.0,115267.9624331729,1500.0,3.618116324302006,2023-11-20
16512,0.5,507,False,t,MPC-Protect,pred,0.1,2,7.402877076330592,0.0002242860929510127,7.408105845770011,0.0026666666666666666,0.0,0.0,115267.9624331729,1500.0,4.070857788286269,2023-11-20
16512,0.5,507,False,t,MPC-Protect,pred,0.1,4,7.4488647841717786,0.0,7.4488647841717786,0.0,0.0,0.0,115267.9624331729,1500.0,3.561340995462547,2023-11-20
16512,0.5,507,False,t,MPC-Protect,pred,0.2,1,7.394094872969454,0.0010173055383489405,7.417811261442246,0.011333333333333334,0.0,0.0,115267.9624331729,1500.0,4.091236878327624,2023-11-20
16512,0.5,507,False,t,MPC-Protect,pred,0.2,2,7.40320445741426,0.00022426032123837623,7.40843262603915,0.004,0.0,0.0,115267.9624331729,1500.0,3.848539022521174,2023-11-20
16512,0.5,507,False,t,MPC-Protect,pred,0.2,4,7.449508799974043,0.0,7.449508799974043,0.0,0.0,0.0,115267.9624331729,1500.0,3.812103466104389,2023-11-20
16512,0.5,507,False,t,MPC-Protect,pred,0.3,1,7.392820193041102,0.0011071958314264757,7.418632189008591,0.010666666666666666,0.0,0.0,115267.9624331729,1500.0,3.605791297317623,2023-11-20
16512,0.5,507,False,t,MPC-Protect,pred,0.3,2,7.403437615869967,0.0003287849518909669,7.411102561502436,0.006666666666666667,0.0,0.0,115267.9624331729,1500.0,3.748053045042111,2023-11-20
16512,0.5,507,False,t,MPC-Protect,pred,0.3,4,7.449283547068847,0.0,7.449283547068847,0.0,0.0,0.0,115267.9624331729,1500.0,3.5933911946002444,2023-11-20
16512,0.5,507,False,t,MPC-Protect,pred,0.5,1,7.393245165323087,0.001133312369987051,7.41966601472813,0.008,0.0,0.0,115267.9624331729,1500.0,3.665790990981878,2023-11-20
16512,0.5,507,False,t,MPC-Protect,pred,0.5,2,7.4040777884556555,0.00022339665871860565,7.409285822563376,0.004,0.0,0.0,115267.9624331729,1500.0,3.9635636261467684,2023-11-20
16512,0.5,507,False,t,MPC-Protect,pred,0.5,4,7.450675235084961,0.0,7.450675235084961,0.0,0.0,0.0,115267.9624331729,1500.0,3.9327369094943156,2023-11-20
16680,0.5,508,False,t,MPC-Protect,pred,0.1,1,12.12386623209948,0.012303421314756336,12.422700276318626,0.04339502233567326,0.0,0.0,117195.14939128078,1567.0,4.326663615423499,2023-11-27
16680,0.5,508,False,t,MPC-Protect,pred,0.1,2,12.135363568900313,0.01165870292952937,12.418538245085891,0.042756860242501596,0.0,0.0,117195.14939128078,1567.0,3.941986737545984,2023-11-27
16680,0.5,508,False,t,MPC-Protect,pred,0.1,4,12.192872687971267,0.006762793861397348,12.357132123466492,0.026802807913209957,0.0,0.0,117195.14939128078,1567.0,4.162888570164499,2023-11-27
16680,0.5,508,False,t,MPC-Protect,pred,0.2,1,12.123480861124866,0.013168327354845442,12.443322344105734,0.0408423739629866,0.0,0.0,117195.14939128078,1567.0,3.8419273167255183,2023-11-27
16680,0.5,508,False,t,MPC-Protect,pred,0.2,2,12.136225253921646,0.011464840762314302,12.414691271111659,0.04020421186981493,0.0,0.0,117195.14939128078,1567.0,3.985683760158396,2023-11-27
16680,0.5,508,False,t,MPC-Protect,pred,0.2,4,12.192969018533802,0.005583643444313534,12.328588429529725,0.03063178047223995,0.0,0.0,117195.14939128078,1567.0,3.770908511335813,2023-11-27
16680,0.5,508,False,t,MPC-Protect,pred,0.3,1,12.123933483278819,0.012331187802157242,12.423441939233651,0.04467134652201659,0.0,0.0,117195.14939128078,1567.0,3.9844181854574154,2023-11-27
16680,0.5,508,False,t,MPC-Protect,pred,0.3,2,12.134213217880518,0.01159722512177596,12.41589467836205,0.0408423739629866,0.0,0.0,117195.14939128078,1567.0,3.949123248876852,2023-11-27
16680,0.5,508,False,t,MPC-Protect,pred,0.3,4,12.19119808167012,0.005850734269429326,12.333304780177482,0.025526483726866625,0.0,0.0,117195.14939128078,1567.0,3.756272117634457,2023-11-27
16680,0.5,508,False,t,MPC-Protect,pred,0.5,1,12.123219513834574,0.011815718525316063,12.410207893891135,0.042118698149329926,0.0,0.0,117195.14939128078,1567.0,4.1261301538399975,2023-11-27
16680,0.5,508,False,t,MPC-Protect,pred,0.5,2,12.133799651937872,0.011795449577375524,12.420295725705786,0.042756860242501596,0.0,0.0,117195.14939128078,1567.0,3.908866959239387,2023-11-27
16680,0.5,508,False,t,MPC-Protect,pred,0.5,4,12.192243782758846,0.005522325498836072,12.326373860896739,0.023611997447351627,0.0,0.0,117195.14939128078,1567.0,3.9381994660478217,2023-11-27
16848,0.5,509,False,t,MPC-Protect,pred,0.1,1,7.142743164373396,5.532968897586163e-05,7.143937563131176,0.0006872852233676976,0.0,0.0,113168.7626501414,1455.0,3.493951710447515,2023-12-04
16848,0.5,509,False,t,MPC-Protect,pred,0.1,2,7.148342833033663,0.00023748294218946025,7.15346936340814,0.0027491408934707906,0.0,0.0,113168.7626501414,1455.0,3.4319342941210573,2023-12-04
16848,0.5,509,False,t,MPC-Protect,pred,0.1,4,7.200874954460832,0.0,7.200874954460832,0.0,0.0,0.0,113168.7626501414,1455.0,3.3755613574662036,2023-12-04
16848,0.5,509,False,t,MPC-Protect,pred,0.2,1,7.141087662877807,0.0003031413099539144,7.147631556594592,0.004123711340206186,0.0,0.0,113168.7626501414,1455.0,3.743017746598949,2023-12-04
16848,0.5,509,False,t,MPC-Protect,pred,0.2,2,7.147702283873081,1.793049717413086e-05,7.148089348466207,0.0006872852233676976,0.0,0.0,113168.7626501414,1455.0,3.515345031680568,2023-12-04
16848,0.5,509,False,t,MPC-Protect,pred,0.2,4,7.200417963762099,0.0,7.200417963762099,0.0,0.0,0.0,113168.7626501414,1455.0,3.350221339322293,2023-12-04
16848,0.5,509,False,t,MPC-Protect,pred,0.3,1,7.142821975256416,0.00015701699493242462,7.1462114919366835,0.002061855670103093,0.0,0.0,113168.7626501414,1455.0,3.510385131201935,2023-12-04
16848,0.5,509,False,t,MPC-Protect,pred,0.3,2,7.146317152946697,0.0001871711519898493,7.150357605650607,0.003436426116838488,0.0,0.0,113168.7626501414,1455.0,3.5277188325631887,2023-12-04
16848,0.5,509,False,t,MPC-Protect,pred,0.3,4,7.198952084709204,0.0,7.198952084709204,0.0,0.0,0.0,113168.7626501414,1455.0,3.8470134389324286,2023-12-04
16848,0.5,509,False,t,MPC-Protect,pred,0.5,1,7.14363947190033,0.00015509794097927032,7.146987562075222,0.002061855670103093,0.0,0.0,113168.7626501414,1455.0,3.6100467239899707,2023-12-04
16848,0.5,509,False,t,MPC-Protect,pred,0.5,2,7.1465283058704125,6.497633998000439e-05,7.147930946318855,0.0013745704467353953,0.0,0.0,113168.7626501414,1455.0,3.5082135565675534,2023-12-04
16848,0.5,509,False,t,MPC-Protect,pred,0.5,4,7.197781339744544,0.0,7.197781339744544,0.0,0.0,0.0,113168.7626501414,1455.0,3.476595122158281,2023-12-04
17016,0.5,510,False,t,MPC-Protect,pred,0.1,1,6.532515879203599,0.006424538464288056,6.671096541408558,0.03576158940397351,0.0,0.0,113082.6955013234,1510.0,3.6319237783058624,2023-12-11
17016,0.5,510,False,t,MPC-Protect,pred,0.1,2,6.537921696260421,0.0055755040537469325,6.658188241194292,0.02847682119205298,0.0,0.0,113082.6955013234,1510.0,3.4743927104516934,2023-12-11
17016,0.5,510,False,t,MPC-Protect,pred,0.1,4,6.586563902466693,0.0016041272493600794,6.621165768065761,0.01456953642384106,0.0,0.0,113082.6955013234,1510.0,3.4421614343922373,2023-12-11
17016,0.5,510,False,t,MPC-Protect,pred,0.2,1,6.530958663240249,0.005776168310906144,6.655553641382602,0.030463576158940398,0.0,0.0,113082.6955013234,1510.0,3.609013334833402,2023-12-11
17016,0.5,510,False,t,MPC-Protect,pred,0.2,2,6.538148014761611,0.004592627417266452,6.637213395455221,0.025165562913907286,0.0,0.0,113082.6955013234,1510.0,3.852152456980811,2023-12-11
17016,0.5,510,False,t,MPC-Protect,pred,0.2,4,6.588755058838611,0.002826709126009855,6.649728656353941,0.016556291390728478,0.0,0.0,113082.6955013234,1510.0,3.4485051312077712,2023-12-11
17016,0.5,510,False,t,MPC-Protect,pred,0.3,1,6.528741113885321,0.005973927791202542,6.657601867676636,0.03774834437086093,0.0,0.0,113082.6955013234,1510.0,3.542902891413219,2023-12-11
17016,0.5,510,False,t,MPC-Protect,pred,0.3,2,6.5377980700510925,0.00578098472975863,6.662496940872701,0.02847682119205298,0.0,0.0,113082.6955013234,1510.0,3.6296720271372385,2023-12-11
17016,0.5,510,False,t,MPC-Protect,pred,0.3,4,6.58734632408121,0.0016701656665436774,6.62337267295408,0.017218543046357615,0.0,0.0,113082.6955013234,1510.0,3.948801470540283,2023-12-11
17016,0.5,510,False,t,MPC-Protect,pred,0.5,1,6.530319802283892,0.006376123353987393,6.667856125182069,0.03245033112582781,0.0,0.0,113082.6955013234,1510.0,3.5718691312521353,2023-12-11
17016,0.5,510,False,t,MPC-Protect,pred,0.5,2,6.538960558121286,0.005358420292450172,6.654544492535869,0.025165562913907286,0.0,0.0,113082.6955013234,1510.0,3.6705003483770087,2023-12-11
17016,0.5,510,False,t,MPC-Protect,pred,0.5,4,6.589540205794984,0.0018165145024525646,6.628723375769621,0.010596026490066225,0.0,0.0,113082.6955013234,1510.0,3.5951252669691636,2023-12-11
17184,0.5,511,False,t,MPC-Protect,pred,0.1,1,2.301152981941415,0.0008497941509262507,2.314861975944396,0.005802707930367505,0.0,0.0,118184.13952197897,1551.0,3.5472852533814345,2023-12-18
17184,0.5,511,False,t,MPC-Protect,pred,0.1,2,2.304842212813864,5.0193788141481296e-05,2.30565194578257,0.0012894906511927789,0.0,0.0,118184.13952197897,1551.0,4.054436533929899,2023-12-18
17184,0.5,511,False,t,MPC-Protect,pred,0.1,4,2.321226317149868,0.0,2.321226317149868,0.0,0.0,0.0,118184.13952197897,1551.0,3.4819698145027904,2023-12-18
17184,0.5,511,False,t,MPC-Protect,pred,0.2,1,2.3015709249145204,0.00039027944692230114,2.307866965657461,0.0051579626047711154,0.0,0.0,118184.13952197897,1551.0,3.721856855194001,2023-12-18
17184,0.5,511,False,t,MPC-Protect,pred,0.2,2,2.305029880153048,0.0,2.305029880153048,0.0,0.0,0.0,118184.13952197897,1551.0,4.08257649326832,2023-12-18
17184,0.5,511,False,t,MPC-Protect,pred,0.2,4,2.3205133978358004,0.0,2.3205133978358004,0.0,0.0,0.0,118184.13952197897,1551.0,3.5103266742160124,2023-12-18
17184,0.5,511,False,t,MPC-Protect,pred,0.3,1,2.301555586950345,0.00031272248901663066,2.3066004683746915,0.0019342359767891683,0.0,0.0,118184.13952197897,1551.0,4.504018846178062,2023-12-18
17184,0.5,511,False,t,MPC-Protect,pred,0.3,2,2.3053356429912863,0.0,2.3053356429912863,0.0,0.0,0.0,118184.13952197897,1551.0,3.710680882385824,2023-12-18
17184,0.5,511,False,t,MPC-Protect,pred,0.3,4,2.3209020479940183,0.0,2.3209020479940183,0.0,0.0,0.0,118184.13952197897,1551.0,4.072873696853863,2023-12-18
17184,0.5,511,False,t,MPC-Protect,pred,0.5,1,2.3023920320148563,0.00022488249793381688,2.3060198668407255,0.004513217279174726,0.0,0.0,118184.13952197897,1551.0,3.881983552052354,2023-12-18
17184,0.5,511,False,t,MPC-Protect,pred,0.5,2,2.3051124434292887,0.0,2.3051124434292887,0.0,0.0,0.0,118184.13952197897,1551.0,3.726163683215698,2023-12-18
17184,0.5,511,False,t,MPC-Protect,pred,0.5,4,2.321192190247076,0.0,2.321192190247076,0.0,0.0,0.0,118184.13952197897,1551.0,3.640829113102709,2023-12-18
17352,0.5,512,False,t,MPC-Protect,pred,0.1,1,2.0844383155509463,0.000731032056005052,2.096985699522658,0.005124919923126201,0.0,0.0,120237.69722299729,1561.0,4.34442031620266,2023-12-25
17352,0.5,512,False,t,MPC-Protect,pred,0.1,2,2.0881181719529907,0.0002776114786509727,2.0928830762947017,0.0025624599615631004,0.0,0.0,120237.69722299729,1561.0,4.460771529912975,2023-12-25
17352,0.5,512,False,t,MPC-Protect,pred,0.1,4,2.1064060513085545,0.0,2.1064060513085545,0.0,0.0,0.0,120237.69722299729,1561.0,4.1210813390616865,2023-12-25
17352,0.5,512,False,t,MPC-Protect,pred,0.2,1,2.0843465278018516,0.001005955429404312,2.1016126776614645,0.0064061499039077515,0.0,0.0,120237.69722299729,1561.0,3.8794847265136894,2023-12-25
17352,0.5,512,False,t,MPC-Protect,pred,0.2,2,2.0889716149247386,0.00031690557695249276,2.094410960469351,0.0032030749519538757,0.0,0.0,120237.69722299729,1561.0,4.030417004267868,2023-12-25
17352,0.5,512,False,t,MPC-Protect,pred,0.2,4,2.1061318195066705,0.0,2.1061318195066705,0.0,0.0,0.0,120237.69722299729,1561.0,3.9330540858308436,2023-12-25
17352,0.5,512,False,t,MPC-Protect,pred,0.3,1,2.0844268206256995,0.0006628463341047005,2.095803869552533,0.005124919923126201,0.0,0.0,120237.69722299729,1561.0,4.037372209386687,2023-12-25
17352,0.5,512,False,t,MPC-Protect,pred,0.3,2,2.0877836767313633,0.000522726396173585,2.096755716672788,0.003843689942344651,0.0,0.0,120237.69722299729,1561.0,3.9893581281978543,2023-12-25
17352,0.5,512,False,t,MPC-Protect,pred,0.3,4,2.1064823345207615,0.0,2.1064823345207615,0.0,0.0,0.0,120237.69722299729,1561.0,4.046382081605966,2023-12-25
17352,0.5,512,False,t,MPC-Protect,pred,0.5,1,2.0839845107131785,0.000673696836148209,2.095547796911425,0.005765534913516977,0.0,0.0,120237.69722299729,1561.0,4.009186893180079,2023-12-25
17352,0.5,512,False,t,MPC-Protect,pred,0.5,2,2.0883009626207105,0.00030297345492879613,2.093501178180343,0.0025624599615631004,0.0,0.0,120237.69722299729,1561.0,3.894251145297897,2023-12-25
17352,0.5,512,False,t,MPC-Protect,pred,0.5,4,2.1058496963530255,0.0,2.1058496963530255,0.0,0.0,0.0,120237.69722299729,1561.0,3.900246193173817,2023-12-25
15336,0.7,500,False,t,MPC-Protect,pred,0.1,1,6.330772441439287,0.25409140421363013,13.698902815619984,0.38725939505041246,0.0,0.0,166463.55983189825,2182.0,8.587935008709673,2023-10-02
15336,0.7,500,False,t,MPC-Protect,pred,0.1,2,6.3429557462080925,0.2515764808009378,13.63815849167524,0.37396883593033914,0.0,0.0,166463.55983189825,2182.0,7.712203143439736,2023-10-02
15336,0.7,500,False,t,MPC-Protect,pred,0.1,4,6.3690935747541975,0.25386157269282583,13.730559305498321,0.37167736021998166,0.0,0.0,166463.55983189825,2182.0,8.242290799993814,2023-10-02
15336,0.7,500,False,t,MPC-Protect,pred,0.2,1,6.3290694408265855,0.246392645867747,13.473951589089,0.387717690192484,0.0,0.0,166463.55983189825,2182.0,7.6773599564702355,2023-10-02
15336,0.7,500,False,t,MPC-Protect,pred,0.2,2,6.341243037341089,0.25592607122655137,13.762574997723604,0.38588450962419796,0.0,0.0,166463.55983189825,2182.0,7.834183704365031,2023-10-02
15336,0.7,500,False,t,MPC-Protect,pred,0.2,4,6.373783569596013,0.25151225672824035,13.667123948477952,0.3675527039413382,0.0,0.0,166463.55983189825,2182.0,8.053795891270926,2023-10-02
15336,0.7,500,False,t,MPC-Protect,pred,0.3,1,6.3301850354334315,0.2501303815398341,13.583453863762397,0.38588450962419796,0.0,0.0,166463.55983189825,2182.0,8.166191921681394,2023-10-02
15336,0.7,500,False,t,MPC-Protect,pred,0.3,2,6.338777772248628,0.25808127759136706,13.822606303612641,0.37992667277726855,0.0,0.0,166463.55983189825,2182.0,7.7053715652096875,2023-10-02
15336,0.7,500,False,t,MPC-Protect,pred,0.3,4,6.368613540359431,0.24878650029882712,13.58291256480306,0.3712190650779102,0.0,0.0,166463.55983189825,2182.0,7.400901499955659,2023-10-02
15336,0.7,500,False,t,MPC-Protect,pred,0.5,1,6.329563692546835,0.2617841081816365,13.920766728086013,0.38955087076076994,0.0,0.0,166463.55983189825,2182.0,7.716297386974949,2023-10-02
15336,0.7,500,False,t,MPC-Protect,pred,0.5,2,6.343908092412362,0.2567396921988364,13.788833394795239,0.37763519706691107,0.0,0.0,166463.55983189825,2182.0,8.258933278221262,2023-10-02
15336,0.7,500,False,t,MPC-Protect,pred,0.5,4,6.370123093365047,0.2582514468845027,13.858886185744165,0.37259395050412464,0.0,0.0,166463.55983189825,2182.0,8.075297230460938,2023-10-02
15504,0.7,501,False,t,MPC-Protect,pred,0.1,1,8.493112389295447,0.1539526422442872,13.445057592653352,0.3348772579898101,0.0,0.0,165587.5406092412,2159.0,6.989477017338107,2023-10-09
15504,0.7,501,False,t,MPC-Protect,pred,0.1,2,8.48154399117218,0.1518249487045298,13.365051123803772,0.3158869847151459,0.0,0.0,165587.5406092412,2159.0,6.896920861444103,2023-10-09
15504,0.7,501,False,t,MPC-Protect,pred,0.1,4,8.499281250702568,0.1403253822419052,13.01290046095001,0.3047707271885132,0.0,0.0,165587.5406092412,2159.0,7.3146052727758235,2023-10-09
15504,0.7,501,False,t,MPC-Protect,pred,0.2,1,8.49092746310416,0.1605226759461879,13.654200295541678,0.3446039833256137,0.0,0.0,165587.5406092412,2159.0,8.379452961027662,2023-10-09
15504,0.7,501,False,t,MPC-Protect,pred,0.2,2,8.475672609246317,0.15135329514347254,13.344008825969766,0.33070866141732286,0.0,0.0,165587.5406092412,2159.0,6.81533806061464,2023-10-09
15504,0.7,501,False,t,MPC-Protect,pred,0.2,4,8.49570650271659,0.13776424323088368,12.926945704047808,0.29550717924965264,0.0,0.0,165587.5406092412,2159.0,7.154694056284766,2023-10-09
15504,0.7,501,False,t,MPC-Protect,pred,0.3,1,8.48319334468627,0.15194262237973039,13.370485495768838,0.32978230662343677,0.0,0.0,165587.5406092412,2159.0,7.034521376596719,2023-10-09
15504,0.7,501,False,t,MPC-Protect,pred,0.3,2,8.481132626607868,0.15464447986606,13.455331049804665,0.333024548402038,0.0,0.0,165587.5406092412,2159.0,6.757502671001482,2023-10-09
15504,0.7,501,False,t,MPC-Protect,pred,0.3,4,8.494047997037788,0.14295153654660894,13.092138457813169,0.3103288559518296,0.0,0.0,165587.5406092412,2159.0,6.308967367961789,2023-10-09
15504,0.7,501,False,t,MPC-Protect,pred,0.5,1,8.484982935105085,0.15036933317460116,13.3216696414271,0.3432144511347846,0.0,0.0,165587.5406092412,2159.0,6.948985692605127,2023-10-09
15504,0.7,501,False,t,MPC-Protect,pred,0.5,2,8.484194339831982,0.1537390398760421,13.429268941896932,0.33070866141732286,0.0,0.0,165587.5406092412,2159.0,6.805425359291043,2023-10-09
15504,0.7,501,False,t,MPC-Protect,pred,0.5,4,8.49961839157948,0.14100280058038805,13.035027019942877,0.30245484020379804,0.0,0.0,165587.5406092412,2159.0,6.487407445923436,2023-10-09
15672,0.7,502,False,t,MPC-Protect,pred,0.1,1,8.658669540105137,0.08947673104545104,11.869343622566044,0.2728093947606143,0.0,0.0,168860.153127672,2214.0,7.021206487376325,2023-10-16
15672,0.7,502,False,t,MPC-Protect,pred,0.1,2,8.659240940596256,0.07989197032015813,11.52598713825709,0.25022583559168926,0.0,0.0,168860.153127672,2214.0,6.932759378119159,2023-10-16
15672,0.7,502,False,t,MPC-Protect,pred,0.1,4,8.68672782727991,0.05331471381818171,10.599808109380348,0.17434507678410116,0.0,0.0,168860.153127672,2214.0,7.136040464141275,2023-10-16
15672,0.7,502,False,t,MPC-Protect,pred,0.2,1,8.654981622904096,0.08946959527310759,11.86539965399775,0.2845528455284553,0.0,0.0,168860.153127672,2214.0,6.643851470608989,2023-10-16
15672,0.7,502,False,t,MPC-Protect,pred,0.2,2,8.664128313973137,0.07668520415927023,11.415806818827383,0.25564588979223124,0.0,0.0,168860.153127672,2214.0,7.142680478940777,2023-10-16
15672,0.7,502,False,t,MPC-Protect,pred,0.2,4,8.688107067792025,0.04838589507351439,10.42432761870031,0.16757000903342367,0.0,0.0,168860.153127672,2214.0,6.464989637153948,2023-10-16
15672,0.7,502,False,t,MPC-Protect,pred,0.3,1,8.658283357930657,0.0949249534759178,12.064454821091537,0.27822944896115626,0.0,0.0,168860.153127672,2214.0,7.398999281504228,2023-10-16
15672,0.7,502,False,t,MPC-Protect,pred,0.3,2,8.660103250484388,0.07877027807016804,11.486600009062437,0.25790424570912374,0.0,0.0,168860.153127672,2214.0,6.583982798340859,2023-10-16
15672,0.7,502,False,t,MPC-Protect,pred,0.3,4,8.68703194843756,0.055115640939302345,10.664734506794892,0.17208672086720866,0.0,0.0,168860.153127672,2214.0,6.639998675109766,2023-10-16
15672,0.7,502,False,t,MPC-Protect,pred,0.5,1,8.659596731753085,0.09181556470478323,11.954194673808177,0.2809394760614273,0.0,0.0,168860.153127672,2214.0,6.716560672304099,2023-10-16
15672,0.7,502,False,t,MPC-Protect,pred,0.5,2,8.656694641118884,0.08329410038184434,11.645518731954743,0.27461607949412825,0.0,0.0,168860.153127672,2214.0,6.712530121871275,2023-10-16
15672,0.7,502,False,t,MPC-Protect,pred,0.5,4,8.690417142955535,0.053271039326584425,10.60193026277146,0.16124661246612465,0.0,0.0,168860.153127672,2214.0,6.962607610163968,2023-10-16
15840,0.7,503,False,t,MPC-Protect,pred,0.1,1,11.34123956031159,0.12771451080828294,15.921981814801924,0.31330275229357796,0.0,0.0,168786.09957749603,2180.0,6.0862432719811626,2023-10-23
15840,0.7,503,False,t,MPC-Protect,pred,0.1,2,11.352980280861757,0.12012361779548711,15.661459625264868,0.318348623853211,0.0,0.0,168786.09957749603,2180.0,6.021932735303618,2023-10-23
15840,0.7,503,False,t,MPC-Protect,pred,0.1,4,11.394503008907517,0.09755544436562663,14.893528635150018,0.2724770642201835,0.0,0.0,168786.09957749603,2180.0,5.938902305052903,2023-10-23
15840,0.7,503,False,t,MPC-Protect,pred,0.2,1,11.337972640763239,0.12832190079833863,15.940500180064152,0.33073394495412844,0.0,0.0,168786.09957749603,2180.0,6.039199648546544,2023-10-23
15840,0.7,503,False,t,MPC-Protect,pred,0.2,2,11.355419395864859,0.12131012748808304,15.706455338181854,0.3137614678899083,0.0,0.0,168786.09957749603,2180.0,6.070556991599311,2023-10-23
15840,0.7,503,False,t,MPC-Protect,pred,0.2,4,11.392770712278612,0.09546821918799243,14.816933736728137,0.27477064220183484,0.0,0.0,168786.09957749603,2180.0,5.9419458050535345,2023-10-23
15840,0.7,503,False,t,MPC-Protect,pred,0.3,1,11.340600774681961,0.1272475779934315,15.904595528348297,0.32339449541284404,0.0,0.0,168786.09957749603,2180.0,6.063999635988081,2023-10-23
15840,0.7,503,False,t,MPC-Protect,pred,0.3,2,11.359754384189019,0.12333587142708492,15.783447777874974,0.32798165137614677,0.0,0.0,168786.09957749603,2180.0,6.265189794126441,2023-10-23
15840,0.7,503,False,t,MPC-Protect,pred,0.3,4,11.389571653719303,0.09682488514128826,14.862394278539686,0.27706422018348625,0.0,0.0,168786.09957749603,2180.0,5.970969233030084,2023-10-23
15840,0.7,503,False,t,MPC-Protect,pred,0.5,1,11.341761345397334,0.12989294006096677,16.00063742245045,0.32614678899082566,0.0,0.0,168786.09957749603,2180.0,6.16331130126409,2023-10-23
15840,0.7,503,False,t,MPC-Protect,pred,0.5,2,11.352839477336328,0.12156716026323817,15.713094426064501,0.3293577981651376,0.0,0.0,168786.09957749603,2180.0,6.6476673109260265,2023-10-23
15840,0.7,503,False,t,MPC-Protect,pred,0.5,4,11.3930349505813,0.09867277424535252,14.932135899196117,0.281651376146789,0.0,0.0,168786.09957749603,2180.0,6.268604504211291,2023-10-23
16008,0.7,504,False,t,MPC-Protect,pred,0.1,1,7.7496952340608205,0.1206742787523598,11.170151763732688,0.2709677419354839,0.0,0.0,164554.64009634324,2170.0,6.495840644101344,2023-10-30
16008,0.7,504,False,t,MPC-Protect,pred,0.1,2,7.756879995095316,0.12616327026499569,11.332919446453731,0.2622119815668203,0.0,0.0,164554.64009634324,2170.0,6.823214522547779,2023-10-30
16008,0.7,504,False,t,MPC-Protect,pred,0.1,4,7.802517660902581,0.096358106670794,10.533743557228815,0.2216589861751152,0.0,0.0,164554.64009634324,2170.0,7.241910472977317,2023-10-30
16008,0.7,504,False,t,MPC-Protect,pred,0.2,1,7.75206136164909,0.12151644272189126,11.196388638910422,0.26036866359447003,0.0,0.0,164554.64009634324,2170.0,7.114264265797206,2023-10-30
16008,0.7,504,False,t,MPC-Protect,pred,0.2,2,7.761760523962618,0.11699325790030936,11.07788022279175,0.25944700460829495,0.0,0.0,164554.64009634324,2170.0,6.47202862611012,2023-10-30
16008,0.7,504,False,t,MPC-Protect,pred,0.2,4,7.80010819363735,0.09809736413004912,10.580632536946624,0.21935483870967742,0.0,0.0,164554.64009634324,2170.0,7.245205851373808,2023-10-30
16008,0.7,504,False,t,MPC-Protect,pred,0.3,1,7.751019523692673,0.11963429646156017,11.141998237096763,0.267741935483871,0.0,0.0,164554.64009634324,2170.0,6.7957692432739005,2023-10-30
16008,0.7,504,False,t,MPC-Protect,pred,0.3,2,7.7587033070582265,0.11766325282886425,11.093813701766514,0.24976958525345622,0.0,0.0,164554.64009634324,2170.0,6.779378815322202,2023-10-30
16008,0.7,504,False,t,MPC-Protect,pred,0.3,4,7.802249851484788,0.0948343101336468,10.490284440854282,0.21152073732718893,0.0,0.0,164554.64009634324,2170.0,6.304722247740108,2023-10-30
16008,0.7,504,False,t,MPC-Protect,pred,0.5,1,7.749042548377307,0.12241050485505006,11.218711602634638,0.2714285714285714,0.0,0.0,164554.64009634324,2170.0,7.291129103659923,2023-10-30
16008,0.7,504,False,t,MPC-Protect,pred,0.5,2,7.7605977923317235,0.12098828098655696,11.189954569872446,0.2631336405529954,0.0,0.0,164554.64009634324,2170.0,6.71457288291168,2023-10-30
16008,0.7,504,False,t,MPC-Protect,pred,0.5,4,7.799863820107336,0.09719491847219312,10.554808759296682,0.2161290322580645,0.0,0.0,164554.64009634324,2170.0,7.695908405395613,2023-10-30
16176,0.7,505,False,t,MPC-Protect,pred,0.1,1,8.660079044754639,0.06615646198266269,10.63309106973505,0.1574074074074074,0.0,0.0,151580.28519375168,2052.0,5.526024933081836,2023-11-06
16176,0.7,505,False,t,MPC-Protect,pred,0.1,2,8.679203273586063,0.06347048235772863,10.57211019711416,0.1301169590643275,0.0,0.0,151580.28519375168,2052.0,5.776907107104989,2023-11-06
16176,0.7,505,False,t,MPC-Protect,pred,0.1,4,8.752202015408514,0.0559241385611168,10.420051150035302,0.11842105263157894,0.0,0.0,151580.28519375168,2052.0,6.0242447085419055,2023-11-06
16176,0.7,505,False,t,MPC-Protect,pred,0.2,1,8.65923294257459,0.06915003708001792,10.721523618313435,0.145224171539961,0.0,0.0,151580.28519375168,2052.0,5.474288558052161,2023-11-06
16176,0.7,505,False,t,MPC-Protect,pred,0.2,2,8.67747202146406,0.062082265801502126,10.528977578041346,0.1364522417153996,0.0,0.0,151580.28519375168,2052.0,6.361837982122357,2023-11-06
16176,0.7,505,False,t,MPC-Protect,pred,0.2,4,8.756868111213711,0.0549776335651554,10.396489228761453,0.11403508771929824,0.0,0.0,151580.28519375168,2052.0,6.2146652197394046,2023-11-06
16176,0.7,505,False,t,MPC-Protect,pred,0.3,1,8.659302278636599,0.06680444979834085,10.65163951711934,0.14619883040935672,0.0,0.0,151580.28519375168,2052.0,5.7221857321475715,2023-11-06
16176,0.7,505,False,t,MPC-Protect,pred,0.3,2,8.679518976412993,0.06421659801047765,10.594677621251183,0.1364522417153996,0.0,0.0,151580.28519375168,2052.0,5.611901464301842,2023-11-06
16176,0.7,505,False,t,MPC-Protect,pred,0.3,4,8.760199290736779,0.056647851984685735,10.44963203555898,0.10769980506822611,0.0,0.0,151580.28519375168,2052.0,5.798616784756179,2023-11-06
16176,0.7,505,False,t,MPC-Protect,pred,0.5,1,8.66405857856084,0.06615315613112241,10.636972011738631,0.15204678362573099,0.0,0.0,151580.28519375168,2052.0,7.134436575881864,2023-11-06
16176,0.7,505,False,t,MPC-Protect,pred,0.5,2,8.679947903674595,0.0611892349576345,10.504820225329325,0.13499025341130605,0.0,0.0,151580.28519375168,2052.0,6.6034632455560835,2023-11-06
16176,0.7,505,False,t,MPC-Protect,pred,0.5,4,8.762975565338499,0.05250963107458129,10.328992405304703,0.11306042884990253,0.0,0.0,151580.28519375168,2052.0,5.674801789254948,2023-11-06
16344,0.7,506,False,t,MPC-Protect,pred,0.1,1,11.178101749480382,0.24726599491891577,20.050834342825652,0.39917127071823205,0.0,0.0,164038.17798385496,2172.0,8.477457197311233,2023-11-13
16344,0.7,506,False,t,MPC-Protect,pred,0.1,2,11.167498968141928,0.24789571442558425,20.062828007849806,0.39410681399631675,0.0,0.0,164038.17798385496,2172.0,7.478553103193322,2023-11-13
16344,0.7,506,False,t,MPC-Protect,pred,0.1,4,11.185309408563857,0.22197269641491627,19.150433682765843,0.3623388581952118,0.0,0.0,164038.17798385496,2172.0,7.839636198220867,2023-11-13
16344,0.7,506,False,t,MPC-Protect,pred,0.2,1,11.170847674572387,0.25248700365152277,20.23092755910961,0.39686924493554326,0.0,0.0,164038.17798385496,2172.0,8.671030457438395,2023-11-13
16344,0.7,506,False,t,MPC-Protect,pred,0.2,2,11.163902519989296,0.24066040030031544,19.799604240204996,0.39410681399631675,0.0,0.0,164038.17798385496,2172.0,8.353463928225647,2023-11-13
16344,0.7,506,False,t,MPC-Protect,pred,0.2,4,11.18375019890919,0.22174757616245003,19.140796403977028,0.34898710865561694,0.0,0.0,164038.17798385496,2172.0,8.08897863231168,2023-11-13
16344,0.7,506,False,t,MPC-Protect,pred,0.3,1,11.172779222042955,0.23244011829013642,19.513509674001075,0.39456721915285453,0.0,0.0,164038.17798385496,2172.0,7.841026686110779,2023-11-13
16344,0.7,506,False,t,MPC-Protect,pred,0.3,2,11.169774456689678,0.2410930687381162,19.82100177051337,0.39502762430939226,0.0,0.0,164038.17798385496,2172.0,7.303946385631852,2023-11-13
16344,0.7,506,False,t,MPC-Protect,pred,0.3,4,11.184842852798061,0.22453593733917454,19.24194480189514,0.35957642725598526,0.0,0.0,164038.17798385496,2172.0,7.711624770247393,2023-11-13
16344,0.7,506,False,t,MPC-Protect,pred,0.5,1,11.171627456140964,0.2432170771912792,19.899071311738222,0.40193370165745856,0.0,0.0,164038.17798385496,2172.0,7.515155618820665,2023-11-13
16344,0.7,506,False,t,MPC-Protect,pred,0.5,2,11.16474459238775,0.24781326519899288,20.05711507752239,0.40285451197053407,0.0,0.0,164038.17798385496,2172.0,8.062396529130801,2023-11-13
16344,0.7,506,False,t,MPC-Protect,pred,0.5,4,11.193000351299007,0.22384006537952608,19.225132082314975,0.36556169429097607,0.0,0.0,164038.17798385496,2172.0,7.248974481970779,2023-11-13
16512,0.7,507,False,t,MPC-Protect,pred,0.1,1,10.702296356452797,0.12393800013244483,14.937442512674984,0.3053722902921772,0.0,0.0,168956.68822873302,2122.0,7.304521085873802,2023-11-20
16512,0.7,507,False,t,MPC-Protect,pred,0.1,2,10.714410524697856,0.12779895650615922,15.081491313784895,0.30254476908576816,0.0,0.0,168956.68822873302,2122.0,7.322734897004632,2023-11-20
16512,0.7,507,False,t,MPC-Protect,pred,0.1,4,10.747745316779286,0.11387926875691176,14.639169632435738,0.24552309142318568,0.0,0.0,168956.68822873302,2122.0,6.104658339170229,2023-11-20
16512,0.7,507,False,t,MPC-Protect,pred,0.2,1,10.710106030831012,0.12791304959865765,15.081085550909597,0.3001885014137606,0.0,0.0,168956.68822873302,2122.0,7.108741424901553,2023-11-20
16512,0.7,507,False,t,MPC-Protect,pred,0.2,2,10.705485107142248,0.12662253190322145,15.032365714445714,0.2964184731385485,0.0,0.0,168956.68822873302,2122.0,6.330925549342134,2023-11-20
16512,0.7,507,False,t,MPC-Protect,pred,0.2,4,10.746567414542412,0.10959942246191828,14.49174300449655,0.2544769085768143,0.0,0.0,168956.68822873302,2122.0,6.0983013549741285,2023-11-20
16512,0.7,507,False,t,MPC-Protect,pred,0.3,1,10.707003261348635,0.1282242976300668,15.088618590480499,0.2973609802073516,0.0,0.0,168956.68822873302,2122.0,6.5729322016722005,2023-11-20
16512,0.7,507,False,t,MPC-Protect,pred,0.3,2,10.710232348232504,0.1290848393710314,15.121253671027493,0.29123468426013194,0.0,0.0,168956.68822873302,2122.0,6.319729656678151,2023-11-20
16512,0.7,507,False,t,MPC-Protect,pred,0.3,4,10.749858933573261,0.1139858727735287,14.644926067338208,0.25164938737040526,0.0,0.0,168956.68822873302,2122.0,6.363429584426185,2023-11-20
16512,0.7,507,False,t,MPC-Protect,pred,0.5,1,10.706572625217593,0.13054821226754362,15.167599580596296,0.29783223374175305,0.0,0.0,168956.68822873302,2122.0,6.984277343292189,2023-11-20
16512,0.7,507,False,t,MPC-Protect,pred,0.5,2,10.708370131562557,0.12189621966556344,14.873745606581874,0.294062205466541,0.0,0.0,168956.68822873302,2122.0,6.7341543862792514,2023-11-20
16512,0.7,507,False,t,MPC-Protect,pred,0.5,4,10.74793801292264,0.11547104438077141,14.693755673701277,0.2577756833176249,0.0,0.0,168956.68822873302,2122.0,6.257917844135929,2023-11-20
16680,0.7,508,False,t,MPC-Protect,pred,0.1,1,16.90320690569716,0.14653821115902205,21.82640279592283,0.340215861098076,0.0,0.0,162106.97118644227,2131.0,5.952869112046097,2023-11-27
16680,0.7,508,False,t,MPC-Protect,pred,0.1,2,16.910740230389447,0.1381859378790446,21.55332755332884,0.327545753167527,0.0,0.0,162106.97118644227,2131.0,6.364701344837001,2023-11-27
16680,0.7,508,False,t,MPC-Protect,pred,0.1,4,16.950618243764673,0.09792416417761751,20.240544050964953,0.22946973251994368,0.0,0.0,162106.97118644227,2131.0,5.765170857773291,2023-11-27
16680,0.7,508,False,t,MPC-Protect,pred,0.2,1,16.902975509248098,0.14731677131913018,21.85232842807553,0.3571093383388081,0.0,0.0,162106.97118644227,2131.0,6.164045506539048,2023-11-27
16680,0.7,508,False,t,MPC-Protect,pred,0.2,2,16.91694819520915,0.1328281254568289,21.379530863464815,0.33646175504458004,0.0,0.0,162106.97118644227,2131.0,6.627466342011695,2023-11-27
16680,0.7,508,False,t,MPC-Protect,pred,0.2,4,16.9499236629965,0.10168335350059811,20.36614571251541,0.24777099953073675,0.0,0.0,162106.97118644227,2131.0,5.99750527159562,2023-11-27
16680,0.7,508,False,t,MPC-Protect,pred,0.3,1,16.905242345026345,0.1404384453780094,21.623506418581808,0.334584702017832,0.0,0.0,162106.97118644227,2131.0,6.026403134215735,2023-11-27
16680,0.7,508,False,t,MPC-Protect,pred,0.3,2,16.913443544446928,0.13048247041356176,21.297220014799926,0.327545753167527,0.0,0.0,162106.97118644227,2131.0,5.9385320689788665,2023-11-27
16680,0.7,508,False,t,MPC-Protect,pred,0.3,4,16.94619590854401,0.09927445942354539,20.281487139225053,0.24354763022055373,0.0,0.0,162106.97118644227,2131.0,5.9010595843802625,2023-11-27
16680,0.7,508,False,t,MPC-Protect,pred,0.5,1,16.912068361115608,0.13986003383835113,21.610899733177163,0.340685124354763,0.0,0.0,162106.97118644227,2131.0,6.253095176757911,2023-11-27
16680,0.7,508,False,t,MPC-Protect,pred,0.5,2,16.908707507047897,0.12818252755259216,21.215213556591735,0.31252932895354296,0.0,0.0,162106.97118644227,2131.0,6.234916978459735,2023-11-27
16680,0.7,508,False,t,MPC-Protect,pred,0.5,4,16.95251509266041,0.09748724584690156,20.2277618989835,0.2402627874237447,0.0,0.0,162106.97118644227,2131.0,6.763687883112534,2023-11-27
16848,0.7,509,False,t,MPC-Protect,pred,0.1,1,9.786859028881087,0.06124911440662261,11.666004364572961,0.2323429128105212,0.0,0.0,160840.7205518153,2053.0,6.6335523087258,2023-12-04
16848,0.7,509,False,t,MPC-Protect,pred,0.1,2,9.802938672687327,0.05417141037550691,11.464937448035782,0.22211397954213347,0.0,0.0,160840.7205518153,2053.0,7.124413121721813,2023-12-04
16848,0.7,509,False,t,MPC-Protect,pred,0.1,4,9.833454879427386,0.03570213712209209,10.928809564914186,0.1602532878714077,0.0,0.0,160840.7205518153,2053.0,5.920247217344023,2023-12-04
16848,0.7,509,False,t,MPC-Protect,pred,0.2,1,9.792912068889114,0.06250009675921842,11.710438002826162,0.23818801753531418,0.0,0.0,160840.7205518153,2053.0,6.937476382597157,2023-12-04
16848,0.7,509,False,t,MPC-Protect,pred,0.2,2,9.797009530779405,0.05655238710193258,11.532057546973208,0.21480759863614224,0.0,0.0,160840.7205518153,2053.0,6.863777504341947,2023-12-04
16848,0.7,509,False,t,MPC-Protect,pred,0.2,4,9.831636331214218,0.03792164958397095,10.995086474580791,0.16366293229420362,0.0,0.0,160840.7205518153,2053.0,6.134524334791659,2023-12-04
16848,0.7,509,False,t,MPC-Protect,pred,0.3,1,9.794230630784503,0.06018530871544633,11.64073801698073,0.23672674135411592,0.0,0.0,160840.7205518153,2053.0,6.791641921739464,2023-12-04
16848,0.7,509,False,t,MPC-Protect,pred,0.3,2,9.796588888695021,0.05403623698604169,11.454440494785864,0.2201656113005358,0.0,0.0,160840.7205518153,2053.0,6.058124891273031,2023-12-04
16848,0.7,509,False,t,MPC-Protect,pred,0.3,4,9.833308606824117,0.03668550425772009,10.958833357365574,0.16707257671699952,0.0,0.0,160840.7205518153,2053.0,6.425025360856481,2023-12-04
16848,0.7,509,False,t,MPC-Protect,pred,0.5,1,9.789842020143709,0.06030998146184661,11.640174412009905,0.23429128105211885,0.0,0.0,160840.7205518153,2053.0,7.65852192605013,2023-12-04
16848,0.7,509,False,t,MPC-Protect,pred,0.5,2,9.802726499580228,0.053395229168482265,11.440911750293061,0.2230881636629323,0.0,0.0,160840.7205518153,2053.0,6.7717228956454445,2023-12-04
16848,0.7,509,False,t,MPC-Protect,pred,0.5,4,9.83444807397074,0.03776432864479555,10.993071553116579,0.17096931320019484,0.0,0.0,160840.7205518153,2053.0,6.47849601301736,2023-12-04
17016,0.7,510,False,t,MPC-Protect,pred,0.1,1,9.796350883820113,0.10175851888946168,12.991195085805245,0.22737608003638018,0.0,0.0,164594.1368183523,2199.0,6.246119950483754,2023-12-11
17016,0.7,510,False,t,MPC-Protect,pred,0.1,2,9.7982548315912,0.10393075424937019,13.06129925524514,0.2291950886766712,0.0,0.0,164594.1368183523,2199.0,7.246995378421628,2023-12-11
17016,0.7,510,False,t,MPC-Protect,pred,0.1,4,9.828994716327708,0.08916220368845706,12.628360829347905,0.21373351523419737,0.0,0.0,164594.1368183523,2199.0,6.479770337870201,2023-12-11
17016,0.7,510,False,t,MPC-Protect,pred,0.2,1,9.795382030355949,0.10428081543573052,13.069417091096483,0.23783537971805366,0.0,0.0,164594.1368183523,2199.0,6.256979945921377,2023-12-11
17016,0.7,510,False,t,MPC-Protect,pred,0.2,2,9.79766280910813,0.10338009277184383,13.043418482415351,0.23374261027739882,0.0,0.0,164594.1368183523,2199.0,7.030255693665298,2023-12-11
17016,0.7,510,False,t,MPC-Protect,pred,0.2,4,9.826868965045177,0.08587533667489894,12.523039511388841,0.20554797635288768,0.0,0.0,164594.1368183523,2199.0,6.356347072084588,2023-12-11
17016,0.7,510,False,t,MPC-Protect,pred,0.3,1,9.79331701706475,0.10173969958500584,12.987570361926743,0.23556161891768987,0.0,0.0,164594.1368183523,2199.0,7.067466486508541,2023-12-11
17016,0.7,510,False,t,MPC-Protect,pred,0.3,2,9.801739365519769,0.09807902977797468,12.881061107249055,0.23783537971805366,0.0,0.0,164594.1368183523,2199.0,7.435476878375387,2023-12-11
17016,0.7,510,False,t,MPC-Protect,pred,0.3,4,9.829488453420598,0.0872581411606334,12.569073987933725,0.21509777171441563,0.0,0.0,164594.1368183523,2199.0,7.150675234230663,2023-12-11
17016,0.7,510,False,t,MPC-Protect,pred,0.5,1,9.797214082238028,0.10641411052014718,13.138226782845505,0.24147339699863574,0.0,0.0,164594.1368183523,2199.0,6.693364162147846,2023-12-11
17016,0.7,510,False,t,MPC-Protect,pred,0.5,2,9.800949992188595,0.09914136260410493,12.913625087594614,0.2373806275579809,0.0,0.0,164594.1368183523,2199.0,6.919333117141152,2023-12-11
17016,0.7,510,False,t,MPC-Protect,pred,0.5,4,9.829737332601283,0.09161328546960475,12.706058421996454,0.220100045475216,0.0,0.0,164594.1368183523,2199.0,7.1067595179941625,2023-12-11
17184,0.7,511,False,t,MPC-Protect,pred,0.1,1,3.1762929856310755,0.037882273283119564,4.019166115963385,0.14789687924016282,0.0,0.0,163002.22221512708,2211.0,7.048568444471231,2023-12-18
17184,0.7,511,False,t,MPC-Protect,pred,0.1,2,3.1799876811532144,0.02788645383607108,3.8004557946428674,0.1257349615558571,0.0,0.0,163002.22221512708,2211.0,6.808903071072968,2023-12-18
17184,0.7,511,False,t,MPC-Protect,pred,0.1,4,3.2070990212025405,0.015168845678050703,3.544602854318161,0.09407507914970602,0.0,0.0,163002.22221512708,2211.0,6.037458853303785,2023-12-18
17184,0.7,511,False,t,MPC-Protect,pred,0.2,1,3.176869489726608,0.03706114599316353,4.001472699346558,0.1415649027589326,0.0,0.0,163002.22221512708,2211.0,7.063921951379019,2023-12-18
17184,0.7,511,False,t,MPC-Protect,pred,0.2,2,3.1773575250258275,0.0314032671960975,3.876074044132701,0.13025780189959293,0.0,0.0,163002.22221512708,2211.0,6.475414613321643,2023-12-18
17184,0.7,511,False,t,MPC-Protect,pred,0.2,4,3.2077528784952776,0.013801587196316186,3.514835479287797,0.07960199004975124,0.0,0.0,163002.22221512708,2211.0,6.04271239914888,2023-12-18
17184,0.7,511,False,t,MPC-Protect,pred,0.3,1,3.1791553657372695,0.03800129002752731,4.02467659522591,0.1551334237901402,0.0,0.0,163002.22221512708,2211.0,7.15098626668704,2023-12-18
17184,0.7,511,False,t,MPC-Protect,pred,0.3,2,3.178371909136065,0.031118328945475348,3.8707486082047273,0.13161465400271372,0.0,0.0,163002.22221512708,2211.0,6.975491022223853,2023-12-18
17184,0.7,511,False,t,MPC-Protect,pred,0.3,4,3.206567265223257,0.014220092142976638,3.522961518772594,0.08231569425599276,0.0,0.0,163002.22221512708,2211.0,6.676397000026352,2023-12-18
17184,0.7,511,False,t,MPC-Protect,pred,0.5,1,3.1812348459365674,0.03350878894661835,3.9267988099045468,0.14970601537765718,0.0,0.0,163002.22221512708,2211.0,6.864055924448217,2023-12-18
17184,0.7,511,False,t,MPC-Protect,pred,0.5,2,3.1805632650383964,0.031568948223005065,3.8829661544098677,0.1352329262777024,0.0,0.0,163002.22221512708,2211.0,7.387657466650934,2023-12-18
17184,0.7,511,False,t,MPC-Protect,pred,0.5,4,3.2068291309019785,0.01467330735312175,3.53330733374428,0.08231569425599276,0.0,0.0,163002.22221512708,2211.0,7.182370784760724,2023-12-18
17352,0.7,512,False,t,MPC-Protect,pred,0.1,1,2.948786976366371,0.21307173271123714,8.056384928969734,0.38969555035128806,0.0,0.0,167924.7651880073,2135.0,7.798516909474529,2023-12-25
17352,0.7,512,False,t,MPC-Protect,pred,0.1,2,2.9522137535238135,0.21501253368542017,8.106335151335097,0.37845433255269323,0.0,0.0,167924.7651880073,2135.0,7.158765193990207,2023-12-25
17352,0.7,512,False,t,MPC-Protect,pred,0.1,4,2.972306297439207,0.18877754258074514,7.497541896333163,0.3690866510538642,0.0,0.0,167924.7651880073,2135.0,6.9852409566971145,2023-12-25
17352,0.7,512,False,t,MPC-Protect,pred,0.2,1,2.947807716573158,0.20739633587997486,7.91935925482248,0.3873536299765808,0.0,0.0,167924.7651880073,2135.0,8.846335215539197,2023-12-25
17352,0.7,512,False,t,MPC-Protect,pred,0.2,2,2.9525338144812854,0.20380424536417305,7.837978416204494,0.394847775175644,0.0,0.0,167924.7651880073,2135.0,7.587997431018862,2023-12-25
17352,0.7,512,False,t,MPC-Protect,pred,0.2,4,2.970948850713074,0.1942903247995207,7.628332786767858,0.37423887587822013,0.0,0.0,167924.7651880073,2135.0,7.239704402608371,2023-12-25
17352,0.7,512,False,t,MPC-Protect,pred,0.3,1,2.948221770368139,0.20567433087035752,7.878494678413546,0.38688524590163936,0.0,0.0,167924.7651880073,2135.0,7.537075465546062,2023-12-25
17352,0.7,512,False,t,MPC-Protect,pred,0.3,2,2.9514584495631206,0.21276011416594084,8.051586512924509,0.38220140515222484,0.0,0.0,167924.7651880073,2135.0,8.22902759051854,2023-12-25
17352,0.7,512,False,t,MPC-Protect,pred,0.3,4,2.9725361725563806,0.1969524751760219,7.693735208059234,0.3686182669789227,0.0,0.0,167924.7651880073,2135.0,7.109287229429092,2023-12-25
17352,0.7,512,False,t,MPC-Protect,pred,0.5,1,2.949150407738183,0.210322579763956,7.990847699628582,0.39297423887587823,0.0,0.0,167924.7651880073,2135.0,8.159301112088762,2023-12-25
17352,0.7,512,False,t,MPC-Protect,pred,0.5,2,2.9521782786830015,0.20774229860933183,7.932022979547823,0.38875878220140514,0.0,0.0,167924.7651880073,2135.0,7.314406310362348,2023-12-25
17352,0.7,512,False,t,MPC-Protect,pred,0.5,4,2.973674569594005,0.19738196685714357,7.705169061951898,0.3798594847775176,0.0,0.0,167924.7651880073,2135.0,7.607169441561267,2023-12-25
