t0,rho,seed,migrate,regime,policy,cube,kappa,look,emis_t,late_frac,emis_adj_t,late_jobs,unfinished,mig_frac,work,jobs,ms_per_decision,week
15336,0.3,500,True,st,CARMA,q30,1.0,12.0,0.5270205217027216,0.0,0.5270205217027216,0.0,0.0,0.6926794771656668,70014.13974734378,928.0,22.49633599571717,2023-10-02
15336,0.3,500,True,st,CARMA,q40,1.0,12.0,0.5145401087119889,0.0,0.5145401087119889,0.0,0.0,0.7006456881241213,70014.13974734378,928.0,21.233941165960555,2023-10-02
15336,0.3,500,True,st,CARMA,q50,1.0,12.0,0.5026607796722753,0.0,0.5026607796722753,0.0,0.0,0.7049089408759399,70014.13974734378,928.0,20.808620355266708,2023-10-02
15336,0.3,500,True,st,CARMA,q60,1.0,12.0,0.5112795586219585,0.0,0.5112795586219585,0.0,0.0,0.6975109880659234,70014.13974734378,928.0,20.46797310133981,2023-10-02
15336,0.3,500,True,st,CARMA,q70,1.0,12.0,0.5418543752717644,0.0,0.5418543752717644,0.0,0.0,0.6858379835821092,70014.13974734378,928.0,17.92986826669019,2023-10-02
15336,0.3,500,True,st,CARMA,q80,1.0,12.0,0.5690773014280137,0.0,0.5690773014280137,0.0,0.0,0.6641519369362668,70014.13974734378,928.0,17.153750386648124,2023-10-02
15336,0.3,500,True,st,CARMA,q85,1.0,12.0,0.586104669829518,0.0,0.586104669829518,0.0,0.0,0.6626127753525057,70014.13974734378,928.0,17.45155373661029,2023-10-02
15336,0.3,500,True,st,CARMA,q90,1.0,12.0,0.6111244195445176,0.0,0.6111244195445176,0.0,0.0,0.6698577488411043,70014.13974734378,928.0,17.963945517826524,2023-10-02
15336,0.3,500,True,st,CARMA,q95,1.0,12.0,0.6346104055357812,0.0,0.6346104055357812,0.0,0.0,0.6564837634428958,70014.13974734378,928.0,17.969412807173033,2023-10-02
15504,0.3,501,True,st,CARMA,q30,1.0,12.0,0.9774624792158442,0.0,0.9774624792158442,0.0,0.0,0.7057143449003366,73719.56346610108,932.0,20.02765057328745,2023-10-09
15504,0.3,501,True,st,CARMA,q40,1.0,12.0,0.95249375097977,0.0,0.95249375097977,0.0,0.0,0.7113280756102993,73719.56346610108,932.0,19.427631748891397,2023-10-09
15504,0.3,501,True,st,CARMA,q50,1.0,12.0,0.9300915645823726,0.0,0.9300915645823726,0.0,0.0,0.7100108741802021,73719.56346610108,932.0,18.61721910869639,2023-10-09
15504,0.3,501,True,st,CARMA,q60,1.0,12.0,0.9264975347848791,0.0,0.9264975347848791,0.0,0.0,0.7095841872550722,73719.56346610108,932.0,19.241630982591943,2023-10-09
15504,0.3,501,True,st,CARMA,q70,1.0,12.0,0.9492186238589263,0.0,0.9492186238589263,0.0,0.0,0.7113909919725867,73719.56346610108,932.0,17.180920167399687,2023-10-09
15504,0.3,501,True,st,CARMA,q80,1.0,12.0,0.971583092823087,0.0,0.971583092823087,0.0,0.0,0.6995615204232952,73719.56346610108,932.0,17.46375439733023,2023-10-09
15504,0.3,501,True,st,CARMA,q85,1.0,12.0,0.9845468839117197,0.0,0.9845468839117197,0.0,0.0,0.696082040565117,73719.56346610108,932.0,17.553940089689476,2023-10-09
15504,0.3,501,True,st,CARMA,q90,1.0,12.0,1.0034041604231554,0.0,1.0034041604231554,0.0,0.0,0.6890126988804284,73719.56346610108,932.0,17.97144131674381,2023-10-09
15504,0.3,501,True,st,CARMA,q95,1.0,12.0,1.0323879940461205,0.0,1.0323879940461205,0.0,0.0,0.6838686885743727,73719.56346610108,932.0,17.03860276816158,2023-10-09
15672,0.3,502,True,st,CARMA,q30,1.0,12.0,1.086003603350429,0.0,1.086003603350429,0.0,0.0,0.6882808665180216,70458.17240169305,915.0,17.403988655461347,2023-10-16
15672,0.3,502,True,st,CARMA,q40,1.0,12.0,1.0605468421347337,0.0,1.0605468421347337,0.0,0.0,0.695568178664239,70458.17240169305,915.0,18.703832121831848,2023-10-16
15672,0.3,502,True,st,CARMA,q50,1.0,12.0,1.0601225689136535,0.0,1.0601225689136535,0.0,0.0,0.691636867986322,70458.17240169305,915.0,15.856429786662273,2023-10-16
15672,0.3,502,True,st,CARMA,q60,1.0,12.0,1.0699024869159959,0.0,1.0699024869159959,0.0,0.0,0.6891362709188026,70458.17240169305,915.0,17.919635222202082,2023-10-16
15672,0.3,502,True,st,CARMA,q70,1.0,12.0,1.0988997624864334,0.0,1.0988997624864334,0.0,0.0,0.6639683594798598,70458.17240169305,915.0,16.89071732589095,2023-10-16
15672,0.3,502,True,st,CARMA,q80,1.0,12.0,1.145194875032904,0.0,1.145194875032904,0.0,0.0,0.6621273632194752,70458.17240169305,915.0,16.90449219368962,2023-10-16
15672,0.3,502,True,st,CARMA,q85,1.0,12.0,1.169902719039305,0.0,1.169902719039305,0.0,0.0,0.6627497349246264,70458.17240169305,915.0,16.896718995467875,2023-10-16
15672,0.3,502,True,st,CARMA,q90,1.0,12.0,1.1845762886406068,0.0,1.1845762886406068,0.0,0.0,0.6624239810439899,70458.17240169305,915.0,16.810920900452114,2023-10-16
15672,0.3,502,True,st,CARMA,q95,1.0,12.0,1.220050653501383,0.0,1.220050653501383,0.0,0.0,0.6473948880051801,70458.17240169305,915.0,12.677877076934303,2023-10-16
15840,0.3,503,True,st,CARMA,q30,1.0,12.0,1.5494086069910797,0.0,1.5494086069910797,0.0,0.0,0.6990187345050073,74318.580238708,981.0,21.303910388638645,2023-10-23
15840,0.3,503,True,st,CARMA,q40,1.0,12.0,1.5543929982870635,0.0,1.5543929982870635,0.0,0.0,0.6934840902187791,74318.580238708,981.0,20.768390385623075,2023-10-23
15840,0.3,503,True,st,CARMA,q50,1.0,12.0,1.5228674155383546,0.0,1.5228674155383546,0.0,0.0,0.7035112539624687,74318.580238708,981.0,20.225007672666067,2023-10-23
15840,0.3,503,True,st,CARMA,q60,1.0,12.0,1.5279544595959258,0.0,1.5279544595959258,0.0,0.0,0.7058242629737862,74318.580238708,981.0,20.96950795980896,2023-10-23
15840,0.3,503,True,st,CARMA,q70,1.0,12.0,1.5102166786320783,0.0,1.5102166786320783,0.0,0.0,0.7050614821997121,74318.580238708,981.0,19.53854526010777,2023-10-23
15840,0.3,503,True,st,CARMA,q80,1.0,12.0,1.5193365450459786,0.0,1.5193365450459786,0.0,0.0,0.7122100493477196,74318.580238708,981.0,19.526191170415885,2023-10-23
15840,0.3,503,True,st,CARMA,q85,1.0,12.0,1.5274736094855133,0.0,1.5274736094855133,0.0,0.0,0.7156416517194903,74318.580238708,981.0,19.433927959622785,2023-10-23
15840,0.3,503,True,st,CARMA,q90,1.0,12.0,1.5304655255246862,0.0,1.5304655255246862,0.0,0.0,0.7203311529514032,74318.580238708,981.0,18.311579630642733,2023-10-23
15840,0.3,503,True,st,CARMA,q95,1.0,12.0,1.617489913872899,0.0,1.617489913872899,0.0,0.0,0.7074997592575928,74318.580238708,981.0,14.752376719476095,2023-10-23
16008,0.3,504,True,st,CARMA,q30,1.0,12.0,0.8643950101224869,0.0,0.8643950101224869,0.0,0.0,0.7068157008391406,67588.57653298903,898.0,19.362710502178093,2023-10-30
16008,0.3,504,True,st,CARMA,q40,1.0,12.0,0.8446503183377861,0.0,0.8446503183377861,0.0,0.0,0.7037720009926014,67588.57653298903,898.0,19.489601414115576,2023-10-30
16008,0.3,504,True,st,CARMA,q50,1.0,12.0,0.8331604719236311,0.0,0.8331604719236311,0.0,0.0,0.7038022724844567,67588.57653298903,898.0,19.700560282515067,2023-10-30
16008,0.3,504,True,st,CARMA,q60,1.0,12.0,0.8296875206035587,0.0,0.8296875206035587,0.0,0.0,0.702324947772004,67588.57653298903,898.0,19.507837977289455,2023-10-30
16008,0.3,504,True,st,CARMA,q70,1.0,12.0,0.8322442116027863,0.0,0.8322442116027863,0.0,0.0,0.7053259965589327,67588.57653298903,898.0,18.766988424647426,2023-10-30
16008,0.3,504,True,st,CARMA,q80,1.0,12.0,0.8530573301291418,0.0,0.8530573301291418,0.0,0.0,0.7123396425389752,67588.57653298903,898.0,20.044925255702456,2023-10-30
16008,0.3,504,True,st,CARMA,q85,1.0,12.0,0.8628324232107069,0.0,0.8628324232107069,0.0,0.0,0.7112791244122202,67588.57653298903,898.0,18.92897167581977,2023-10-30
16008,0.3,504,True,st,CARMA,q90,1.0,12.0,0.8783214966624022,0.0,0.8783214966624022,0.0,0.0,0.7182890294497423,67588.57653298903,898.0,18.591733995444095,2023-10-30
16008,0.3,504,True,st,CARMA,q95,1.0,12.0,0.933666119008746,0.0,0.933666119008746,0.0,0.0,0.7258340719054518,67588.57653298903,898.0,17.23702933790696,2023-10-30
16176,0.3,505,True,st,CARMA,q30,1.0,12.0,1.0391389562733644,0.0,1.0391389562733644,0.0,0.0,0.7370162457031458,62579.85648253633,875.0,18.006539513158604,2023-11-06
16176,0.3,505,True,st,CARMA,q40,1.0,12.0,1.0044080195868472,0.0,1.0044080195868472,0.0,0.0,0.7370098039543259,62579.85648253633,875.0,17.467389676990546,2023-11-06
16176,0.3,505,True,st,CARMA,q50,1.0,12.0,0.9864935409339983,0.0,0.9864935409339983,0.0,0.0,0.7361441196133139,62579.85648253633,875.0,14.70797614287075,2023-11-06
16176,0.3,505,True,st,CARMA,q60,1.0,12.0,0.9741650662817782,0.0,0.9741650662817782,0.0,0.0,0.7375066406475543,62579.85648253633,875.0,18.604577209832282,2023-11-06
16176,0.3,505,True,st,CARMA,q70,1.0,12.0,0.9864669231603245,0.0,0.9864669231603245,0.0,0.0,0.735600152172389,62579.85648253633,875.0,18.32830752913439,2023-11-06
16176,0.3,505,True,st,CARMA,q80,1.0,12.0,1.0153988265241642,0.0,1.0153988265241642,0.0,0.0,0.7378260645815674,62579.85648253633,875.0,15.660411193694673,2023-11-06
16176,0.3,505,True,st,CARMA,q85,1.0,12.0,1.0351265794452738,0.0,1.0351265794452738,0.0,0.0,0.732937736567962,62579.85648253633,875.0,17.669604959458304,2023-11-06
16176,0.3,505,True,st,CARMA,q90,1.0,12.0,1.0678823509274171,0.0,1.0678823509274171,0.0,0.0,0.735547569907053,62579.85648253633,875.0,18.72699568468863,2023-11-06
16176,0.3,505,True,st,CARMA,q95,1.0,12.0,1.1211493586892785,0.0,1.1211493586892785,0.0,0.0,0.7351380245948688,62579.85648253633,875.0,16.027567463635766,2023-11-06
16344,0.3,506,True,st,CARMA,q30,1.0,12.0,2.1171749227293812,0.0,2.1171749227293812,0.0,0.0,0.7155465689733446,69689.04399031839,945.0,19.551370672660894,2023-11-13
16344,0.3,506,True,st,CARMA,q40,1.0,12.0,2.079042614802456,0.0,2.079042614802456,0.0,0.0,0.7138010317515843,69689.04399031839,945.0,17.206634035714178,2023-11-13
16344,0.3,506,True,st,CARMA,q50,1.0,12.0,2.0571826628242382,0.0,2.0571826628242382,0.0,0.0,0.713796735670106,69689.04399031839,945.0,18.59463181612668,2023-11-13
16344,0.3,506,True,st,CARMA,q60,1.0,12.0,2.0811446708175514,0.0,2.0811446708175514,0.0,0.0,0.7166290241641369,69689.04399031839,945.0,18.91293029596744,2023-11-13
16344,0.3,506,True,st,CARMA,q70,1.0,12.0,2.127967875629317,0.0,2.127967875629317,0.0,0.0,0.7261551412367392,69689.04399031839,945.0,16.557771217198255,2023-11-13
16344,0.3,506,True,st,CARMA,q80,1.0,12.0,2.2272833832903403,0.0,2.2272833832903403,0.0,0.0,0.7193813370932863,69689.04399031839,945.0,17.217078533942836,2023-11-13
16344,0.3,506,True,st,CARMA,q85,1.0,12.0,2.2624128362367575,0.0,2.2624128362367575,0.0,0.0,0.7188840281366286,69689.04399031839,945.0,17.175222506775178,2023-11-13
16344,0.3,506,True,st,CARMA,q90,1.0,12.0,2.2706341118571727,0.0,2.2706341118571727,0.0,0.0,0.7209427446717175,69689.04399031839,945.0,17.454716769228224,2023-11-13
16344,0.3,506,True,st,CARMA,q95,1.0,12.0,2.292972252971829,0.0,2.292972252971829,0.0,0.0,0.7244548788869531,69689.04399031839,945.0,17.990163832593385,2023-11-13
16512,0.3,507,True,st,CARMA,q30,1.0,12.0,1.282775445903142,0.0,1.282775445903142,0.0,0.0,0.6600244220793718,67659.11521947458,904.0,19.871084654882143,2023-11-20
16512,0.3,507,True,st,CARMA,q40,1.0,12.0,1.2346909340388297,0.0,1.2346909340388297,0.0,0.0,0.6662370446985075,67659.11521947458,904.0,18.20996084444535,2023-11-20
16512,0.3,507,True,st,CARMA,q50,1.0,12.0,1.2139929246426946,0.0,1.2139929246426946,0.0,0.0,0.6795903136518341,67659.11521947458,904.0,19.25888785778928,2023-11-20
16512,0.3,507,True,st,CARMA,q60,1.0,12.0,1.2097123130203615,0.0,1.2097123130203615,0.0,0.0,0.6718223653601252,67659.11521947458,904.0,19.501958226658946,2023-11-20
16512,0.3,507,True,st,CARMA,q70,1.0,12.0,1.2217642596850466,0.0,1.2217642596850466,0.0,0.0,0.6788684745054825,67659.11521947458,904.0,19.256891165916524,2023-11-20
16512,0.3,507,True,st,CARMA,q80,1.0,12.0,1.2984932565984848,0.0,1.2984932565984848,0.0,0.0,0.6720222821669,67659.11521947458,904.0,15.35211372971504,2023-11-20
16512,0.3,507,True,st,CARMA,q85,1.0,12.0,1.3740610946349816,0.0,1.3740610946349816,0.0,0.0,0.6590165338735822,67659.11521947458,904.0,18.974520801828326,2023-11-20
16512,0.3,507,True,st,CARMA,q90,1.0,12.0,1.4677167390644117,0.0,1.4677167390644117,0.0,0.0,0.6612918147726607,67659.11521947458,904.0,18.650279297297537,2023-11-20
16512,0.3,507,True,st,CARMA,q95,1.0,12.0,1.6110671749386758,0.0,1.6110671749386758,0.0,0.0,0.6327874903962555,67659.11521947458,904.0,17.043155683258938,2023-11-20
16680,0.3,508,True,st,CARMA,q30,1.0,12.0,3.3243899311309026,0.0,3.3243899311309026,0.0,0.0,0.6843374741835256,64864.36282189725,893.0,16.67321722882438,2023-11-27
16680,0.3,508,True,st,CARMA,q40,1.0,12.0,3.287785379098464,0.0,3.287785379098464,0.0,0.0,0.6836424985387315,64864.36282189725,893.0,18.316065911132885,2023-11-27
16680,0.3,508,True,st,CARMA,q50,1.0,12.0,3.279746406729133,0.0,3.279746406729133,0.0,0.0,0.6789043817508902,64864.36282189725,893.0,19.65259277476803,2023-11-27
16680,0.3,508,True,st,CARMA,q60,1.0,12.0,3.280787497090047,0.0,3.280787497090047,0.0,0.0,0.6845385460004332,64864.36282189725,893.0,18.21372331980726,2023-11-27
16680,0.3,508,True,st,CARMA,q70,1.0,12.0,3.298058946817786,0.0,3.298058946817786,0.0,0.0,0.6911393870903821,64864.36282189725,893.0,17.430483787321297,2023-11-27
16680,0.3,508,True,st,CARMA,q80,1.0,12.0,3.3722233675529547,0.0,3.3722233675529547,0.0,0.0,0.6948922915370307,64864.36282189725,893.0,18.524558362008463,2023-11-27
16680,0.3,508,True,st,CARMA,q85,1.0,12.0,3.410927900978794,0.0,3.410927900978794,0.0,0.0,0.6956281997490193,64864.36282189725,893.0,18.653264606342518,2023-11-27
16680,0.3,508,True,st,CARMA,q90,1.0,12.0,3.450921445871728,0.0,3.450921445871728,0.0,0.0,0.7055909307884414,64864.36282189725,893.0,17.450076058828852,2023-11-27
16680,0.3,508,True,st,CARMA,q95,1.0,12.0,3.4792394732925884,0.0,3.4792394732925884,0.0,0.0,0.7056993387998882,64864.36282189725,893.0,17.685371963977502,2023-11-27
16848,0.3,509,True,st,CARMA,q30,1.0,12.0,1.508472733294887,0.0,1.508472733294887,0.0,0.0,0.7213656215177066,69667.54122002251,885.0,19.85933351965501,2023-12-04
16848,0.3,509,True,st,CARMA,q40,1.0,12.0,1.5005265973689732,0.0,1.5005265973689732,0.0,0.0,0.7213990249692857,69667.54122002251,885.0,17.77884312719523,2023-12-04
16848,0.3,509,True,st,CARMA,q50,1.0,12.0,1.4954038278497905,0.0,1.4954038278497905,0.0,0.0,0.7287363994146778,69667.54122002251,885.0,18.91671935424503,2023-12-04
16848,0.3,509,True,st,CARMA,q60,1.0,12.0,1.5340473047172616,0.0,1.5340473047172616,0.0,0.0,0.7251174965939381,69667.54122002251,885.0,19.78969412556633,2023-12-04
16848,0.3,509,True,st,CARMA,q70,1.0,12.0,1.59139028763988,0.0,1.59139028763988,0.0,0.0,0.7298038454836493,69667.54122002251,885.0,15.862403783768952,2023-12-04
16848,0.3,509,True,st,CARMA,q80,1.0,12.0,1.6437189763135482,0.0,1.6437189763135482,0.0,0.0,0.7307595907653416,69667.54122002251,885.0,17.13718523873066,2023-12-04
16848,0.3,509,True,st,CARMA,q85,1.0,12.0,1.6606681844330742,0.0,1.6606681844330742,0.0,0.0,0.7300631471769964,69667.54122002251,885.0,17.702825617115202,2023-12-04
16848,0.3,509,True,st,CARMA,q90,1.0,12.0,1.6800142246711547,0.0,1.6800142246711547,0.0,0.0,0.727978529150166,69667.54122002251,885.0,18.23271829276392,2023-12-04
16848,0.3,509,True,st,CARMA,q95,1.0,12.0,1.720296150349514,0.0,1.720296150349514,0.0,0.0,0.7173519293375425,69667.54122002251,885.0,16.653720740941935,2023-12-04
17016,0.3,510,True,st,CARMA,q30,1.0,12.0,1.31531744499801,0.0,1.31531744499801,0.0,0.0,0.6895209569473445,70788.37691020197,930.0,21.64475203055317,2023-12-11
17016,0.3,510,True,st,CARMA,q40,1.0,12.0,1.2585193650810598,0.0,1.2585193650810598,0.0,0.0,0.6850264962298365,70788.37691020197,930.0,19.605260222697446,2023-12-11
17016,0.3,510,True,st,CARMA,q50,1.0,12.0,1.248870485429972,0.0,1.248870485429972,0.0,0.0,0.6854849033049195,70788.37691020197,930.0,18.005245400907107,2023-12-11
17016,0.3,510,True,st,CARMA,q60,1.0,12.0,1.258118523511162,0.0,1.258118523511162,0.0,0.0,0.6919264652863016,70788.37691020197,930.0,18.654703862840964,2023-12-11
17016,0.3,510,True,st,CARMA,q70,1.0,12.0,1.2914458140920042,0.0,1.2914458140920042,0.0,0.0,0.6944882135610719,70788.37691020197,930.0,19.46277650220711,2023-12-11
17016,0.3,510,True,st,CARMA,q80,1.0,12.0,1.3338125605485585,0.0,1.3338125605485585,0.0,0.0,0.6951417125813065,70788.37691020197,930.0,19.572753215258505,2023-12-11
17016,0.3,510,True,st,CARMA,q85,1.0,12.0,1.364310875717309,0.0,1.364310875717309,0.0,0.0,0.7041896053371247,70788.37691020197,930.0,18.249713995500326,2023-12-11
17016,0.3,510,True,st,CARMA,q90,1.0,12.0,1.413295450945165,0.0,1.413295450945165,0.0,0.0,0.7078573481089153,70788.37691020197,930.0,17.933073900900403,2023-12-11
17016,0.3,510,True,st,CARMA,q95,1.0,12.0,1.6319558131456382,0.0,1.6319558131456382,0.0,0.0,0.6885826726619191,70788.37691020197,930.0,17.53479656303875,2023-12-11
17184,0.3,511,True,st,CARMA,q30,1.0,12.0,0.33595880855744553,0.0,0.33595880855744553,0.0,0.0,0.7010355052442362,71042.65994867557,945.0,22.594865038629127,2023-12-18
17184,0.3,511,True,st,CARMA,q40,1.0,12.0,0.3199977725545973,0.0,0.3199977725545973,0.0,0.0,0.709253428298058,71042.65994867557,945.0,19.889012653684365,2023-12-18
17184,0.3,511,True,st,CARMA,q50,1.0,12.0,0.314348897069771,0.0,0.314348897069771,0.0,0.0,0.7145250367136561,71042.65994867557,945.0,20.432954803487025,2023-12-18
17184,0.3,511,True,st,CARMA,q60,1.0,12.0,0.3151344334531511,0.0,0.3151344334531511,0.0,0.0,0.7182608376847142,71042.65994867557,945.0,19.098782070783127,2023-12-18
17184,0.3,511,True,st,CARMA,q70,1.0,12.0,0.3228121707500358,0.0,0.3228121707500358,0.0,0.0,0.7130578506303943,71042.65994867557,945.0,16.16123089683642,2023-12-18
17184,0.3,511,True,st,CARMA,q80,1.0,12.0,0.34672023659866036,0.0,0.34672023659866036,0.0,0.0,0.6975249509174019,71042.65994867557,945.0,13.967182722752693,2023-12-18
17184,0.3,511,True,st,CARMA,q85,1.0,12.0,0.35728762015473503,0.0,0.35728762015473503,0.0,0.0,0.6989190034753832,71042.65994867557,945.0,17.362450022716818,2023-12-18
17184,0.3,511,True,st,CARMA,q90,1.0,12.0,0.37081177844393476,0.0,0.37081177844393476,0.0,0.0,0.6923898492780222,71042.65994867557,945.0,17.283224790912755,2023-12-18
17184,0.3,511,True,st,CARMA,q95,1.0,12.0,0.3907380492260937,0.0,0.3907380492260937,0.0,0.0,0.6813307389109751,71042.65994867557,945.0,18.377218645439992,2023-12-18
17352,0.3,512,True,st,CARMA,q30,1.0,12.0,0.46382674524279555,0.0,0.46382674524279555,0.0,0.0,0.6834725051855354,75758.69303508809,958.0,21.328219991262092,2023-12-25
17352,0.3,512,True,st,CARMA,q40,1.0,12.0,0.4540681319443701,0.0,0.4540681319443701,0.0,0.0,0.6892099500005833,75758.69303508809,958.0,20.183875427326086,2023-12-25
17352,0.3,512,True,st,CARMA,q50,1.0,12.0,0.4378124746751262,0.0,0.4378124746751262,0.0,0.0,0.695368727456388,75758.69303508809,958.0,20.062171127761108,2023-12-25
17352,0.3,512,True,st,CARMA,q60,1.0,12.0,0.4185195315282991,0.0,0.4185195315282991,0.0,0.0,0.7015923419210635,75758.69303508809,958.0,15.651013178577548,2023-12-25
17352,0.3,512,True,st,CARMA,q70,1.0,12.0,0.41092670794014063,0.0,0.41092670794014063,0.0,0.0,0.6932838945677038,75758.69303508809,958.0,18.11108211606032,2023-12-25
17352,0.3,512,True,st,CARMA,q80,1.0,12.0,0.4262917069870849,0.0,0.4262917069870849,0.0,0.0,0.6743553005310089,75758.69303508809,958.0,16.16107725678851,2023-12-25
17352,0.3,512,True,st,CARMA,q85,1.0,12.0,0.4334785487789512,0.0,0.4334785487789512,0.0,0.0,0.6717180472911648,75758.69303508809,958.0,16.7657289414549,2023-12-25
17352,0.3,512,True,st,CARMA,q90,1.0,12.0,0.44972015211656585,0.0,0.44972015211656585,0.0,0.0,0.6629283289393498,75758.69303508809,958.0,18.945471570118798,2023-12-25
17352,0.3,512,True,st,CARMA,q95,1.0,12.0,0.4601561469716989,0.0,0.4601561469716989,0.0,0.0,0.6468574072143979,75758.69303508809,958.0,17.911898479617186,2023-12-25
15336,0.5,500,True,st,CARMA,q30,1.0,12.0,1.3445463315065833,0.0,1.3445463315065833,0.0,0.0,0.5253746464314594,113898.46651379707,1490.0,30.10771173106861,2023-10-02
15336,0.5,500,True,st,CARMA,q40,1.0,12.0,1.3050424922278883,0.0,1.3050424922278883,0.0,0.0,0.5216976344845594,113898.46651379707,1490.0,30.00489983551076,2023-10-02
15336,0.5,500,True,st,CARMA,q50,1.0,12.0,1.2498167620355822,0.0,1.2498167620355822,0.0,0.0,0.5281856001257474,113898.46651379707,1490.0,28.815346851525334,2023-10-02
15336,0.5,500,True,st,CARMA,q60,1.0,12.0,1.218688820397021,0.0,1.218688820397021,0.0,0.0,0.5332255792815445,113898.46651379707,1490.0,27.97730611403718,2023-10-02
15336,0.5,500,True,st,CARMA,q70,1.0,12.0,1.2308047736217473,0.0,1.2308047736217473,0.0,0.0,0.5323024337641045,113898.46651379707,1490.0,29.44253309732051,2023-10-02
15336,0.5,500,True,st,CARMA,q80,1.0,12.0,1.3145025998852122,0.0,1.3145025998852122,0.0,0.0,0.5257694719793954,113898.46651379707,1490.0,27.958420066661347,2023-10-02
15336,0.5,500,True,st,CARMA,q85,1.0,12.0,1.3352959448919506,0.0,1.3352959448919506,0.0,0.0,0.5223620148583833,113898.46651379707,1490.0,26.45980171555493,2023-10-02
15336,0.5,500,True,st,CARMA,q90,1.0,12.0,1.370553005515715,0.0,1.370553005515715,0.0,0.0,0.5172434253220958,113898.46651379707,1490.0,27.73965831998996,2023-10-02
15336,0.5,500,True,st,CARMA,q95,1.0,12.0,1.4580615707260252,0.0,1.4580615707260252,0.0,0.0,0.5008118523149522,113898.46651379707,1490.0,29.057263564457873,2023-10-02
15504,0.5,501,True,st,CARMA,q30,1.0,12.0,2.3843537909117147,0.0,2.3843537909117147,0.0,0.0,0.5419476325170635,116114.4954149879,1494.0,28.566749850894443,2023-10-09
15504,0.5,501,True,st,CARMA,q40,1.0,12.0,2.309576303370318,0.0,2.309576303370318,0.0,0.0,0.5368578238688252,116114.4954149879,1494.0,29.170567225665096,2023-10-09
15504,0.5,501,True,st,CARMA,q50,1.0,12.0,2.320455035658798,0.0,2.320455035658798,0.0,0.0,0.5357920126820266,116114.4954149879,1494.0,27.557187185851767,2023-10-09
15504,0.5,501,True,st,CARMA,q60,1.0,12.0,2.3914829810381515,0.0,2.3914829810381515,0.0,0.0,0.524216707053665,116114.4954149879,1494.0,25.644639500012243,2023-10-09
15504,0.5,501,True,st,CARMA,q70,1.0,12.0,2.5356596715330073,0.0,2.5356596715330073,0.0,0.0,0.5165046733213325,116114.4954149879,1494.0,28.403479362852714,2023-10-09
15504,0.5,501,True,st,CARMA,q80,1.0,12.0,2.6003363079400077,0.0,2.6003363079400077,0.0,0.0,0.5245639158708176,116114.4954149879,1494.0,27.461762445954765,2023-10-09
15504,0.5,501,True,st,CARMA,q85,1.0,12.0,2.6227630258116643,0.0,2.6227630258116643,0.0,0.0,0.5231311410703237,116114.4954149879,1494.0,27.55166209009723,2023-10-09
15504,0.5,501,True,st,CARMA,q90,1.0,12.0,2.6542598722471413,0.0,2.6542598722471413,0.0,0.0,0.5240348259078331,116114.4954149879,1494.0,26.28026629409715,2023-10-09
15504,0.5,501,True,st,CARMA,q95,1.0,12.0,2.7039417948510542,0.0,2.7039417948510542,0.0,0.0,0.5148527418203539,116114.4954149879,1494.0,23.660224262440924,2023-10-09
15672,0.5,502,True,st,CARMA,q30,1.0,12.0,2.4386132572624453,0.0,2.4386132572624453,0.0,0.0,0.4943377076817297,117710.60274682064,1534.0,28.84089034209306,2023-10-16
15672,0.5,502,True,st,CARMA,q40,1.0,12.0,2.4044700468731417,0.0,2.4044700468731417,0.0,0.0,0.48955238034188364,117710.60274682064,1534.0,30.550974075218875,2023-10-16
15672,0.5,502,True,st,CARMA,q50,1.0,12.0,2.4010775556982873,0.0,2.4010775556982873,0.0,0.0,0.49077597913906057,117710.60274682064,1534.0,26.94422722565108,2023-10-16
15672,0.5,502,True,st,CARMA,q60,1.0,12.0,2.4378142469359765,0.0,2.4378142469359765,0.0,0.0,0.48992722871690597,117710.60274682064,1534.0,30.413548497753155,2023-10-16
15672,0.5,502,True,st,CARMA,q70,1.0,12.0,2.5599805014800983,0.0,2.5599805014800983,0.0,0.0,0.48968728735635714,117710.60274682064,1534.0,28.52131692890301,2023-10-16
15672,0.5,502,True,st,CARMA,q80,1.0,12.0,2.683779098775374,0.0,2.683779098775374,0.0,0.0,0.4839521948414657,117710.60274682064,1534.0,24.956608858417944,2023-10-16
15672,0.5,502,True,st,CARMA,q85,1.0,12.0,2.7761465658181335,0.0,2.7761465658181335,0.0,0.0,0.4689907964937698,117710.60274682064,1534.0,27.100206526556253,2023-10-16
15672,0.5,502,True,st,CARMA,q90,1.0,12.0,2.8847381489211097,0.0,2.8847381489211097,0.0,0.0,0.4591620291090908,117710.60274682064,1534.0,24.589297062509072,2023-10-16
15672,0.5,502,True,st,CARMA,q95,1.0,12.0,3.0134843872626256,0.0,3.0134843872626256,0.0,0.0,0.4460307820815062,117710.60274682064,1534.0,25.886723896871235,2023-10-16
15840,0.5,503,True,st,CARMA,q30,1.0,12.0,4.560726113773875,0.0,4.560726113773875,0.0,0.0,0.4322313475577861,125927.17619749843,1638.0,30.959472493315033,2023-10-23
15840,0.5,503,True,st,CARMA,q40,1.0,12.0,4.485903055767241,0.0,4.485903055767241,0.0,0.0,0.4378814411917693,125927.17619749843,1638.0,28.442807626654233,2023-10-23
15840,0.5,503,True,st,CARMA,q50,1.0,12.0,4.436738699489904,0.0,4.436738699489904,0.0,0.0,0.4401857445996235,125927.17619749843,1638.0,28.70124429333575,2023-10-23
15840,0.5,503,True,st,CARMA,q60,1.0,12.0,4.361150423031626,0.0,4.361150423031626,0.0,0.0,0.43963282459478503,125927.17619749843,1638.0,28.61469173332403,2023-10-23
15840,0.5,503,True,st,CARMA,q70,1.0,12.0,4.356164833005643,0.0,4.356164833005643,0.0,0.0,0.4403875143986757,125927.17619749843,1638.0,28.726742835553726,2023-10-23
15840,0.5,503,True,st,CARMA,q80,1.0,12.0,4.472341153004903,0.0,4.472341153004903,0.0,0.0,0.43774514339123505,125927.17619749843,1638.0,28.533187549111208,2023-10-23
15840,0.5,503,True,st,CARMA,q85,1.0,12.0,4.4998975565110415,0.0,4.4998975565110415,0.0,0.0,0.44159250631094105,125927.17619749843,1638.0,28.160968080369134,2023-10-23
15840,0.5,503,True,st,CARMA,q90,1.0,12.0,4.535991098003711,0.0,4.535991098003711,0.0,0.0,0.43984468506176644,125927.17619749843,1638.0,28.651629766797992,2023-10-23
15840,0.5,503,True,st,CARMA,q95,1.0,12.0,4.812603237062255,0.0,4.812603237062255,0.0,0.0,0.4237776757390252,125927.17619749843,1638.0,27.20478845946001,2023-10-23
16008,0.5,504,True,st,CARMA,q30,1.0,12.0,2.358495824135957,0.0,2.358495824135957,0.0,0.0,0.5188065666597919,114743.37890450687,1520.0,28.826373551563208,2023-10-30
16008,0.5,504,True,st,CARMA,q40,1.0,12.0,2.3002302783017843,0.0,2.3002302783017843,0.0,0.0,0.508353794519692,114743.37890450687,1520.0,27.419331470860975,2023-10-30
16008,0.5,504,True,st,CARMA,q50,1.0,12.0,2.270738717699359,0.0,2.270738717699359,0.0,0.0,0.5173075680934748,114743.37890450687,1520.0,28.412053829596527,2023-10-30
16008,0.5,504,True,st,CARMA,q60,1.0,12.0,2.2935636804967743,0.0,2.2935636804967743,0.0,0.0,0.5177477285175625,114743.37890450687,1520.0,26.80974793273005,2023-10-30
16008,0.5,504,True,st,CARMA,q70,1.0,12.0,2.309431790114296,0.0,2.309431790114296,0.0,0.0,0.518587138520304,114743.37890450687,1520.0,27.918874570130612,2023-10-30
16008,0.5,504,True,st,CARMA,q80,1.0,12.0,2.341541148734578,0.0,2.341541148734578,0.0,0.0,0.517087566565969,114743.37890450687,1520.0,28.03145507238091,2023-10-30
16008,0.5,504,True,st,CARMA,q85,1.0,12.0,2.390786041721561,0.0,2.390786041721561,0.0,0.0,0.5163837148309989,114743.37890450687,1520.0,27.368469909505542,2023-10-30
16008,0.5,504,True,st,CARMA,q90,1.0,12.0,2.4565118310784952,0.0,2.4565118310784952,0.0,0.0,0.519814553832532,114743.37890450687,1520.0,27.85751944345078,2023-10-30
16008,0.5,504,True,st,CARMA,q95,1.0,12.0,2.5535679258362745,0.0,2.5535679258362745,0.0,0.0,0.5215589505564435,114743.37890450687,1520.0,28.649995196327875,2023-10-30
16176,0.5,505,True,st,CARMA,q30,1.0,12.0,2.901040521271487,0.0,2.901040521271487,0.0,0.0,0.5223277859924143,113797.0354469592,1521.0,30.694111588491875,2023-11-06
16176,0.5,505,True,st,CARMA,q40,1.0,12.0,2.838903178369297,0.0,2.838903178369297,0.0,0.0,0.5243566901776519,113797.0354469592,1521.0,29.425603408898397,2023-11-06
16176,0.5,505,True,st,CARMA,q50,1.0,12.0,2.813537050765562,0.0,2.813537050765562,0.0,0.0,0.5256103980035003,113797.0354469592,1521.0,24.618588401783168,2023-11-06
16176,0.5,505,True,st,CARMA,q60,1.0,12.0,2.8325192107586257,0.0,2.8325192107586257,0.0,0.0,0.5159468584893739,113797.0354469592,1521.0,22.84230312501531,2023-11-06
16176,0.5,505,True,st,CARMA,q70,1.0,12.0,2.861271614155282,0.0,2.861271614155282,0.0,0.0,0.5090368941224752,113797.0354469592,1521.0,25.467644950657256,2023-11-06
16176,0.5,505,True,st,CARMA,q80,1.0,12.0,2.9323375520137205,0.0,2.9323375520137205,0.0,0.0,0.5068150458319052,113797.0354469592,1521.0,22.264891201790192,2023-11-06
16176,0.5,505,True,st,CARMA,q85,1.0,12.0,3.009974306099451,0.0,3.009974306099451,0.0,0.0,0.5024858655986951,113797.0354469592,1521.0,26.870476454958506,2023-11-06
16176,0.5,505,True,st,CARMA,q90,1.0,12.0,3.0980410193933055,0.0,3.0980410193933055,0.0,0.0,0.49884979615596087,113797.0354469592,1521.0,26.845921185501304,2023-11-06
16176,0.5,505,True,st,CARMA,q95,1.0,12.0,3.4806074900672517,0.0,3.4806074900672517,0.0,0.0,0.48594350831466426,113797.0354469592,1521.0,25.09373488687146,2023-11-06
16344,0.5,506,True,st,CARMA,q30,1.0,12.0,4.461675952800753,0.0,4.461675952800753,0.0,0.0,0.5441536445133714,114535.07617219127,1534.0,22.958077977794648,2023-11-13
16344,0.5,506,True,st,CARMA,q40,1.0,12.0,4.39337855087095,0.0,4.39337855087095,0.0,0.0,0.5449630881230744,114535.07617219127,1534.0,26.73301632743846,2023-11-13
16344,0.5,506,True,st,CARMA,q50,1.0,12.0,4.37808561123576,0.0,4.37808561123576,0.0,0.0,0.5520034727383943,114535.07617219127,1534.0,29.120280455363254,2023-11-13
16344,0.5,506,True,st,CARMA,q60,1.0,12.0,4.364590528945409,0.0,4.364590528945409,0.0,0.0,0.5466175224789255,114535.07617219127,1534.0,28.489868842356586,2023-11-13
16344,0.5,506,True,st,CARMA,q70,1.0,12.0,4.414911607298969,0.0,4.414911607298969,0.0,0.0,0.5326684349147015,114535.07617219127,1534.0,27.685575153163718,2023-11-13
16344,0.5,506,True,st,CARMA,q80,1.0,12.0,4.500423332632321,0.0,4.500423332632321,0.0,0.0,0.5239951099430572,114535.07617219127,1534.0,27.23624520721846,2023-11-13
16344,0.5,506,True,st,CARMA,q85,1.0,12.0,4.629973504808517,0.0,4.629973504808517,0.0,0.0,0.5196127405027224,114535.07617219127,1534.0,26.321902693694398,2023-11-13
16344,0.5,506,True,st,CARMA,q90,1.0,12.0,4.7435545190665,0.0,4.7435545190665,0.0,0.0,0.513704399726876,114535.07617219127,1534.0,25.497404882339055,2023-11-13
16344,0.5,506,True,st,CARMA,q95,1.0,12.0,4.82800722088257,0.0,4.82800722088257,0.0,0.0,0.5061134365338599,114535.07617219127,1534.0,26.455672718157075,2023-11-13
16512,0.5,507,True,st,CARMA,q30,1.0,12.0,3.4572266618905134,0.0,3.4572266618905134,0.0,0.0,0.5212149574683843,115267.9624331729,1500.0,29.399691964451147,2023-11-20
16512,0.5,507,True,st,CARMA,q40,1.0,12.0,3.44359503487716,0.0,3.44359503487716,0.0,0.0,0.5252152576784485,115267.9624331729,1500.0,29.164964822209893,2023-11-20
16512,0.5,507,True,st,CARMA,q50,1.0,12.0,3.3540938396063016,0.0,3.3540938396063016,0.0,0.0,0.5354321579873158,115267.9624331729,1500.0,28.838182711095012,2023-11-20
16512,0.5,507,True,st,CARMA,q60,1.0,12.0,3.345897874262576,0.0,3.345897874262576,0.0,0.0,0.5413049997071737,115267.9624331729,1500.0,28.872467333319552,2023-11-20
16512,0.5,507,True,st,CARMA,q70,1.0,12.0,3.4318924888069033,0.0,3.4318924888069033,0.0,0.0,0.5311646050664256,115267.9624331729,1500.0,24.517382274794514,2023-11-20
16512,0.5,507,True,st,CARMA,q80,1.0,12.0,3.6073216015654146,0.0,3.6073216015654146,0.0,0.0,0.5226341557444332,115267.9624331729,1500.0,23.195130018014726,2023-11-20
16512,0.5,507,True,st,CARMA,q85,1.0,12.0,3.765279878109679,0.0,3.765279878109679,0.0,0.0,0.519632503814441,115267.9624331729,1500.0,26.18309449321529,2023-11-20
16512,0.5,507,True,st,CARMA,q90,1.0,12.0,3.877316553574828,0.0,3.877316553574828,0.0,0.0,0.5118196220998611,115267.9624331729,1500.0,25.65911615384799,2023-11-20
16512,0.5,507,True,st,CARMA,q95,1.0,12.0,4.202422088273165,0.0,4.202422088273165,0.0,0.0,0.48636166358677674,115267.9624331729,1500.0,23.789142371034806,2023-11-20
16680,0.5,508,True,st,CARMA,q30,1.0,12.0,7.688297914631344,0.0,7.688297914631344,0.0,0.0,0.4907204264779875,117195.14939128078,1567.0,25.83191868890329,2023-11-27
16680,0.5,508,True,st,CARMA,q40,1.0,12.0,7.6670418752721865,0.0,7.6670418752721865,0.0,0.0,0.4872620489116178,117195.14939128078,1567.0,28.71532944888814,2023-11-27
16680,0.5,508,True,st,CARMA,q50,1.0,12.0,7.684619208407433,0.0,7.684619208407433,0.0,0.0,0.48539771395673387,117195.14939128078,1567.0,29.683352875559244,2023-11-27
16680,0.5,508,True,st,CARMA,q60,1.0,12.0,7.742613114046019,0.0,7.742613114046019,0.0,0.0,0.48463976542790665,117195.14939128078,1567.0,27.940346533339632,2023-11-27
16680,0.5,508,True,st,CARMA,q70,1.0,12.0,7.82991274292089,0.0,7.82991274292089,0.0,0.0,0.49007570368313574,117195.14939128078,1567.0,29.434934986509468,2023-11-27
16680,0.5,508,True,st,CARMA,q80,1.0,12.0,7.912904576744489,0.0,7.912904576744489,0.0,0.0,0.49451144341970027,117195.14939128078,1567.0,29.697232432446064,2023-11-27
16680,0.5,508,True,st,CARMA,q85,1.0,12.0,8.003457255492085,0.0,8.003457255492085,0.0,0.0,0.49226862803869936,117195.14939128078,1567.0,27.843009563074137,2023-11-27
16680,0.5,508,True,st,CARMA,q90,1.0,12.0,8.153469725690202,0.0,8.153469725690202,0.0,0.0,0.4836253282432553,117195.14939128078,1567.0,27.49175163676982,2023-11-27
16680,0.5,508,True,st,CARMA,q95,1.0,12.0,8.220186138765092,0.0,8.220186138765092,0.0,0.0,0.4783811831679619,117195.14939128078,1567.0,28.27701583784416,2023-11-27
16848,0.5,509,True,st,CARMA,q30,1.0,12.0,3.707499704358208,0.0,3.707499704358208,0.0,0.0,0.5475384505586914,113168.7626501414,1455.0,28.479306680019363,2023-12-04
16848,0.5,509,True,st,CARMA,q40,1.0,12.0,3.7277463801103736,0.0,3.7277463801103736,0.0,0.0,0.536782190541385,113168.7626501414,1455.0,26.5930549733154,2023-12-04
16848,0.5,509,True,st,CARMA,q50,1.0,12.0,3.720649658765882,0.0,3.720649658765882,0.0,0.0,0.5431790661795819,113168.7626501414,1455.0,22.426614654721504,2023-12-04
16848,0.5,509,True,st,CARMA,q60,1.0,12.0,3.773443155989991,0.0,3.773443155989991,0.0,0.0,0.5450111777827064,113168.7626501414,1455.0,26.3196150360338,2023-12-04
16848,0.5,509,True,st,CARMA,q70,1.0,12.0,3.8395541861396647,0.0,3.8395541861396647,0.0,0.0,0.5462208010500216,113168.7626501414,1455.0,28.93125334683416,2023-12-04
16848,0.5,509,True,st,CARMA,q80,1.0,12.0,3.8958401001191456,0.0,3.8958401001191456,0.0,0.0,0.5442905542630926,113168.7626501414,1455.0,27.201310540542245,2023-12-04
16848,0.5,509,True,st,CARMA,q85,1.0,12.0,3.9589277167094807,0.0,3.9589277167094807,0.0,0.0,0.5434514231831956,113168.7626501414,1455.0,27.047214617131193,2023-12-04
16848,0.5,509,True,st,CARMA,q90,1.0,12.0,4.0693839124326905,0.0,4.0693839124326905,0.0,0.0,0.5401087578294548,113168.7626501414,1455.0,24.3384591351166,2023-12-04
16848,0.5,509,True,st,CARMA,q95,1.0,12.0,4.2761924831427205,0.0,4.2761924831427205,0.0,0.0,0.5284603121551981,113168.7626501414,1455.0,26.32331215385198,2023-12-04
17016,0.5,510,True,st,CARMA,q30,1.0,12.0,2.960158601314441,0.0,2.960158601314441,0.0,0.0,0.5390061609012088,113082.6955013234,1510.0,28.832156853991567,2023-12-11
17016,0.5,510,True,st,CARMA,q40,1.0,12.0,2.9086984051726956,0.0,2.9086984051726956,0.0,0.0,0.5431424542741802,113082.6955013234,1510.0,29.254058071128384,2023-12-11
17016,0.5,510,True,st,CARMA,q50,1.0,12.0,2.9124143540978085,0.0,2.9124143540978085,0.0,0.0,0.5322579703052532,113082.6955013234,1510.0,27.55010063555447,2023-12-11
17016,0.5,510,True,st,CARMA,q60,1.0,12.0,2.952334175460366,0.0,2.952334175460366,0.0,0.0,0.5239548199203793,113082.6955013234,1510.0,27.501613057511026,2023-12-11
17016,0.5,510,True,st,CARMA,q70,1.0,12.0,3.0267570247090423,0.0,3.0267570247090423,0.0,0.0,0.5247296688531281,113082.6955013234,1510.0,26.954160155566772,2023-12-11
17016,0.5,510,True,st,CARMA,q80,1.0,12.0,3.118882656276211,0.0,3.118882656276211,0.0,0.0,0.520088440854184,113082.6955013234,1510.0,25.777038213307403,2023-12-11
17016,0.5,510,True,st,CARMA,q85,1.0,12.0,3.169872576610011,0.0,3.169872576610011,0.0,0.0,0.5183768587445456,113082.6955013234,1510.0,24.433770720012642,2023-12-11
17016,0.5,510,True,st,CARMA,q90,1.0,12.0,3.3059829836342596,0.0,3.3059829836342596,0.0,0.0,0.5119778764089231,113082.6955013234,1510.0,24.446252450898346,2023-12-11
17016,0.5,510,True,st,CARMA,q95,1.0,12.0,3.726870420438605,0.0,3.726870420438605,0.0,0.0,0.49701300175653285,113082.6955013234,1510.0,21.568041040346326,2023-12-11
17184,0.5,511,True,st,CARMA,q30,1.0,12.0,0.8503653117931028,0.0,0.8503653117931028,0.0,0.0,0.5679501897736464,118184.13952197897,1551.0,29.967053166675022,2023-12-18
17184,0.5,511,True,st,CARMA,q40,1.0,12.0,0.837407515979256,0.0,0.837407515979256,0.0,0.0,0.5643849298266873,118184.13952197897,1551.0,27.78109982894325,2023-12-18
17184,0.5,511,True,st,CARMA,q50,1.0,12.0,0.8112786723049524,0.0,0.8112786723049524,0.0,0.0,0.5598170722650272,118184.13952197897,1551.0,31.572495986790877,2023-12-18
17184,0.5,511,True,st,CARMA,q60,1.0,12.0,0.7979054421683331,0.0,0.7979054421683331,0.0,0.0,0.5711856010689024,118184.13952197897,1551.0,27.742066641591748,2023-12-18
17184,0.5,511,True,st,CARMA,q70,1.0,12.0,0.8010418476859643,0.0,0.8010418476859643,0.0,0.0,0.5710149565888962,118184.13952197897,1551.0,29.41254926665958,2023-12-18
17184,0.5,511,True,st,CARMA,q80,1.0,12.0,0.8336490238604648,0.0,0.8336490238604648,0.0,0.0,0.5615011895588625,118184.13952197897,1551.0,23.421004288896558,2023-12-18
17184,0.5,511,True,st,CARMA,q85,1.0,12.0,0.859107989972312,0.0,0.859107989972312,0.0,0.0,0.553308677675134,118184.13952197897,1551.0,25.540712334816362,2023-12-18
17184,0.5,511,True,st,CARMA,q90,1.0,12.0,0.8774451044396585,0.0,0.8774451044396585,0.0,0.0,0.543547029842938,118184.13952197897,1551.0,26.375579981979648,2023-12-18
17184,0.5,511,True,st,CARMA,q95,1.0,12.0,0.9764553408676725,0.0,0.9764553408676725,0.0,0.0,0.5263142954484716,118184.13952197897,1551.0,23.279313497720867,2023-12-18
17352,0.5,512,True,st,CARMA,q30,1.0,12.0,0.9941751983451423,0.0,0.9941751983451423,0.0,0.0,0.4919611371938054,120237.69722299729,1561.0,29.23444597332491,2023-12-25
17352,0.5,512,True,st,CARMA,q40,1.0,12.0,0.9536563414328678,0.0,0.9536563414328678,0.0,0.0,0.4962217025189362,120237.69722299729,1561.0,28.375600699102538,2023-12-25
17352,0.5,512,True,st,CARMA,q50,1.0,12.0,0.9050165037059797,0.0,0.9050165037059797,0.0,0.0,0.502589105754781,120237.69722299729,1561.0,28.617164057522157,2023-12-25
17352,0.5,512,True,st,CARMA,q60,1.0,12.0,0.879468303609108,0.0,0.879468303609108,0.0,0.0,0.5029414860918624,120237.69722299729,1561.0,25.53387987112122,2023-12-25
17352,0.5,512,True,st,CARMA,q70,1.0,12.0,0.8866014869801152,0.0,0.8866014869801152,0.0,0.0,0.5074055576691681,120237.69722299729,1561.0,26.49663850224897,2023-12-25
17352,0.5,512,True,st,CARMA,q80,1.0,12.0,0.8865280521468086,0.0,0.8865280521468086,0.0,0.0,0.5038481489800183,120237.69722299729,1561.0,25.737006269058014,2023-12-25
17352,0.5,512,True,st,CARMA,q85,1.0,12.0,0.8871113536695379,0.0,0.8871113536695379,0.0,0.0,0.5050592314164685,120237.69722299729,1561.0,26.419896370549218,2023-12-25
17352,0.5,512,True,st,CARMA,q90,1.0,12.0,0.8993485032718987,0.0,0.8993485032718987,0.0,0.0,0.5005073986448673,120237.69722299729,1561.0,21.444610810810552,2023-12-25
17352,0.5,512,True,st,CARMA,q95,1.0,12.0,0.9669206701359907,0.0,0.9669206701359907,0.0,0.0,0.47707121283591936,120237.69722299729,1561.0,24.708383513512132,2023-12-25
15336,0.7,500,True,st,CARMA,q30,1.0,12.0,3.549273592554538,0.0008284761361418557,3.5732977038851925,0.008707607699358386,0.0,0.3195068677565723,166463.55983189825,2182.0,39.84882287222557,2023-10-02
15336,0.7,500,True,st,CARMA,q40,1.0,12.0,3.505470988429274,0.0012396208177570308,3.5414174535529153,0.00916590284142988,0.0,0.3134911264905694,166463.55983189825,2182.0,37.145001519820255,2023-10-02
15336,0.7,500,True,st,CARMA,q50,1.0,12.0,3.5169977661569005,1.0573621155680464e-05,3.5173043795169368,0.0009165902841429881,0.0,0.3144277802675128,166463.55983189825,2182.0,37.88983533480547,2023-10-02
15336,0.7,500,True,st,CARMA,q60,1.0,12.0,3.4412589399174225,0.0,3.4412589399174225,0.0,0.0,0.32451275198305013,166463.55983189825,2182.0,39.968030092946336,2023-10-02
15336,0.7,500,True,st,CARMA,q70,1.0,12.0,3.444925022417301,0.0,3.444925022417301,0.0,0.0,0.32867933620416423,166463.55983189825,2182.0,38.126873284452614,2023-10-02
15336,0.7,500,True,st,CARMA,q80,1.0,12.0,3.440801220623132,0.0,3.440801220623132,0.0,0.0,0.3262484380776788,166463.55983189825,2182.0,40.703853085214924,2023-10-02
15336,0.7,500,True,st,CARMA,q85,1.0,12.0,3.4362272879143463,0.0,3.4362272879143463,0.0,0.0,0.3297550115147102,166463.55983189825,2182.0,37.430309112624926,2023-10-02
15336,0.7,500,True,st,CARMA,q90,1.0,12.0,3.5214751136670484,0.0,3.5214751136670484,0.0,0.0,0.32807711860393407,166463.55983189825,2182.0,36.5129360540556,2023-10-02
15336,0.7,500,True,st,CARMA,q95,1.0,12.0,3.7181812772339273,0.0,3.7181812772339273,0.0,0.0,0.33188079382627356,166463.55983189825,2182.0,36.0910987692313,2023-10-02
15504,0.7,501,True,st,CARMA,q30,1.0,12.0,5.350404300156623,0.00977842552921327,5.664931070791357,0.042149143121815655,0.0,0.3180184773551246,165587.5406092412,2159.0,39.32355053712739,2023-10-09
15504,0.7,501,True,st,CARMA,q40,1.0,12.0,5.379326671880536,0.0034117696376320624,5.489067537940022,0.02269569245020843,0.0,0.31861630159708304,165587.5406092412,2159.0,39.219011330396626,2023-10-09
15504,0.7,501,True,st,CARMA,q50,1.0,12.0,5.352467439764034,0.00022824932090296658,5.359809165851603,0.00555812876331635,0.0,0.3142329624624434,165587.5406092412,2159.0,36.74131046255604,2023-10-09
15504,0.7,501,True,st,CARMA,q60,1.0,12.0,5.36946942250701,0.0,5.36946942250701,0.0,0.0,0.3111292843413992,165587.5406092412,2159.0,36.60359337169992,2023-10-09
15504,0.7,501,True,st,CARMA,q70,1.0,12.0,5.359675130809741,0.0,5.359675130809741,0.0,0.0,0.3161931478613439,165587.5406092412,2159.0,37.76517838393545,2023-10-09
15504,0.7,501,True,st,CARMA,q80,1.0,12.0,5.577586847724751,0.0,5.577586847724751,0.0,0.0,0.31830210499650513,165587.5406092412,2159.0,35.36750620627768,2023-10-09
15504,0.7,501,True,st,CARMA,q85,1.0,12.0,5.749391598169578,0.0,5.749391598169578,0.0,0.0,0.3153427744025065,165587.5406092412,2159.0,35.701606045038076,2023-10-09
15504,0.7,501,True,st,CARMA,q90,1.0,12.0,6.016183984464033,0.0,6.016183984464033,0.0,0.0,0.30985588062078145,165587.5406092412,2159.0,33.78219271622289,2023-10-09
15504,0.7,501,True,st,CARMA,q95,1.0,12.0,6.181707812466844,0.0,6.181707812466844,0.0,0.0,0.3017737468733138,165587.5406092412,2159.0,32.18345597735392,2023-10-09
15672,0.7,502,True,st,CARMA,q30,1.0,12.0,4.632390169838107,0.0007487705898113079,4.659258142084377,0.008581752484191508,0.0,0.312064449777678,168860.153127672,2214.0,32.75609569826774,2023-10-16
15672,0.7,502,True,st,CARMA,q40,1.0,12.0,4.521124948032774,0.0,4.521124948032774,0.0,0.0,0.31997143199128625,168860.153127672,2214.0,37.06921116450301,2023-10-16
15672,0.7,502,True,st,CARMA,q50,1.0,12.0,4.594736709424004,0.0,4.594736709424004,0.0,0.0,0.3250669192520747,168860.153127672,2214.0,37.58677568262497,2023-10-16
15672,0.7,502,True,st,CARMA,q60,1.0,12.0,4.682194213156773,0.0,4.682194213156773,0.0,0.0,0.32488152782509805,168860.153127672,2214.0,35.33782948016229,2023-10-16
15672,0.7,502,True,st,CARMA,q70,1.0,12.0,4.781756625117467,0.0,4.781756625117467,0.0,0.0,0.3239879722575104,168860.153127672,2214.0,37.044382933620994,2023-10-16
15672,0.7,502,True,st,CARMA,q80,1.0,12.0,5.000967910276568,0.0,5.000967910276568,0.0,0.0,0.31154087221992355,168860.153127672,2214.0,36.747070773324396,2023-10-16
15672,0.7,502,True,st,CARMA,q85,1.0,12.0,5.151513283377104,0.0,5.151513283377104,0.0,0.0,0.30995194506229484,168860.153127672,2214.0,38.17274878666972,2023-10-16
15672,0.7,502,True,st,CARMA,q90,1.0,12.0,5.310101805517813,0.0,5.310101805517813,0.0,0.0,0.30753021129015445,168860.153127672,2214.0,36.19221132892158,2023-10-16
15672,0.7,502,True,st,CARMA,q95,1.0,12.0,5.438774938038118,0.0,5.438774938038118,0.0,0.0,0.2929255366507868,168860.153127672,2214.0,35.82334069641239,2023-10-16
15840,0.7,503,True,st,CARMA,q30,1.0,12.0,8.549078787556432,0.002141493668652212,8.625887839821795,0.02110091743119266,0.0,0.2594884212922236,168786.09957749603,2180.0,37.39699305778332,2023-10-23
15840,0.7,503,True,st,CARMA,q40,1.0,12.0,8.254395614232983,0.00038986667694013627,8.268378980331125,0.006880733944954129,0.0,0.2598954746320896,168786.09957749603,2180.0,38.245078691967855,2023-10-23
15840,0.7,503,True,st,CARMA,q50,1.0,12.0,8.200553858613203,6.381972971254349e-05,8.202842883804735,0.001834862385321101,0.0,0.26149157430413134,168786.09957749603,2180.0,37.777219334842016,2023-10-23
15840,0.7,503,True,st,CARMA,q60,1.0,12.0,8.174892525427381,0.00012568637410189878,8.179400524409004,0.003211009174311927,0.0,0.26748305194585176,168786.09957749603,2180.0,37.06511350225969,2023-10-23
15840,0.7,503,True,st,CARMA,q70,1.0,12.0,8.180734931010948,0.00013614335049993932,8.185617990847737,0.0027522935779816515,0.0,0.26643778925426853,168786.09957749603,2180.0,36.39671449326927,2023-10-23
15840,0.7,503,True,st,CARMA,q80,1.0,12.0,8.165406738082588,0.0,8.165406738082588,0.0,0.0,0.2745393512962963,168786.09957749603,2180.0,41.55411289686339,2023-10-23
15840,0.7,503,True,st,CARMA,q85,1.0,12.0,8.170234068819044,0.0,8.170234068819044,0.0,0.0,0.26797099754700965,168786.09957749603,2180.0,40.42262079372555,2023-10-23
15840,0.7,503,True,st,CARMA,q90,1.0,12.0,8.207399392443001,0.0,8.207399392443001,0.0,0.0,0.26538958107301003,168786.09957749603,2180.0,37.703251099079715,2023-10-23
15840,0.7,503,True,st,CARMA,q95,1.0,12.0,8.408924338178403,0.0,8.408924338178403,0.0,0.0,0.2764749600455301,168786.09957749603,2180.0,38.00928171948607,2023-10-23
16008,0.7,504,True,st,CARMA,q30,1.0,12.0,4.8050473878133095,0.0,4.8050473878133095,0.0,0.0,0.28436189792712663,164554.64009634324,2170.0,38.358067154173504,2023-10-30
16008,0.7,504,True,st,CARMA,q40,1.0,12.0,4.760881705702122,0.0,4.760881705702122,0.0,0.0,0.28500092513523007,164554.64009634324,2170.0,32.009295733336735,2023-10-30
16008,0.7,504,True,st,CARMA,q50,1.0,12.0,4.742071247635392,0.0,4.742071247635392,0.0,0.0,0.2872556405565419,164554.64009634324,2170.0,37.220578941707466,2023-10-30
16008,0.7,504,True,st,CARMA,q60,1.0,12.0,4.767776739448477,0.0,4.767776739448477,0.0,0.0,0.2851419144006878,164554.64009634324,2170.0,33.66905072196035,2023-10-30
16008,0.7,504,True,st,CARMA,q70,1.0,12.0,4.82013250951021,0.0,4.82013250951021,0.0,0.0,0.28539402562178107,164554.64009634324,2170.0,32.77802310763831,2023-10-30
16008,0.7,504,True,st,CARMA,q80,1.0,12.0,4.892683850033002,0.0,4.892683850033002,0.0,0.0,0.2931656701336959,164554.64009634324,2170.0,33.11541386487128,2023-10-30
16008,0.7,504,True,st,CARMA,q85,1.0,12.0,4.975842794278847,0.0,4.975842794278847,0.0,0.0,0.29085879757215755,164554.64009634324,2170.0,35.883827531537264,2023-10-30
16008,0.7,504,True,st,CARMA,q90,1.0,12.0,5.21089134428664,0.0,5.21089134428664,0.0,0.0,0.29622008409875655,164554.64009634324,2170.0,36.42472468919214,2023-10-30
16008,0.7,504,True,st,CARMA,q95,1.0,12.0,5.679771143224671,0.0,5.679771143224671,0.0,0.0,0.3005425591481217,164554.64009634324,2170.0,32.47883687330762,2023-10-30
16176,0.7,505,True,st,CARMA,q30,1.0,12.0,5.308409195182348,0.0,5.308409195182348,0.0,0.0,0.3452492232379619,151580.28519375168,2052.0,36.27794434527614,2023-11-06
16176,0.7,505,True,st,CARMA,q40,1.0,12.0,5.182169715178362,0.0,5.182169715178362,0.0,0.0,0.34067643640616163,151580.28519375168,2052.0,36.73001517937325,2023-11-06
16176,0.7,505,True,st,CARMA,q50,1.0,12.0,5.148115707712185,0.0,5.148115707712185,0.0,0.0,0.33207311056071065,151580.28519375168,2052.0,37.944514408059455,2023-11-06
16176,0.7,505,True,st,CARMA,q60,1.0,12.0,5.127369754366198,0.0,5.127369754366198,0.0,0.0,0.33053788316897886,151580.28519375168,2052.0,33.69399306725855,2023-11-06
16176,0.7,505,True,st,CARMA,q70,1.0,12.0,5.221843860597985,0.0,5.221843860597985,0.0,0.0,0.3256114275301959,151580.28519375168,2052.0,36.30446337387889,2023-11-06
16176,0.7,505,True,st,CARMA,q80,1.0,12.0,5.367650433500704,0.0,5.367650433500704,0.0,0.0,0.33072480631503176,151580.28519375168,2052.0,35.94356600451688,2023-11-06
16176,0.7,505,True,st,CARMA,q85,1.0,12.0,5.481544729476568,0.0,5.481544729476568,0.0,0.0,0.3300839751527025,151580.28519375168,2052.0,36.94908125339783,2023-11-06
16176,0.7,505,True,st,CARMA,q90,1.0,12.0,5.653033993608924,0.0,5.653033993608924,0.0,0.0,0.33065811468875783,151580.28519375168,2052.0,35.52033695474799,2023-11-06
16176,0.7,505,True,st,CARMA,q95,1.0,12.0,6.234209047737463,0.0,6.234209047737463,0.0,0.0,0.3224926226807079,151580.28519375168,2052.0,34.63352099545732,2023-11-06
16344,0.7,506,True,st,CARMA,q30,1.0,12.0,8.131330894549311,0.00025832886340186785,8.1406005999403,0.0013812154696132596,0.0,0.32963632696906564,164038.17798385496,2172.0,37.09194756696377,2023-11-13
16344,0.7,506,True,st,CARMA,q40,1.0,12.0,7.996923914681923,0.0,7.996923914681923,0.0,0.0,0.31970921642784467,164038.17798385496,2172.0,36.281587986603576,2023-11-13
16344,0.7,506,True,st,CARMA,q50,1.0,12.0,7.947693227456638,0.0,7.947693227456638,0.0,0.0,0.3184339771713085,164038.17798385496,2172.0,35.622002663685755,2023-11-13
16344,0.7,506,True,st,CARMA,q60,1.0,12.0,8.005634094096278,0.0,8.005634094096278,0.0,0.0,0.31913987150665096,164038.17798385496,2172.0,36.71347703137617,2023-11-13
16344,0.7,506,True,st,CARMA,q70,1.0,12.0,8.145285944334464,0.0,8.145285944334464,0.0,0.0,0.31781377741264333,164038.17798385496,2172.0,37.83090288789638,2023-11-13
16344,0.7,506,True,st,CARMA,q80,1.0,12.0,8.256254157565461,0.0,8.256254157565461,0.0,0.0,0.31626714218877566,164038.17798385496,2172.0,35.658065018004244,2023-11-13
16344,0.7,506,True,st,CARMA,q85,1.0,12.0,8.442340161463498,0.0,8.442340161463498,0.0,0.0,0.31672455571129887,164038.17798385496,2172.0,36.978475233183104,2023-11-13
16344,0.7,506,True,st,CARMA,q90,1.0,12.0,8.638268986354127,0.0,8.638268986354127,0.0,0.0,0.31105625542919535,164038.17798385496,2172.0,34.16799550451812,2023-11-13
16344,0.7,506,True,st,CARMA,q95,1.0,12.0,8.88463081925057,0.0,8.88463081925057,0.0,0.0,0.3088484597793332,164038.17798385496,2172.0,35.15041966966237,2023-11-13
16512,0.7,507,True,st,CARMA,q30,1.0,12.0,7.255084129963629,0.0003084457395697467,7.265624180528798,0.003770028275212064,0.0,0.28956955800475015,168956.68822873302,2122.0,37.20762661234227,2023-11-20
16512,0.7,507,True,st,CARMA,q40,1.0,12.0,7.112918186197169,7.705080461415063e-05,7.115551127011501,0.00235626767200754,0.0,0.289218806036385,168956.68822873302,2122.0,35.6548242422756,2023-11-20
16512,0.7,507,True,st,CARMA,q50,1.0,12.0,7.064054777073912,0.0,7.064054777073912,0.0,0.0,0.2957645902794855,168956.68822873302,2122.0,35.633524318594596,2023-11-20
16512,0.7,507,True,st,CARMA,q60,1.0,12.0,7.024099634623818,0.0,7.024099634623818,0.0,0.0,0.29853379065253843,168956.68822873302,2122.0,31.588824640020903,2023-11-20
16512,0.7,507,True,st,CARMA,q70,1.0,12.0,7.11321121898341,0.0,7.11321121898341,0.0,0.0,0.29602304226363474,168956.68822873302,2122.0,38.68593617486855,2023-11-20
16512,0.7,507,True,st,CARMA,q80,1.0,12.0,7.250037852479464,0.0,7.250037852479464,0.0,0.0,0.2994556518985272,168956.68822873302,2122.0,36.18755446847227,2023-11-20
16512,0.7,507,True,st,CARMA,q85,1.0,12.0,7.370358358660199,0.0,7.370358358660199,0.0,0.0,0.29392757530944025,168956.68822873302,2122.0,28.076880774782744,2023-11-20
16512,0.7,507,True,st,CARMA,q90,1.0,12.0,7.673384704299908,0.0,7.673384704299908,0.0,0.0,0.29355756079026024,168956.68822873302,2122.0,32.39795231980589,2023-11-20
16512,0.7,507,True,st,CARMA,q95,1.0,12.0,7.98441639654969,0.0,7.98441639654969,0.0,0.0,0.2952116173202808,168956.68822873302,2122.0,34.1063552533811,2023-11-20
16680,0.7,508,True,st,CARMA,q30,1.0,12.0,12.89915690997413,0.0043620839271348655,13.045708403219704,0.02956358517128109,0.0,0.29462067297849326,162106.97118644227,2131.0,37.18825063717014,2023-11-27
16680,0.7,508,True,st,CARMA,q40,1.0,12.0,12.878135751287134,0.002404565541504253,12.958921145745549,0.012670107930549039,0.0,0.2923190753181062,162106.97118644227,2131.0,34.64636819112356,2023-11-27
16680,0.7,508,True,st,CARMA,q50,1.0,12.0,12.809163107282162,0.0010661577467032202,12.844982457029824,0.008446738620366025,0.0,0.29270137210610103,162106.97118644227,2131.0,40.23612886606592,2023-11-27
16680,0.7,508,True,st,CARMA,q60,1.0,12.0,12.835907912369091,0.00039263070387338144,12.849098996471982,0.005161895823557016,0.0,0.29350026600098467,162106.97118644227,2131.0,38.344636822217176,2023-11-27
16680,0.7,508,True,st,CARMA,q70,1.0,12.0,12.884071536282692,0.0,12.884071536282692,0.0,0.0,0.29597627567612667,162106.97118644227,2131.0,38.739491102694906,2023-11-27
16680,0.7,508,True,st,CARMA,q80,1.0,12.0,13.032194500874514,0.0,13.032194500874514,0.0,0.0,0.30121666534339264,162106.97118644227,2131.0,39.24096547769246,2023-11-27
16680,0.7,508,True,st,CARMA,q85,1.0,12.0,13.126030431519817,0.0,13.126030431519817,0.0,0.0,0.3028102041499563,162106.97118644227,2131.0,35.54884571300103,2023-11-27
16680,0.7,508,True,st,CARMA,q90,1.0,12.0,13.24611398621266,0.0,13.24611398621266,0.0,0.0,0.30067854196074695,162106.97118644227,2131.0,29.014132878920247,2023-11-27
16680,0.7,508,True,st,CARMA,q95,1.0,12.0,13.429828629095386,0.0,13.429828629095386,0.0,0.0,0.3017937380360566,162106.97118644227,2131.0,33.27286059910474,2023-11-27
16848,0.7,509,True,st,CARMA,q30,1.0,12.0,6.386968474375826,0.0,6.386968474375826,0.0,0.0,0.3247731246255941,160840.7205518153,2053.0,38.6961835677134,2023-12-04
16848,0.7,509,True,st,CARMA,q40,1.0,12.0,6.389046692128581,0.0,6.389046692128581,0.0,0.0,0.32840854367916017,160840.7205518153,2053.0,38.98614101776224,2023-12-04
16848,0.7,509,True,st,CARMA,q50,1.0,12.0,6.406017459423844,0.0,6.406017459423844,0.0,0.0,0.3300366407903657,160840.7205518153,2053.0,32.895945214302664,2023-12-04
16848,0.7,509,True,st,CARMA,q60,1.0,12.0,6.5049612360405735,0.0,6.5049612360405735,0.0,0.0,0.33268770479342874,160840.7205518153,2053.0,37.461329102677205,2023-12-04
16848,0.7,509,True,st,CARMA,q70,1.0,12.0,6.7192073513388015,0.0,6.7192073513388015,0.0,0.0,0.32709825464076686,160840.7205518153,2053.0,37.925489134538964,2023-12-04
16848,0.7,509,True,st,CARMA,q80,1.0,12.0,6.891053840349815,0.0,6.891053840349815,0.0,0.0,0.32209041369054203,160840.7205518153,2053.0,35.31738035873803,2023-12-04
16848,0.7,509,True,st,CARMA,q85,1.0,12.0,7.055476636355322,0.0,7.055476636355322,0.0,0.0,0.31818446313223814,160840.7205518153,2053.0,35.68312106726644,2023-12-04
16848,0.7,509,True,st,CARMA,q90,1.0,12.0,7.302859519200731,0.0,7.302859519200731,0.0,0.0,0.3175674572250831,160840.7205518153,2053.0,33.74414470852677,2023-12-04
16848,0.7,509,True,st,CARMA,q95,1.0,12.0,7.630420728217708,0.0,7.630420728217708,0.0,0.0,0.31398691124480754,160840.7205518153,2053.0,32.941283865468826,2023-12-04
17016,0.7,510,True,st,CARMA,q30,1.0,12.0,6.517111336587058,0.00041711002158496954,6.53020706113763,0.0068212824010914054,0.0,0.3281565746523257,164594.1368183523,2199.0,39.63901354909792,2023-12-11
17016,0.7,510,True,st,CARMA,q40,1.0,12.0,6.375176772919436,0.00022243941553297538,6.382160554569997,0.004092769440654843,0.0,0.3261931327770558,164594.1368183523,2199.0,40.067405428568954,2023-12-11
17016,0.7,510,True,st,CARMA,q50,1.0,12.0,6.226654116224533,9.442667456113965e-05,6.229618767410761,0.002273760800363802,0.0,0.3225703565124855,164594.1368183523,2199.0,35.59646895536567,2023-12-11
17016,0.7,510,True,st,CARMA,q60,1.0,12.0,6.186921337513665,0.0,6.186921337513665,0.0,0.0,0.32589422892063313,164594.1368183523,2199.0,36.90311856951772,2023-12-11
17016,0.7,510,True,st,CARMA,q70,1.0,12.0,6.244386158263339,0.0,6.244386158263339,0.0,0.0,0.32454945638701227,164594.1368183523,2199.0,38.481467125578014,2023-12-11
17016,0.7,510,True,st,CARMA,q80,1.0,12.0,6.358638821858241,0.0,6.358638821858241,0.0,0.0,0.32591370743130044,164594.1368183523,2199.0,36.03636661884161,2023-12-11
17016,0.7,510,True,st,CARMA,q85,1.0,12.0,6.419912406539209,0.0,6.419912406539209,0.0,0.0,0.32525902807556795,164594.1368183523,2199.0,37.36039590990618,2023-12-11
17016,0.7,510,True,st,CARMA,q90,1.0,12.0,6.5398169318363495,0.0,6.5398169318363495,0.0,0.0,0.3226808262340021,164594.1368183523,2199.0,35.57702643243001,2023-12-11
17016,0.7,510,True,st,CARMA,q95,1.0,12.0,6.789916295907944,0.0,6.789916295907944,0.0,0.0,0.31757191674820545,164594.1368183523,2199.0,35.18240276468833,2023-12-11
17184,0.7,511,True,st,CARMA,q30,1.0,12.0,1.874719003444232,0.007568377343174072,2.043113910874981,0.035278154681139755,0.0,0.3463451703937853,163002.22221512708,2211.0,39.41372434801972,2023-12-18
17184,0.7,511,True,st,CARMA,q40,1.0,12.0,1.8283812491381035,0.0019478401709934724,1.8717203098655883,0.013568521031207599,0.0,0.347077280396726,163002.22221512708,2211.0,37.74282551328732,2023-12-18
17184,0.7,511,True,st,CARMA,q50,1.0,12.0,1.8261467602544221,0.0009490421412775952,1.8472627612519752,0.0067842605156037995,0.0,0.3453411454030744,163002.22221512708,2211.0,37.0475659199979,2023-12-18
17184,0.7,511,True,st,CARMA,q60,1.0,12.0,1.8432175585130288,0.0005857404662659523,1.856250168691254,0.009950248756218905,0.0,0.3448521130718283,163002.22221512708,2211.0,36.26101812945137,2023-12-18
17184,0.7,511,True,st,CARMA,q70,1.0,12.0,1.880473563000919,0.0,1.880473563000919,0.0,0.0,0.33110439731491403,163002.22221512708,2211.0,35.142475866089335,2023-12-18
17184,0.7,511,True,st,CARMA,q80,1.0,12.0,1.9094874627017764,0.0,1.9094874627017764,0.0,0.0,0.32903859422827914,163002.22221512708,2211.0,33.63796065021707,2023-12-18
17184,0.7,511,True,st,CARMA,q85,1.0,12.0,1.9334077136592065,0.0,1.9334077136592065,0.0,0.0,0.3312629684081597,163002.22221512708,2211.0,35.576332874448056,2023-12-18
17184,0.7,511,True,st,CARMA,q90,1.0,12.0,1.9689001493079126,0.0,1.9689001493079126,0.0,0.0,0.3238872001753588,163002.22221512708,2211.0,35.434154671149685,2023-12-18
17184,0.7,511,True,st,CARMA,q95,1.0,12.0,2.100549410733392,0.0,2.100549410733392,0.0,0.0,0.31701534327086595,163002.22221512708,2211.0,33.594710570111,2023-12-18
17352,0.7,512,True,st,CARMA,q30,1.0,12.0,2.1675921382826147,0.0175036802115047,2.5871774116255883,0.05761124121779859,0.0,0.2908893791995329,167924.7651880073,2135.0,38.688257256597076,2023-12-25
17352,0.7,512,True,st,CARMA,q40,1.0,12.0,2.080376684392114,0.011178905470211355,2.348349136511694,0.04309133489461359,0.0,0.2869244077526722,167924.7651880073,2135.0,36.70298836001166,2023-12-25
17352,0.7,512,True,st,CARMA,q50,1.0,12.0,2.0098968548234013,0.003903091548319084,2.103458878031967,0.02622950819672131,0.0,0.29031950254504607,167924.7651880073,2135.0,35.04791550668516,2023-12-25
17352,0.7,512,True,st,CARMA,q60,1.0,12.0,1.9801640363224946,0.0,1.9801640363224946,0.0,0.0,0.2902341306073007,167924.7651880073,2135.0,29.720413366052053,2023-12-25
17352,0.7,512,True,st,CARMA,q70,1.0,12.0,1.9960066120705167,0.0,1.9960066120705167,0.0,0.0,0.2901350150572899,167924.7651880073,2135.0,36.40398118831819,2023-12-25
17352,0.7,512,True,st,CARMA,q80,1.0,12.0,2.038331395418755,0.0,2.038331395418755,0.0,0.0,0.29512301938721325,167924.7651880073,2135.0,34.52534262778663,2023-12-25
17352,0.7,512,True,st,CARMA,q85,1.0,12.0,2.0603071776304405,0.0,2.0603071776304405,0.0,0.0,0.2919397849991842,167924.7651880073,2135.0,36.13072255404961,2023-12-25
17352,0.7,512,True,st,CARMA,q90,1.0,12.0,2.074818844347913,0.0,2.074818844347913,0.0,0.0,0.28944375159481106,167924.7651880073,2135.0,31.190649445943972,2023-12-25
17352,0.7,512,True,st,CARMA,q95,1.0,12.0,2.1217733095091535,0.0,2.1217733095091535,0.0,0.0,0.29334212056724734,167924.7651880073,2135.0,31.53532522971775,2023-12-25
15336,0.3,500,False,t,CARMA,q30,0.5,6.0,2.4049805516684866,2.6029692834707127e-06,2.4050122986874176,0.0010775862068965517,0.0,0.0,70014.13974734378,928.0,6.336243306024918,2023-10-02
15336,0.3,500,False,t,CARMA,q40,0.5,6.0,2.3661525581156333,0.0,2.3661525581156333,0.0,0.0,0.0,70014.13974734378,928.0,5.446988666664285,2023-10-02
15336,0.3,500,False,t,CARMA,q50,0.5,6.0,2.357069061113863,0.0,2.357069061113863,0.0,0.0,0.0,70014.13974734378,928.0,5.541993873900894,2023-10-02
15336,0.3,500,False,t,CARMA,q60,0.5,6.0,2.3622520821112545,0.0,2.3622520821112545,0.0,0.0,0.0,70014.13974734378,928.0,6.906446449375326,2023-10-02
15336,0.3,500,False,t,CARMA,q70,0.5,6.0,2.4204952835316678,0.0,2.4204952835316678,0.0,0.0,0.0,70014.13974734378,928.0,5.42352742857385,2023-10-02
15336,0.3,500,False,t,CARMA,q80,0.5,6.0,2.5073306773644837,0.0,2.5073306773644837,0.0,0.0,0.0,70014.13974734378,928.0,6.4004005090131,2023-10-02
15336,0.3,500,False,t,CARMA,q85,0.5,6.0,2.614782649412917,0.0,2.614782649412917,0.0,0.0,0.0,70014.13974734378,928.0,6.41377537555126,2023-10-02
15336,0.3,500,False,t,CARMA,q90,0.5,6.0,2.721805457603126,0.0,2.721805457603126,0.0,0.0,0.0,70014.13974734378,928.0,5.6023067149291155,2023-10-02
15336,0.3,500,False,t,CARMA,q95,0.5,6.0,2.8477541484783457,0.0,2.8477541484783457,0.0,0.0,0.0,70014.13974734378,928.0,6.467237144807682,2023-10-02
15504,0.3,501,False,t,CARMA,q30,0.5,6.0,3.919626781017575,0.006196558249485899,4.0083616513238685,0.033261802575107295,0.0,0.0,73719.56346610108,932.0,6.88534750430798,2023-10-09
15504,0.3,501,False,t,CARMA,q40,0.5,6.0,3.8876903444712325,0.0005617389730296179,3.8957344607226867,0.004291845493562232,0.0,0.0,73719.56346610108,932.0,7.21501254310922,2023-10-09
15504,0.3,501,False,t,CARMA,q50,0.5,6.0,3.84672742271391,0.0006444192127280976,3.8559555220816613,0.004291845493562232,0.0,0.0,73719.56346610108,932.0,6.203317306038759,2023-10-09
15504,0.3,501,False,t,CARMA,q60,0.5,6.0,3.8657495910615136,0.00021179296860922653,3.8687824717098773,0.00536480686695279,0.0,0.0,73719.56346610108,932.0,6.383387770555604,2023-10-09
15504,0.3,501,False,t,CARMA,q70,0.5,6.0,3.9039131732362065,0.0,3.9039131732362065,0.0,0.0,0.0,73719.56346610108,932.0,6.5028993376551245,2023-10-09
15504,0.3,501,False,t,CARMA,q80,0.5,6.0,4.037024850661721,0.0,4.037024850661721,0.0,0.0,0.0,73719.56346610108,932.0,6.7117211101423795,2023-10-09
15504,0.3,501,False,t,CARMA,q85,0.5,6.0,4.1824137065485125,0.0,4.1824137065485125,0.0,0.0,0.0,73719.56346610108,932.0,4.599644299101361,2023-10-09
15504,0.3,501,False,t,CARMA,q90,0.5,6.0,4.299699268999748,0.0,4.299699268999748,0.0,0.0,0.0,73719.56346610108,932.0,5.099232604551286,2023-10-09
15504,0.3,501,False,t,CARMA,q95,0.5,6.0,4.38828876122348,0.0,4.38828876122348,0.0,0.0,0.0,73719.56346610108,932.0,4.773369486383672,2023-10-09
15672,0.3,502,False,t,CARMA,q30,0.5,6.0,2.8716270262296133,0.0,2.8716270262296133,0.0,0.0,0.0,70458.17240169305,915.0,7.501869226911474,2023-10-16
15672,0.3,502,False,t,CARMA,q40,0.5,6.0,2.824027581370279,0.0,2.824027581370279,0.0,0.0,0.0,70458.17240169305,915.0,6.921849525208721,2023-10-16
15672,0.3,502,False,t,CARMA,q50,0.5,6.0,2.7931788560058135,0.0,2.7931788560058135,0.0,0.0,0.0,70458.17240169305,915.0,5.331818672284269,2023-10-16
15672,0.3,502,False,t,CARMA,q60,0.5,6.0,2.8223722404677933,0.0,2.8223722404677933,0.0,0.0,0.0,70458.17240169305,915.0,6.437773798324997,2023-10-16
15672,0.3,502,False,t,CARMA,q70,0.5,6.0,2.883926372033784,0.0,2.883926372033784,0.0,0.0,0.0,70458.17240169305,915.0,4.829626200001837,2023-10-16
15672,0.3,502,False,t,CARMA,q80,0.5,6.0,2.997448762732504,0.0,2.997448762732504,0.0,0.0,0.0,70458.17240169305,915.0,5.613800727283805,2023-10-16
15672,0.3,502,False,t,CARMA,q85,0.5,6.0,3.0416781013061227,0.0,3.0416781013061227,0.0,0.0,0.0,70458.17240169305,915.0,5.785835159103541,2023-10-16
15672,0.3,502,False,t,CARMA,q90,0.5,6.0,3.074015423048063,0.0,3.074015423048063,0.0,0.0,0.0,70458.17240169305,915.0,5.4278509000100295,2023-10-16
15672,0.3,502,False,t,CARMA,q95,0.5,6.0,3.089058874370306,0.0,3.089058874370306,0.0,0.0,0.0,70458.17240169305,915.0,4.562026240928803,2023-10-16
15840,0.3,503,False,t,CARMA,q30,0.5,6.0,5.096827439532527,0.002028344174895884,5.1288604671366915,0.0163098878695209,0.0,0.0,74318.580238708,981.0,6.891694569549145,2023-10-23
15840,0.3,503,False,t,CARMA,q40,0.5,6.0,5.007637699944217,0.0,5.007637699944217,0.0,0.0,0.0,74318.580238708,981.0,6.67748096519893,2023-10-23
15840,0.3,503,False,t,CARMA,q50,0.5,6.0,4.961710541091773,0.0,4.961710541091773,0.0,0.0,0.0,74318.580238708,981.0,5.264822533927845,2023-10-23
15840,0.3,503,False,t,CARMA,q60,0.5,6.0,4.9563055132982585,0.0,4.9563055132982585,0.0,0.0,0.0,74318.580238708,981.0,7.008803565630064,2023-10-23
15840,0.3,503,False,t,CARMA,q70,0.5,6.0,4.968878386812947,0.0,4.968878386812947,0.0,0.0,0.0,74318.580238708,981.0,5.922865366519381,2023-10-23
15840,0.3,503,False,t,CARMA,q80,0.5,6.0,5.130009873128327,0.0,5.130009873128327,0.0,0.0,0.0,74318.580238708,981.0,5.405014588239167,2023-10-23
15840,0.3,503,False,t,CARMA,q85,0.5,6.0,5.241194133980181,0.0,5.241194133980181,0.0,0.0,0.0,74318.580238708,981.0,5.18190882803949,2023-10-23
15840,0.3,503,False,t,CARMA,q90,0.5,6.0,5.431679433429364,0.0,5.431679433429364,0.0,0.0,0.0,74318.580238708,981.0,6.614977647045614,2023-10-23
15840,0.3,503,False,t,CARMA,q95,0.5,6.0,5.684351213166561,0.0,5.684351213166561,0.0,0.0,0.0,74318.580238708,981.0,5.937183108589087,2023-10-23
16008,0.3,504,False,t,CARMA,q30,0.5,6.0,2.98759462872898,0.0,2.98759462872898,0.0,0.0,0.0,67588.57653298903,898.0,7.751644434800097,2023-10-30
16008,0.3,504,False,t,CARMA,q40,0.5,6.0,2.948752036858297,0.0,2.948752036858297,0.0,0.0,0.0,67588.57653298903,898.0,7.495555991224871,2023-10-30
16008,0.3,504,False,t,CARMA,q50,0.5,6.0,2.951568521924818,0.0,2.951568521924818,0.0,0.0,0.0,67588.57653298903,898.0,6.575980207053924,2023-10-30
16008,0.3,504,False,t,CARMA,q60,0.5,6.0,2.9575203593426713,0.0,2.9575203593426713,0.0,0.0,0.0,67588.57653298903,898.0,6.375540520557521,2023-10-30
16008,0.3,504,False,t,CARMA,q70,0.5,6.0,3.006105320250726,0.0,3.006105320250726,0.0,0.0,0.0,67588.57653298903,898.0,6.421529513777011,2023-10-30
16008,0.3,504,False,t,CARMA,q80,0.5,6.0,3.141917183116217,0.0,3.141917183116217,0.0,0.0,0.0,67588.57653298903,898.0,6.048137068788542,2023-10-30
16008,0.3,504,False,t,CARMA,q85,0.5,6.0,3.2706074731619745,0.0,3.2706074731619745,0.0,0.0,0.0,67588.57653298903,898.0,5.992658876141273,2023-10-30
16008,0.3,504,False,t,CARMA,q90,0.5,6.0,3.3954123946032637,0.0,3.3954123946032637,0.0,0.0,0.0,67588.57653298903,898.0,6.089875345623017,2023-10-30
16008,0.3,504,False,t,CARMA,q95,0.5,6.0,3.5707306802281895,0.0,3.5707306802281895,0.0,0.0,0.0,67588.57653298903,898.0,5.693938308753208,2023-10-30
16176,0.3,505,False,t,CARMA,q30,0.5,6.0,3.500510833410702,0.0,3.500510833410702,0.0,0.0,0.0,62579.85648253633,875.0,6.379724876594682,2023-11-06
16176,0.3,505,False,t,CARMA,q40,0.5,6.0,3.3933658708360097,0.0,3.3933658708360097,0.0,0.0,0.0,62579.85648253633,875.0,6.356983285101531,2023-11-06
16176,0.3,505,False,t,CARMA,q50,0.5,6.0,3.3575974598661915,0.0,3.3575974598661915,0.0,0.0,0.0,62579.85648253633,875.0,6.5607739385872295,2023-11-06
16176,0.3,505,False,t,CARMA,q60,0.5,6.0,3.3544615512775118,0.0,3.3544615512775118,0.0,0.0,0.0,62579.85648253633,875.0,6.258128723225858,2023-11-06
16176,0.3,505,False,t,CARMA,q70,0.5,6.0,3.402574366420344,0.0,3.402574366420344,0.0,0.0,0.0,62579.85648253633,875.0,6.199085540900094,2023-11-06
16176,0.3,505,False,t,CARMA,q80,0.5,6.0,3.5384358701516736,0.0,3.5384358701516736,0.0,0.0,0.0,62579.85648253633,875.0,5.346854045468387,2023-11-06
16176,0.3,505,False,t,CARMA,q85,0.5,6.0,3.637058165261232,0.0,3.637058165261232,0.0,0.0,0.0,62579.85648253633,875.0,5.703996204544058,2023-11-06
16176,0.3,505,False,t,CARMA,q90,0.5,6.0,3.752419381622387,0.0,3.752419381622387,0.0,0.0,0.0,62579.85648253633,875.0,5.21935937727614,2023-11-06
16176,0.3,505,False,t,CARMA,q95,0.5,6.0,3.913523900207914,0.0,3.913523900207914,0.0,0.0,0.0,62579.85648253633,875.0,5.889414372708498,2023-11-06
16344,0.3,506,False,t,CARMA,q30,0.5,6.0,4.71844436045199,0.0025375306741230908,4.757127691934184,0.01904761904761905,0.0,0.0,69689.04399031839,945.0,6.07248860869929,2023-11-13
16344,0.3,506,False,t,CARMA,q40,0.5,6.0,4.629099738791488,0.0022629998974053388,4.663597991785318,0.015873015873015872,0.0,0.0,69689.04399031839,945.0,6.6512076000139055,2023-11-13
16344,0.3,506,False,t,CARMA,q50,0.5,6.0,4.596603806290411,0.0007222362745009789,4.607613921557153,0.005291005291005291,0.0,0.0,69689.04399031839,945.0,6.131187355840502,2023-11-13
16344,0.3,506,False,t,CARMA,q60,0.5,6.0,4.660238889352621,0.0,4.660238889352621,0.0,0.0,0.0,69689.04399031839,945.0,6.7429425135037695,2023-11-13
16344,0.3,506,False,t,CARMA,q70,0.5,6.0,4.764142569263927,0.0,4.764142569263927,0.0,0.0,0.0,69689.04399031839,945.0,6.021293869357455,2023-11-13
16344,0.3,506,False,t,CARMA,q80,0.5,6.0,4.882847729828473,0.0,4.882847729828473,0.0,0.0,0.0,69689.04399031839,945.0,5.804956303185199,2023-11-13
16344,0.3,506,False,t,CARMA,q85,0.5,6.0,5.081415564238441,0.0,5.081415564238441,0.0,0.0,0.0,69689.04399031839,945.0,5.586286914024957,2023-11-13
16344,0.3,506,False,t,CARMA,q90,0.5,6.0,5.2125423956607,0.0,5.2125423956607,0.0,0.0,0.0,69689.04399031839,945.0,5.739743515847929,2023-11-13
16344,0.3,506,False,t,CARMA,q95,0.5,6.0,5.290613241455006,0.0,5.290613241455006,0.0,0.0,0.0,69689.04399031839,945.0,6.0425076560961015,2023-11-13
16512,0.3,507,False,t,CARMA,q30,0.5,6.0,3.7480502368465407,0.0005255334155116346,3.7552416655621994,0.00331858407079646,0.0,0.0,67659.11521947458,904.0,7.457338304353154,2023-11-20
16512,0.3,507,False,t,CARMA,q40,0.5,6.0,3.711464795617861,0.0005251425762127943,3.718650876066646,0.0022123893805309734,0.0,0.0,67659.11521947458,904.0,6.598557782607041,2023-11-20
16512,0.3,507,False,t,CARMA,q50,0.5,6.0,3.6775364574510157,0.0,3.6775364574510157,0.0,0.0,0.0,67659.11521947458,904.0,6.56117477375403,2023-11-20
16512,0.3,507,False,t,CARMA,q60,0.5,6.0,3.676629498259775,0.0,3.676629498259775,0.0,0.0,0.0,67659.11521947458,904.0,5.549175837092674,2023-11-20
16512,0.3,507,False,t,CARMA,q70,0.5,6.0,3.7383659154722793,0.0,3.7383659154722793,0.0,0.0,0.0,67659.11521947458,904.0,5.978380755643056,2023-11-20
16512,0.3,507,False,t,CARMA,q80,0.5,6.0,3.8862818352510806,0.0,3.8862818352510806,0.0,0.0,0.0,67659.11521947458,904.0,6.061972597277475,2023-11-20
16512,0.3,507,False,t,CARMA,q85,0.5,6.0,4.030180701697085,0.0,4.030180701697085,0.0,0.0,0.0,67659.11521947458,904.0,5.398387769225144,2023-11-20
16512,0.3,507,False,t,CARMA,q90,0.5,6.0,4.171869598840958,0.0,4.171869598840958,0.0,0.0,0.0,67659.11521947458,904.0,5.825180194566876,2023-11-20
16512,0.3,507,False,t,CARMA,q95,0.5,6.0,4.2569775554187235,0.0,4.2569775554187235,0.0,0.0,0.0,67659.11521947458,904.0,6.346820203625241,2023-11-20
16680,0.3,508,False,t,CARMA,q30,0.5,6.0,6.176199290072054,0.0,6.176199290072054,0.0,0.0,0.0,64864.36282189725,893.0,7.188705862214799,2023-11-27
16680,0.3,508,False,t,CARMA,q40,0.5,6.0,6.15965749786448,0.0,6.15965749786448,0.0,0.0,0.0,64864.36282189725,893.0,4.99848535111596,2023-11-27
16680,0.3,508,False,t,CARMA,q50,0.5,6.0,6.19115160644,0.0,6.19115160644,0.0,0.0,0.0,64864.36282189725,893.0,6.639880031107168,2023-11-27
16680,0.3,508,False,t,CARMA,q60,0.5,6.0,6.233691602560239,0.0,6.233691602560239,0.0,0.0,0.0,64864.36282189725,893.0,6.74197731982449,2023-11-27
16680,0.3,508,False,t,CARMA,q70,0.5,6.0,6.322575330707321,0.0,6.322575330707321,0.0,0.0,0.0,64864.36282189725,893.0,5.440917434372742,2023-11-27
16680,0.3,508,False,t,CARMA,q80,0.5,6.0,6.453752660801452,0.0,6.453752660801452,0.0,0.0,0.0,64864.36282189725,893.0,5.801797181007566,2023-11-27
16680,0.3,508,False,t,CARMA,q85,0.5,6.0,6.497856643955545,0.0,6.497856643955545,0.0,0.0,0.0,64864.36282189725,893.0,5.807064656099973,2023-11-27
16680,0.3,508,False,t,CARMA,q90,0.5,6.0,6.576195058118737,0.0,6.576195058118737,0.0,0.0,0.0,64864.36282189725,893.0,5.329813185505468,2023-11-27
16680,0.3,508,False,t,CARMA,q95,0.5,6.0,6.613638456389025,0.0,6.613638456389025,0.0,0.0,0.0,64864.36282189725,893.0,5.686182818996766,2023-11-27
16848,0.3,509,False,t,CARMA,q30,0.5,6.0,4.014685396206748,0.0,4.014685396206748,0.0,0.0,0.0,69667.54122002251,885.0,6.7767164353364056,2023-12-04
16848,0.3,509,False,t,CARMA,q40,0.5,6.0,4.0183599496832985,0.0,4.0183599496832985,0.0,0.0,0.0,69667.54122002251,885.0,6.371852469844098,2023-12-04
16848,0.3,509,False,t,CARMA,q50,0.5,6.0,4.048240892098665,0.0,4.048240892098665,0.0,0.0,0.0,69667.54122002251,885.0,5.970804729719709,2023-12-04
16848,0.3,509,False,t,CARMA,q60,0.5,6.0,4.109265688948652,0.0,4.109265688948652,0.0,0.0,0.0,69667.54122002251,885.0,6.543543561082725,2023-12-04
16848,0.3,509,False,t,CARMA,q70,0.5,6.0,4.238023140967208,0.0,4.238023140967208,0.0,0.0,0.0,69667.54122002251,885.0,6.262990986435471,2023-12-04
16848,0.3,509,False,t,CARMA,q80,0.5,6.0,4.364121343289473,0.0,4.364121343289473,0.0,0.0,0.0,69667.54122002251,885.0,6.141320404555534,2023-12-04
16848,0.3,509,False,t,CARMA,q85,0.5,6.0,4.457291869761633,0.0,4.457291869761633,0.0,0.0,0.0,69667.54122002251,885.0,5.481154472718944,2023-12-04
16848,0.3,509,False,t,CARMA,q90,0.5,6.0,4.579358079192812,0.0,4.579358079192812,0.0,0.0,0.0,69667.54122002251,885.0,6.146122177256075,2023-12-04
16848,0.3,509,False,t,CARMA,q95,0.5,6.0,4.681385621777816,0.0,4.681385621777816,0.0,0.0,0.0,69667.54122002251,885.0,5.576295509089587,2023-12-04
17016,0.3,510,False,t,CARMA,q30,0.5,6.0,4.0719659568126385,0.0,4.0719659568126385,0.0,0.0,0.0,70788.37691020197,930.0,6.944257080170702,2023-12-11
17016,0.3,510,False,t,CARMA,q40,0.5,6.0,4.002426663513294,0.0,4.002426663513294,0.0,0.0,0.0,70788.37691020197,930.0,6.522859084391631,2023-12-11
17016,0.3,510,False,t,CARMA,q50,0.5,6.0,3.9749313872359364,0.0,3.9749313872359364,0.0,0.0,0.0,70788.37691020197,930.0,6.656136042913649,2023-12-11
17016,0.3,510,False,t,CARMA,q60,0.5,6.0,3.9915953440414818,0.0,3.9915953440414818,0.0,0.0,0.0,70788.37691020197,930.0,6.757429982524738,2023-12-11
17016,0.3,510,False,t,CARMA,q70,0.5,6.0,4.069720130284003,0.0,4.069720130284003,0.0,0.0,0.0,70788.37691020197,930.0,5.864632651805225,2023-12-11
17016,0.3,510,False,t,CARMA,q80,0.5,6.0,4.209286026541202,0.0,4.209286026541202,0.0,0.0,0.0,70788.37691020197,930.0,5.672476855205091,2023-12-11
17016,0.3,510,False,t,CARMA,q85,0.5,6.0,4.358788926441302,0.0,4.358788926441302,0.0,0.0,0.0,70788.37691020197,930.0,5.617959583716534,2023-12-11
17016,0.3,510,False,t,CARMA,q90,0.5,6.0,4.546532453847843,0.0,4.546532453847843,0.0,0.0,0.0,70788.37691020197,930.0,5.622257755671791,2023-12-11
17016,0.3,510,False,t,CARMA,q95,0.5,6.0,4.723425040983916,0.0,4.723425040983916,0.0,0.0,0.0,70788.37691020197,930.0,6.300141063338042,2023-12-11
17184,0.3,511,False,t,CARMA,q30,0.5,6.0,1.2781936912543626,0.0,1.2781936912543626,0.0,0.0,0.0,71042.65994867557,945.0,5.8202480683778255,2023-12-18
17184,0.3,511,False,t,CARMA,q40,0.5,6.0,1.2601916130434794,0.0,1.2601916130434794,0.0,0.0,0.0,71042.65994867557,945.0,6.813083497859751,2023-12-18
17184,0.3,511,False,t,CARMA,q50,0.5,6.0,1.2509016836487739,0.0,1.2509016836487739,0.0,0.0,0.0,71042.65994867557,945.0,6.741014094843492,2023-12-18
17184,0.3,511,False,t,CARMA,q60,0.5,6.0,1.2523263746734987,0.0,1.2523263746734987,0.0,0.0,0.0,71042.65994867557,945.0,5.747021017388128,2023-12-18
17184,0.3,511,False,t,CARMA,q70,0.5,6.0,1.2742947516797727,0.0,1.2742947516797727,0.0,0.0,0.0,71042.65994867557,945.0,6.2900397022248296,2023-12-18
17184,0.3,511,False,t,CARMA,q80,0.5,6.0,1.303645049868357,0.0,1.303645049868357,0.0,0.0,0.0,71042.65994867557,945.0,5.8376956727319005,2023-12-18
17184,0.3,511,False,t,CARMA,q85,0.5,6.0,1.3269593722481905,0.0,1.3269593722481905,0.0,0.0,0.0,71042.65994867557,945.0,5.81934266817205,2023-12-18
17184,0.3,511,False,t,CARMA,q90,0.5,6.0,1.3707337296165725,0.0,1.3707337296165725,0.0,0.0,0.0,71042.65994867557,945.0,4.723667095452749,2023-12-18
17184,0.3,511,False,t,CARMA,q95,0.5,6.0,1.437173918481362,0.0,1.437173918481362,0.0,0.0,0.0,71042.65994867557,945.0,5.236776981825063,2023-12-18
17352,0.3,512,False,t,CARMA,q30,0.5,6.0,1.4310823431243145,0.0,1.4310823431243145,0.0,0.0,0.0,75758.69303508809,958.0,7.407252251087289,2023-12-25
17352,0.3,512,False,t,CARMA,q40,0.5,6.0,1.4050942151812398,0.0,1.4050942151812398,0.0,0.0,0.0,75758.69303508809,958.0,6.92469774468841,2023-12-25
17352,0.3,512,False,t,CARMA,q50,0.5,6.0,1.3689774363598946,0.0,1.3689774363598946,0.0,0.0,0.0,75758.69303508809,958.0,6.848603931910552,2023-12-25
17352,0.3,512,False,t,CARMA,q60,0.5,6.0,1.3438046870652571,0.0,1.3438046870652571,0.0,0.0,0.0,75758.69303508809,958.0,6.332841396391535,2023-12-25
17352,0.3,512,False,t,CARMA,q70,0.5,6.0,1.3501933474433963,0.0,1.3501933474433963,0.0,0.0,0.0,75758.69303508809,958.0,5.294812588236376,2023-12-25
17352,0.3,512,False,t,CARMA,q80,0.5,6.0,1.3709535094758172,0.0,1.3709535094758172,0.0,0.0,0.0,75758.69303508809,958.0,7.847899719461039,2023-12-25
17352,0.3,512,False,t,CARMA,q85,0.5,6.0,1.3744832755545886,0.0,1.3744832755545886,0.0,0.0,0.0,75758.69303508809,958.0,6.349855479627433,2023-12-25
17352,0.3,512,False,t,CARMA,q90,0.5,6.0,1.4035545209460492,0.0,1.4035545209460492,0.0,0.0,0.0,75758.69303508809,958.0,6.259270420809717,2023-12-25
17352,0.3,512,False,t,CARMA,q95,0.5,6.0,1.4457982832815313,0.0,1.4457982832815313,0.0,0.0,0.0,75758.69303508809,958.0,5.109171294121116,2023-12-25
15336,0.5,500,False,t,CARMA,q30,0.5,6.0,4.1017601978935545,0.004983257224073849,4.200633566920219,0.04161073825503356,0.0,0.0,113898.46651379707,1490.0,10.092178046211263,2023-10-02
15336,0.5,500,False,t,CARMA,q40,0.5,6.0,4.04753384609834,0.0036855900058767503,4.120660053385335,0.027516778523489934,0.0,0.0,113898.46651379707,1490.0,10.450066945376413,2023-10-02
15336,0.5,500,False,t,CARMA,q50,0.5,6.0,4.006461845823204,0.002215437611231201,4.050418593516783,0.0174496644295302,0.0,0.0,113898.46651379707,1490.0,10.61273778016561,2023-10-02
15336,0.5,500,False,t,CARMA,q60,0.5,6.0,3.992461708955261,0.0026397767278050063,4.044837816954538,0.021476510067114093,0.0,0.0,113898.46651379707,1490.0,10.097491203465104,2023-10-02
15336,0.5,500,False,t,CARMA,q70,0.5,6.0,4.033966425037341,0.0,4.033966425037341,0.0,0.0,0.0,113898.46651379707,1490.0,8.470283504343373,2023-10-02
15336,0.5,500,False,t,CARMA,q80,0.5,6.0,4.161108584488554,0.0,4.161108584488554,0.0,0.0,0.0,113898.46651379707,1490.0,7.781529598250371,2023-10-02
15336,0.5,500,False,t,CARMA,q85,0.5,6.0,4.263914627517276,0.0,4.263914627517276,0.0,0.0,0.0,113898.46651379707,1490.0,8.060171960541116,2023-10-02
15336,0.5,500,False,t,CARMA,q90,0.5,6.0,4.393265109735356,0.0,4.393265109735356,0.0,0.0,0.0,113898.46651379707,1490.0,7.476913237694579,2023-10-02
15336,0.5,500,False,t,CARMA,q95,0.5,6.0,4.507355760794415,0.0,4.507355760794415,0.0,0.0,0.0,113898.46651379707,1490.0,6.175895156240634,2023-10-02
15504,0.5,501,False,t,CARMA,q30,0.5,6.0,6.002934335414771,0.010314835003265323,6.235587922048637,0.05756358768406961,0.0,0.0,116114.4954149879,1494.0,8.522022004289566,2023-10-09
15504,0.5,501,False,t,CARMA,q40,0.5,6.0,5.915156141157521,0.0031220791314565594,5.98557538755925,0.02744310575635877,0.0,0.0,116114.4954149879,1494.0,9.260504987057159,2023-10-09
15504,0.5,501,False,t,CARMA,q50,0.5,6.0,5.869190221700028,0.0027097668435447785,5.930309665190171,0.024765729585006693,0.0,0.0,116114.4954149879,1494.0,8.594441658024389,2023-10-09
15504,0.5,501,False,t,CARMA,q60,0.5,6.0,5.8838064263801275,0.0014904592003741363,5.91742409244931,0.011378848728246318,0.0,0.0,116114.4954149879,1494.0,7.671594694329542,2023-10-09
15504,0.5,501,False,t,CARMA,q70,0.5,6.0,5.943989972968712,0.00047438748972222365,5.954689897000766,0.00535475234270415,0.0,0.0,116114.4954149879,1494.0,8.079063418502137,2023-10-09
15504,0.5,501,False,t,CARMA,q80,0.5,6.0,6.252581171156438,0.00047440114157128605,6.263281403109234,0.0033467202141900937,0.0,0.0,116114.4954149879,1494.0,7.663399176991873,2023-10-09
15504,0.5,501,False,t,CARMA,q85,0.5,6.0,6.417253570874025,0.0004744194446428719,6.427954215657007,0.004685408299866131,0.0,0.0,116114.4954149879,1494.0,7.113157533939766,2023-10-09
15504,0.5,501,False,t,CARMA,q90,0.5,6.0,6.5801739918502475,0.0004744020084521171,6.59087424335575,0.0033467202141900937,0.0,0.0,116114.4954149879,1494.0,7.378081194583419,2023-10-09
15504,0.5,501,False,t,CARMA,q95,0.5,6.0,6.666233061403205,0.00047402613857299754,6.676924835073099,0.004685408299866131,0.0,0.0,116114.4954149879,1494.0,8.004402058835431,2023-10-09
15672,0.5,502,False,t,CARMA,q30,0.5,6.0,4.7694297136993224,0.005949372854720207,4.918244369946944,0.0469361147327249,0.0,0.0,117710.60274682064,1534.0,8.854576652713575,2023-10-16
15672,0.5,502,False,t,CARMA,q40,0.5,6.0,4.683435466444819,0.0033085811234392164,4.766194670578635,0.031942633637548894,0.0,0.0,117710.60274682064,1534.0,9.178695506269067,2023-10-16
15672,0.5,502,False,t,CARMA,q50,0.5,6.0,4.662698088782421,0.001866031674886387,4.709374077836473,0.018252933507170794,0.0,0.0,117710.60274682064,1534.0,7.908488673626026,2023-10-16
15672,0.5,502,False,t,CARMA,q60,0.5,6.0,4.723281645400453,0.0008020019452075162,4.743342523530035,0.01108213820078227,0.0,0.0,117710.60274682064,1534.0,9.005590138087168,2023-10-16
15672,0.5,502,False,t,CARMA,q70,0.5,6.0,4.8330087795215135,0.00014885490417423076,4.8367321621261,0.005215123859191656,0.0,0.0,117710.60274682064,1534.0,7.844805200835315,2023-10-16
15672,0.5,502,False,t,CARMA,q80,0.5,6.0,5.0089881889623165,1.6929972862271465e-05,5.009411666890713,0.000651890482398957,0.0,0.0,117710.60274682064,1534.0,7.303755380084878,2023-10-16
15672,0.5,502,False,t,CARMA,q85,0.5,6.0,5.105812810418313,1.6997999206264777e-05,5.1062379899238755,0.000651890482398957,0.0,0.0,117710.60274682064,1534.0,7.798598384603105,2023-10-16
15672,0.5,502,False,t,CARMA,q90,0.5,6.0,5.149732349460803,1.6790714923330334e-05,5.150152344060315,0.001303780964797914,0.0,0.0,117710.60274682064,1534.0,8.147917986431462,2023-10-16
15672,0.5,502,False,t,CARMA,q95,0.5,6.0,5.204020477006142,1.7167907434863525e-05,5.204449906511704,0.000651890482398957,0.0,0.0,117710.60274682064,1534.0,6.676830040712924,2023-10-16
15840,0.5,503,False,t,CARMA,q30,0.5,6.0,8.363357587645678,0.029634501491847005,9.156362769459559,0.12332112332112333,0.0,0.0,125927.17619749843,1638.0,9.218372104361032,2023-10-23
15840,0.5,503,False,t,CARMA,q40,0.5,6.0,8.289749905163113,0.02338514548496337,8.915525289039548,0.10256410256410256,0.0,0.0,125927.17619749843,1638.0,9.919550008716334,2023-10-23
15840,0.5,503,False,t,CARMA,q50,0.5,6.0,8.228737926993901,0.01793477990651484,8.708664117230999,0.09157509157509157,0.0,0.0,125927.17619749843,1638.0,9.22656436200689,2023-10-23
15840,0.5,503,False,t,CARMA,q60,0.5,6.0,8.242991458982193,0.0070808592317562445,8.432471888204942,0.05372405372405373,0.0,0.0,125927.17619749843,1638.0,9.250914076918852,2023-10-23
15840,0.5,503,False,t,CARMA,q70,0.5,6.0,8.28877431794408,0.003613523545329161,8.385470491383705,0.028083028083028084,0.0,0.0,125927.17619749843,1638.0,9.623989733025905,2023-10-23
15840,0.5,503,False,t,CARMA,q80,0.5,6.0,8.534946838402384,0.001082662769231448,8.563918379779372,0.007936507936507936,0.0,0.0,125927.17619749843,1638.0,8.705501638018571,2023-10-23
15840,0.5,503,False,t,CARMA,q85,0.5,6.0,8.69664895646662,0.0012545033652807097,8.73021887055963,0.010378510378510378,0.0,0.0,125927.17619749843,1638.0,8.049166524909184,2023-10-23
15840,0.5,503,False,t,CARMA,q90,0.5,6.0,8.981743820864978,0.0,8.981743820864978,0.0,0.0,0.0,125927.17619749843,1638.0,6.861119805459949,2023-10-23
15840,0.5,503,False,t,CARMA,q95,0.5,6.0,9.325844497586973,0.0,9.325844497586973,0.0,0.0,0.0,125927.17619749843,1638.0,7.0705246198917955,2023-10-23
16008,0.5,504,False,t,CARMA,q30,0.5,6.0,5.382353089292328,0.005375481713284602,5.48859705034981,0.034210526315789476,0.0,0.0,114743.37890450687,1520.0,8.69390870939164,2023-10-30
16008,0.5,504,False,t,CARMA,q40,0.5,6.0,5.323785034198155,0.0047123587054210435,5.416922669389127,0.02894736842105263,0.0,0.0,114743.37890450687,1520.0,7.241560745609476,2023-10-30
16008,0.5,504,False,t,CARMA,q50,0.5,6.0,5.297558310664483,0.0012157648999074494,5.321587353189473,0.010526315789473684,0.0,0.0,114743.37890450687,1520.0,8.29629362996084,2023-10-30
16008,0.5,504,False,t,CARMA,q60,0.5,6.0,5.287460324590666,0.00082907426743729,5.303846601929435,0.009210526315789473,0.0,0.0,114743.37890450687,1520.0,8.132098739727109,2023-10-30
16008,0.5,504,False,t,CARMA,q70,0.5,6.0,5.320294526721588,8.988190543578273e-05,5.322071001867488,0.002631578947368421,0.0,0.0,114743.37890450687,1520.0,7.48313160550324,2023-10-30
16008,0.5,504,False,t,CARMA,q80,0.5,6.0,5.47270124543635,0.0,5.47270124543635,0.0,0.0,0.0,114743.37890450687,1520.0,8.132090412854843,2023-10-30
16008,0.5,504,False,t,CARMA,q85,0.5,6.0,5.645005076445436,0.0,5.645005076445436,0.0,0.0,0.0,114743.37890450687,1520.0,9.021016802764546,2023-10-30
16008,0.5,504,False,t,CARMA,q90,0.5,6.0,5.834621967553055,0.0,5.834621967553055,0.0,0.0,0.0,114743.37890450687,1520.0,7.82072138074225,2023-10-30
16008,0.5,504,False,t,CARMA,q95,0.5,6.0,6.073672297226535,0.0,6.073672297226535,0.0,0.0,0.0,114743.37890450687,1520.0,7.119840802730373,2023-10-30
16176,0.5,505,False,t,CARMA,q30,0.5,6.0,6.559442897766736,0.008171299258729331,6.742394747743375,0.03747534516765286,0.0,0.0,113797.0354469592,1521.0,9.418119012537101,2023-11-06
16176,0.5,505,False,t,CARMA,q40,0.5,6.0,6.4426062303886384,0.003603107704680078,6.523278250757014,0.024983563445101907,0.0,0.0,113797.0354469592,1521.0,8.704375861927254,2023-11-06
16176,0.5,505,False,t,CARMA,q50,0.5,6.0,6.375101474283574,0.0008690019074096561,6.39455805047297,0.017094017094017096,0.0,0.0,113797.0354469592,1521.0,7.177588832592366,2023-11-06
16176,0.5,505,False,t,CARMA,q60,0.5,6.0,6.372923141867032,0.0008117637606339767,6.391098180750025,0.012491781722550954,0.0,0.0,113797.0354469592,1521.0,8.685731897799592,2023-11-06
16176,0.5,505,False,t,CARMA,q70,0.5,6.0,6.4665752698077235,0.0005178189272020229,6.478169011229362,0.005259697567389875,0.0,0.0,113797.0354469592,1521.0,8.480705536051467,2023-11-06
16176,0.5,505,False,t,CARMA,q80,0.5,6.0,6.731941198269349,0.0,6.731941198269349,0.0,0.0,0.0,113797.0354469592,1521.0,7.074089181002502,2023-11-06
16176,0.5,505,False,t,CARMA,q85,0.5,6.0,6.876221459129305,0.0,6.876221459129305,0.0,0.0,0.0,113797.0354469592,1521.0,6.4974175656003945,2023-11-06
16176,0.5,505,False,t,CARMA,q90,0.5,6.0,7.102747099900957,0.0,7.102747099900957,0.0,0.0,0.0,113797.0354469592,1521.0,7.7757285565569445,2023-11-06
16176,0.5,505,False,t,CARMA,q95,0.5,6.0,7.426043534328898,0.0,7.426043534328898,0.0,0.0,0.0,113797.0354469592,1521.0,5.620119656127806,2023-11-06
16344,0.5,506,False,t,CARMA,q30,0.5,6.0,7.950276479139529,0.011156144372459272,8.229788632839938,0.0560625814863103,0.0,0.0,114535.07617219127,1534.0,10.097648536166743,2023-11-13
16344,0.5,506,False,t,CARMA,q40,0.5,6.0,7.866643512102613,0.007065788849555939,8.0436736573746,0.04041720990873533,0.0,0.0,114535.07617219127,1534.0,7.970387578730647,2023-11-13
16344,0.5,506,False,t,CARMA,q50,0.5,6.0,7.848183455558711,0.0035872968194756594,7.938061555599222,0.02607561929595828,0.0,0.0,114535.07617219127,1534.0,8.503394653146373,2023-11-13
16344,0.5,506,False,t,CARMA,q60,0.5,6.0,7.874397147410028,0.0008862424575516279,7.896601551524996,0.014341590612777053,0.0,0.0,114535.07617219127,1534.0,6.509184621625143,2023-11-13
16344,0.5,506,False,t,CARMA,q70,0.5,6.0,7.931959794710543,0.0003450307849324736,7.940604385042978,0.002607561929595828,0.0,0.0,114535.07617219127,1534.0,8.425581382900894,2023-11-13
16344,0.5,506,False,t,CARMA,q80,0.5,6.0,8.069596782145366,0.00018287960507139205,8.074178747972876,0.002607561929595828,0.0,0.0,114535.07617219127,1534.0,8.082775601795063,2023-11-13
16344,0.5,506,False,t,CARMA,q85,0.5,6.0,8.295897212354458,0.0,8.295897212354458,0.0,0.0,0.0,114535.07617219127,1534.0,5.92320358822591,2023-11-13
16344,0.5,506,False,t,CARMA,q90,0.5,6.0,8.46401650130472,0.0,8.46401650130472,0.0,0.0,0.0,114535.07617219127,1534.0,8.403406440935544,2023-11-13
16344,0.5,506,False,t,CARMA,q95,0.5,6.0,8.604496817951842,0.0,8.604496817951842,0.0,0.0,0.0,114535.07617219127,1534.0,9.153463086361377,2023-11-13
16512,0.5,507,False,t,CARMA,q30,0.5,6.0,7.37250649449409,0.003174527342304205,7.446514077102731,0.036,0.0,0.0,115267.9624331729,1500.0,7.644681858971677,2023-11-20
16512,0.5,507,False,t,CARMA,q40,0.5,6.0,7.305582691594668,0.001394599052076318,7.338094903153556,0.017333333333333333,0.0,0.0,115267.9624331729,1500.0,9.450865815441608,2023-11-20
16512,0.5,507,False,t,CARMA,q50,0.5,6.0,7.247383502632725,0.0004477626650605838,7.257822169196385,0.008666666666666666,0.0,0.0,115267.9624331729,1500.0,9.23711980971573,2023-11-20
16512,0.5,507,False,t,CARMA,q60,0.5,6.0,7.221878233874769,0.0,7.221878233874769,0.0,0.0,0.0,115267.9624331729,1500.0,7.840266211698347,2023-11-20
16512,0.5,507,False,t,CARMA,q70,0.5,6.0,7.316563486991668,0.0,7.316563486991668,0.0,0.0,0.0,115267.9624331729,1500.0,8.396155520367921,2023-11-20
16512,0.5,507,False,t,CARMA,q80,0.5,6.0,7.49257581612279,0.0,7.49257581612279,0.0,0.0,0.0,115267.9624331729,1500.0,8.300484705875833,2023-11-20
16512,0.5,507,False,t,CARMA,q85,0.5,6.0,7.71282549303101,0.0,7.71282549303101,0.0,0.0,0.0,115267.9624331729,1500.0,7.507483438900854,2023-11-20
16512,0.5,507,False,t,CARMA,q90,0.5,6.0,7.933028357819131,0.0,7.933028357819131,0.0,0.0,0.0,115267.9624331729,1500.0,6.24035489140192,2023-11-20
16512,0.5,507,False,t,CARMA,q95,0.5,6.0,8.087248160544469,0.0,8.087248160544469,0.0,0.0,0.0,115267.9624331729,1500.0,8.077683475100017,2023-11-20
16680,0.5,508,False,t,CARMA,q30,0.5,6.0,11.86975329753927,0.016088370251081695,12.260518810970847,0.0650925335035099,0.0,0.0,117195.14939128078,1567.0,9.474281573829053,2023-11-27
16680,0.5,508,False,t,CARMA,q40,0.5,6.0,11.86601984772254,0.014124761204536252,12.209091860490144,0.059349074664964904,0.0,0.0,117195.14939128078,1567.0,9.007542793239319,2023-11-27
16680,0.5,508,False,t,CARMA,q50,0.5,6.0,11.89590335286227,0.009231974471931298,12.12013596239392,0.0408423739629866,0.0,0.0,117195.14939128078,1567.0,8.943821050626314,2023-11-27
16680,0.5,508,False,t,CARMA,q60,0.5,6.0,11.957262872630954,0.0009770951541044964,11.98099523853293,0.009572431397574984,0.0,0.0,117195.14939128078,1567.0,8.23185427543071,2023-11-27
16680,0.5,508,False,t,CARMA,q70,0.5,6.0,12.092345810542477,0.0,12.092345810542477,0.0,0.0,0.0,117195.14939128078,1567.0,9.638795638763524,2023-11-27
16680,0.5,508,False,t,CARMA,q80,0.5,6.0,12.269763877456116,0.0,12.269763877456116,0.0,0.0,0.0,117195.14939128078,1567.0,8.677717850667957,2023-11-27
16680,0.5,508,False,t,CARMA,q85,0.5,6.0,12.383465017228563,0.0,12.383465017228563,0.0,0.0,0.0,117195.14939128078,1567.0,8.599355972850333,2023-11-27
16680,0.5,508,False,t,CARMA,q90,0.5,6.0,12.485894422932327,0.0,12.485894422932327,0.0,0.0,0.0,117195.14939128078,1567.0,8.386682429844937,2023-11-27
16680,0.5,508,False,t,CARMA,q95,0.5,6.0,12.552785128812408,0.0,12.552785128812408,0.0,0.0,0.0,117195.14939128078,1567.0,8.161841777264685,2023-11-27
16848,0.5,509,False,t,CARMA,q30,0.5,6.0,7.082700951991567,0.012478253139657619,7.352068272234011,0.07560137457044673,0.0,0.0,113168.7626501414,1455.0,7.569381899171628,2023-12-04
16848,0.5,509,False,t,CARMA,q40,0.5,6.0,7.039513680278678,0.00200530132322998,7.082802002584016,0.024054982817869417,0.0,0.0,113168.7626501414,1455.0,8.740789361337276,2023-12-04
16848,0.5,509,False,t,CARMA,q50,0.5,6.0,7.06422822271171,2.0853662057849703e-05,7.064678389494103,0.0006872852233676976,0.0,0.0,113168.7626501414,1455.0,9.333303634044336,2023-12-04
16848,0.5,509,False,t,CARMA,q60,0.5,6.0,7.1262318615026485,0.0,7.1262318615026485,0.0,0.0,0.0,113168.7626501414,1455.0,8.088203466066187,2023-12-04
16848,0.5,509,False,t,CARMA,q70,0.5,6.0,7.251786623413702,0.0,7.251786623413702,0.0,0.0,0.0,113168.7626501414,1455.0,8.463984841644692,2023-12-04
16848,0.5,509,False,t,CARMA,q80,0.5,6.0,7.426171409871554,0.0,7.426171409871554,0.0,0.0,0.0,113168.7626501414,1455.0,7.2488509411731155,2023-12-04
16848,0.5,509,False,t,CARMA,q85,0.5,6.0,7.559560942560053,0.0,7.559560942560053,0.0,0.0,0.0,113168.7626501414,1455.0,8.390745642531519,2023-12-04
16848,0.5,509,False,t,CARMA,q90,0.5,6.0,7.658136729542179,0.0,7.658136729542179,0.0,0.0,0.0,113168.7626501414,1455.0,7.221529352947439,2023-12-04
16848,0.5,509,False,t,CARMA,q95,0.5,6.0,7.80810451441669,0.0,7.80810451441669,0.0,0.0,0.0,113168.7626501414,1455.0,8.281800072396289,2023-12-04
17016,0.5,510,False,t,CARMA,q30,0.5,6.0,6.522422387195595,0.01727654190676167,6.895086451915469,0.09536423841059603,0.0,0.0,113082.6955013234,1510.0,9.028609604275575,2023-12-11
17016,0.5,510,False,t,CARMA,q40,0.5,6.0,6.431230588045822,0.012804126382365227,6.7074223056123845,0.06754966887417219,0.0,0.0,113082.6955013234,1510.0,8.629408219793936,2023-12-11
17016,0.5,510,False,t,CARMA,q50,0.5,6.0,6.393662613771332,0.00897807754491554,6.587324452426033,0.04437086092715232,0.0,0.0,113082.6955013234,1510.0,10.100718324559622,2023-12-11
17016,0.5,510,False,t,CARMA,q60,0.5,6.0,6.410995809908661,0.004823991019499322,6.515051824775571,0.02913907284768212,0.0,0.0,113082.6955013234,1510.0,8.748500454973371,2023-12-11
17016,0.5,510,False,t,CARMA,q70,0.5,6.0,6.521419475062283,0.0,6.521419475062283,0.0,0.0,0.0,113082.6955013234,1510.0,8.34810243182305,2023-12-11
17016,0.5,510,False,t,CARMA,q80,0.5,6.0,6.744952316819524,0.0,6.744952316819524,0.0,0.0,0.0,113082.6955013234,1510.0,7.682416463626396,2023-12-11
17016,0.5,510,False,t,CARMA,q85,0.5,6.0,6.952405543487945,0.0,6.952405543487945,0.0,0.0,0.0,113082.6955013234,1510.0,8.44293436815943,2023-12-11
17016,0.5,510,False,t,CARMA,q90,0.5,6.0,7.25267207828803,0.0,7.25267207828803,0.0,0.0,0.0,113082.6955013234,1510.0,7.467913452037215,2023-12-11
17016,0.5,510,False,t,CARMA,q95,0.5,6.0,7.511453906477967,0.0,7.511453906477967,0.0,0.0,0.0,113082.6955013234,1510.0,7.738082105041105,2023-12-11
17184,0.5,511,False,t,CARMA,q30,0.5,6.0,2.3081474217416127,0.02021949534135369,2.6343310511250264,0.07414571244358478,0.0,0.0,118184.13952197897,1551.0,11.170411370701144,2023-12-18
17184,0.5,511,False,t,CARMA,q40,0.5,6.0,2.287061211110931,0.014940973197587686,2.5280910084344073,0.038039974210186976,0.0,0.0,118184.13952197897,1551.0,9.55507624569001,2023-12-18
17184,0.5,511,False,t,CARMA,q50,0.5,6.0,2.2691264642467797,0.004669731046171176,2.3444591961062757,0.019987105093488073,0.0,0.0,118184.13952197897,1551.0,9.300054428554196,2023-12-18
17184,0.5,511,False,t,CARMA,q60,0.5,6.0,2.2714533928195566,0.0,2.2714533928195566,0.0,0.0,0.0,118184.13952197897,1551.0,8.149274238104773,2023-12-18
17184,0.5,511,False,t,CARMA,q70,0.5,6.0,2.3038643580868037,0.0,2.3038643580868037,0.0,0.0,0.0,118184.13952197897,1551.0,8.629243517395441,2023-12-18
17184,0.5,511,False,t,CARMA,q80,0.5,6.0,2.3599082415471244,0.0,2.3599082415471244,0.0,0.0,0.0,118184.13952197897,1551.0,7.997689153824764,2023-12-18
17184,0.5,511,False,t,CARMA,q85,0.5,6.0,2.4185606832439954,0.0,2.4185606832439954,0.0,0.0,0.0,118184.13952197897,1551.0,7.851329199085196,2023-12-18
17184,0.5,511,False,t,CARMA,q90,0.5,6.0,2.4765675423698426,0.0,2.4765675423698426,0.0,0.0,0.0,118184.13952197897,1551.0,7.747619013569181,2023-12-18
17184,0.5,511,False,t,CARMA,q95,0.5,6.0,2.5459553415351097,0.0,2.5459553415351097,0.0,0.0,0.0,118184.13952197897,1551.0,8.07787834842675,2023-12-18
17352,0.5,512,False,t,CARMA,q30,0.5,6.0,2.157165131897546,0.010966482449387228,2.345393083026614,0.06854580397181294,0.0,0.0,120237.69722299729,1561.0,10.238560080860553,2023-12-25
17352,0.5,512,False,t,CARMA,q40,0.5,6.0,2.1119314755535794,0.007087814136707956,2.233586230311403,0.04932735426008968,0.0,0.0,120237.69722299729,1561.0,10.250127034053916,2023-12-25
17352,0.5,512,False,t,CARMA,q50,0.5,6.0,2.0661605804471366,0.000833811376287663,2.0804720616090386,0.008327994875080076,0.0,0.0,120237.69722299729,1561.0,9.14138982477944,2023-12-25
17352,0.5,512,False,t,CARMA,q60,0.5,6.0,2.025211733143502,0.00031445392919644604,2.03060899877451,0.0025624599615631004,0.0,0.0,120237.69722299729,1561.0,9.103851031525394,2023-12-25
17352,0.5,512,False,t,CARMA,q70,0.5,6.0,2.0376639894904485,0.0,2.0376639894904485,0.0,0.0,0.0,120237.69722299729,1561.0,8.040824711710853,2023-12-25
17352,0.5,512,False,t,CARMA,q80,0.5,6.0,2.0577746946213558,0.0,2.0577746946213558,0.0,0.0,0.0,120237.69722299729,1561.0,7.556015941178362,2023-12-25
17352,0.5,512,False,t,CARMA,q85,0.5,6.0,2.068018966312519,0.0,2.068018966312519,0.0,0.0,0.0,120237.69722299729,1561.0,7.981997583702317,2023-12-25
17352,0.5,512,False,t,CARMA,q90,0.5,6.0,2.085569258631861,0.0,2.085569258631861,0.0,0.0,0.0,120237.69722299729,1561.0,7.583685574630745,2023-12-25
17352,0.5,512,False,t,CARMA,q95,0.5,6.0,2.1528895720505354,0.0,2.1528895720505354,0.0,0.0,0.0,120237.69722299729,1561.0,7.354613040718822,2023-12-25
15336,0.7,500,False,t,CARMA,q30,0.5,6.0,6.412684851741235,0.2565221441620546,13.85130170656912,0.40879926672777267,0.0,0.0,166463.55983189825,2182.0,13.758789931026467,2023-10-02
15336,0.7,500,False,t,CARMA,q40,0.5,6.0,6.3592008468755,0.25704391487705547,13.812947983916017,0.3936755270394134,0.0,0.0,166463.55983189825,2182.0,12.224464701291186,2023-10-02
15336,0.7,500,False,t,CARMA,q50,0.5,6.0,6.301157033347655,0.25149892088860853,13.594110700190436,0.38038496791934007,0.0,0.0,166463.55983189825,2182.0,13.747568326091468,2023-10-02
15336,0.7,500,False,t,CARMA,q60,0.5,6.0,6.273736901649649,0.24782496461209352,13.460153360285092,0.3771769019248396,0.0,0.0,166463.55983189825,2182.0,12.949573048028,2023-10-02
15336,0.7,500,False,t,CARMA,q70,0.5,6.0,6.317964686846243,0.23839312109533503,13.230876998753768,0.36663611365719523,0.0,0.0,166463.55983189825,2182.0,13.727382956342185,2023-10-02
15336,0.7,500,False,t,CARMA,q80,0.5,6.0,6.417165126710247,0.21644432059174887,12.69360717246372,0.3533455545371219,0.0,0.0,166463.55983189825,2182.0,14.353787641589689,2023-10-02
15336,0.7,500,False,t,CARMA,q85,0.5,6.0,6.4943943540232985,0.18815063695260212,11.950377516233502,0.33226397800183316,0.0,0.0,166463.55983189825,2182.0,11.226835752207652,2023-10-02
15336,0.7,500,False,t,CARMA,q90,0.5,6.0,6.611501591577979,0.14412050026217177,10.790700958082411,0.2928505957836847,0.0,0.0,166463.55983189825,2182.0,12.935032035553983,2023-10-02
15336,0.7,500,False,t,CARMA,q95,0.5,6.0,6.663660069190837,0.135975975746715,10.606684903733765,0.27131072410632445,0.0,0.0,166463.55983189825,2182.0,12.887725497777057,2023-10-02
15504,0.7,501,False,t,CARMA,q30,0.5,6.0,8.540923875720159,0.1789265217062301,14.29616339613546,0.40713293191292266,0.0,0.0,165587.5406092412,2159.0,13.34289716310527,2023-10-09
15504,0.7,501,False,t,CARMA,q40,0.5,6.0,8.48568887018092,0.16445830232475012,13.77555261969153,0.3682260305697082,0.0,0.0,165587.5406092412,2159.0,13.104271775836391,2023-10-09
15504,0.7,501,False,t,CARMA,q50,0.5,6.0,8.428552945656138,0.15043503031706024,13.267352825514713,0.3223714682723483,0.0,0.0,165587.5406092412,2159.0,12.814411043296447,2023-10-09
15504,0.7,501,False,t,CARMA,q60,0.5,6.0,8.433781596493763,0.14227038223806732,13.009962470257465,0.29319129226493745,0.0,0.0,165587.5406092412,2159.0,12.433193926422675,2023-10-09
15504,0.7,501,False,t,CARMA,q70,0.5,6.0,8.468717912824664,0.08223989749221657,11.11399544736038,0.1996294580824456,0.0,0.0,165587.5406092412,2159.0,11.747333324686055,2023-10-09
15504,0.7,501,False,t,CARMA,q80,0.5,6.0,8.678433397179742,0.05441769692152864,10.428799284507328,0.1283001389532191,0.0,0.0,165587.5406092412,2159.0,10.91406389823573,2023-10-09
15504,0.7,501,False,t,CARMA,q85,0.5,6.0,8.74617894304427,0.05108167499273755,10.389240418133443,0.11486799444187124,0.0,0.0,165587.5406092412,2159.0,10.476838736624115,2023-10-09
15504,0.7,501,False,t,CARMA,q90,0.5,6.0,8.846813136302952,0.026834758629091966,9.709963338465396,0.08522464103751737,0.0,0.0,165587.5406092412,2159.0,10.675577910309903,2023-10-09
15504,0.7,501,False,t,CARMA,q95,0.5,6.0,8.880649712124606,0.02495857230179567,9.68345166856277,0.08615099583140343,0.0,0.0,165587.5406092412,2159.0,9.56925868160087,2023-10-09
15672,0.7,502,False,t,CARMA,q30,0.5,6.0,6.961923673597706,0.13765824301850574,11.90148447261833,0.3902439024390244,0.0,0.0,168860.153127672,2214.0,14.052004718502506,2023-10-16
15672,0.7,502,False,t,CARMA,q40,0.5,6.0,6.885900233777272,0.10744304528004897,10.74125566295692,0.3261065943992773,0.0,0.0,168860.153127672,2214.0,13.327587252091643,2023-10-16
15672,0.7,502,False,t,CARMA,q50,0.5,6.0,6.864395928286373,0.07246173828048583,9.46452472544865,0.24841915085817526,0.0,0.0,168860.153127672,2214.0,12.151889306702257,2023-10-16
15672,0.7,502,False,t,CARMA,q60,0.5,6.0,6.913679061856948,0.047820045199345955,8.62959534478037,0.16214995483288167,0.0,0.0,168860.153127672,2214.0,12.772108894947802,2023-10-16
15672,0.7,502,False,t,CARMA,q70,0.5,6.0,7.025412215609906,0.03879137557712737,8.417354709857094,0.11788617886178862,0.0,0.0,168860.153127672,2214.0,12.364342088229773,2023-10-16
15672,0.7,502,False,t,CARMA,q80,0.5,6.0,7.213418668550231,0.02888239934674598,8.249799523532278,0.08807588075880758,0.0,0.0,168860.153127672,2214.0,11.98152358191386,2023-10-16
15672,0.7,502,False,t,CARMA,q85,0.5,6.0,7.23874729102995,0.029570861341214068,8.299832078046295,0.08536585365853659,0.0,0.0,168860.153127672,2214.0,11.370430367958257,2023-10-16
15672,0.7,502,False,t,CARMA,q90,0.5,6.0,7.261859047141381,0.03020405097589244,8.345664440125237,0.08672086720867209,0.0,0.0,168860.153127672,2214.0,12.110905536792021,2023-10-16
15672,0.7,502,False,t,CARMA,q95,0.5,6.0,7.2807868859836455,0.022566982711208744,8.090553019185545,0.06729900632339657,0.0,0.0,168860.153127672,2214.0,11.572941681032294,2023-10-16
15840,0.7,503,False,t,CARMA,q30,0.5,6.0,11.281412298718138,0.15829495826994128,16.958984873915888,0.42293577981651376,0.0,0.0,168786.09957749603,2180.0,12.60077844353949,2023-10-23
15840,0.7,503,False,t,CARMA,q40,0.5,6.0,11.240532871123643,0.14661445074559207,16.499160143770787,0.40091743119266054,0.0,0.0,168786.09957749603,2180.0,12.909556012549592,2023-10-23
15840,0.7,503,False,t,CARMA,q50,0.5,6.0,11.236407412963368,0.1427341996601451,16.35586154081555,0.39357798165137614,0.0,0.0,168786.09957749603,2180.0,11.50715021757107,2023-10-23
15840,0.7,503,False,t,CARMA,q60,0.5,6.0,11.241063678405478,0.09814302211359704,14.76116398285715,0.3229357798165138,0.0,0.0,168786.09957749603,2180.0,12.735698887038524,2023-10-23
15840,0.7,503,False,t,CARMA,q70,0.5,6.0,11.292067845620913,0.05487416678501138,13.260242118702413,0.19174311926605506,0.0,0.0,168786.09957749603,2180.0,13.585240070499978,2023-10-23
15840,0.7,503,False,t,CARMA,q80,0.5,6.0,11.45005651672117,0.013181852304908516,11.9228506218185,0.07247706422018349,0.0,0.0,168786.09957749603,2180.0,13.560310135117843,2023-10-23
15840,0.7,503,False,t,CARMA,q85,0.5,6.0,11.550017703827768,0.007172544177091866,11.807275676913726,0.04724770642201835,0.0,0.0,168786.09957749603,2180.0,11.913638693689185,2023-10-23
15840,0.7,503,False,t,CARMA,q90,0.5,6.0,11.766875869089588,0.0007400618135882974,11.793419700318976,0.009174311926605505,0.0,0.0,168786.09957749603,2180.0,11.878902432438219,2023-10-23
15840,0.7,503,False,t,CARMA,q95,0.5,6.0,11.958049447586395,0.0008148455537325594,11.98727555067557,0.009174311926605505,0.0,0.0,168786.09957749603,2180.0,11.346103067591013,2023-10-23
16008,0.7,504,False,t,CARMA,q30,0.5,6.0,7.794861432958495,0.178291257107514,12.848444523421977,0.3728110599078341,0.0,0.0,164554.64009634324,2170.0,13.199125184881176,2023-10-30
16008,0.7,504,False,t,CARMA,q40,0.5,6.0,7.717516529855147,0.1355560405973181,11.55978970514433,0.3009216589861751,0.0,0.0,164554.64009634324,2170.0,13.384277033629441,2023-10-30
16008,0.7,504,False,t,CARMA,q50,0.5,6.0,7.6747035612401495,0.11853752117285492,11.034594687159808,0.26359447004608294,0.0,0.0,164554.64009634324,2170.0,13.487470213975062,2023-10-30
16008,0.7,504,False,t,CARMA,q60,0.5,6.0,7.644128560193675,0.09465610243933778,10.327111935021518,0.2184331797235023,0.0,0.0,164554.64009634324,2170.0,13.08777765045741,2023-10-30
16008,0.7,504,False,t,CARMA,q70,0.5,6.0,7.666532031550159,0.06814126460945412,9.597964610913705,0.17880184331797236,0.0,0.0,164554.64009634324,2170.0,12.83818566065237,2023-10-30
16008,0.7,504,False,t,CARMA,q80,0.5,6.0,7.818526280420276,0.0401084807709086,8.955382587882484,0.1327188940092166,0.0,0.0,164554.64009634324,2170.0,12.030680873306158,2023-10-30
16008,0.7,504,False,t,CARMA,q85,0.5,6.0,7.912327728231307,0.04008384687672627,9.048485799374406,0.13179723502304147,0.0,0.0,164554.64009634324,2170.0,11.62961573303479,2023-10-30
16008,0.7,504,False,t,CARMA,q90,0.5,6.0,8.120398266997128,0.04086244827453616,9.278625434079185,0.1294930875576037,0.0,0.0,164554.64009634324,2170.0,11.331991045238064,2023-10-30
16008,0.7,504,False,t,CARMA,q95,0.5,6.0,8.224411522613286,0.040634792679772956,9.376185897321733,0.11981566820276497,0.0,0.0,164554.64009634324,2170.0,11.419727800918789,2023-10-30
16176,0.7,505,False,t,CARMA,q30,0.5,6.0,8.694618455663132,0.08174022326958984,11.132391556010436,0.19395711500974658,0.0,0.0,151580.28519375168,2052.0,12.574136768229586,2023-11-06
16176,0.7,505,False,t,CARMA,q40,0.5,6.0,8.605446922096965,0.06312427485050612,10.488028753345072,0.16228070175438597,0.0,0.0,151580.28519375168,2052.0,12.861238871241161,2023-11-06
16176,0.7,505,False,t,CARMA,q50,0.5,6.0,8.565615550218899,0.06263384173500665,10.433570988136262,0.14035087719298245,0.0,0.0,151580.28519375168,2052.0,11.361202484970354,2023-11-06
16176,0.7,505,False,t,CARMA,q60,0.5,6.0,8.517673254216465,0.04515940662052606,9.86448125502261,0.11744639376218323,0.0,0.0,151580.28519375168,2052.0,11.317752781266677,2023-11-06
16176,0.7,505,False,t,CARMA,q70,0.5,6.0,8.635034044991464,0.043377345751439214,9.928694894051848,0.10916179337231968,0.0,0.0,151580.28519375168,2052.0,10.230954067584937,2023-11-06
16176,0.7,505,False,t,CARMA,q80,0.5,6.0,8.886317487154335,0.03261802863765463,9.859098691054164,0.09502923976608187,0.0,0.0,151580.28519375168,2052.0,10.48035532124219,2023-11-06
16176,0.7,505,False,t,CARMA,q85,0.5,6.0,9.075281929060658,0.023202665482355306,9.767264792658805,0.06042884990253411,0.0,0.0,151580.28519375168,2052.0,9.043613644153412,2023-11-06
16176,0.7,505,False,t,CARMA,q90,0.5,6.0,9.221150541202329,0.022746805856578158,9.899538111213024,0.05896686159844054,0.0,0.0,151580.28519375168,2052.0,9.937151851365163,2023-11-06
16176,0.7,505,False,t,CARMA,q95,0.5,6.0,9.504198832738583,0.022432879843636126,10.173224055067339,0.0594541910331384,0.0,0.0,151580.28519375168,2052.0,9.739754468477964,2023-11-06
16344,0.7,506,False,t,CARMA,q30,0.5,6.0,11.200332240312619,0.25352414826502906,20.297628349504137,0.44106813996316757,0.0,0.0,164038.17798385496,2172.0,11.008717016943978,2023-11-13
16344,0.7,506,False,t,CARMA,q40,0.5,6.0,11.081109690252148,0.24181332525891652,19.758182221934327,0.4116022099447514,0.0,0.0,164038.17798385496,2172.0,11.72510982977017,2023-11-13
16344,0.7,506,False,t,CARMA,q50,0.5,6.0,11.052411941099809,0.23652826933273882,19.539838953634778,0.39686924493554326,0.0,0.0,164038.17798385496,2172.0,11.050306719300208,2023-11-13
16344,0.7,506,False,t,CARMA,q60,0.5,6.0,11.057023695392072,0.21148031203864595,18.645646053640075,0.3485267034990792,0.0,0.0,164038.17798385496,2172.0,12.894834686098283,2023-11-13
16344,0.7,506,False,t,CARMA,q70,0.5,6.0,11.122403084603192,0.18995079922348423,17.938474368302625,0.30478821362799263,0.0,0.0,164038.17798385496,2172.0,12.986643013446646,2023-11-13
16344,0.7,506,False,t,CARMA,q80,0.5,6.0,11.255879897112791,0.1784041604964954,17.657619085490616,0.2863720073664825,0.0,0.0,164038.17798385496,2172.0,11.526990288282356,2023-11-13
16344,0.7,506,False,t,CARMA,q85,0.5,6.0,11.370007783411555,0.18379202940412423,17.965081765281976,0.29880294659300183,0.0,0.0,164038.17798385496,2172.0,11.206512675694736,2023-11-13
16344,0.7,506,False,t,CARMA,q90,0.5,6.0,11.474945964686025,0.18359148957856258,18.06282390551931,0.2845303867403315,0.0,0.0,164038.17798385496,2172.0,12.101056626107976,2023-11-13
16344,0.7,506,False,t,CARMA,q95,0.5,6.0,11.494910533642368,0.17961443294881377,17.94007835375758,0.2905156537753223,0.0,0.0,164038.17798385496,2172.0,13.228602366498349,2023-11-13
16512,0.7,507,False,t,CARMA,q30,0.5,6.0,10.718264340881701,0.15372403269109944,15.9712436166079,0.3694627709707823,0.0,0.0,168956.68822873302,2122.0,12.673058512835533,2023-11-20
16512,0.7,507,False,t,CARMA,q40,0.5,6.0,10.663222401549751,0.1343096565873222,15.252783514618027,0.33223374175306314,0.0,0.0,168956.68822873302,2122.0,12.609285457272517,2023-11-20
16512,0.7,507,False,t,CARMA,q50,0.5,6.0,10.57457730710387,0.12047854632410639,14.69150877143692,0.293119698397738,0.0,0.0,168956.68822873302,2122.0,13.381449532751178,2023-11-20
16512,0.7,507,False,t,CARMA,q60,0.5,6.0,10.511102883948764,0.10376352995040761,14.056857330171052,0.2587181903864279,0.0,0.0,168956.68822873302,2122.0,12.798727371678995,2023-11-20
16512,0.7,507,False,t,CARMA,q70,0.5,6.0,10.533463432307803,0.0823388144983242,13.347103424544386,0.21017907634307256,0.0,0.0,168956.68822873302,2122.0,12.778296470865508,2023-11-20
16512,0.7,507,False,t,CARMA,q80,0.5,6.0,10.685579675483359,0.021004765234242478,11.403343804718036,0.09095193213949104,0.0,0.0,168956.68822873302,2122.0,10.396092690562693,2023-11-20
16512,0.7,507,False,t,CARMA,q85,0.5,6.0,10.840421657410939,0.014334548869530105,11.330254553545245,0.05513666352497644,0.0,0.0,168956.68822873302,2122.0,11.892811322859865,2023-11-20
16512,0.7,507,False,t,CARMA,q90,0.5,6.0,10.934994478340089,0.009176458546969406,11.248567741595899,0.032516493873704054,0.0,0.0,168956.68822873302,2122.0,11.584809887865514,2023-11-20
16512,0.7,507,False,t,CARMA,q95,0.5,6.0,10.956261871919487,0.00798929021215761,11.229267824063339,0.039114043355325166,0.0,0.0,168956.68822873302,2122.0,12.95416411658601,2023-11-20
16680,0.7,508,False,t,CARMA,q30,0.5,6.0,16.74555923031038,0.21202375421813444,23.8688512859516,0.41717503519474425,0.0,0.0,162106.97118644227,2131.0,13.131092729956036,2023-11-27
16680,0.7,508,False,t,CARMA,q40,0.5,6.0,16.71179105465742,0.18247793712182275,22.842442049981145,0.38714218676677614,0.0,0.0,162106.97118644227,2131.0,10.966359814363324,2023-11-27
16680,0.7,508,False,t,CARMA,q50,0.5,6.0,16.725193817738802,0.13194887990459173,21.15823676352183,0.32238385734396996,0.0,0.0,162106.97118644227,2131.0,13.295713345983343,2023-11-27
16680,0.7,508,False,t,CARMA,q60,0.5,6.0,16.754429467181463,0.0878986529992896,19.707531485963898,0.22946973251994368,0.0,0.0,162106.97118644227,2131.0,13.6223882245585,2023-11-27
16680,0.7,508,False,t,CARMA,q70,0.5,6.0,16.81511357735579,0.06705746654024872,19.06802113688397,0.15861098076020647,0.0,0.0,162106.97118644227,2131.0,11.813679955958724,2023-11-27
16680,0.7,508,False,t,CARMA,q80,0.5,6.0,16.98074445413416,0.046904084022318354,18.556565476289858,0.12623181604880337,0.0,0.0,162106.97118644227,2131.0,11.185736748873571,2023-11-27
16680,0.7,508,False,t,CARMA,q85,0.5,6.0,17.093688158126895,0.0425664459469149,18.523778986245087,0.11684655091506335,0.0,0.0,162106.97118644227,2131.0,11.111822035882998,2023-11-27
16680,0.7,508,False,t,CARMA,q90,0.5,6.0,17.132203022555665,0.04299834191856487,18.576804117012,0.11919286719849835,0.0,0.0,162106.97118644227,2131.0,12.158549838581893,2023-11-27
16680,0.7,508,False,t,CARMA,q95,0.5,6.0,17.186168204640097,0.04137653864243138,18.576282109982667,0.11168465509150634,0.0,0.0,162106.97118644227,2131.0,11.912157112610165,2023-11-27
16848,0.7,509,False,t,CARMA,q30,0.5,6.0,9.745629941474837,0.0900613447603837,12.50874509133754,0.302484169508037,0.0,0.0,160840.7205518153,2053.0,14.541125561731377,2023-12-04
16848,0.7,509,False,t,CARMA,q40,0.5,6.0,9.738692831285482,0.07380451009034315,12.003042319974519,0.26546517291768146,0.0,0.0,160840.7205518153,2053.0,13.314770582988746,2023-12-04
16848,0.7,509,False,t,CARMA,q50,0.5,6.0,9.754750994605619,0.05008136841252916,11.291265779663389,0.19581100828056502,0.0,0.0,160840.7205518153,2053.0,10.623885321888435,2023-12-04
16848,0.7,509,False,t,CARMA,q60,0.5,6.0,9.770293963739256,0.034220798972345395,10.820200650481146,0.14076960545543107,0.0,0.0,160840.7205518153,2053.0,12.532082039162718,2023-12-04
16848,0.7,509,False,t,CARMA,q70,0.5,6.0,9.847496537691116,0.01804187583233878,10.401027917629003,0.09498295177788602,0.0,0.0,160840.7205518153,2053.0,12.693250593867052,2023-12-04
16848,0.7,509,False,t,CARMA,q80,0.5,6.0,9.972288557868916,0.0010665967231810625,10.00501213725202,0.011690209449585971,0.0,0.0,160840.7205518153,2053.0,9.618784500009369,2023-12-04
16848,0.7,509,False,t,CARMA,q85,0.5,6.0,10.128053449044899,0.00043274364317362734,10.141330183027064,0.00535801266439357,0.0,0.0,160840.7205518153,2053.0,11.800855672571847,2023-12-04
16848,0.7,509,False,t,CARMA,q90,0.5,6.0,10.1944704951465,0.00028847367328880045,10.203320973441285,0.0024354603019970775,0.0,0.0,160840.7205518153,2053.0,10.788030415934992,2023-12-04
16848,0.7,509,False,t,CARMA,q95,0.5,6.0,10.225314855861146,0.00022776346140583817,10.232302722547683,0.003896736483195324,0.0,0.0,160840.7205518153,2053.0,11.645331203514043,2023-12-04
17016,0.7,510,False,t,CARMA,q30,0.5,6.0,9.69049060949641,0.1645194305183008,14.85579720437967,0.40063665302410184,0.0,0.0,164594.1368183523,2199.0,12.891127559844161,2023-12-11
17016,0.7,510,False,t,CARMA,q40,0.5,6.0,9.61564164476354,0.13884879971909522,13.974984602742527,0.339699863574352,0.0,0.0,164594.1368183523,2199.0,12.665772623922049,2023-12-11
17016,0.7,510,False,t,CARMA,q50,0.5,6.0,9.591179697954267,0.11340364102717741,13.151638016075507,0.2723965438835834,0.0,0.0,164594.1368183523,2199.0,14.23033417317231,2023-12-11
17016,0.7,510,False,t,CARMA,q60,0.5,6.0,9.613814429035921,0.07236465626009497,11.885799172960436,0.20691223283310595,0.0,0.0,164594.1368183523,2199.0,13.459350243366856,2023-12-11
17016,0.7,510,False,t,CARMA,q70,0.5,6.0,9.684769681655059,0.061063967310196775,11.601954248021578,0.16916780354706684,0.0,0.0,164594.1368183523,2199.0,12.526486192822501,2023-12-11
17016,0.7,510,False,t,CARMA,q80,0.5,6.0,9.764559606864117,0.06489343676782978,11.801975466167283,0.16871305138699408,0.0,0.0,164594.1368183523,2199.0,11.982012391885094,2023-12-11
17016,0.7,510,False,t,CARMA,q85,0.5,6.0,9.86525792384424,0.06264356258805187,11.832035987345092,0.1696225557071396,0.0,0.0,164594.1368183523,2199.0,11.843583157667478,2023-12-11
17016,0.7,510,False,t,CARMA,q90,0.5,6.0,9.982471025441855,0.06138250913269201,11.909656636495297,0.16689404274670305,0.0,0.0,164594.1368183523,2199.0,11.57832579279612,2023-12-11
17016,0.7,510,False,t,CARMA,q95,0.5,6.0,10.147905845786344,0.06310964326847694,12.129317132881289,0.17053206002728513,0.0,0.0,164594.1368183523,2199.0,11.707289681792396,2023-12-11
17184,0.7,511,False,t,CARMA,q30,0.5,6.0,3.184745413670242,0.14947574603837133,6.510551365982518,0.38489371325192223,0.0,0.0,163002.22221512708,2211.0,12.740026108228145,2023-12-18
17184,0.7,511,False,t,CARMA,q40,0.5,6.0,3.182123731726203,0.09488358099734626,5.293264748387668,0.2872003618272275,0.0,0.0,163002.22221512708,2211.0,10.85757039827198,2023-12-18
17184,0.7,511,False,t,CARMA,q50,0.5,6.0,3.1732561379906974,0.04248200391385089,4.118472370238633,0.16056083220262324,0.0,0.0,163002.22221512708,2211.0,13.043723839113543,2023-12-18
17184,0.7,511,False,t,CARMA,q60,0.5,6.0,3.1569875364028355,0.01755959547570237,3.5476850823330968,0.08819538670284939,0.0,0.0,163002.22221512708,2211.0,12.561727330439284,2023-12-18
17184,0.7,511,False,t,CARMA,q70,0.5,6.0,3.188841204338652,0.005810087030799731,3.318114498117869,0.03844414292175486,0.0,0.0,163002.22221512708,2211.0,9.340687369574326,2023-12-18
17184,0.7,511,False,t,CARMA,q80,0.5,6.0,3.222748835356858,0.002937769903759361,3.2881136379512443,0.034373586612392586,0.0,0.0,163002.22221512708,2211.0,11.598571807859338,2023-12-18
17184,0.7,511,False,t,CARMA,q85,0.5,6.0,3.2448908572865047,0.0016425992422142213,3.281438367379663,0.017639077340569877,0.0,0.0,163002.22221512708,2211.0,10.80676881529676,2023-12-18
17184,0.7,511,False,t,CARMA,q90,0.5,6.0,3.2803231864043814,0.000738348045690812,3.2967512852118377,0.010854816824966078,0.0,0.0,163002.22221512708,2211.0,12.376634438934733,2023-12-18
17184,0.7,511,False,t,CARMA,q95,0.5,6.0,3.2939057084726837,0.0017772313764490356,3.3334487570747826,0.016734509271822705,0.0,0.0,163002.22221512708,2211.0,12.154751850692149,2023-12-18
17352,0.7,512,False,t,CARMA,q30,0.5,6.0,2.9885234730586197,0.2461320444244739,8.888618761044338,0.45807962529274004,0.0,0.0,167924.7651880073,2135.0,14.658354797460031,2023-12-25
17352,0.7,512,False,t,CARMA,q40,0.5,6.0,2.963671017088088,0.2427302412766795,8.782220796564795,0.43747072599531617,0.0,0.0,167924.7651880073,2135.0,14.631932594914394,2023-12-25
17352,0.7,512,False,t,CARMA,q50,0.5,6.0,2.940455188614828,0.20585909069921138,7.87515702259785,0.38875878220140514,0.0,0.0,167924.7651880073,2135.0,13.698683173016867,2023-12-25
17352,0.7,512,False,t,CARMA,q60,0.5,6.0,2.9074319950193352,0.17519783764265467,7.107144952987724,0.3447306791569087,0.0,0.0,167924.7651880073,2135.0,13.241064159988632,2023-12-25
17352,0.7,512,False,t,CARMA,q70,0.5,6.0,2.8975936989396227,0.14762424658143217,6.436332930087629,0.297423887587822,0.0,0.0,167924.7651880073,2135.0,12.318616325907376,2023-12-25
17352,0.7,512,False,t,CARMA,q80,0.5,6.0,2.899734355875587,0.10133193673537937,5.3287885810288484,0.2449648711943794,0.0,0.0,167924.7651880073,2135.0,11.433175566982154,2023-12-25
17352,0.7,512,False,t,CARMA,q85,0.5,6.0,2.9101083817875386,0.09072840936094491,5.0849826928860695,0.22295081967213115,0.0,0.0,167924.7651880073,2135.0,9.991093071726986,2023-12-25
17352,0.7,512,False,t,CARMA,q90,0.5,6.0,2.9302004052352326,0.0849281701458571,4.966035672709231,0.2117096018735363,0.0,0.0,167924.7651880073,2135.0,10.432948524663972,2023-12-25
17352,0.7,512,False,t,CARMA,q95,0.5,6.0,3.0335751880881445,0.08726396391994436,5.125402375965777,0.21124121779859484,0.0,0.0,167924.7651880073,2135.0,12.99733028376936,2023-12-25
15336,0.3,500,True,st,MPC,q30,,,0.5424385576694888,0.0,0.5424385576694888,0.0,0.0,0.6944558184815667,70014.13974734378,928.0,1.978466046804239,2023-10-02
15336,0.3,500,True,st,MPC,q40,,,0.5276160077656151,0.0,0.5276160077656151,0.0,0.0,0.6944932685298314,70014.13974734378,928.0,2.001515165953761,2023-10-02
15336,0.3,500,True,st,MPC,q50,,,0.5128956220576275,0.0,0.5128956220576275,0.0,0.0,0.699237538888433,70014.13974734378,928.0,1.9264834761730187,2023-10-02
15336,0.3,500,True,st,MPC,q60,,,0.5059053085124962,0.0,0.5059053085124962,0.0,0.0,0.7044976467792572,70014.13974734378,928.0,2.244849886460642,2023-10-02
15336,0.3,500,True,st,MPC,q70,,,0.5134358975245581,0.0,0.5134358975245581,0.0,0.0,0.7028118230202455,70014.13974734378,928.0,2.269247801761057,2023-10-02
15336,0.3,500,True,st,MPC,q80,,,0.5251495267849139,0.0,0.5251495267849139,0.0,0.0,0.6958388981012343,70014.13974734378,928.0,1.6801652355328163,2023-10-02
15336,0.3,500,True,st,MPC,q85,,,0.5393544262647395,0.0,0.5393544262647395,0.0,0.0,0.6852101376427367,70014.13974734378,928.0,1.6921328044574895,2023-10-02
15336,0.3,500,True,st,MPC,q90,,,0.560372427046778,0.0,0.560372427046778,0.0,0.0,0.6696281323090516,70014.13974734378,928.0,1.8093462142993693,2023-10-02
15336,0.3,500,True,st,MPC,q95,,,0.5941110059128201,0.0,0.5941110059128201,0.0,0.0,0.6551232704188957,70014.13974734378,928.0,1.348198964275785,2023-10-02
15504,0.3,501,True,st,MPC,q30,,,1.1666514571598745,0.0,1.1666514571598745,0.0,0.0,0.6892566256731351,73719.56346610108,932.0,2.3257989482948656,2023-10-09
15504,0.3,501,True,st,MPC,q40,,,1.1224619331447028,0.0,1.1224619331447028,0.0,0.0,0.6981293499835617,73719.56346610108,932.0,2.274923922429699,2023-10-09
15504,0.3,501,True,st,MPC,q50,,,1.0723362050332579,0.0,1.0723362050332579,0.0,0.0,0.7058346057898488,73719.56346610108,932.0,2.015067774882718,2023-10-09
15504,0.3,501,True,st,MPC,q60,,,1.036801388040985,0.0,1.036801388040985,0.0,0.0,0.7087622613879847,73719.56346610108,932.0,2.654248908714615,2023-10-09
15504,0.3,501,True,st,MPC,q70,,,0.9968778294276488,0.0,0.9968778294276488,0.0,0.0,0.7127421548543257,73719.56346610108,932.0,1.8886839913035225,2023-10-09
15504,0.3,501,True,st,MPC,q80,,,0.9834795308783555,0.0,0.9834795308783555,0.0,0.0,0.7108088555424085,73719.56346610108,932.0,1.9601646299393618,2023-10-09
15504,0.3,501,True,st,MPC,q85,,,0.9460975877129657,0.0,0.9460975877129657,0.0,0.0,0.7158263982329217,73719.56346610108,932.0,1.5142353733547982,2023-10-09
15504,0.3,501,True,st,MPC,q90,,,0.9382492940701437,0.0,0.9382492940701437,0.0,0.0,0.7082056828585778,73719.56346610108,932.0,1.372785946172893,2023-10-09
15504,0.3,501,True,st,MPC,q95,,,0.9668898554732092,0.0,0.9668898554732092,0.0,0.0,0.6946870338748232,73719.56346610108,932.0,1.5558968235295632,2023-10-09
15672,0.3,502,True,st,MPC,q30,,,1.1833950167454719,0.0,1.1833950167454719,0.0,0.0,0.6749001982010608,70458.17240169305,915.0,2.1367805924543646,2023-10-16
15672,0.3,502,True,st,MPC,q40,,,1.1375700370365405,0.0,1.1375700370365405,0.0,0.0,0.683197447384556,70458.17240169305,915.0,2.0715243109338526,2023-10-16
15672,0.3,502,True,st,MPC,q50,,,1.1013982963143676,0.0,1.1013982963143676,0.0,0.0,0.686712421399221,70458.17240169305,915.0,1.8664866386475412,2023-10-16
15672,0.3,502,True,st,MPC,q60,,,1.0756371649934464,0.0,1.0756371649934464,0.0,0.0,0.6909724782684458,70458.17240169305,915.0,1.9503908907559324,2023-10-16
15672,0.3,502,True,st,MPC,q70,,,1.0625563851290378,0.0,1.0625563851290378,0.0,0.0,0.6904148766651897,70458.17240169305,915.0,2.0119498230111774,2023-10-16
15672,0.3,502,True,st,MPC,q80,,,1.0755876954954804,0.0,1.0755876954954804,0.0,0.0,0.6825427663107614,70458.17240169305,915.0,1.2771052901793414,2023-10-16
15672,0.3,502,True,st,MPC,q85,,,1.0860703812171084,0.0,1.0860703812171084,0.0,0.0,0.6772781042105743,70458.17240169305,915.0,1.4968470045132234,2023-10-16
15672,0.3,502,True,st,MPC,q90,,,1.1122679322306697,0.0,1.1122679322306697,0.0,0.0,0.6608024079203311,70458.17240169305,915.0,1.521467923072016,2023-10-16
15672,0.3,502,True,st,MPC,q95,,,1.1421846877222355,0.0,1.1421846877222355,0.0,0.0,0.6630846950100546,70458.17240169305,915.0,1.152425145441653,2023-10-16
15840,0.3,503,True,st,MPC,q30,,,1.8170020560151114,0.0,1.8170020560151114,0.0,0.0,0.6654057880005889,74318.580238708,981.0,2.2068812077929985,2023-10-23
15840,0.3,503,True,st,MPC,q40,,,1.7854645255162895,0.0,1.7854645255162895,0.0,0.0,0.6686484754623825,74318.580238708,981.0,2.1543932164474557,2023-10-23
15840,0.3,503,True,st,MPC,q50,,,1.7615049526743,0.0,1.7615049526743,0.0,0.0,0.6733232945125547,74318.580238708,981.0,2.520182191313364,2023-10-23
15840,0.3,503,True,st,MPC,q60,,,1.7369301884472834,0.0,1.7369301884472834,0.0,0.0,0.6771732189022764,74318.580238708,981.0,2.1597830657934507,2023-10-23
15840,0.3,503,True,st,MPC,q70,,,1.6747978116432647,0.0,1.6747978116432647,0.0,0.0,0.6908425575379866,74318.580238708,981.0,2.6912830178015508,2023-10-23
15840,0.3,503,True,st,MPC,q80,,,1.4962955075921756,0.0,1.4962955075921756,0.0,0.0,0.7174570402674828,74318.580238708,981.0,2.0428080133185884,2023-10-23
15840,0.3,503,True,st,MPC,q85,,,1.4563654122754413,0.0,1.4563654122754413,0.0,0.0,0.720837446504741,74318.580238708,981.0,2.0243557911049317,2023-10-23
15840,0.3,503,True,st,MPC,q90,,,1.4646704033269822,0.0,1.4646704033269822,0.0,0.0,0.7204190485085362,74318.580238708,981.0,1.8415862723324088,2023-10-23
15840,0.3,503,True,st,MPC,q95,,,1.4875201204621102,0.0,1.4875201204621102,0.0,0.0,0.7214730327210521,74318.580238708,981.0,1.7284771435102166,2023-10-23
16008,0.3,504,True,st,MPC,q30,,,1.0062597618746056,0.0,1.0062597618746056,0.0,0.0,0.689423306795216,67588.57653298903,898.0,1.999104831158697,2023-10-30
16008,0.3,504,True,st,MPC,q40,,,0.9825305678187336,0.0,0.9825305678187336,0.0,0.0,0.6853159031053401,67588.57653298903,898.0,2.2154847324340983,2023-10-30
16008,0.3,504,True,st,MPC,q50,,,0.9513455258379392,0.0,0.9513455258379392,0.0,0.0,0.6926447515592978,67588.57653298903,898.0,1.6984080043704652,2023-10-30
16008,0.3,504,True,st,MPC,q60,,,0.9156584513755908,0.0,0.9156584513755908,0.0,0.0,0.6988685926092845,67588.57653298903,898.0,2.060581888880632,2023-10-30
16008,0.3,504,True,st,MPC,q70,,,0.8820375384897128,0.0,0.8820375384897128,0.0,0.0,0.7055059284969989,67588.57653298903,898.0,1.5808312555929962,2023-10-30
16008,0.3,504,True,st,MPC,q80,,,0.8516908749024596,0.0,0.8516908749024596,0.0,0.0,0.7155489127309028,67588.57653298903,898.0,1.834026710415304,2023-10-30
16008,0.3,504,True,st,MPC,q85,,,0.8403893287567046,0.0,0.8403893287567046,0.0,0.0,0.7222844922939623,67588.57653298903,898.0,2.0520094524961605,2023-10-30
16008,0.3,504,True,st,MPC,q90,,,0.8460764380439979,0.0,0.8460764380439979,0.0,0.0,0.7254492410532388,67588.57653298903,898.0,1.7078379818320337,2023-10-30
16008,0.3,504,True,st,MPC,q95,,,0.8611603908473414,0.0,0.8611603908473414,0.0,0.0,0.7167380163346045,67588.57653298903,898.0,1.2095947363604864,2023-10-30
16176,0.3,505,True,st,MPC,q30,,,1.2246168869815905,0.0,1.2246168869815905,0.0,0.0,0.7184941881317736,62579.85648253633,875.0,1.3866891702065836,2023-11-06
16176,0.3,505,True,st,MPC,q40,,,1.1968938806125142,0.0,1.1968938806125142,0.0,0.0,0.721877688346867,62579.85648253633,875.0,1.8903452000058871,2023-11-06
16176,0.3,505,True,st,MPC,q50,,,1.185485719736681,0.0,1.185485719736681,0.0,0.0,0.7317624632513839,62579.85648253633,875.0,1.370733208516461,2023-11-06
16176,0.3,505,True,st,MPC,q60,,,1.139844497726229,0.0,1.139844497726229,0.0,0.0,0.7418119395350986,62579.85648253633,875.0,1.8191753063876333,2023-11-06
16176,0.3,505,True,st,MPC,q70,,,1.0948220662032528,0.0,1.0948220662032528,0.0,0.0,0.7411865927962237,62579.85648253633,875.0,1.3937822521579346,2023-11-06
16176,0.3,505,True,st,MPC,q80,,,1.0624423171186281,0.0,1.0624423171186281,0.0,0.0,0.7461652589039025,62579.85648253633,875.0,1.54408536841282,2023-11-06
16176,0.3,505,True,st,MPC,q85,,,1.0564626824071344,0.0,1.0564626824071344,0.0,0.0,0.7498523349650102,62579.85648253633,875.0,1.6493918105639462,2023-11-06
16176,0.3,505,True,st,MPC,q90,,,1.0583642863635339,0.0,1.0583642863635339,0.0,0.0,0.7374244884289338,62579.85648253633,875.0,1.2309174151770972,2023-11-06
16176,0.3,505,True,st,MPC,q95,,,1.0401719474365563,0.0,1.0401719474365563,0.0,0.0,0.7406775602149958,62579.85648253633,875.0,1.284522089687595,2023-11-06
16344,0.3,506,True,st,MPC,q30,,,2.304459123146465,0.0,2.304459123146465,0.0,0.0,0.70214874806588,69689.04399031839,945.0,1.7860327130363103,2023-11-13
16344,0.3,506,True,st,MPC,q40,,,2.285117323594203,0.0,2.285117323594203,0.0,0.0,0.7081232124221876,69689.04399031839,945.0,1.8248120130445624,2023-11-13
16344,0.3,506,True,st,MPC,q50,,,2.2461806701826568,0.0,2.2461806701826568,0.0,0.0,0.7154831895446166,69689.04399031839,945.0,1.4249073913165573,2023-11-13
16344,0.3,506,True,st,MPC,q60,,,2.192906337474239,0.0,2.192906337474239,0.0,0.0,0.7216767753655621,69689.04399031839,945.0,1.6461038913012485,2023-11-13
16344,0.3,506,True,st,MPC,q70,,,2.1483192365805355,0.0,2.1483192365805355,0.0,0.0,0.7182943505443725,69689.04399031839,945.0,1.3497825434905795,2023-11-13
16344,0.3,506,True,st,MPC,q80,,,2.091174582867588,0.0,2.091174582867588,0.0,0.0,0.7170554872972809,69689.04399031839,945.0,1.641790973219973,2023-11-13
16344,0.3,506,True,st,MPC,q85,,,2.1180439563339424,0.0,2.1180439563339424,0.0,0.0,0.7187519730854554,69689.04399031839,945.0,1.5756718026983076,2023-11-13
16344,0.3,506,True,st,MPC,q90,,,2.1640530854313362,0.0,2.1640530854313362,0.0,0.0,0.7182695264888115,69689.04399031839,945.0,1.4067590270360186,2023-11-13
16344,0.3,506,True,st,MPC,q95,,,2.1983864554194623,0.0,2.1983864554194623,0.0,0.0,0.7227639676265422,69689.04399031839,945.0,0.9966144162939913,2023-11-13
16512,0.3,507,True,st,MPC,q30,,,1.4628508909170135,0.0,1.4628508909170135,0.0,0.0,0.6355385447054044,67659.11521947458,904.0,1.8163354830591543,2023-11-20
16512,0.3,507,True,st,MPC,q40,,,1.4431577786242398,0.0,1.4431577786242398,0.0,0.0,0.6451403060648515,67659.11521947458,904.0,1.8521874872831023,2023-11-20
16512,0.3,507,True,st,MPC,q50,,,1.4176824211378705,0.0,1.4176824211378705,0.0,0.0,0.6576204977226345,67659.11521947458,904.0,1.8100999025445146,2023-11-20
16512,0.3,507,True,st,MPC,q60,,,1.4052180564059695,0.0,1.4052180564059695,0.0,0.0,0.6643496124491177,67659.11521947458,904.0,1.4417160766068728,2023-11-20
16512,0.3,507,True,st,MPC,q70,,,1.3719225320135289,0.0,1.3719225320135289,0.0,0.0,0.6745184323844691,67659.11521947458,904.0,1.841234630438007,2023-11-20
16512,0.3,507,True,st,MPC,q80,,,1.3227143952944693,0.0,1.3227143952944693,0.0,0.0,0.6802054098655915,67659.11521947458,904.0,1.6218385796343031,2023-11-20
16512,0.3,507,True,st,MPC,q85,,,1.3203992793222334,0.0,1.3203992793222334,0.0,0.0,0.672957836866802,67659.11521947458,904.0,1.702234942483132,2023-11-20
16512,0.3,507,True,st,MPC,q90,,,1.3254944227273469,0.0,1.3254944227273469,0.0,0.0,0.657611085380998,67659.11521947458,904.0,1.755350208877644,2023-11-20
16512,0.3,507,True,st,MPC,q95,,,1.4431138988818435,0.0,1.4431138988818435,0.0,0.0,0.6624908903359455,67659.11521947458,904.0,1.5440925405511718,2023-11-20
16680,0.3,508,True,st,MPC,q30,,,3.489708785987119,0.0,3.489708785987119,0.0,0.0,0.6700436479954505,64864.36282189725,893.0,1.6100862330338683,2023-11-27
16680,0.3,508,True,st,MPC,q40,,,3.458264718520417,0.0,3.458264718520417,0.0,0.0,0.6748994174404209,64864.36282189725,893.0,1.9705976228752369,2023-11-27
16680,0.3,508,True,st,MPC,q50,,,3.4417236087404937,0.0,3.4417236087404937,0.0,0.0,0.676445444860933,64864.36282189725,893.0,2.1343034703357846,2023-11-27
16680,0.3,508,True,st,MPC,q60,,,3.400522959951806,0.0,3.400522959951806,0.0,0.0,0.6854464924178638,64864.36282189725,893.0,1.781344713672217,2023-11-27
16680,0.3,508,True,st,MPC,q70,,,3.3625738918769708,0.0,3.3625738918769708,0.0,0.0,0.6904527152413945,64864.36282189725,893.0,2.1521931666652274,2023-11-27
16680,0.3,508,True,st,MPC,q80,,,3.2968709885410394,0.0,3.2968709885410394,0.0,0.0,0.7016249437936365,64864.36282189725,893.0,1.790317445933364,2023-11-27
16680,0.3,508,True,st,MPC,q85,,,3.3070866360571896,0.0,3.3070866360571896,0.0,0.0,0.6983948387408068,64864.36282189725,893.0,1.5114931306208483,2023-11-27
16680,0.3,508,True,st,MPC,q90,,,3.342981412236805,0.0,3.342981412236805,0.0,0.0,0.6992295797705771,64864.36282189725,893.0,1.381159850667879,2023-11-27
16680,0.3,508,True,st,MPC,q95,,,3.4139187004821987,0.0,3.4139187004821987,0.0,0.0,0.6970992070693588,64864.36282189725,893.0,1.438221597277231,2023-11-27
16848,0.3,509,True,st,MPC,q30,,,1.6832490475729578,0.0,1.6832490475729578,0.0,0.0,0.7065400670625843,69667.54122002251,885.0,2.0083900560405645,2023-12-04
16848,0.3,509,True,st,MPC,q40,,,1.6434342478197683,0.0,1.6434342478197683,0.0,0.0,0.7096221385603134,69667.54122002251,885.0,2.1720203534414395,2023-12-04
16848,0.3,509,True,st,MPC,q50,,,1.5988346970891716,0.0,1.5988346970891716,0.0,0.0,0.7090879878734432,69667.54122002251,885.0,1.8515436465353843,2023-12-04
16848,0.3,509,True,st,MPC,q60,,,1.5448714763363562,0.0,1.5448714763363562,0.0,0.0,0.7195820503951411,69667.54122002251,885.0,2.147830855894792,2023-12-04
16848,0.3,509,True,st,MPC,q70,,,1.516767365761805,0.0,1.516767365761805,0.0,0.0,0.7257000894023407,69667.54122002251,885.0,2.0478439689112644,2023-12-04
16848,0.3,509,True,st,MPC,q80,,,1.5674545473049355,0.0,1.5674545473049355,0.0,0.0,0.7270995609606455,69667.54122002251,885.0,1.8864017812530522,2023-12-04
16848,0.3,509,True,st,MPC,q85,,,1.5621406074249429,0.0,1.5621406074249429,0.0,0.0,0.7295147535285402,69667.54122002251,885.0,1.8661425829408382,2023-12-04
16848,0.3,509,True,st,MPC,q90,,,1.5886868882740652,0.0,1.5886868882740652,0.0,0.0,0.7296287776202064,69667.54122002251,885.0,1.8380941576545304,2023-12-04
16848,0.3,509,True,st,MPC,q95,,,1.6504545264402297,0.0,1.6504545264402297,0.0,0.0,0.7265004951171842,69667.54122002251,885.0,1.3795195520259154,2023-12-04
17016,0.3,510,True,st,MPC,q30,,,1.544023361606928,0.0,1.544023361606928,0.0,0.0,0.6804908958729048,70788.37691020197,930.0,2.1332405063243765,2023-12-11
17016,0.3,510,True,st,MPC,q40,,,1.5014273713901187,0.0,1.5014273713901187,0.0,0.0,0.6854117713398404,70788.37691020197,930.0,2.328677185672061,2023-12-11
17016,0.3,510,True,st,MPC,q50,,,1.4230142149638725,0.0,1.4230142149638725,0.0,0.0,0.6939376074027422,70788.37691020197,930.0,2.477058037994972,2023-12-11
17016,0.3,510,True,st,MPC,q60,,,1.3717446142149505,0.0,1.3717446142149505,0.0,0.0,0.7017279105282173,70788.37691020197,930.0,2.044590484839511,2023-12-11
17016,0.3,510,True,st,MPC,q70,,,1.3262854544387876,0.0,1.3262854544387876,0.0,0.0,0.7174097735815228,70788.37691020197,930.0,2.2667629955940196,2023-12-11
17016,0.3,510,True,st,MPC,q80,,,1.3121733271212472,0.0,1.3121733271212472,0.0,0.0,0.7153769596366247,70788.37691020197,930.0,1.7785081510939764,2023-12-11
17016,0.3,510,True,st,MPC,q85,,,1.308007934112498,0.0,1.308007934112498,0.0,0.0,0.7170803207134242,70788.37691020197,930.0,1.7484071333233766,2023-12-11
17016,0.3,510,True,st,MPC,q90,,,1.333162840772096,0.0,1.333162840772096,0.0,0.0,0.7224491287337308,70788.37691020197,930.0,1.525026417040675,2023-12-11
17016,0.3,510,True,st,MPC,q95,,,1.4329949612975312,0.0,1.4329949612975312,0.0,0.0,0.7109303063542375,70788.37691020197,930.0,1.5263990316665867,2023-12-11
17184,0.3,511,True,st,MPC,q30,,,0.3641258474924917,0.0,0.3641258474924917,0.0,0.0,0.7029407221381027,71042.65994867557,945.0,2.0925467521247523,2023-12-18
17184,0.3,511,True,st,MPC,q40,,,0.36082031104835494,0.0,0.36082031104835494,0.0,0.0,0.7026658441156834,71042.65994867557,945.0,1.7754375536542712,2023-12-18
17184,0.3,511,True,st,MPC,q50,,,0.34345676273269127,0.0,0.34345676273269127,0.0,0.0,0.7186301922907505,71042.65994867557,945.0,2.509523715516558,2023-12-18
17184,0.3,511,True,st,MPC,q60,,,0.33417893226912143,0.0,0.33417893226912143,0.0,0.0,0.7218122417738664,71042.65994867557,945.0,2.3691436120527904,2023-12-18
17184,0.3,511,True,st,MPC,q70,,,0.3180477261291973,0.0,0.3180477261291973,0.0,0.0,0.719103763555197,71042.65994867557,945.0,2.166432530428052,2023-12-18
17184,0.3,511,True,st,MPC,q80,,,0.3210905081440321,0.0,0.3210905081440321,0.0,0.0,0.7104655650838321,71042.65994867557,945.0,2.2141582148973167,2023-12-18
17184,0.3,511,True,st,MPC,q85,,,0.3274718327486352,0.0,0.3274718327486352,0.0,0.0,0.7059520361659701,71042.65994867557,945.0,1.7773342579195281,2023-12-18
17184,0.3,511,True,st,MPC,q90,,,0.3406410171043448,0.0,0.3406410171043448,0.0,0.0,0.7028921691165062,71042.65994867557,945.0,1.449186336350811,2023-12-18
17184,0.3,511,True,st,MPC,q95,,,0.36430655195149125,0.0,0.36430655195149125,0.0,0.0,0.6925499918794024,71042.65994867557,945.0,1.262977349998354,2023-12-18
17352,0.3,512,True,st,MPC,q30,,,0.5312818004002849,0.0,0.5312818004002849,0.0,0.0,0.6535429442009988,75758.69303508809,958.0,2.5707919914779307,2023-12-25
17352,0.3,512,True,st,MPC,q40,,,0.5203092503013176,0.0,0.5203092503013176,0.0,0.0,0.6611386641202951,75758.69303508809,958.0,2.3247525489344474,2023-12-25
17352,0.3,512,True,st,MPC,q50,,,0.5165409100993996,0.0,0.5165409100993996,0.0,0.0,0.6629782086117771,75758.69303508809,958.0,2.2429537056193793,2023-12-25
17352,0.3,512,True,st,MPC,q60,,,0.5026836276505929,0.0,0.5026836276505929,0.0,0.0,0.6788365161670287,75758.69303508809,958.0,2.544726174663115,2023-12-25
17352,0.3,512,True,st,MPC,q70,,,0.47981000904021304,0.0,0.47981000904021304,0.0,0.0,0.6863862996290054,75758.69303508809,958.0,2.3388463555743835,2023-12-25
17352,0.3,512,True,st,MPC,q80,,,0.4304704208141719,0.0,0.4304704208141719,0.0,0.0,0.697514012555379,75758.69303508809,958.0,1.9490867612394387,2023-12-25
17352,0.3,512,True,st,MPC,q85,,,0.4281299043587415,0.0,0.4281299043587415,0.0,0.0,0.6881450957638165,75758.69303508809,958.0,1.91388674773669,2023-12-25
17352,0.3,512,True,st,MPC,q90,,,0.42360523817509543,0.0,0.42360523817509543,0.0,0.0,0.6768900711472232,75758.69303508809,958.0,1.680979139666863,2023-12-25
17352,0.3,512,True,st,MPC,q95,,,0.4466189684529932,0.0,0.4466189684529932,0.0,0.0,0.6643130667438398,75758.69303508809,958.0,1.3169999321105448,2023-12-25
15336,0.5,500,True,st,MPC,q30,,,1.686222410464979,0.0,1.686222410464979,0.0,0.0,0.5070444162013824,113898.46651379707,1490.0,3.5574460924223077,2023-10-02
15336,0.5,500,True,st,MPC,q40,,,1.624093183680024,0.0,1.624093183680024,0.0,0.0,0.5088750639316305,113898.46651379707,1490.0,3.6925126218567823,2023-10-02
15336,0.5,500,True,st,MPC,q50,,,1.595984310822621,0.0,1.595984310822621,0.0,0.0,0.5142955537900463,113898.46651379707,1490.0,3.699832718492711,2023-10-02
15336,0.5,500,True,st,MPC,q60,,,1.519689438965844,0.0,1.519689438965844,0.0,0.0,0.5271032539669389,113898.46651379707,1490.0,3.7227894874105623,2023-10-02
15336,0.5,500,True,st,MPC,q70,,,1.470916443188036,0.0,1.470916443188036,0.0,0.0,0.5260867235721403,113898.46651379707,1490.0,4.239757387943913,2023-10-02
15336,0.5,500,True,st,MPC,q80,,,1.3247336131655347,0.0,1.3247336131655347,0.0,0.0,0.5371268460232214,113898.46651379707,1490.0,3.855285163787169,2023-10-02
15336,0.5,500,True,st,MPC,q85,,,1.2911297441775094,0.0,1.2911297441775094,0.0,0.0,0.5341171212476016,113898.46651379707,1490.0,3.843979870112472,2023-10-02
15336,0.5,500,True,st,MPC,q90,,,1.2741620566373246,0.0,1.2741620566373246,0.0,0.0,0.5310547255195136,113898.46651379707,1490.0,3.45998877058016,2023-10-02
15336,0.5,500,True,st,MPC,q95,,,1.2881931432961677,0.0,1.2881931432961677,0.0,0.0,0.5269109771987693,113898.46651379707,1490.0,3.372355047826125,2023-10-02
15504,0.5,501,True,st,MPC,q30,,,2.7749975320651257,0.0,2.7749975320651257,0.0,0.0,0.5318352631673742,116114.4954149879,1494.0,3.5069092136797977,2023-10-09
15504,0.5,501,True,st,MPC,q40,,,2.766536063013589,0.0,2.766536063013589,0.0,0.0,0.5327151389355037,116114.4954149879,1494.0,3.6392910640965694,2023-10-09
15504,0.5,501,True,st,MPC,q50,,,2.7432411016705696,0.0,2.7432411016705696,0.0,0.0,0.5372295670662992,116114.4954149879,1494.0,3.9509755555701482,2023-10-09
15504,0.5,501,True,st,MPC,q60,,,2.673296723567385,0.0,2.673296723567385,0.0,0.0,0.5384718691035497,116114.4954149879,1494.0,4.15875925864384,2023-10-09
15504,0.5,501,True,st,MPC,q70,,,2.5770234795620914,0.0,2.5770234795620914,0.0,0.0,0.5425132112355143,116114.4954149879,1494.0,3.7327572672281883,2023-10-09
15504,0.5,501,True,st,MPC,q80,,,2.482509224358662,0.0,2.482509224358662,0.0,0.0,0.5460579413496569,116114.4954149879,1494.0,3.6236720480248716,2023-10-09
15504,0.5,501,True,st,MPC,q85,,,2.4328204676679106,0.0,2.4328204676679106,0.0,0.0,0.5452126528126664,116114.4954149879,1494.0,3.668017324553387,2023-10-09
15504,0.5,501,True,st,MPC,q90,,,2.4224844148072906,0.0,2.4224844148072906,0.0,0.0,0.5406999620664953,116114.4954149879,1494.0,3.4069211637226577,2023-10-09
15504,0.5,501,True,st,MPC,q95,,,2.4219436475157843,0.0,2.4219436475157843,0.0,0.0,0.5357311660094956,116114.4954149879,1494.0,3.2369648340703243,2023-10-09
15672,0.5,502,True,st,MPC,q30,,,2.7559035258262226,0.0,2.7559035258262226,0.0,0.0,0.47167568861543147,117710.60274682064,1534.0,3.615574058587383,2023-10-16
15672,0.5,502,True,st,MPC,q40,,,2.7445534977486647,0.0,2.7445534977486647,0.0,0.0,0.4696569981519208,117710.60274682064,1534.0,3.488421497898355,2023-10-16
15672,0.5,502,True,st,MPC,q50,,,2.7122476024607596,0.0,2.7122476024607596,0.0,0.0,0.480558730450139,117710.60274682064,1534.0,3.601446539751009,2023-10-16
15672,0.5,502,True,st,MPC,q60,,,2.681442440196611,0.0,2.681442440196611,0.0,0.0,0.48521891534872696,117710.60274682064,1534.0,3.7385037615034182,2023-10-16
15672,0.5,502,True,st,MPC,q70,,,2.6244872719309305,0.0,2.6244872719309305,0.0,0.0,0.4954655079592497,117710.60274682064,1534.0,3.6903311045983833,2023-10-16
15672,0.5,502,True,st,MPC,q80,,,2.500003535564886,0.0,2.500003535564886,0.0,0.0,0.49410181119375096,117710.60274682064,1534.0,3.5577585983130775,2023-10-16
15672,0.5,502,True,st,MPC,q85,,,2.502672462499083,0.0,2.502672462499083,0.0,0.0,0.4821940890687751,117710.60274682064,1534.0,3.3055573948538464,2023-10-16
15672,0.5,502,True,st,MPC,q90,,,2.5298959532548713,0.0,2.5298959532548713,0.0,0.0,0.46923514985615644,117710.60274682064,1534.0,3.4766325450954443,2023-10-16
15672,0.5,502,True,st,MPC,q95,,,2.617982699142839,0.0,2.617982699142839,0.0,0.0,0.4688217209027904,117710.60274682064,1534.0,2.924906666663175,2023-10-16
15840,0.5,503,True,st,MPC,q30,,,4.983002272198301,6.900575773165297e-05,4.9848488334934595,0.0030525030525030525,0.0,0.42007357400780276,125927.17619749843,1638.0,4.16706174459825,2023-10-23
15840,0.5,503,True,st,MPC,q40,,,4.979180248995094,0.0,4.979180248995094,0.0,0.0,0.4203301348352882,125927.17619749843,1638.0,3.8557852121162535,2023-10-23
15840,0.5,503,True,st,MPC,q50,,,4.933425358016333,0.0,4.933425358016333,0.0,0.0,0.42480343442367646,125927.17619749843,1638.0,4.387971143460558,2023-10-23
15840,0.5,503,True,st,MPC,q60,,,4.883127968861977,0.0,4.883127968861977,0.0,0.0,0.425331679948311,125927.17619749843,1638.0,4.238542317386378,2023-10-23
15840,0.5,503,True,st,MPC,q70,,,4.860553124419503,0.0,4.860553124419503,0.0,0.0,0.4286688785125528,125927.17619749843,1638.0,4.3344042969653245,2023-10-23
15840,0.5,503,True,st,MPC,q80,,,4.79784334700029,0.0,4.79784334700029,0.0,0.0,0.4392215711261365,125927.17619749843,1638.0,4.152738034935874,2023-10-23
15840,0.5,503,True,st,MPC,q85,,,4.7719693833320305,0.0,4.7719693833320305,0.0,0.0,0.44507785146029183,125927.17619749843,1638.0,4.021978596485672,2023-10-23
15840,0.5,503,True,st,MPC,q90,,,4.788497332519874,0.0,4.788497332519874,0.0,0.0,0.44484915204189907,125927.17619749843,1638.0,4.1756222982385545,2023-10-23
15840,0.5,503,True,st,MPC,q95,,,4.764048317138865,0.0,4.764048317138865,0.0,0.0,0.4420822025897385,125927.17619749843,1638.0,4.115675092532606,2023-10-23
16008,0.5,504,True,st,MPC,q30,,,3.0308699821920824,0.0,3.0308699821920824,0.0,0.0,0.49119614462312594,114743.37890450687,1520.0,3.3084004017141564,2023-10-30
16008,0.5,504,True,st,MPC,q40,,,2.9685462746470206,0.0,2.9685462746470206,0.0,0.0,0.49466190302520907,114743.37890450687,1520.0,3.315557601729177,2023-10-30
16008,0.5,504,True,st,MPC,q50,,,2.9395564711807483,0.0,2.9395564711807483,0.0,0.0,0.49775893077347916,114743.37890450687,1520.0,3.359685500002566,2023-10-30
16008,0.5,504,True,st,MPC,q60,,,2.9217763699718593,0.0,2.9217763699718593,0.0,0.0,0.5026311866515272,114743.37890450687,1520.0,3.832492577074873,2023-10-30
16008,0.5,504,True,st,MPC,q70,,,2.8666713369891608,0.0,2.8666713369891608,0.0,0.0,0.5045865056715232,114743.37890450687,1520.0,4.012995216826875,2023-10-30
16008,0.5,504,True,st,MPC,q80,,,2.8053490363876796,0.0,2.8053490363876796,0.0,0.0,0.5083133347882252,114743.37890450687,1520.0,3.98421529017412,2023-10-30
16008,0.5,504,True,st,MPC,q85,,,2.7854753071417786,0.0,2.7854753071417786,0.0,0.0,0.5101119904029416,114743.37890450687,1520.0,3.814410928577721,2023-10-30
16008,0.5,504,True,st,MPC,q90,,,2.7623724423270555,0.0,2.7623724423270555,0.0,0.0,0.5057741469143576,114743.37890450687,1520.0,3.743308982139735,2023-10-30
16008,0.5,504,True,st,MPC,q95,,,2.6879853506679243,0.0,2.6879853506679243,0.0,0.0,0.5125104811933351,114743.37890450687,1520.0,4.22647654707488,2023-10-30
16176,0.5,505,True,st,MPC,q30,,,3.7215394932786823,0.0019767767569702486,3.7657986683776943,0.013806706114398421,0.0,0.4905508031836138,113797.0354469592,1521.0,2.9170534937434067,2023-11-06
16176,0.5,505,True,st,MPC,q40,,,3.6497168682161205,0.00126355489265738,3.678007314794949,0.007889546351084813,0.0,0.4966298228916606,113797.0354469592,1521.0,3.7320732803396885,2023-11-06
16176,0.5,505,True,st,MPC,q50,,,3.5766507561109298,0.0004803107354070338,3.58740470536967,0.005917159763313609,0.0,0.49988470774908766,113797.0354469592,1521.0,3.56560709206065,2023-11-06
16176,0.5,505,True,st,MPC,q60,,,3.4313530552274796,0.0,3.4313530552274796,0.0,0.0,0.5109759575323356,113797.0354469592,1521.0,3.854536903779708,2023-11-06
16176,0.5,505,True,st,MPC,q70,,,3.3683040930333195,0.0,3.3683040930333195,0.0,0.0,0.5200310180504301,113797.0354469592,1521.0,3.5140261666439874,2023-11-06
16176,0.5,505,True,st,MPC,q80,,,3.3258382849844916,0.0,3.3258382849844916,0.0,0.0,0.5285971502926311,113797.0354469592,1521.0,3.4980981638082556,2023-11-06
16176,0.5,505,True,st,MPC,q85,,,3.2845341922686133,0.0,3.2845341922686133,0.0,0.0,0.5244027484974632,113797.0354469592,1521.0,3.9499432738921314,2023-11-06
16176,0.5,505,True,st,MPC,q90,,,3.2199253765966604,0.0,3.2199253765966604,0.0,0.0,0.5249717975031356,113797.0354469592,1521.0,3.581161694312682,2023-11-06
16176,0.5,505,True,st,MPC,q95,,,3.1117183404377036,0.0,3.1117183404377036,0.0,0.0,0.5212582534876885,113797.0354469592,1521.0,3.5685066444441165,2023-11-06
16344,0.5,506,True,st,MPC,q30,,,4.974785830677612,0.0,4.974785830677612,0.0,0.0,0.5109197292414905,114535.07617219127,1534.0,3.3612838723321206,2023-11-13
16344,0.5,506,True,st,MPC,q40,,,4.921617469812915,0.0,4.921617469812915,0.0,0.0,0.5115905801451495,114535.07617219127,1534.0,3.8643503148898857,2023-11-13
16344,0.5,506,True,st,MPC,q50,,,4.835457268379997,0.0,4.835457268379997,0.0,0.0,0.5182034075215599,114535.07617219127,1534.0,3.194085242563581,2023-11-13
16344,0.5,506,True,st,MPC,q60,,,4.76437453227069,0.0,4.76437453227069,0.0,0.0,0.5266603279170907,114535.07617219127,1534.0,3.396895468074248,2023-11-13
16344,0.5,506,True,st,MPC,q70,,,4.684150620788977,0.0,4.684150620788977,0.0,0.0,0.539251973542513,114535.07617219127,1534.0,3.4723866808603137,2023-11-13
16344,0.5,506,True,st,MPC,q80,,,4.62569523295359,0.0,4.62569523295359,0.0,0.0,0.5404977315241574,114535.07617219127,1534.0,3.1645825172310245,2023-11-13
16344,0.5,506,True,st,MPC,q85,,,4.590472028905914,0.0,4.590472028905914,0.0,0.0,0.5432785233262023,114535.07617219127,1534.0,3.3615071255341022,2023-11-13
16344,0.5,506,True,st,MPC,q90,,,4.585681148516509,0.0,4.585681148516509,0.0,0.0,0.5386674005125089,114535.07617219127,1534.0,3.5180618157834003,2023-11-13
16344,0.5,506,True,st,MPC,q95,,,4.628417115181129,0.0,4.628417115181129,0.0,0.0,0.5285917698081236,114535.07617219127,1534.0,3.7208945555660953,2023-11-13
16512,0.5,507,True,st,MPC,q30,,,3.980408426613979,0.0,3.980408426613979,0.0,0.0,0.4996757631836174,115267.9624331729,1500.0,4.042073987193362,2023-11-20
16512,0.5,507,True,st,MPC,q40,,,3.9418745449416392,0.0,3.9418745449416392,0.0,0.0,0.4970637891432602,115267.9624331729,1500.0,3.823622782048806,2023-11-20
16512,0.5,507,True,st,MPC,q50,,,3.869654413119474,0.0,3.869654413119474,0.0,0.0,0.5063025632458992,115267.9624331729,1500.0,3.813201200831143,2023-11-20
16512,0.5,507,True,st,MPC,q60,,,3.7870292317519882,0.0,3.7870292317519882,0.0,0.0,0.521394284948786,115267.9624331729,1500.0,3.964487769232238,2023-11-20
16512,0.5,507,True,st,MPC,q70,,,3.716279433967067,0.0,3.716279433967067,0.0,0.0,0.5268002964994262,115267.9624331729,1500.0,4.04676207725162,2023-11-20
16512,0.5,507,True,st,MPC,q80,,,3.6740891460378347,0.0,3.6740891460378347,0.0,0.0,0.533249769855131,115267.9624331729,1500.0,3.837515813025359,2023-11-20
16512,0.5,507,True,st,MPC,q85,,,3.610772081059292,0.0,3.610772081059292,0.0,0.0,0.5296893696555144,115267.9624331729,1500.0,3.847011179810547,2023-11-20
16512,0.5,507,True,st,MPC,q90,,,3.5832083817184284,0.0,3.5832083817184284,0.0,0.0,0.5350765886735088,115267.9624331729,1500.0,3.6977984088682407,2023-11-20
16512,0.5,507,True,st,MPC,q95,,,3.7418918191224617,0.0,3.7418918191224617,0.0,0.0,0.5100463853856013,115267.9624331729,1500.0,3.1224177354459797,2023-11-20
16680,0.5,508,True,st,MPC,q30,,,8.148733455856918,0.0006858627548822712,8.165392166924136,0.00574345883854499,0.0,0.47057844833431395,117195.14939128078,1567.0,3.7009092236156547,2023-11-27
16680,0.5,508,True,st,MPC,q40,,,8.101727657079111,5.4768166611113674e-05,8.10305790435783,0.0012763241863433313,0.0,0.47374559206225625,117195.14939128078,1567.0,3.7332788438701763,2023-11-27
16680,0.5,508,True,st,MPC,q50,,,8.045870379246487,0.0,8.045870379246487,0.0,0.0,0.47600046274808566,117195.14939128078,1567.0,3.761497510573225,2023-11-27
16680,0.5,508,True,st,MPC,q60,,,7.993316409119265,0.0,7.993316409119265,0.0,0.0,0.4769473478728556,117195.14939128078,1567.0,3.740132406796797,2023-11-27
16680,0.5,508,True,st,MPC,q70,,,7.962282279551559,0.0,7.962282279551559,0.0,0.0,0.47793398566658724,117195.14939128078,1567.0,4.203159163107205,2023-11-27
16680,0.5,508,True,st,MPC,q80,,,7.935758552707217,0.0,7.935758552707217,0.0,0.0,0.47498034399418804,117195.14939128078,1567.0,4.309510887916029,2023-11-27
16680,0.5,508,True,st,MPC,q85,,,7.896943703504357,0.0,7.896943703504357,0.0,0.0,0.4802189934544861,117195.14939128078,1567.0,4.131059956532978,2023-11-27
16680,0.5,508,True,st,MPC,q90,,,7.838340054560483,0.0,7.838340054560483,0.0,0.0,0.48124409674072566,117195.14939128078,1567.0,3.2786039780782965,2023-11-27
16680,0.5,508,True,st,MPC,q95,,,7.778900165923211,0.0,7.778900165923211,0.0,0.0,0.486980301960356,117195.14939128078,1567.0,3.9479316696035975,2023-11-27
16848,0.5,509,True,st,MPC,q30,,,4.254337949512762,0.00026302791734038615,4.260015917770815,0.004123711340206186,0.0,0.5262906983263437,113168.7626501414,1455.0,3.877207189090478,2023-12-04
16848,0.5,509,True,st,MPC,q40,,,4.181326255713232,0.00010444986529653194,4.183581008842514,0.002061855670103093,0.0,0.5283525584056928,113168.7626501414,1455.0,3.5505907352702355,2023-12-04
16848,0.5,509,True,st,MPC,q50,,,4.081570068390656,0.0,4.081570068390656,0.0,0.0,0.5340028321488223,113168.7626501414,1455.0,2.729257630253109,2023-12-04
16848,0.5,509,True,st,MPC,q60,,,4.033759245371386,0.0,4.033759245371386,0.0,0.0,0.5346608120677268,113168.7626501414,1455.0,3.3423438170312365,2023-12-04
16848,0.5,509,True,st,MPC,q70,,,3.9776746168136503,0.0,3.9776746168136503,0.0,0.0,0.53766665317917,113168.7626501414,1455.0,3.742783388640208,2023-12-04
16848,0.5,509,True,st,MPC,q80,,,3.90884213993852,0.0,3.90884213993852,0.0,0.0,0.5409639898903571,113168.7626501414,1455.0,3.5828742599016055,2023-12-04
16848,0.5,509,True,st,MPC,q85,,,3.8411941817582456,0.0,3.8411941817582456,0.0,0.0,0.5449759184685876,113168.7626501414,1455.0,2.956340477691047,2023-12-04
16848,0.5,509,True,st,MPC,q90,,,3.8131860946869143,0.0,3.8131860946869143,0.0,0.0,0.5441917062299702,113168.7626501414,1455.0,2.943300623326552,2023-12-04
16848,0.5,509,True,st,MPC,q95,,,3.71687328677149,0.0,3.71687328677149,0.0,0.0,0.5453184059231604,113168.7626501414,1455.0,3.2424910675713403,2023-12-04
17016,0.5,510,True,st,MPC,q30,,,3.5017702389482803,0.0,3.5017702389482803,0.0,0.0,0.5119627692608528,113082.6955013234,1510.0,3.9405345234123894,2023-12-11
17016,0.5,510,True,st,MPC,q40,,,3.4167576340823795,0.0,3.4167576340823795,0.0,0.0,0.5211395790934527,113082.6955013234,1510.0,3.6871585914981395,2023-12-11
17016,0.5,510,True,st,MPC,q50,,,3.3345138435564294,0.0,3.3345138435564294,0.0,0.0,0.5286726274768454,113082.6955013234,1510.0,3.1155678311635504,2023-12-11
17016,0.5,510,True,st,MPC,q60,,,3.2223765826987627,0.0,3.2223765826987627,0.0,0.0,0.5365792199973515,113082.6955013234,1510.0,3.7701262912991216,2023-12-11
17016,0.5,510,True,st,MPC,q70,,,3.1546125484407934,0.0,3.1546125484407934,0.0,0.0,0.5351485810999327,113082.6955013234,1510.0,3.165595635979563,2023-12-11
17016,0.5,510,True,st,MPC,q80,,,3.089117233126141,0.0,3.089117233126141,0.0,0.0,0.529552379788577,113082.6955013234,1510.0,3.6780819079124565,2023-12-11
17016,0.5,510,True,st,MPC,q85,,,3.029922916245536,0.0,3.029922916245536,0.0,0.0,0.5301092601815339,113082.6955013234,1510.0,3.4698671409844066,2023-12-11
17016,0.5,510,True,st,MPC,q90,,,2.959235800036732,0.0,2.959235800036732,0.0,0.0,0.5207660679040669,113082.6955013234,1510.0,3.2218228052925926,2023-12-11
17016,0.5,510,True,st,MPC,q95,,,2.9196673910195825,0.0,2.9196673910195825,0.0,0.0,0.525623068506017,113082.6955013234,1510.0,3.0949655022413936,2023-12-11
17184,0.5,511,True,st,MPC,q30,,,1.0530100261769118,9.170911597242808e-05,1.0544894900206137,0.0012894906511927789,0.0,0.528011475601536,118184.13952197897,1551.0,3.451609163072962,2023-12-18
17184,0.5,511,True,st,MPC,q40,,,1.0349555854610497,0.0,1.0349555854610497,0.0,0.0,0.5318333122512435,118184.13952197897,1551.0,4.131846163772934,2023-12-18
17184,0.5,511,True,st,MPC,q50,,,0.9983435330645191,0.0,0.9983435330645191,0.0,0.0,0.5421840865989623,118184.13952197897,1551.0,3.6925380344722067,2023-12-18
17184,0.5,511,True,st,MPC,q60,,,0.9550295555154398,0.0,0.9550295555154398,0.0,0.0,0.5556250250959857,118184.13952197897,1551.0,3.514512948040489,2023-12-18
17184,0.5,511,True,st,MPC,q70,,,0.9202467141936431,0.0,0.9202467141936431,0.0,0.0,0.5626407937881562,118184.13952197897,1551.0,3.0222106709937364,2023-12-18
17184,0.5,511,True,st,MPC,q80,,,0.8826830230847814,0.0,0.8826830230847814,0.0,0.0,0.5609974199608289,118184.13952197897,1551.0,3.9182775973895176,2023-12-18
17184,0.5,511,True,st,MPC,q85,,,0.8501707764799583,0.0,0.8501707764799583,0.0,0.0,0.5630191511658149,118184.13952197897,1551.0,2.974404493509165,2023-12-18
17184,0.5,511,True,st,MPC,q90,,,0.8240506773507297,0.0,0.8240506773507297,0.0,0.0,0.5653874694280137,118184.13952197897,1551.0,3.443163449344561,2023-12-18
17184,0.5,511,True,st,MPC,q95,,,0.8107065831611883,0.0,0.8107065831611883,0.0,0.0,0.5552894508976866,118184.13952197897,1551.0,3.0395510360605087,2023-12-18
17352,0.5,512,True,st,MPC,q30,,,1.0882897781360843,0.00043496030127862756,1.0957554068561424,0.0032030749519538757,0.0,0.4712233993647874,120237.69722299729,1561.0,3.1068008340434004,2023-12-25
17352,0.5,512,True,st,MPC,q40,,,1.0840046242240358,0.0003788038919774193,1.090506388193996,0.003843689942344651,0.0,0.47141617371298583,120237.69722299729,1561.0,4.311014183008894,2023-12-25
17352,0.5,512,True,st,MPC,q50,,,1.0725941404322312,0.0002717870621486275,1.0772590748893582,0.0032030749519538757,0.0,0.4708401349185526,120237.69722299729,1561.0,3.405510455334653,2023-12-25
17352,0.5,512,True,st,MPC,q60,,,1.0572696953838405,0.0,1.0572696953838405,0.0,0.0,0.474671375910407,120237.69722299729,1561.0,3.9421909145139034,2023-12-25
17352,0.5,512,True,st,MPC,q70,,,1.0381209650702667,0.0,1.0381209650702667,0.0,0.0,0.47739419100038366,120237.69722299729,1561.0,3.221827478435851,2023-12-25
17352,0.5,512,True,st,MPC,q80,,,1.011856316819744,0.0,1.011856316819744,0.0,0.0,0.4806165629459312,120237.69722299729,1561.0,4.090508165945205,2023-12-25
17352,0.5,512,True,st,MPC,q85,,,1.0000766902066915,0.0,1.0000766902066915,0.0,0.0,0.48339002714351037,120237.69722299729,1561.0,4.231977079315973,2023-12-25
17352,0.5,512,True,st,MPC,q90,,,0.9928652750198359,0.0,0.9928652750198359,0.0,0.0,0.48697102270119774,120237.69722299729,1561.0,3.4048580044255097,2023-12-25
17352,0.5,512,True,st,MPC,q95,,,0.9746402942663699,0.0,0.9746402942663699,0.0,0.0,0.4997271783770109,120237.69722299729,1561.0,3.576631589282897,2023-12-25
15336,0.7,500,True,st,MPC,q30,,,4.020574126143519,0.023065393166839986,4.689423292887181,0.08982584784601283,0.0,0.32045598145133525,166463.55983189825,2182.0,7.220150423081655,2023-10-02
15336,0.7,500,True,st,MPC,q40,,,3.9701802603708978,0.019524426824339955,4.536348654646593,0.07378551787351054,0.0,0.32197998329412436,166463.55983189825,2182.0,6.997423649578102,2023-10-02
15336,0.7,500,True,st,MPC,q50,,,3.9550635002198957,0.011830832118852237,4.298133403574271,0.04720439963336388,0.0,0.3228902106883261,166463.55983189825,2182.0,7.295305047415272,2023-10-02
15336,0.7,500,True,st,MPC,q60,,,3.9734310836784883,0.009995233401823869,4.263272383319955,0.0462878093492209,0.0,0.3261765537050394,166463.55983189825,2182.0,6.106718497834883,2023-10-02
15336,0.7,500,True,st,MPC,q70,,,3.9489028423263686,0.008513536820798511,4.19577797545087,0.044912923923006415,0.0,0.3286250326664264,166463.55983189825,2182.0,6.533819339145576,2023-10-02
15336,0.7,500,True,st,MPC,q80,,,3.8879372440270297,0.009116957866623187,4.152310351748194,0.044454628780934924,0.0,0.3317792668315402,166463.55983189825,2182.0,6.70292494322691,2023-10-02
15336,0.7,500,True,st,MPC,q85,,,3.8482143659709105,0.007208225957642389,4.057238157180348,0.03712190650779102,0.0,0.3338538984168921,166463.55983189825,2182.0,7.02170167685073,2023-10-02
15336,0.7,500,True,st,MPC,q90,,,3.8331360814381576,0.007890472927074387,4.061943637603053,0.035747021081576534,0.0,0.3319099734062048,166463.55983189825,2182.0,6.601431213965353,2023-10-02
15336,0.7,500,True,st,MPC,q95,,,3.7849428396486657,0.0030099631481077284,3.872225606908635,0.025206232813932174,0.0,0.3301326244153961,166463.55983189825,2182.0,6.489873475773028,2023-10-02
15504,0.7,501,True,st,MPC,q30,,,5.871724436975699,0.025652513987725407,6.696847291275409,0.09541454377026401,0.0,0.3089071063569175,165587.5406092412,2159.0,5.967859825544478,2023-10-09
15504,0.7,501,True,st,MPC,q40,,,5.895914610097305,0.019901607975297924,6.5360573885239805,0.09124594719777675,0.0,0.3065887852654414,165587.5406092412,2159.0,6.1576222468152375,2023-10-09
15504,0.7,501,True,st,MPC,q50,,,5.881003227984378,0.020330268408021317,6.534934032019121,0.09263547938860583,0.0,0.3069058854183685,165587.5406092412,2159.0,5.7735804936144515,2023-10-09
15504,0.7,501,True,st,MPC,q60,,,5.831496921117847,0.01684579854176894,6.373348428630651,0.07040296433534043,0.0,0.30968464005746293,165587.5406092412,2159.0,6.494583451052328,2023-10-09
15504,0.7,501,True,st,MPC,q70,,,5.841616338189427,0.01299891157375443,6.259731265469379,0.05697081982399259,0.0,0.31331178570829477,165587.5406092412,2159.0,6.4045223872276535,2023-10-09
15504,0.7,501,True,st,MPC,q80,,,5.8474264993324505,0.008957653039502085,6.135552811136318,0.04492820750347383,0.0,0.3148236930926194,165587.5406092412,2159.0,6.149298519153006,2023-10-09
15504,0.7,501,True,st,MPC,q85,,,5.8399722904513665,0.00743815957917716,6.079223518055963,0.03890690134321445,0.0,0.31610806213916365,165587.5406092412,2159.0,6.565148337599528,2023-10-09
15504,0.7,501,True,st,MPC,q90,,,5.870758407486534,0.003121795486272625,5.97117214484599,0.019453450671607225,0.0,0.31732160848656676,165587.5406092412,2159.0,6.043389978544311,2023-10-09
15504,0.7,501,True,st,MPC,q95,,,5.900392611520199,0.0018708017306438317,5.960567659648282,0.014821676702176934,0.0,0.31977773112690083,165587.5406092412,2159.0,6.231747684206598,2023-10-09
15672,0.7,502,True,st,MPC,q30,,,5.101175617410213,0.032088736272225755,6.252608763038037,0.11336946702800361,0.0,0.3012752159067403,168860.153127672,2214.0,5.734021613448442,2023-10-16
15672,0.7,502,True,st,MPC,q40,,,5.088412195751442,0.03125127106833491,6.209794759583543,0.12691960252935863,0.0,0.30302500895444084,168860.153127672,2214.0,6.112131323536859,2023-10-16
15672,0.7,502,True,st,MPC,q50,,,5.0787451275083315,0.026880338574448753,6.043286471166912,0.1120144534778681,0.0,0.30380951500639547,168860.153127672,2214.0,6.1472993025389995,2023-10-16
15672,0.7,502,True,st,MPC,q60,,,5.0857313472985455,0.025911471722778894,6.0155070524088,0.1120144534778681,0.0,0.30460612924350783,168860.153127672,2214.0,5.894439584025571,2023-10-16
15672,0.7,502,True,st,MPC,q70,,,5.0757099921401965,0.022841389628436005,5.895322609080332,0.1061427280939476,0.0,0.30727621820794987,168860.153127672,2214.0,6.011554613435868,2023-10-16
15672,0.7,502,True,st,MPC,q80,,,4.969391715254348,0.015793520606034322,5.536107180695848,0.08265582655826559,0.0,0.3240220543635971,168860.153127672,2214.0,6.166208153205089,2023-10-16
15672,0.7,502,True,st,MPC,q85,,,4.947922485977053,0.014021476486984989,5.451052077644075,0.07271906052393858,0.0,0.32651451545958116,168860.153127672,2214.0,5.776723085106843,2023-10-16
15672,0.7,502,True,st,MPC,q90,,,4.897212404797159,0.012104353647536465,5.331550294514491,0.06504065040650407,0.0,0.3305451821643371,168860.153127672,2214.0,6.125645285095395,2023-10-16
15672,0.7,502,True,st,MPC,q95,,,4.95870689274914,0.00445857165572809,5.1186928499089905,0.03071364046973803,0.0,0.33484599071441157,168860.153127672,2214.0,4.737995115867752,2023-10-16
15840,0.7,503,True,st,MPC,q30,,,8.926146390797868,0.04160366930266994,10.418347118111171,0.1756880733944954,0.0,0.2713355937363188,168786.09957749603,2180.0,5.8785316276207515,2023-10-23
15840,0.7,503,True,st,MPC,q40,,,8.902281029032888,0.04092950069074709,10.370301319622584,0.17706422018348625,0.0,0.2700157242398994,168786.09957749603,2180.0,5.923796891190886,2023-10-23
15840,0.7,503,True,st,MPC,q50,,,8.889745093819542,0.03537539675318379,10.158556082102008,0.1610091743119266,0.0,0.2696780149737358,168786.09957749603,2180.0,6.017552472815597,2023-10-23
15840,0.7,503,True,st,MPC,q60,,,8.874797122559047,0.03553170901985761,10.14921457012571,0.16972477064220184,0.0,0.26786652681312684,168786.09957749603,2180.0,5.865027887028944,2023-10-23
15840,0.7,503,True,st,MPC,q70,,,8.858529879434917,0.029776444217629885,9.926522978675802,0.15321100917431194,0.0,0.26833177158747856,168786.09957749603,2180.0,5.907793004252645,2023-10-23
15840,0.7,503,True,st,MPC,q80,,,8.815005846506745,0.018912473221712703,9.4933403965538,0.10688073394495413,0.0,0.27197030619128215,168786.09957749603,2180.0,5.8597977467934665,2023-10-23
15840,0.7,503,True,st,MPC,q85,,,8.7906953123517,0.016042100627912465,9.366078076079898,0.09587155963302753,0.0,0.2693090106967698,168786.09957749603,2180.0,5.750086094431729,2023-10-23
15840,0.7,503,True,st,MPC,q90,,,8.745320520829358,0.013896462614053709,9.243745586871363,0.07522935779816514,0.0,0.2713200199102127,168786.09957749603,2180.0,5.102496181807589,2023-10-23
15840,0.7,503,True,st,MPC,q95,,,8.75295611062747,0.008251293216192675,9.048905625294143,0.04954128440366973,0.0,0.26519233787099955,168786.09957749603,2180.0,6.22680227826767,2023-10-23
16008,0.7,504,True,st,MPC,q30,,,5.669720985887483,0.03179456461322075,6.570923191226857,0.1336405529953917,0.0,0.29577847690607106,164554.64009634324,2170.0,5.6054002689071245,2023-10-30
16008,0.7,504,True,st,MPC,q40,,,5.6368353106465925,0.023328394280145267,6.298067839792513,0.10046082949308756,0.0,0.30155084027500506,164554.64009634324,2170.0,4.8281887184776,2023-10-30
16008,0.7,504,True,st,MPC,q50,,,5.629286035990431,0.015976005673674926,6.082118516031482,0.07327188940092166,0.0,0.3037078202571007,164554.64009634324,2170.0,5.827843424365236,2023-10-30
16008,0.7,504,True,st,MPC,q60,,,5.641201920397048,0.012889241891193571,6.006541510946629,0.05668202764976959,0.0,0.3044790018561136,164554.64009634324,2170.0,6.072683570197269,2023-10-30
16008,0.7,504,True,st,MPC,q70,,,5.601013057397005,0.011151350472018613,5.9170929207368115,0.054838709677419356,0.0,0.3058985603881265,164554.64009634324,2170.0,6.229608913404912,2023-10-30
16008,0.7,504,True,st,MPC,q80,,,5.615500743392135,0.003995833811889069,5.7287608017464695,0.01889400921658986,0.0,0.30982591563152206,164554.64009634324,2170.0,6.106043200891663,2023-10-30
16008,0.7,504,True,st,MPC,q85,,,5.5938274942733575,0.0042600802765523724,5.7145774962581415,0.026267281105990782,0.0,0.3081864369934576,164554.64009634324,2170.0,6.346926850878127,2023-10-30
16008,0.7,504,True,st,MPC,q90,,,5.521934761382624,0.003387525836461125,5.6179526119681125,0.01566820276497696,0.0,0.30763059449635094,164554.64009634324,2170.0,6.664402004389558,2023-10-30
16008,0.7,504,True,st,MPC,q95,,,5.465719792448396,0.004092477269213898,5.58171916483116,0.022119815668202765,0.0,0.30620651364889334,164554.64009634324,2170.0,6.800996721263414,2023-10-30
16176,0.7,505,True,st,MPC,q30,,,6.182217544197502,0.008209657022813852,6.427057602772906,0.05360623781676413,0.0,0.35784758005101397,151580.28519375168,2052.0,5.4890239871149324,2023-11-06
16176,0.7,505,True,st,MPC,q40,,,6.1499589923485996,0.00483065923069635,6.294025776833601,0.04532163742690058,0.0,0.35581753380170184,151580.28519375168,2052.0,5.472100969951662,2023-11-06
16176,0.7,505,True,st,MPC,q50,,,6.107322143339984,0.0021389629127634255,6.171113335030001,0.022417153996101363,0.0,0.35795699800956593,151580.28519375168,2052.0,5.173905523601745,2023-11-06
16176,0.7,505,True,st,MPC,q60,,,6.038965758941006,0.00095104123125225,6.067329062075394,0.009259259259259259,0.0,0.35710905641313234,151580.28519375168,2052.0,5.847132549352813,2023-11-06
16176,0.7,505,True,st,MPC,q70,,,5.9617968115596565,0.0008579869193048276,5.9873849167625615,0.008284600389863547,0.0,0.3545840621304309,151580.28519375168,2052.0,5.933074781116898,2023-11-06
16176,0.7,505,True,st,MPC,q80,,,5.905124848212025,0.00043049453853394917,5.917963668121083,0.00341130604288499,0.0,0.3559811821998259,151580.28519375168,2052.0,5.466612012876271,2023-11-06
16176,0.7,505,True,st,MPC,q85,,,5.90095543047036,0.0004304219601608804,5.913792085844035,0.0029239766081871343,0.0,0.35238057630540215,151580.28519375168,2052.0,5.905104982670293,2023-11-06
16176,0.7,505,True,st,MPC,q90,,,5.88615518980741,0.00043044316421408935,5.898992477558494,0.0043859649122807015,0.0,0.3486365698953763,151580.28519375168,2052.0,5.079110186955444,2023-11-06
16176,0.7,505,True,st,MPC,q95,,,5.884581172169335,0.0,5.884581172169335,0.0,0.0,0.34276936862922847,151580.28519375168,2052.0,4.618667768570712,2023-11-06
16344,0.7,506,True,st,MPC,q30,,,9.345545334529103,0.035350293593001784,10.61403234282074,0.13489871086556168,0.0,0.3232587335796182,164038.17798385496,2172.0,7.010077567795217,2023-11-13
16344,0.7,506,True,st,MPC,q40,,,9.25790705645576,0.03227849397291559,10.416167599445117,0.12246777163904236,0.0,0.3269877110737849,164038.17798385496,2172.0,6.037562372864806,2023-11-13
16344,0.7,506,True,st,MPC,q50,,,9.18507810990237,0.026745325986197766,10.144790041481148,0.10957642725598526,0.0,0.3289165632443224,164038.17798385496,2172.0,5.591983775429518,2023-11-13
16344,0.7,506,True,st,MPC,q60,,,9.025680763854268,0.019048303952223247,9.709197748792942,0.08333333333333333,0.0,0.3309132289314496,164038.17798385496,2172.0,5.291781415245954,2023-11-13
16344,0.7,506,True,st,MPC,q70,,,8.833448789755776,0.016334017265796544,9.41956807163286,0.06952117863720074,0.0,0.3296065371626542,164038.17798385496,2172.0,6.0260449321970295,2023-11-13
16344,0.7,506,True,st,MPC,q80,,,8.71995605471621,0.01187118137921612,9.145933828083002,0.046500920810313075,0.0,0.32850729453708377,164038.17798385496,2172.0,6.065968914164779,2023-11-13
16344,0.7,506,True,st,MPC,q85,,,8.731585652412623,0.011045060831505292,9.127919451839086,0.05202578268876611,0.0,0.32919606444049765,164038.17798385496,2172.0,5.394277359314539,2023-11-13
16344,0.7,506,True,st,MPC,q90,,,8.648721695829735,0.009679698673298417,8.996061725098619,0.04604051565377532,0.0,0.32719655008844156,164038.17798385496,2172.0,6.1841206521698355,2023-11-13
16344,0.7,506,True,st,MPC,q95,,,8.811512177828698,0.010889137943371477,9.202250941463655,0.0501841620626151,0.0,0.31751747496855803,164038.17798385496,2172.0,5.632259162271829,2023-11-13
16512,0.7,507,True,st,MPC,q30,,,7.952085102544278,0.04628704746921151,9.533782491259744,0.15457115928369464,0.0,0.30324222291026637,168956.68822873302,2122.0,4.551126068104458,2023-11-20
16512,0.7,507,True,st,MPC,q40,,,7.959106217602961,0.04083945723492939,9.354651330045302,0.15598491988689916,0.0,0.29944411191902875,168956.68822873302,2122.0,5.637705923409351,2023-11-20
16512,0.7,507,True,st,MPC,q50,,,7.899809681844395,0.03001574781873275,8.92549251410564,0.10179076343072573,0.0,0.2986432731537207,168956.68822873302,2122.0,5.537861246812873,2023-11-20
16512,0.7,507,True,st,MPC,q60,,,7.859311034829342,0.029298899963549303,8.860498107636408,0.09472196041470311,0.0,0.3012086162467919,168956.68822873302,2122.0,6.41445451913743,2023-11-20
16512,0.7,507,True,st,MPC,q70,,,7.759095067281188,0.023543156572539976,8.563599811241696,0.07822808671065033,0.0,0.30473449297324273,168956.68822873302,2122.0,6.679681327646091,2023-11-20
16512,0.7,507,True,st,MPC,q80,,,7.655970592528553,0.017535621479336728,8.255188909959985,0.06786050895381715,0.0,0.30517203620599903,168956.68822873302,2122.0,6.186909506382978,2023-11-20
16512,0.7,507,True,st,MPC,q85,,,7.546244713503134,0.01761434836479868,8.148153245929153,0.05937794533459001,0.0,0.3043425200462793,168956.68822873302,2122.0,6.207241787232054,2023-11-20
16512,0.7,507,True,st,MPC,q90,,,7.4398919369942265,0.01476376104865902,7.9443916528988945,0.05136663524976438,0.0,0.30548362878287916,168956.68822873302,2122.0,6.174833482763743,2023-11-20
16512,0.7,507,True,st,MPC,q95,,,7.418507982477458,0.0012812625794073828,7.462290634145951,0.014608859566446749,0.0,0.30971327584030106,168956.68822873302,2122.0,5.978232359626546,2023-11-20
16680,0.7,508,True,st,MPC,q30,,,13.495857999807237,0.03282848677491311,14.598785829308241,0.12153918348193336,0.0,0.2913200874580658,162106.97118644227,2131.0,5.4166180717241135,2023-11-27
16680,0.7,508,True,st,MPC,q40,,,13.480511769411647,0.029677260638322506,14.477568895004586,0.11543876114500234,0.0,0.29313590037860204,162106.97118644227,2131.0,5.778238244717233,2023-11-27
16680,0.7,508,True,st,MPC,q50,,,13.42346779945658,0.02492140686340332,14.260744076259249,0.11450023463162834,0.0,0.29597011640980553,162106.97118644227,2131.0,5.606433468359997,2023-11-27
16680,0.7,508,True,st,MPC,q60,,,13.361841423890683,0.02527595752008431,14.211029422025572,0.10793054903801032,0.0,0.2957668483477932,162106.97118644227,2131.0,5.569678902969144,2023-11-27
16680,0.7,508,True,st,MPC,q70,,,13.323935886884003,0.022860643720327468,14.091977384877273,0.1004223369310183,0.0,0.2955397958513609,162106.97118644227,2131.0,5.575462846807452,2023-11-27
16680,0.7,508,True,st,MPC,q80,,,13.27520362334644,0.019429964193290728,13.927985714154374,0.08540591271703425,0.0,0.29440630057319206,162106.97118644227,2131.0,6.06626132052097,2023-11-27
16680,0.7,508,True,st,MPC,q85,,,13.22507142742304,0.014237058552066919,13.703389182212439,0.0671046457062412,0.0,0.2946380356504776,162106.97118644227,2131.0,5.817037715526739,2023-11-27
16680,0.7,508,True,st,MPC,q90,,,13.128626179596685,0.01119889471689786,13.50487174728326,0.05865790708587518,0.0,0.2958421893573541,162106.97118644227,2131.0,6.220144681047509,2023-11-27
16680,0.7,508,True,st,MPC,q95,,,13.078619600902396,0.006391389063433588,13.293348988691788,0.035194744251525106,0.0,0.3004729391806226,162106.97118644227,2131.0,5.40421946725394,2023-11-27
16848,0.7,509,True,st,MPC,q30,,,7.243044726061751,0.01608558376561501,7.736556346562309,0.06380905991232343,0.0,0.3268803084566666,160840.7205518153,2053.0,5.769008595753087,2023-12-04
16848,0.7,509,True,st,MPC,q40,,,7.167578336600401,0.014599849401807839,7.615507080893306,0.0628348757915246,0.0,0.325997424114315,160840.7205518153,2053.0,5.958645574465915,2023-12-04
16848,0.7,509,True,st,MPC,q50,,,7.120865810173604,0.0076947414374202595,7.356943304869916,0.044812469556746226,0.0,0.32387119368348016,160840.7205518153,2053.0,6.652462485084122,2023-12-04
16848,0.7,509,True,st,MPC,q60,,,7.04606419625068,0.005231326153926678,7.206563204879142,0.04529956161714564,0.0,0.325858328047538,160840.7205518153,2053.0,5.645439476600276,2023-12-04
16848,0.7,509,True,st,MPC,q70,,,6.9327095364973,0.0012545855426494938,6.971200681937295,0.011690209449585971,0.0,0.32486358006343236,160840.7205518153,2053.0,5.926706914890522,2023-12-04
16848,0.7,509,True,st,MPC,q80,,,6.862961048174471,8.399608768812624e-05,6.865538079008707,0.0014612761811982464,0.0,0.3248156317014561,160840.7205518153,2053.0,6.128650727675856,2023-12-04
16848,0.7,509,True,st,MPC,q85,,,6.804734377799287,8.372960173097334e-05,6.807303232746438,0.0029225523623964927,0.0,0.32701707796612495,160840.7205518153,2053.0,6.335493572646361,2023-12-04
16848,0.7,509,True,st,MPC,q90,,,6.8178065911285355,0.0,6.8178065911285355,0.0,0.0,0.3292547375505404,160840.7205518153,2053.0,6.072161409484767,2023-12-04
16848,0.7,509,True,st,MPC,q95,,,6.734176560674727,0.0,6.734176560674727,0.0,0.0,0.32430917377568946,160840.7205518153,2053.0,6.362896977880074,2023-12-04
17016,0.7,510,True,st,MPC,q30,,,7.287757027907818,0.03324052442863803,8.331387555364104,0.15097771714415645,0.0,0.3117601556509674,164594.1368183523,2199.0,5.442800623929862,2023-12-11
17016,0.7,510,True,st,MPC,q40,,,7.249048986817561,0.022664676216933723,7.960636676887998,0.11277853569804457,0.0,0.31780615607246554,164594.1368183523,2199.0,6.597002243606611,2023-12-11
17016,0.7,510,True,st,MPC,q50,,,7.2233866367461,0.01566567825027551,7.715231465800904,0.08276489313324238,0.0,0.3302573539918507,164594.1368183523,2199.0,5.577309713651195,2023-12-11
17016,0.7,510,True,st,MPC,q60,,,7.117357012160689,0.011734498731077847,7.485777225459101,0.06957708049113233,0.0,0.33889220210947274,164594.1368183523,2199.0,6.433405384619136,2023-12-11
17016,0.7,510,True,st,MPC,q70,,,7.019406246701692,0.011103469853707828,7.368014468118218,0.056844020009095046,0.0,0.34317946627672263,164594.1368183523,2199.0,4.573562175231476,2023-12-11
17016,0.7,510,True,st,MPC,q80,,,6.914734818189818,0.001507666399073986,6.96207001239446,0.015916325602546612,0.0,0.3431145300205495,164594.1368183523,2199.0,6.131474145293505,2023-12-11
17016,0.7,510,True,st,MPC,q85,,,6.839922020107629,0.0014453733190586547,6.885301440115842,0.010004547521600727,0.0,0.3414795081399642,164594.1368183523,2199.0,5.101696824769736,2023-12-11
17016,0.7,510,True,st,MPC,q90,,,6.763000044714332,0.0007834982568099347,6.78759901579167,0.007276034561164165,0.0,0.3354190700426964,164594.1368183523,2199.0,5.8639607425008915,2023-12-11
17016,0.7,510,True,st,MPC,q95,,,6.55213161602259,0.0,6.55213161602259,0.0,0.0,0.334252595703617,164594.1368183523,2199.0,4.5298092357958275,2023-12-11
17184,0.7,511,True,st,MPC,q30,,,2.172326249571573,0.03172339570322824,2.878165565003189,0.13116236996834013,0.0,0.3312779283159227,163002.22221512708,2211.0,4.434832482759091,2023-12-18
17184,0.7,511,True,st,MPC,q40,,,2.1570057253747765,0.025789638510762998,2.730820110252036,0.09090909090909091,0.0,0.3352480971010856,163002.22221512708,2211.0,5.929957874996192,2023-12-18
17184,0.7,511,True,st,MPC,q50,,,2.157103041522777,0.019811484337750256,2.5979046717599465,0.08367254635911352,0.0,0.3375673345317276,163002.22221512708,2211.0,5.5640682844960825,2023-12-18
17184,0.7,511,True,st,MPC,q60,,,2.1421872232489436,0.016300356639918735,2.504866952734543,0.06377204884667571,0.0,0.3392239512261795,163002.22221512708,2211.0,5.968334086217369,2023-12-18
17184,0.7,511,True,st,MPC,q70,,,2.1244905860461554,0.012197862214634238,2.3958906213970517,0.04341926729986431,0.0,0.34205002467787043,163002.22221512708,2211.0,4.508916224138155,2023-12-18
17184,0.7,511,True,st,MPC,q80,,,2.095637433217687,0.011805899577800368,2.3583163769853943,0.0407055630936228,0.0,0.34061636961977093,163002.22221512708,2211.0,6.276200892241848,2023-12-18
17184,0.7,511,True,st,MPC,q85,,,2.0771732656060373,0.012662108191462419,2.358902682639202,0.0438715513342379,0.0,0.34369680708459344,163002.22221512708,2211.0,5.840190255431082,2023-12-18
17184,0.7,511,True,st,MPC,q90,,,2.035299898904884,0.00801710780580072,2.213678970878317,0.037991858887381276,0.0,0.3454001802647861,163002.22221512708,2211.0,5.443255926403368,2023-12-18
17184,0.7,511,True,st,MPC,q95,,,2.014493479667988,0.002576226579745032,2.0718140144069257,0.018995929443690638,0.0,0.33711022748131747,163002.22221512708,2211.0,4.402571414085179,2023-12-18
17352,0.7,512,True,st,MPC,q30,,,2.287411384495707,0.04444280355991746,3.352761394007393,0.1405152224824356,0.0,0.3034032631868621,167924.7651880073,2135.0,6.250382084399154,2023-12-25
17352,0.7,512,True,st,MPC,q40,,,2.281631074820208,0.044361412388482166,3.3450300353809466,0.1484777517564403,0.0,0.30300103759016145,167924.7651880073,2135.0,5.403604751046655,2023-12-25
17352,0.7,512,True,st,MPC,q50,,,2.24673131344036,0.03292671014061544,3.036026050758195,0.10679156908665105,0.0,0.3015896887085224,167924.7651880073,2135.0,6.022246337550636,2023-12-25
17352,0.7,512,True,st,MPC,q60,,,2.2182587173450536,0.02419153674709412,2.79816034008748,0.08524590163934426,0.0,0.302282877279834,167924.7651880073,2135.0,6.293588839633361,2023-12-25
17352,0.7,512,True,st,MPC,q70,,,2.205949721954867,0.01869982817707007,2.654208169454696,0.07306791569086651,0.0,0.303898835480861,167924.7651880073,2135.0,6.256654455709882,2023-12-25
17352,0.7,512,True,st,MPC,q80,,,2.1794644109748638,0.013029268965286257,2.4917924079560656,0.054800936768149885,0.0,0.3043451275734743,167924.7651880073,2135.0,6.208703219389183,2023-12-25
17352,0.7,512,True,st,MPC,q85,,,2.1745734828477907,0.010600021831142978,2.4286693646120336,0.05011709601873536,0.0,0.30495985215256577,167924.7651880073,2135.0,6.363557862672983,2023-12-25
17352,0.7,512,True,st,MPC,q90,,,2.1630290693260656,0.004443694799957961,2.2695500337611687,0.03840749414519906,0.0,0.30679262052934986,167924.7651880073,2135.0,6.1901354434667155,2023-12-25
17352,0.7,512,True,st,MPC,q95,,,2.1669893972737597,0.0008230077611539628,2.186717930488175,0.011241217798594848,0.0,0.3035992048251762,167924.7651880073,2135.0,5.469310626637404,2023-12-25
15336,0.3,500,False,t,MPC,q30,,,2.4059160423082537,2.5283801672263445e-06,2.405946879603777,0.0021551724137931034,0.0,0.0,70014.13974734378,928.0,1.4090469525956058,2023-10-02
15336,0.3,500,False,t,MPC,q40,,,2.366624641909063,0.0,2.366624641909063,0.0,0.0,0.0,70014.13974734378,928.0,1.5396656753284836,2023-10-02
15336,0.3,500,False,t,MPC,q50,,,2.3569498972750846,0.0,2.3569498972750846,0.0,0.0,0.0,70014.13974734378,928.0,1.3518168304313882,2023-10-02
15336,0.3,500,False,t,MPC,q60,,,2.361937917619286,0.0,2.361937917619286,0.0,0.0,0.0,70014.13974734378,928.0,1.2080759250996016,2023-10-02
15336,0.3,500,False,t,MPC,q70,,,2.4203830013355008,0.0,2.4203830013355008,0.0,0.0,0.0,70014.13974734378,928.0,1.0525700580237591,2023-10-02
15336,0.3,500,False,t,MPC,q80,,,2.5074691519481873,0.0,2.5074691519481873,0.0,0.0,0.0,70014.13974734378,928.0,0.9752034774677881,2023-10-02
15336,0.3,500,False,t,MPC,q85,,,2.6147130196455373,0.0,2.6147130196455373,0.0,0.0,0.0,70014.13974734378,928.0,0.9080987873286214,2023-10-02
15336,0.3,500,False,t,MPC,q90,,,2.721803297352378,0.0,2.721803297352378,0.0,0.0,0.0,70014.13974734378,928.0,0.8281421357395016,2023-10-02
15336,0.3,500,False,t,MPC,q95,,,2.8477529935676875,0.0,2.8477529935676875,0.0,0.0,0.0,70014.13974734378,928.0,0.8220279864337285,2023-10-02
15504,0.3,501,False,t,MPC,q30,,,3.907281016245752,0.0116673795261767,4.074358185116954,0.03540772532188841,0.0,0.0,73719.56346610108,932.0,1.5227988879375736,2023-10-09
15504,0.3,501,False,t,MPC,q40,,,3.884719716064455,0.002206587343642103,3.916318102438671,0.01072961373390558,0.0,0.0,73719.56346610108,932.0,1.3684257370610355,2023-10-09
15504,0.3,501,False,t,MPC,q50,,,3.850245198906065,0.0006627412960467093,3.859735670968715,0.00536480686695279,0.0,0.0,73719.56346610108,932.0,1.207118991350524,2023-10-09
15504,0.3,501,False,t,MPC,q60,,,3.8641188547051786,0.00039164856976376744,3.8697272720950284,0.004291845493562232,0.0,0.0,73719.56346610108,932.0,1.102987619042993,2023-10-09
15504,0.3,501,False,t,MPC,q70,,,3.905094876912186,0.0,3.905094876912186,0.0,0.0,0.0,73719.56346610108,932.0,1.214490043295953,2023-10-09
15504,0.3,501,False,t,MPC,q80,,,4.0460805826238975,0.0,4.0460805826238975,0.0,0.0,0.0,73719.56346610108,932.0,1.0483065242231788,2023-10-09
15504,0.3,501,False,t,MPC,q85,,,4.182857693654631,0.0,4.182857693654631,0.0,0.0,0.0,73719.56346610108,932.0,0.9689982678671478,2023-10-09
15504,0.3,501,False,t,MPC,q90,,,4.301691161685972,0.0,4.301691161685972,0.0,0.0,0.0,73719.56346610108,932.0,0.9248112227355292,2023-10-09
15504,0.3,501,False,t,MPC,q95,,,4.386789054801637,0.0,4.386789054801637,0.0,0.0,0.0,73719.56346610108,932.0,0.9573432181737602,2023-10-09
15672,0.3,502,False,t,MPC,q30,,,2.8714428974019093,0.0,2.8714428974019093,0.0,0.0,0.0,70458.17240169305,915.0,1.6080031176622904,2023-10-16
15672,0.3,502,False,t,MPC,q40,,,2.8255762328841874,0.0,2.8255762328841874,0.0,0.0,0.0,70458.17240169305,915.0,1.4010390378231221,2023-10-16
15672,0.3,502,False,t,MPC,q50,,,2.7927767283357112,0.0,2.7927767283357112,0.0,0.0,0.0,70458.17240169305,915.0,1.1926575504325794,2023-10-16
15672,0.3,502,False,t,MPC,q60,,,2.8223693956520957,0.0,2.8223693956520957,0.0,0.0,0.0,70458.17240169305,915.0,1.1922728823540203,2023-10-16
15672,0.3,502,False,t,MPC,q70,,,2.883718141204519,0.0,2.883718141204519,0.0,0.0,0.0,70458.17240169305,915.0,1.0477668318282503,2023-10-16
15672,0.3,502,False,t,MPC,q80,,,2.997440906414222,0.0,2.997440906414222,0.0,0.0,0.0,70458.17240169305,915.0,1.0085729954467255,2023-10-16
15672,0.3,502,False,t,MPC,q85,,,3.041701101699938,0.0,3.041701101699938,0.0,0.0,0.0,70458.17240169305,915.0,0.9668623954584373,2023-10-16
15672,0.3,502,False,t,MPC,q90,,,3.0739291173786616,0.0,3.0739291173786616,0.0,0.0,0.0,70458.17240169305,915.0,0.795485668182168,2023-10-16
15672,0.3,502,False,t,MPC,q95,,,3.0890576946614496,0.0,3.0890576946614496,0.0,0.0,0.0,70458.17240169305,915.0,0.7529491091046029,2023-10-16
15840,0.3,503,False,t,MPC,q30,,,5.096409665560651,0.001839987754240346,5.125468037040397,0.013251783893985729,0.0,0.0,74318.580238708,981.0,1.5701212565071057,2023-10-23
15840,0.3,503,False,t,MPC,q40,,,5.010178111997714,0.0,5.010178111997714,0.0,0.0,0.0,74318.580238708,981.0,1.3342000521867663,2023-10-23
15840,0.3,503,False,t,MPC,q50,,,4.964149191667169,0.0,4.964149191667169,0.0,0.0,0.0,74318.580238708,981.0,1.5549724660690842,2023-10-23
15840,0.3,503,False,t,MPC,q60,,,4.956937242749404,0.0,4.956937242749404,0.0,0.0,0.0,74318.580238708,981.0,1.363113782805586,2023-10-23
15840,0.3,503,False,t,MPC,q70,,,4.967306788609989,0.0,4.967306788609989,0.0,0.0,0.0,74318.580238708,981.0,1.0659738009094553,2023-10-23
15840,0.3,503,False,t,MPC,q80,,,5.129947127011854,0.0,5.129947127011854,0.0,0.0,0.0,74318.580238708,981.0,1.2394747601665668,2023-10-23
15840,0.3,503,False,t,MPC,q85,,,5.241191061601732,0.0,5.241191061601732,0.0,0.0,0.0,74318.580238708,981.0,1.0819635429890275,2023-10-23
15840,0.3,503,False,t,MPC,q90,,,5.430687957111465,0.0,5.430687957111465,0.0,0.0,0.0,74318.580238708,981.0,0.9204735022637056,2023-10-23
15840,0.3,503,False,t,MPC,q95,,,5.68435918262925,0.0,5.68435918262925,0.0,0.0,0.0,74318.580238708,981.0,0.6837813619774158,2023-10-23
16008,0.3,504,False,t,MPC,q30,,,2.9876089286456824,0.0,2.9876089286456824,0.0,0.0,0.0,67588.57653298903,898.0,1.6006362869614785,2023-10-30
16008,0.3,504,False,t,MPC,q40,,,2.9491609189151506,0.0,2.9491609189151506,0.0,0.0,0.0,67588.57653298903,898.0,1.3096013245506568,2023-10-30
16008,0.3,504,False,t,MPC,q50,,,2.9514393343548666,0.0,2.9514393343548666,0.0,0.0,0.0,67588.57653298903,898.0,1.4866437004276816,2023-10-30
16008,0.3,504,False,t,MPC,q60,,,2.9575358331556414,0.0,2.9575358331556414,0.0,0.0,0.0,67588.57653298903,898.0,1.05848317351869,2023-10-30
16008,0.3,504,False,t,MPC,q70,,,3.0065343904758235,0.0,3.0065343904758235,0.0,0.0,0.0,67588.57653298903,898.0,1.1188786284287953,2023-10-30
16008,0.3,504,False,t,MPC,q80,,,3.1418201111679993,0.0,3.1418201111679993,0.0,0.0,0.0,67588.57653298903,898.0,0.9263403899302655,2023-10-30
16008,0.3,504,False,t,MPC,q85,,,3.270219865060362,0.0,3.270219865060362,0.0,0.0,0.0,67588.57653298903,898.0,1.0125715596465827,2023-10-30
16008,0.3,504,False,t,MPC,q90,,,3.3961286634682786,0.0,3.3961286634682786,0.0,0.0,0.0,67588.57653298903,898.0,0.9306964377869896,2023-10-30
16008,0.3,504,False,t,MPC,q95,,,3.570811807870714,0.0,3.570811807870714,0.0,0.0,0.0,67588.57653298903,898.0,0.6439392257955824,2023-10-30
16176,0.3,505,False,t,MPC,q30,,,3.5006118123535397,0.0,3.5006118123535397,0.0,0.0,0.0,62579.85648253633,875.0,1.3007728638068,2023-11-06
16176,0.3,505,False,t,MPC,q40,,,3.3933005604095867,0.0,3.3933005604095867,0.0,0.0,0.0,62579.85648253633,875.0,1.2159119361600228,2023-11-06
16176,0.3,505,False,t,MPC,q50,,,3.357392866339488,0.0,3.357392866339488,0.0,0.0,0.0,62579.85648253633,875.0,1.303465122799807,2023-11-06
16176,0.3,505,False,t,MPC,q60,,,3.354461555877512,0.0,3.354461555877512,0.0,0.0,0.0,62579.85648253633,875.0,1.3459344821455943,2023-11-06
16176,0.3,505,False,t,MPC,q70,,,3.4025743658647882,0.0,3.4025743658647882,0.0,0.0,0.0,62579.85648253633,875.0,0.9967449727107371,2023-11-06
16176,0.3,505,False,t,MPC,q80,,,3.5384342451516733,0.0,3.5384342451516733,0.0,0.0,0.0,62579.85648253633,875.0,0.91703705453173,2023-11-06
16176,0.3,505,False,t,MPC,q85,,,3.637058165261232,0.0,3.637058165261232,0.0,0.0,0.0,62579.85648253633,875.0,0.8531068045551199,2023-11-06
16176,0.3,505,False,t,MPC,q90,,,3.752419381622387,0.0,3.752419381622387,0.0,0.0,0.0,62579.85648253633,875.0,0.9577224318160337,2023-11-06
16176,0.3,505,False,t,MPC,q95,,,3.9137901389160192,0.0,3.9137901389160192,0.0,0.0,0.0,62579.85648253633,875.0,0.8356315863920827,2023-11-06
16344,0.3,506,False,t,MPC,q30,,,4.719874248036591,0.002192710031108221,4.753300968683822,0.014814814814814815,0.0,0.0,69689.04399031839,945.0,1.2539905999940104,2023-11-13
16344,0.3,506,False,t,MPC,q40,,,4.63079684805188,0.003274416394913967,4.680713617967958,0.014814814814814815,0.0,0.0,69689.04399031839,945.0,1.4196434086937624,2023-11-13
16344,0.3,506,False,t,MPC,q50,,,4.595503096167838,0.0010549965713693708,4.611585968583544,0.006349206349206349,0.0,0.0,69689.04399031839,945.0,0.9893743874010135,2023-11-13
16344,0.3,506,False,t,MPC,q60,,,4.658566439249176,0.0,4.658566439249176,0.0,0.0,0.0,69689.04399031839,945.0,1.274096067538414,2023-11-13
16344,0.3,506,False,t,MPC,q70,,,4.7610183264574015,0.0,4.7610183264574015,0.0,0.0,0.0,69689.04399031839,945.0,1.0389900991011527,2023-11-13
16344,0.3,506,False,t,MPC,q80,,,4.882571896278813,0.0,4.882571896278813,0.0,0.0,0.0,69689.04399031839,945.0,0.730908452469809,2023-11-13
16344,0.3,506,False,t,MPC,q85,,,5.082480939754832,0.0,5.082480939754832,0.0,0.0,0.0,69689.04399031839,945.0,0.9456095927524741,2023-11-13
16344,0.3,506,False,t,MPC,q90,,,5.213146025629593,0.0,5.213146025629593,0.0,0.0,0.0,69689.04399031839,945.0,0.8247638099596379,2023-11-13
16344,0.3,506,False,t,MPC,q95,,,5.290836155623383,0.0,5.290836155623383,0.0,0.0,0.0,69689.04399031839,945.0,0.6124164163202912,2023-11-13
16512,0.3,507,False,t,MPC,q30,,,3.7486652077584823,0.00052614623258524,3.755865022297327,0.00331858407079646,0.0,0.0,67659.11521947458,904.0,1.2838558174003676,2023-11-20
16512,0.3,507,False,t,MPC,q40,,,3.7122557044606106,0.0005245968149811317,3.7194343166821104,0.00331858407079646,0.0,0.0,67659.11521947458,904.0,1.4198896999934494,2023-11-20
16512,0.3,507,False,t,MPC,q50,,,3.677912929161462,0.0,3.677912929161462,0.0,0.0,0.0,67659.11521947458,904.0,1.051601384606905,2023-11-20
16512,0.3,507,False,t,MPC,q60,,,3.676240692216975,0.0,3.676240692216975,0.0,0.0,0.0,67659.11521947458,904.0,1.1277031583619124,2023-11-20
16512,0.3,507,False,t,MPC,q70,,,3.7387029240722796,0.0,3.7387029240722796,0.0,0.0,0.0,67659.11521947458,904.0,0.9632317918436143,2023-11-20
16512,0.3,507,False,t,MPC,q80,,,3.888210486947343,0.0,3.888210486947343,0.0,0.0,0.0,67659.11521947458,904.0,0.9699460407150109,2023-11-20
16512,0.3,507,False,t,MPC,q85,,,4.029988796836037,0.0,4.029988796836037,0.0,0.0,0.0,67659.11521947458,904.0,0.7654144886730623,2023-11-20
16512,0.3,507,False,t,MPC,q90,,,4.1718686547137676,0.0,4.1718686547137676,0.0,0.0,0.0,67659.11521947458,904.0,0.819766402709653,2023-11-20
16512,0.3,507,False,t,MPC,q95,,,4.257043502454942,0.0,4.257043502454942,0.0,0.0,0.0,67659.11521947458,904.0,0.7217320452298539,2023-11-20
16680,0.3,508,False,t,MPC,q30,,,6.1761894933658,0.0,6.1761894933658,0.0,0.0,0.0,64864.36282189725,893.0,1.0192340222015952,2023-11-27
16680,0.3,508,False,t,MPC,q40,,,6.159811014014853,0.0,6.159811014014853,0.0,0.0,0.0,64864.36282189725,893.0,1.4480604888881823,2023-11-27
16680,0.3,508,False,t,MPC,q50,,,6.191216238450734,0.0,6.191216238450734,0.0,0.0,0.0,64864.36282189725,893.0,1.2759245022041594,2023-11-27
16680,0.3,508,False,t,MPC,q60,,,6.231578151759521,0.0,6.231578151759521,0.0,0.0,0.0,64864.36282189725,893.0,1.2194073378420422,2023-11-27
16680,0.3,508,False,t,MPC,q70,,,6.322706575671554,0.0,6.322706575671554,0.0,0.0,0.0,64864.36282189725,893.0,0.9292283710266633,2023-11-27
16680,0.3,508,False,t,MPC,q80,,,6.451709572248925,0.0,6.451709572248925,0.0,0.0,0.0,64864.36282189725,893.0,0.9840468054279803,2023-11-27
16680,0.3,508,False,t,MPC,q85,,,6.497805090440916,0.0,6.497805090440916,0.0,0.0,0.0,64864.36282189725,893.0,0.8642975203697687,2023-11-27
16680,0.3,508,False,t,MPC,q90,,,6.576201471162805,0.0,6.576201471162805,0.0,0.0,0.0,64864.36282189725,893.0,0.6128963620099819,2023-11-27
16680,0.3,508,False,t,MPC,q95,,,6.613638510877032,0.0,6.613638510877032,0.0,0.0,0.0,64864.36282189725,893.0,0.7662915972767684,2023-11-27
16848,0.3,509,False,t,MPC,q30,,,4.0156188014098815,0.0,4.0156188014098815,0.0,0.0,0.0,69667.54122002251,885.0,1.1171074224033215,2023-12-04
16848,0.3,509,False,t,MPC,q40,,,4.01969632515519,0.0,4.01969632515519,0.0,0.0,0.0,69667.54122002251,885.0,1.1939595603452886,2023-12-04
16848,0.3,509,False,t,MPC,q50,,,4.04813467462059,0.0,4.04813467462059,0.0,0.0,0.0,69667.54122002251,885.0,1.2290545225270664,2023-12-04
16848,0.3,509,False,t,MPC,q60,,,4.109310389362577,0.0,4.109310389362577,0.0,0.0,0.0,69667.54122002251,885.0,1.2254378371193633,2023-12-04
16848,0.3,509,False,t,MPC,q70,,,4.237976480484472,0.0,4.237976480484472,0.0,0.0,0.0,69667.54122002251,885.0,0.80877620813304,2023-12-04
16848,0.3,509,False,t,MPC,q80,,,4.364121343289473,0.0,4.364121343289473,0.0,0.0,0.0,69667.54122002251,885.0,0.8877971136433355,2023-12-04
16848,0.3,509,False,t,MPC,q85,,,4.457315095594661,0.0,4.457315095594661,0.0,0.0,0.0,69667.54122002251,885.0,0.9529910136052422,2023-12-04
16848,0.3,509,False,t,MPC,q90,,,4.579366631262591,0.0,4.579366631262591,0.0,0.0,0.0,69667.54122002251,885.0,0.8330325363699971,2023-12-04
16848,0.3,509,False,t,MPC,q95,,,4.681385424277816,0.0,4.681385424277816,0.0,0.0,0.0,69667.54122002251,885.0,0.7330845863304024,2023-12-04
17016,0.3,510,False,t,MPC,q30,,,4.074776093038282,0.0,4.074776093038282,0.0,0.0,0.0,70788.37691020197,930.0,1.4695191139311001,2023-12-11
17016,0.3,510,False,t,MPC,q40,,,4.001245078312844,0.0,4.001245078312844,0.0,0.0,0.0,70788.37691020197,930.0,1.3814510042095423,2023-12-11
17016,0.3,510,False,t,MPC,q50,,,3.9740831917837665,0.0,3.9740831917837665,0.0,0.0,0.0,70788.37691020197,930.0,1.1478017574421409,2023-12-11
17016,0.3,510,False,t,MPC,q60,,,3.9919633912140617,0.0,3.9919633912140617,0.0,0.0,0.0,70788.37691020197,930.0,1.1237672008767663,2023-12-11
17016,0.3,510,False,t,MPC,q70,,,4.06870635315024,0.0,4.06870635315024,0.0,0.0,0.0,70788.37691020197,930.0,0.960034214283415,2023-12-11
17016,0.3,510,False,t,MPC,q80,,,4.2091384947113895,0.0,4.2091384947113895,0.0,0.0,0.0,70788.37691020197,930.0,0.8737964570098986,2023-12-11
17016,0.3,510,False,t,MPC,q85,,,4.3593224426117665,0.0,4.3593224426117665,0.0,0.0,0.0,70788.37691020197,930.0,0.862984547506731,2023-12-11
17016,0.3,510,False,t,MPC,q90,,,4.546197011154679,0.0,4.546197011154679,0.0,0.0,0.0,70788.37691020197,930.0,0.6810920180712411,2023-12-11
17016,0.3,510,False,t,MPC,q95,,,4.7233995051109785,0.0,4.7233995051109785,0.0,0.0,0.0,70788.37691020197,930.0,0.588814072403586,2023-12-11
17184,0.3,511,False,t,MPC,q30,,,1.2782843727588575,0.0,1.2782843727588575,0.0,0.0,0.0,71042.65994867557,945.0,1.5709833846171815,2023-12-18
17184,0.3,511,False,t,MPC,q40,,,1.260842171367675,0.0,1.260842171367675,0.0,0.0,0.0,71042.65994867557,945.0,1.4266704077080885,2023-12-18
17184,0.3,511,False,t,MPC,q50,,,1.251475495424563,0.0,1.251475495424563,0.0,0.0,0.0,71042.65994867557,945.0,1.3419656077389688,2023-12-18
17184,0.3,511,False,t,MPC,q60,,,1.252121142454429,0.0,1.252121142454429,0.0,0.0,0.0,71042.65994867557,945.0,1.2821997565325822,2023-12-18
17184,0.3,511,False,t,MPC,q70,,,1.2740843454691606,0.0,1.2740843454691606,0.0,0.0,0.0,71042.65994867557,945.0,1.188505675545457,2023-12-18
17184,0.3,511,False,t,MPC,q80,,,1.3036452909579612,0.0,1.3036452909579612,0.0,0.0,0.0,71042.65994867557,945.0,1.160757509065165,2023-12-18
17184,0.3,511,False,t,MPC,q85,,,1.3269590625930099,0.0,1.3269590625930099,0.0,0.0,0.0,71042.65994867557,945.0,1.0424780318151698,2023-12-18
17184,0.3,511,False,t,MPC,q90,,,1.3707325410001425,0.0,1.3707325410001425,0.0,0.0,0.0,71042.65994867557,945.0,0.8811683227308591,2023-12-18
17184,0.3,511,False,t,MPC,q95,,,1.437173907843261,0.0,1.437173907843261,0.0,0.0,0.0,71042.65994867557,945.0,0.9638059999877607,2023-12-18
17352,0.3,512,False,t,MPC,q30,,,1.4316802201986654,0.0,1.4316802201986654,0.0,0.0,0.0,75758.69303508809,958.0,1.7707135021156957,2023-12-25
17352,0.3,512,False,t,MPC,q40,,,1.4059401661384108,0.0,1.4059401661384108,0.0,0.0,0.0,75758.69303508809,958.0,1.9749443489479048,2023-12-25
17352,0.3,512,False,t,MPC,q50,,,1.3698285991494115,0.0,1.3698285991494115,0.0,0.0,0.0,75758.69303508809,958.0,1.581729255328955,2023-12-25
17352,0.3,512,False,t,MPC,q60,,,1.3442582557298313,0.0,1.3442582557298313,0.0,0.0,0.0,75758.69303508809,958.0,1.44727001348279,2023-12-25
17352,0.3,512,False,t,MPC,q70,,,1.3505972797377228,0.0,1.3505972797377228,0.0,0.0,0.0,75758.69303508809,958.0,1.1933824524935084,2023-12-25
17352,0.3,512,False,t,MPC,q80,,,1.3709746579867559,0.0,1.3709746579867559,0.0,0.0,0.0,75758.69303508809,958.0,1.0925001221735062,2023-12-25
17352,0.3,512,False,t,MPC,q85,,,1.3743112220021245,0.0,1.3743112220021245,0.0,0.0,0.0,75758.69303508809,958.0,1.0232225113275375,2023-12-25
17352,0.3,512,False,t,MPC,q90,,,1.4036573512470032,0.0,1.4036573512470032,0.0,0.0,0.0,75758.69303508809,958.0,1.118327217196623,2023-12-25
17352,0.3,512,False,t,MPC,q95,,,1.4458009395164233,0.0,1.4458009395164233,0.0,0.0,0.0,75758.69303508809,958.0,0.961320203617711,2023-12-25
15336,0.5,500,False,t,MPC,q30,,,4.117340955989059,0.010970106099255517,4.335000069264099,0.05100671140939597,0.0,0.0,113898.46651379707,1490.0,2.476201193280567,2023-10-02
15336,0.5,500,False,t,MPC,q40,,,4.056657463552759,0.007477697521799694,4.205023304065855,0.04496644295302014,0.0,0.0,113898.46651379707,1490.0,2.447117319321524,2023-10-02
15336,0.5,500,False,t,MPC,q50,,,4.003354066549176,0.005553053796677692,4.113532833683934,0.028859060402684565,0.0,0.0,113898.46651379707,1490.0,2.653463681020906,2023-10-02
15336,0.5,500,False,t,MPC,q60,,,3.9959604721882016,0.006252499839615732,4.120017027205063,0.024832214765100672,0.0,0.0,113898.46651379707,1490.0,2.580792597399172,2023-10-02
15336,0.5,500,False,t,MPC,q70,,,4.026403379472303,0.0011390980272816033,4.049004351997836,0.011409395973154362,0.0,0.0,113898.46651379707,1490.0,2.0687438391375865,2023-10-02
15336,0.5,500,False,t,MPC,q80,,,4.146625071036755,0.0,4.146625071036755,0.0,0.0,0.0,113898.46651379707,1490.0,2.099297807847518,2023-10-02
15336,0.5,500,False,t,MPC,q85,,,4.244770952738596,0.0,4.244770952738596,0.0,0.0,0.0,113898.46651379707,1490.0,2.0250935833302175,2023-10-02
15336,0.5,500,False,t,MPC,q90,,,4.405519540979566,0.0,4.405519540979566,0.0,0.0,0.0,113898.46651379707,1490.0,1.9095635964164723,2023-10-02
15336,0.5,500,False,t,MPC,q95,,,4.506275949543099,0.0,4.506275949543099,0.0,0.0,0.0,113898.46651379707,1490.0,1.7838204349805533,2023-10-02
15504,0.5,501,False,t,MPC,q30,,,5.997078605154872,0.014218244162867051,6.317774525068267,0.060240963855421686,0.0,0.0,116114.4954149879,1494.0,2.4436168965554974,2023-10-09
15504,0.5,501,False,t,MPC,q40,,,5.903566460784983,0.00872424895520226,6.100343996196071,0.05756358768406961,0.0,0.0,116114.4954149879,1494.0,2.4572797456875346,2023-10-09
15504,0.5,501,False,t,MPC,q50,,,5.869537652961623,0.0037147503478706647,5.953324741325898,0.024765729585006693,0.0,0.0,116114.4954149879,1494.0,2.2483675800870935,2023-10-09
15504,0.5,501,False,t,MPC,q60,,,5.872803604925548,0.0026078124583820052,5.931623442714421,0.019410977242302542,0.0,0.0,116114.4954149879,1494.0,2.048385157227071,2023-10-09
15504,0.5,501,False,t,MPC,q70,,,5.937438109427466,0.0004743391957921314,5.948136944178301,0.00535475234270415,0.0,0.0,116114.4954149879,1494.0,2.0045196431821215,2023-10-09
15504,0.5,501,False,t,MPC,q80,,,6.240339864924958,0.00047443929811787284,6.251040957507848,0.004685408299866131,0.0,0.0,116114.4954149879,1494.0,1.5031927733515558,2023-10-09
15504,0.5,501,False,t,MPC,q85,,,6.4052780276230505,0.0004743530026947537,6.415977173791898,0.002677376171352075,0.0,0.0,116114.4954149879,1494.0,1.5551070542905647,2023-10-09
15504,0.5,501,False,t,MPC,q90,,,6.576032147974253,0.00047442088101700466,6.586732825154999,0.004685408299866131,0.0,0.0,116114.4954149879,1494.0,1.6811583393735015,2023-10-09
15504,0.5,501,False,t,MPC,q95,,,6.667687200264646,0.0004744309631106429,6.678388104849441,0.004685408299866131,0.0,0.0,116114.4954149879,1494.0,1.543026552035248,2023-10-09
15672,0.5,502,False,t,MPC,q30,,,4.797202625548359,0.009054977662123077,5.023699337222704,0.05084745762711865,0.0,0.0,117710.60274682064,1534.0,2.837945999988231,2023-10-16
15672,0.5,502,False,t,MPC,q40,,,4.682290361302082,0.004728935112317086,4.800577594316639,0.035202086049543675,0.0,0.0,117710.60274682064,1534.0,2.6976586736545642,2023-10-16
15672,0.5,502,False,t,MPC,q50,,,4.652075298691537,0.0031356394769384345,4.730508626417306,0.02607561929595828,0.0,0.0,117710.60274682064,1534.0,2.5792956359783834,2023-10-16
15672,0.5,502,False,t,MPC,q60,,,4.69865287277495,0.0009140939337545899,4.721517564205712,0.009778357235984355,0.0,0.0,117710.60274682064,1534.0,2.0349134602214516,2023-10-16
15672,0.5,502,False,t,MPC,q70,,,4.821891380052739,0.00021808424694406433,4.827346431036181,0.001955671447196871,0.0,0.0,117710.60274682064,1534.0,2.0025988410148123,2023-10-16
15672,0.5,502,False,t,MPC,q80,,,5.000030149912545,5.2024484553889365e-05,5.001331464517363,0.001955671447196871,0.0,0.0,117710.60274682064,1534.0,2.2482357285051426,2023-10-16
15672,0.5,502,False,t,MPC,q85,,,5.103339235603945,1.6873228542568397e-05,5.103761294158127,0.000651890482398957,0.0,0.0,117710.60274682064,1534.0,1.9467382895934828,2023-10-16
15672,0.5,502,False,t,MPC,q90,,,5.150109467854623,1.750772389206096e-05,5.150547397360185,0.000651890482398957,0.0,0.0,117710.60274682064,1534.0,1.3303319004438585,2023-10-16
15672,0.5,502,False,t,MPC,q95,,,5.204546142496055,1.6954196122465033e-05,5.204970226333046,0.000651890482398957,0.0,0.0,117710.60274682064,1534.0,1.321223818989259,2023-10-16
15840,0.5,503,False,t,MPC,q30,,,8.364614682909698,0.03234679275177907,9.230199490343612,0.11660561660561661,0.0,0.0,125927.17619749843,1638.0,2.644909826083518,2023-10-23
15840,0.5,503,False,t,MPC,q40,,,8.286410621230647,0.026829838274733456,9.004364347732356,0.10744810744810745,0.0,0.0,125927.17619749843,1638.0,3.031828752170401,2023-10-23
15840,0.5,503,False,t,MPC,q50,,,8.243109793707207,0.021336567959410725,8.814066216193062,0.09706959706959707,0.0,0.0,125927.17619749843,1638.0,3.189989463971296,2023-10-23
15840,0.5,503,False,t,MPC,q60,,,8.248098358231037,0.015621378350808617,8.666119021837424,0.06532356532356533,0.0,0.0,125927.17619749843,1638.0,2.2746529728617517,2023-10-23
15840,0.5,503,False,t,MPC,q70,,,8.286067061007424,0.0050929955805612695,8.422353203274788,0.033577533577533576,0.0,0.0,125927.17619749843,1638.0,2.7802901040641244,2023-10-23
15840,0.5,503,False,t,MPC,q80,,,8.52052646151262,0.002040492441948346,8.575129069906835,0.010378510378510378,0.0,0.0,125927.17619749843,1638.0,2.3478657828030203,2023-10-23
15840,0.5,503,False,t,MPC,q85,,,8.692407858184229,0.0015636934212187265,8.734251551290924,0.01098901098901099,0.0,0.0,125927.17619749843,1638.0,2.137302443437406,2023-10-23
15840,0.5,503,False,t,MPC,q90,,,8.984070710852935,0.0,8.984070710852935,0.0,0.0,0.0,125927.17619749843,1638.0,2.21200965610503,2023-10-23
15840,0.5,503,False,t,MPC,q95,,,9.322188774562855,0.0,9.322188774562855,0.0,0.0,0.0,125927.17619749843,1638.0,1.6206299638247503,2023-10-23
16008,0.5,504,False,t,MPC,q30,,,5.396639568243992,0.010643536616855213,5.60700424812755,0.04868421052631579,0.0,0.0,114743.37890450687,1520.0,2.2818803119436906,2023-10-30
16008,0.5,504,False,t,MPC,q40,,,5.326271433608407,0.004839334663403876,5.42191869109087,0.031578947368421054,0.0,0.0,114743.37890450687,1520.0,2.267255460525887,2023-10-30
16008,0.5,504,False,t,MPC,q50,,,5.290900679301379,0.002760986766929223,5.3454703320677375,0.019078947368421053,0.0,0.0,114743.37890450687,1520.0,2.1171410968989397,2023-10-30
16008,0.5,504,False,t,MPC,q60,,,5.281601635296399,0.001111116010684911,5.303562339930146,0.0125,0.0,0.0,114743.37890450687,1520.0,2.290863438382441,2023-10-30
16008,0.5,504,False,t,MPC,q70,,,5.3207027422545625,0.0006422835909793086,5.333397186486272,0.007894736842105263,0.0,0.0,114743.37890450687,1520.0,2.193015999971042,2023-10-30
16008,0.5,504,False,t,MPC,q80,,,5.467360086219687,0.0,5.467360086219687,0.0,0.0,0.0,114743.37890450687,1520.0,2.0370524357719133,2023-10-30
16008,0.5,504,False,t,MPC,q85,,,5.633330210185168,0.0,5.633330210185168,0.0,0.0,0.0,114743.37890450687,1520.0,1.80833111468319,2023-10-30
16008,0.5,504,False,t,MPC,q90,,,5.830307979771515,0.0,5.830307979771515,0.0,0.0,0.0,114743.37890450687,1520.0,1.8085587706503523,2023-10-30
16008,0.5,504,False,t,MPC,q95,,,6.074777598660331,0.0,6.074777598660331,0.0,0.0,0.0,114743.37890450687,1520.0,1.8089195825473117,2023-10-30
16176,0.5,505,False,t,MPC,q30,,,6.562778250172129,0.01019296093844945,6.790994229220597,0.0381328073635766,0.0,0.0,113797.0354469592,1521.0,2.716623682011395,2023-11-06
16176,0.5,505,False,t,MPC,q40,,,6.45019363511442,0.003981426127649201,6.539336041056852,0.028928336620644313,0.0,0.0,113797.0354469592,1521.0,2.6135005774015565,2023-11-06
16176,0.5,505,False,t,MPC,q50,,,6.392603665174777,0.0013982698764303796,6.4239103218715385,0.012491781722550954,0.0,0.0,113797.0354469592,1521.0,2.6062706308796457,2023-11-06
16176,0.5,505,False,t,MPC,q60,,,6.374817328816942,0.000972912426239005,6.396600416501013,0.009861932938856016,0.0,0.0,113797.0354469592,1521.0,2.3987103333214086,2023-11-06
16176,0.5,505,False,t,MPC,q70,,,6.462411708861005,0.0005727462539532374,6.47523524932992,0.005259697567389875,0.0,0.0,113797.0354469592,1521.0,2.143620576585359,2023-11-06
16176,0.5,505,False,t,MPC,q80,,,6.726296345384313,0.0,6.726296345384313,0.0,0.0,0.0,113797.0354469592,1521.0,1.8692627556686097,2023-11-06
16176,0.5,505,False,t,MPC,q85,,,6.871451178009109,0.0,6.871451178009109,0.0,0.0,0.0,113797.0354469592,1521.0,1.9481657783068935,2023-11-06
16176,0.5,505,False,t,MPC,q90,,,7.108796700839606,0.0,7.108796700839606,0.0,0.0,0.0,113797.0354469592,1521.0,1.6599356968216281,2023-11-06
16176,0.5,505,False,t,MPC,q95,,,7.423876192984019,0.0,7.423876192984019,0.0,0.0,0.0,113797.0354469592,1521.0,1.6525987601824257,2023-11-06
16344,0.5,506,False,t,MPC,q30,,,7.957899424091579,0.01318142951323119,8.28815418138827,0.05997392438070404,0.0,0.0,114535.07617219127,1534.0,2.3876770851258815,2023-11-13
16344,0.5,506,False,t,MPC,q40,,,7.860835843100341,0.010637539135599389,8.127354577046084,0.05541069100391134,0.0,0.0,114535.07617219127,1534.0,2.554707846821715,2023-11-13
16344,0.5,506,False,t,MPC,q50,,,7.840620052060201,0.0038962014669459435,7.9382376183912005,0.022816166883963495,0.0,0.0,114535.07617219127,1534.0,2.549352099103097,2023-11-13
16344,0.5,506,False,t,MPC,q60,,,7.869310358579502,0.0016842632441268668,7.911508812727022,0.01564537157757497,0.0,0.0,114535.07617219127,1534.0,2.627332846861611,2023-11-13
16344,0.5,506,False,t,MPC,q70,,,7.931760584133101,0.0006439062754573754,7.947893364762814,0.005215123859191656,0.0,0.0,114535.07617219127,1534.0,2.3182791216378713,2023-11-13
16344,0.5,506,False,t,MPC,q80,,,8.058427341803837,0.0,8.058427341803837,0.0,0.0,0.0,114535.07617219127,1534.0,1.929574995480682,2023-11-13
16344,0.5,506,False,t,MPC,q85,,,8.269275377763172,0.0,8.269275377763172,0.0,0.0,0.0,114535.07617219127,1534.0,1.8073493574713326,2023-11-13
16344,0.5,506,False,t,MPC,q90,,,8.44961316066537,0.0,8.44961316066537,0.0,0.0,0.0,114535.07617219127,1534.0,1.5994397727188863,2023-11-13
16344,0.5,506,False,t,MPC,q95,,,8.604069976613209,0.0,8.604069976613209,0.0,0.0,0.0,114535.07617219127,1534.0,1.5762195409086581,2023-11-13
16512,0.5,507,False,t,MPC,q30,,,7.39433417175709,0.0030820243002311213,7.466185235996352,0.027333333333333334,0.0,0.0,115267.9624331729,1500.0,2.4016810470125827,2023-11-20
16512,0.5,507,False,t,MPC,q40,,,7.319760065479564,0.0018854064106372075,7.363714442191536,0.017333333333333333,0.0,0.0,115267.9624331729,1500.0,2.229649188840464,2023-11-20
16512,0.5,507,False,t,MPC,q50,,,7.253117614060798,0.000476530028374879,7.2642269325947675,0.005333333333333333,0.0,0.0,115267.9624331729,1500.0,2.373016389396296,2023-11-20
16512,0.5,507,False,t,MPC,q60,,,7.21930061638475,0.0,7.21930061638475,0.0,0.0,0.0,115267.9624331729,1500.0,2.1663876877978736,2023-11-20
16512,0.5,507,False,t,MPC,q70,,,7.302428519268956,0.0,7.302428519268956,0.0,0.0,0.0,115267.9624331729,1500.0,1.5209806425400736,2023-11-20
16512,0.5,507,False,t,MPC,q80,,,7.484262967496592,0.0,7.484262967496592,0.0,0.0,0.0,115267.9624331729,1500.0,1.7872142488656675,2023-11-20
16512,0.5,507,False,t,MPC,q85,,,7.709898190505681,0.0,7.709898190505681,0.0,0.0,0.0,115267.9624331729,1500.0,1.4008856878038745,2023-11-20
16512,0.5,507,False,t,MPC,q90,,,7.924908029187795,0.0,7.924908029187795,0.0,0.0,0.0,115267.9624331729,1500.0,1.510808864256692,2023-11-20
16512,0.5,507,False,t,MPC,q95,,,8.088859562002233,0.0,8.088859562002233,0.0,0.0,0.0,115267.9624331729,1500.0,1.4783288733212112,2023-11-20
16680,0.5,508,False,t,MPC,q30,,,11.870511638271775,0.016564264230840318,12.272835995292674,0.07466496490108487,0.0,0.0,117195.14939128078,1567.0,2.0098206033898225,2023-11-27
16680,0.5,508,False,t,MPC,q40,,,11.86725517445895,0.013923138315831772,12.205430030435991,0.05169112954690491,0.0,0.0,117195.14939128078,1567.0,2.9336765358816073,2023-11-27
16680,0.5,508,False,t,MPC,q50,,,11.891722692261306,0.009829197186432659,12.13046106198016,0.04658583280153159,0.0,0.0,117195.14939128078,1567.0,2.4253802025265907,2023-11-27
16680,0.5,508,False,t,MPC,q60,,,11.974857298853903,0.007738711725939802,12.162820505424344,0.03190810465858328,0.0,0.0,117195.14939128078,1567.0,2.909659161004884,2023-11-27
16680,0.5,508,False,t,MPC,q70,,,12.106973781741283,0.0,12.106973781741283,0.0,0.0,0.0,117195.14939128078,1567.0,2.329180938305611,2023-11-27
16680,0.5,508,False,t,MPC,q80,,,12.267191836409339,0.0,12.267191836409339,0.0,0.0,0.0,117195.14939128078,1567.0,2.381751800897608,2023-11-27
16680,0.5,508,False,t,MPC,q85,,,12.378330359151601,0.0,12.378330359151601,0.0,0.0,0.0,117195.14939128078,1567.0,2.1097845927450107,2023-11-27
16680,0.5,508,False,t,MPC,q90,,,12.484858477747087,0.0,12.484858477747087,0.0,0.0,0.0,117195.14939128078,1567.0,1.830646095013394,2023-11-27
16680,0.5,508,False,t,MPC,q95,,,12.552798268359233,0.0,12.552798268359233,0.0,0.0,0.0,117195.14939128078,1567.0,1.752477445469677,2023-11-27
16848,0.5,509,False,t,MPC,q30,,,7.079171048485608,0.019259427188646788,7.494923176058859,0.09621993127147767,0.0,0.0,113168.7626501414,1455.0,2.8679988655568662,2023-12-04
16848,0.5,509,False,t,MPC,q40,,,7.048702162106959,0.005069391331517767,7.158134816096914,0.04054982817869416,0.0,0.0,113168.7626501414,1455.0,2.693497521014794,2023-12-04
16848,0.5,509,False,t,MPC,q50,,,7.060232171776373,0.00021517740114557307,7.064877193741755,0.003436426116838488,0.0,0.0,113168.7626501414,1455.0,2.577091714893152,2023-12-04
16848,0.5,509,False,t,MPC,q60,,,7.136934722089667,0.0,7.136934722089667,0.0,0.0,0.0,113168.7626501414,1455.0,2.8729390362133427,2023-12-04
16848,0.5,509,False,t,MPC,q70,,,7.238813587414894,0.0,7.238813587414894,0.0,0.0,0.0,113168.7626501414,1455.0,2.261576651603945,2023-12-04
16848,0.5,509,False,t,MPC,q80,,,7.4169950239296485,0.0,7.4169950239296485,0.0,0.0,0.0,113168.7626501414,1455.0,1.325971805424543,2023-12-04
16848,0.5,509,False,t,MPC,q85,,,7.543609218029761,0.0,7.543609218029761,0.0,0.0,0.0,113168.7626501414,1455.0,1.583056565633914,2023-12-04
16848,0.5,509,False,t,MPC,q90,,,7.655140754123069,0.0,7.655140754123069,0.0,0.0,0.0,113168.7626501414,1455.0,1.662515361987963,2023-12-04
16848,0.5,509,False,t,MPC,q95,,,7.795536272813226,0.0,7.795536272813226,0.0,0.0,0.0,113168.7626501414,1455.0,1.0758710045202076,2023-12-04
17016,0.5,510,False,t,MPC,q30,,,6.5308708028834,0.02069997440346776,6.977380101007145,0.09337748344370861,0.0,0.0,113082.6955013234,1510.0,2.399092561686399,2023-12-11
17016,0.5,510,False,t,MPC,q40,,,6.446292399802186,0.016479037255053088,6.801753871159182,0.07350993377483443,0.0,0.0,113082.6955013234,1510.0,2.453307064658459,2023-12-11
17016,0.5,510,False,t,MPC,q50,,,6.394411963665405,0.008213460030950226,6.5715806017567,0.04039735099337748,0.0,0.0,113082.6955013234,1510.0,1.7290677543861308,2023-12-11
17016,0.5,510,False,t,MPC,q60,,,6.404123261669191,0.005710752739102719,6.527307191639069,0.029801324503311258,0.0,0.0,113082.6955013234,1510.0,2.1437049008884945,2023-12-11
17016,0.5,510,False,t,MPC,q70,,,6.527800143640372,0.00238515375383794,6.579249160329251,0.015231788079470199,0.0,0.0,113082.6955013234,1510.0,1.567784340915585,2023-12-11
17016,0.5,510,False,t,MPC,q80,,,6.757151418032038,0.0,6.757151418032038,0.0,0.0,0.0,113082.6955013234,1510.0,1.8798566499960792,2023-12-11
17016,0.5,510,False,t,MPC,q85,,,6.948396383128579,0.0,6.948396383128579,0.0,0.0,0.0,113082.6955013234,1510.0,1.7602531908902497,2023-12-11
17016,0.5,510,False,t,MPC,q90,,,7.240491429696639,0.0,7.240491429696639,0.0,0.0,0.0,113082.6955013234,1510.0,1.5732540136819666,2023-12-11
17016,0.5,510,False,t,MPC,q95,,,7.509156133737825,0.0,7.509156133737825,0.0,0.0,0.0,113082.6955013234,1510.0,1.1355952831028644,2023-12-11
17184,0.5,511,False,t,MPC,q30,,,2.311427190102461,0.026612388174157894,2.740741829991287,0.08961960025789813,0.0,0.0,118184.13952197897,1551.0,3.0722287672233506,2023-12-18
17184,0.5,511,False,t,MPC,q40,,,2.2904756899328826,0.016210615517556266,2.5519875286206224,0.0548033526756931,0.0,0.0,118184.13952197897,1551.0,2.7826511724438676,2023-12-18
17184,0.5,511,False,t,MPC,q50,,,2.2722489999021396,0.007697238485294715,2.3964218906185617,0.02321083172147002,0.0,0.0,118184.13952197897,1551.0,2.615504982694215,2023-12-18
17184,0.5,511,False,t,MPC,q60,,,2.271525626838485,0.0005547284407139273,2.280474580957246,0.005802707930367505,0.0,0.0,118184.13952197897,1551.0,1.735544069255868,2023-12-18
17184,0.5,511,False,t,MPC,q70,,,2.3006191609553035,0.0,2.3006191609553035,0.0,0.0,0.0,118184.13952197897,1551.0,1.6650357564962495,2023-12-18
17184,0.5,511,False,t,MPC,q80,,,2.352500092556393,0.0,2.352500092556393,0.0,0.0,0.0,118184.13952197897,1551.0,2.292292475095766,2023-12-18
17184,0.5,511,False,t,MPC,q85,,,2.4122512633193844,0.0,2.4122512633193844,0.0,0.0,0.0,118184.13952197897,1551.0,2.052055285061857,2023-12-18
17184,0.5,511,False,t,MPC,q90,,,2.4762887177885275,0.0,2.4762887177885275,0.0,0.0,0.0,118184.13952197897,1551.0,2.03387788236615,2023-12-18
17184,0.5,511,False,t,MPC,q95,,,2.5459556633957585,6.841478208194382e-05,2.5470593398993615,0.0012894906511927789,0.0,0.0,118184.13952197897,1551.0,1.8111819140378997,2023-12-18
17352,0.5,512,False,t,MPC,q30,,,2.1645290783239015,0.018149896308855863,2.4760526512825085,0.08712363869314542,0.0,0.0,120237.69722299729,1561.0,2.84157464681057,2023-12-25
17352,0.5,512,False,t,MPC,q40,,,2.12347365177586,0.008207799354877884,2.264351755851381,0.04612427930813581,0.0,0.0,120237.69722299729,1561.0,2.7653440893563457,2023-12-25
17352,0.5,512,False,t,MPC,q50,,,2.070643184560558,0.0008109175447305247,2.0845617175709097,0.007687379884689302,0.0,0.0,120237.69722299729,1561.0,2.7671186153831018,2023-12-25
17352,0.5,512,False,t,MPC,q60,,,2.025007894341084,0.0006503652306006688,2.0361707184650935,0.005124919923126201,0.0,0.0,120237.69722299729,1561.0,2.3807923738917585,2023-12-25
17352,0.5,512,False,t,MPC,q70,,,2.036611923402262,0.0,2.036611923402262,0.0,0.0,0.0,120237.69722299729,1561.0,2.166118153837072,2023-12-25
17352,0.5,512,False,t,MPC,q80,,,2.0574971855203996,0.0,2.0574971855203996,0.0,0.0,0.0,120237.69722299729,1561.0,2.3129886832535553,2023-12-25
17352,0.5,512,False,t,MPC,q85,,,2.0683644912794854,0.0,2.0683644912794854,0.0,0.0,0.0,120237.69722299729,1561.0,1.8794375339305536,2023-12-25
17352,0.5,512,False,t,MPC,q90,,,2.0857594080685398,0.0,2.0857594080685398,0.0,0.0,0.0,120237.69722299729,1561.0,1.9669655972965265,2023-12-25
17352,0.5,512,False,t,MPC,q95,,,2.1521322199808877,0.0,2.1521322199808877,0.0,0.0,0.0,120237.69722299729,1561.0,1.6235802443370795,2023-12-25
15336,0.7,500,False,t,MPC,q30,,,6.42355069508411,0.26428271874425585,14.087208320091438,0.43263061411549036,0.0,0.0,166463.55983189825,2182.0,5.398680698292459,2023-10-02
15336,0.7,500,False,t,MPC,q40,,,6.363274851605384,0.2602302855269306,13.909420212196208,0.39917506874427133,0.0,0.0,166463.55983189825,2182.0,5.094829844156699,2023-10-02
15336,0.7,500,False,t,MPC,q50,,,6.315352504472743,0.2481170253465985,13.510238126304287,0.38359303391384053,0.0,0.0,166463.55983189825,2182.0,3.894659826833502,2023-10-02
15336,0.7,500,False,t,MPC,q60,,,6.28320230805516,0.24628283169118692,13.424900070083291,0.36709440879926675,0.0,0.0,166463.55983189825,2182.0,4.476673759827423,2023-10-02
15336,0.7,500,False,t,MPC,q70,,,6.310314781926779,0.2503990573681949,13.571374659063082,0.36342804766269476,0.0,0.0,166463.55983189825,2182.0,4.10263696942038,2023-10-02
15336,0.7,500,False,t,MPC,q80,,,6.382555718493227,0.22738287894220546,12.976193555584784,0.3593033913840513,0.0,0.0,166463.55983189825,2182.0,4.672169274324481,2023-10-02
15336,0.7,500,False,t,MPC,q85,,,6.441110485159578,0.21555637537134656,12.691803937924231,0.34051329055912005,0.0,0.0,166463.55983189825,2182.0,4.632351737770175,2023-10-02
15336,0.7,500,False,t,MPC,q90,,,6.556536748780202,0.1745897164907486,11.619280988697607,0.3230980751604033,0.0,0.0,166463.55983189825,2182.0,3.453268955557481,2023-10-02
15336,0.7,500,False,t,MPC,q95,,,6.6598808292496186,0.13753646919497936,10.648156778093128,0.27864344637946836,0.0,0.0,166463.55983189825,2182.0,4.675431275562813,2023-10-02
15504,0.7,501,False,t,MPC,q30,,,8.55436578293354,0.20222354437643503,15.058962884891246,0.4534506716072256,0.0,0.0,165587.5406092412,2159.0,4.85675448498633,2023-10-09
15504,0.7,501,False,t,MPC,q40,,,8.4996700823729,0.1719318791776026,14.029924269546054,0.41500694766095414,0.0,0.0,165587.5406092412,2159.0,4.658350599137176,2023-10-09
15504,0.7,501,False,t,MPC,q50,,,8.472341843668085,0.1617796201507679,13.676044763787251,0.36313107920333487,0.0,0.0,165587.5406092412,2159.0,5.01999815150082,2023-10-09
15504,0.7,501,False,t,MPC,q60,,,8.473260788534503,0.1466282136090215,13.189612963289566,0.3270032422417786,0.0,0.0,165587.5406092412,2159.0,4.264199926405662,2023-10-09
15504,0.7,501,False,t,MPC,q70,,,8.424772031819575,0.1375712780912942,12.84980443615481,0.285780453913849,0.0,0.0,165587.5406092412,2159.0,4.3240046839654696,2023-10-09
15504,0.7,501,False,t,MPC,q80,,,8.622302816025478,0.07405247114493736,11.004228672816541,0.16396479851783233,0.0,0.0,165587.5406092412,2159.0,4.0447993584102,2023-10-09
15504,0.7,501,False,t,MPC,q85,,,8.74954884221794,0.05849084592253132,10.630929113995466,0.13895321908290875,0.0,0.0,165587.5406092412,2159.0,3.847869040181909,2023-10-09
15504,0.7,501,False,t,MPC,q90,,,8.831960928586861,0.0421786626141917,10.188653629482344,0.11486799444187124,0.0,0.0,165587.5406092412,2159.0,3.6631561891734745,2023-10-09
15504,0.7,501,False,t,MPC,q95,,,8.863523803770748,0.039227476678917954,10.125290488305907,0.10514126910606762,0.0,0.0,165587.5406092412,2159.0,3.8312700855840376,2023-10-09
15672,0.7,502,False,t,MPC,q30,,,7.00406669072013,0.17505578320654,13.285555291825071,0.4268292682926829,0.0,0.0,168860.153127672,2214.0,5.442395747898544,2023-10-16
15672,0.7,502,False,t,MPC,q40,,,6.895550375020722,0.1424269662931108,12.006226234295672,0.37624209575429085,0.0,0.0,168860.153127672,2214.0,4.976426378152992,2023-10-16
15672,0.7,502,False,t,MPC,q50,,,6.844658237437748,0.11906646821205573,11.117094424052747,0.34372177055103886,0.0,0.0,168860.153127672,2214.0,4.92315809662591,2023-10-16
15672,0.7,502,False,t,MPC,q60,,,6.868602796845246,0.08006632769559999,9.74160542229324,0.24570912375790424,0.0,0.0,168860.153127672,2214.0,4.692407983181793,2023-10-16
15672,0.7,502,False,t,MPC,q70,,,6.983409165554255,0.047597204571371114,8.69132930668306,0.14769647696476965,0.0,0.0,168860.153127672,2214.0,3.740404999989398,2023-10-16
15672,0.7,502,False,t,MPC,q80,,,7.200342078369864,0.029106787398463535,8.244774601016182,0.09168925022583559,0.0,0.0,168860.153127672,2214.0,4.005348407570698,2023-10-16
15672,0.7,502,False,t,MPC,q85,,,7.225972065550891,0.03021919620031534,8.31032091132923,0.0980126467931346,0.0,0.0,168860.153127672,2214.0,4.409637834797927,2023-10-16
15672,0.7,502,False,t,MPC,q90,,,7.25754803524221,0.02729040149465987,8.23680357749429,0.07813911472448058,0.0,0.0,168860.153127672,2214.0,4.148612786957528,2023-10-16
15672,0.7,502,False,t,MPC,q95,,,7.278357782579736,0.028894443074357325,8.315170800020626,0.07949412827461608,0.0,0.0,168860.153127672,2214.0,3.811618359313758,2023-10-16
15840,0.7,503,False,t,MPC,q30,,,11.266931008243652,0.17559847112177387,17.56512947763201,0.4444954128440367,0.0,0.0,168786.09957749603,2180.0,4.9354390209190715,2023-10-23
15840,0.7,503,False,t,MPC,q40,,,11.223081463491463,0.16527702912594652,17.151080296375465,0.4288990825688073,0.0,0.0,168786.09957749603,2180.0,3.8294527154968026,2023-10-23
15840,0.7,503,False,t,MPC,q50,,,11.209791603218106,0.160675760394472,16.972756518114746,0.41743119266055045,0.0,0.0,168786.09957749603,2180.0,4.0614366945595535,2023-10-23
15840,0.7,503,False,t,MPC,q60,,,11.197661099925114,0.1474245390029718,16.48534384549355,0.3830275229357798,0.0,0.0,168786.09957749603,2180.0,4.26515110040333,2023-10-23
15840,0.7,503,False,t,MPC,q70,,,11.248345546245394,0.09646522246610885,14.70826813329301,0.27844036697247704,0.0,0.0,168786.09957749603,2180.0,5.049793018014424,2023-10-23
15840,0.7,503,False,t,MPC,q80,,,11.401417825740959,0.03166277843152961,12.537068161305385,0.1389908256880734,0.0,0.0,168786.09957749603,2180.0,4.346300522528353,2023-10-23
15840,0.7,503,False,t,MPC,q85,,,11.558742578431469,0.008867030163242102,11.876776758600519,0.05688073394495413,0.0,0.0,168786.09957749603,2180.0,3.2255239547816825,2023-10-23
15840,0.7,503,False,t,MPC,q90,,,11.72184612183194,0.00462469400972075,11.887720235355475,0.03165137614678899,0.0,0.0,168786.09957749603,2180.0,3.6599800360175134,2023-10-23
15840,0.7,503,False,t,MPC,q95,,,11.944699885145786,0.001781244241956174,12.00858785459465,0.01651376146788991,0.0,0.0,168786.09957749603,2180.0,3.4185758687885217,2023-10-23
16008,0.7,504,False,t,MPC,q30,,,7.820288915028006,0.19513659680438838,13.351345355706874,0.40506912442396314,0.0,0.0,164554.64009634324,2170.0,5.16939759243641,2023-10-30
16008,0.7,504,False,t,MPC,q40,,,7.738949115262735,0.16989981937249152,12.554680790405193,0.3493087557603687,0.0,0.0,164554.64009634324,2170.0,4.632466848740378,2023-10-30
16008,0.7,504,False,t,MPC,q50,,,7.713814790308668,0.1358125968363529,11.563359933345307,0.295852534562212,0.0,0.0,164554.64009634324,2170.0,4.280986096085553,2023-10-30
16008,0.7,504,False,t,MPC,q60,,,7.656008515558166,0.11641454587360794,10.955724890074976,0.26497695852534564,0.0,0.0,164554.64009634324,2170.0,4.083918716807715,2023-10-30
16008,0.7,504,False,t,MPC,q70,,,7.664480583664177,0.08635827103650989,10.112265771294537,0.1976958525345622,0.0,0.0,164554.64009634324,2170.0,4.842397216202493,2023-10-30
16008,0.7,504,False,t,MPC,q80,,,7.785031082605297,0.053300506173457864,9.295809238983997,0.1552995391705069,0.0,0.0,164554.64009634324,2170.0,4.694446316736248,2023-10-30
16008,0.7,504,False,t,MPC,q85,,,7.8979539311804,0.03917181758806745,9.008260954628017,0.1271889400921659,0.0,0.0,164554.64009634324,2170.0,4.347626805417649,2023-10-30
16008,0.7,504,False,t,MPC,q90,,,8.074792851903386,0.038474169150718114,9.165325353575374,0.12811059907834102,0.0,0.0,164554.64009634324,2170.0,3.155170262445559,2023-10-30
16008,0.7,504,False,t,MPC,q95,,,8.22513724063778,0.03986912713512667,9.355209180172741,0.12580645161290321,0.0,0.0,164554.64009634324,2170.0,3.744469099547955,2023-10-30
16176,0.7,505,False,t,MPC,q30,,,8.728196580012842,0.0947781241203224,11.55480448784636,0.2324561403508772,0.0,0.0,151580.28519375168,2052.0,3.376753313304509,2023-11-06
16176,0.7,505,False,t,MPC,q40,,,8.605320686235752,0.08815924118019583,11.2345308608557,0.2037037037037037,0.0,0.0,151580.28519375168,2052.0,3.6591457768201523,2023-11-06
16176,0.7,505,False,t,MPC,q50,,,8.562528668049787,0.07774375555925624,10.88111342891182,0.18664717348927876,0.0,0.0,151580.28519375168,2052.0,3.19934641200726,2023-11-06
16176,0.7,505,False,t,MPC,q60,,,8.51320161012729,0.06433540581298577,10.431903510091056,0.14278752436647174,0.0,0.0,151580.28519375168,2052.0,2.747422754465236,2023-11-06
16176,0.7,505,False,t,MPC,q70,,,8.621319981650254,0.05855424053170102,10.367607754912937,0.12426900584795321,0.0,0.0,151580.28519375168,2052.0,3.415483964104801,2023-11-06
16176,0.7,505,False,t,MPC,q80,,,8.875863912842538,0.04393431048349588,10.186135355651508,0.10477582846003898,0.0,0.0,151580.28519375168,2052.0,2.9152210000035885,2023-11-06
16176,0.7,505,False,t,MPC,q85,,,9.0616568580336,0.03508828467146018,10.108109547883755,0.08528265107212475,0.0,0.0,151580.28519375168,2052.0,2.492481244343874,2023-11-06
16176,0.7,505,False,t,MPC,q90,,,9.215901548984295,0.030598371320755987,10.128449662220586,0.07797270955165692,0.0,0.0,151580.28519375168,2052.0,2.2622442579096753,2023-11-06
16176,0.7,505,False,t,MPC,q95,,,9.497032154388197,0.022523674519138028,10.168765184559161,0.0594541910331384,0.0,0.0,151580.28519375168,2052.0,3.0027009592688283,2023-11-06
16344,0.7,506,False,t,MPC,q30,,,11.22794467368704,0.26722336587110396,20.816814622607744,0.4622467771639042,0.0,0.0,164038.17798385496,2172.0,4.676205911032489,2023-11-13
16344,0.7,506,False,t,MPC,q40,,,11.106081767642532,0.25626150160093214,20.301603288585202,0.43830570902394106,0.0,0.0,164038.17798385496,2172.0,4.8020406680812,2023-11-13
16344,0.7,506,False,t,MPC,q50,,,11.058904733041452,0.24834097909072272,19.970211361209625,0.4111418047882136,0.0,0.0,164038.17798385496,2172.0,5.079512554565589,2023-11-13
16344,0.7,506,False,t,MPC,q60,,,11.06209167844954,0.22416089825508467,19.105735968290748,0.3812154696132597,0.0,0.0,164038.17798385496,2172.0,4.341072753339527,2023-11-13
16344,0.7,506,False,t,MPC,q70,,,11.114450630129088,0.2031341048195191,18.40358310159244,0.32826887661141807,0.0,0.0,164038.17798385496,2172.0,4.286740641255736,2023-11-13
16344,0.7,506,False,t,MPC,q80,,,11.233108442936036,0.19243255306027898,18.138233371733772,0.3080110497237569,0.0,0.0,164038.17798385496,2172.0,4.446856189184752,2023-11-13
16344,0.7,506,False,t,MPC,q85,,,11.359355968555,0.17380853004369856,17.596188534334466,0.28591160220994477,0.0,0.0,164038.17798385496,2172.0,4.422654112597622,2023-11-13
16344,0.7,506,False,t,MPC,q90,,,11.458131470182172,0.18114979531863482,17.95839323779217,0.2965009208103131,0.0,0.0,164038.17798385496,2172.0,4.1546261674134115,2023-11-13
16344,0.7,506,False,t,MPC,q95,,,11.488762147695635,0.18281360550382234,18.048727000900126,0.292817679558011,0.0,0.0,164038.17798385496,2172.0,4.248166484165152,2023-11-13
16512,0.7,507,False,t,MPC,q30,,,10.728874643189572,0.1646195752098702,16.3541708432571,0.3887841658812441,0.0,0.0,168956.68822873302,2122.0,4.166753286347006,2023-11-20
16512,0.7,507,False,t,MPC,q40,,,10.657143689845109,0.14922851096354037,15.756504288939938,0.34967012252591895,0.0,0.0,168956.68822873302,2122.0,4.201782333353533,2023-11-20
16512,0.7,507,False,t,MPC,q50,,,10.58008070741779,0.13426099055806417,15.167978829744483,0.32139491046182844,0.0,0.0,168956.68822873302,2122.0,4.195417467239898,2023-11-20
16512,0.7,507,False,t,MPC,q60,,,10.506436182230184,0.11503462508430402,14.437340745298998,0.2704995287464656,0.0,0.0,168956.68822873302,2122.0,3.8043970262091986,2023-11-20
16512,0.7,507,False,t,MPC,q70,,,10.500357256568273,0.10209697714244913,13.98916310985519,0.2290292177191329,0.0,0.0,168956.68822873302,2122.0,3.472808937767695,2023-11-20
16512,0.7,507,False,t,MPC,q80,,,10.608731514022928,0.05360301466501198,12.440426404031227,0.16729500471253533,0.0,0.0,168956.68822873302,2122.0,3.950884919284224,2023-11-20
16512,0.7,507,False,t,MPC,q85,,,10.77625226285924,0.022642986355024663,11.549996849058756,0.09566446748350613,0.0,0.0,168956.68822873302,2122.0,3.783442932420233,2023-11-20
16512,0.7,507,False,t,MPC,q90,,,10.926575572203603,0.008998942013913581,11.234082830990776,0.04382657869934024,0.0,0.0,168956.68822873302,2122.0,2.9988961846786855,2023-11-20
16512,0.7,507,False,t,MPC,q95,,,10.956298494716965,0.011016155005119396,11.332736927452864,0.049010367577756835,0.0,0.0,168956.68822873302,2122.0,3.9822326188280512,2023-11-20
16680,0.7,508,False,t,MPC,q30,,,16.75057753755383,0.2150294328976378,23.974850387250275,0.43078366963866727,0.0,0.0,162106.97118644227,2131.0,4.286885767920804,2023-11-27
16680,0.7,508,False,t,MPC,q40,,,16.707466417909135,0.2055006425913841,23.61160364629885,0.41529798216799624,0.0,0.0,162106.97118644227,2131.0,3.7655944219418434,2023-11-27
16680,0.7,508,False,t,MPC,q50,,,16.733939798781666,0.15392502988501575,21.90530819845738,0.3594556546222431,0.0,0.0,162106.97118644227,2131.0,4.477394485244683,2023-11-27
16680,0.7,508,False,t,MPC,q60,,,16.748966584044023,0.10888372066483624,20.407096991463007,0.2745190051618958,0.0,0.0,162106.97118644227,2131.0,3.7619556016957407,2023-11-27
16680,0.7,508,False,t,MPC,q70,,,16.796138765086216,0.08736354940496183,19.73126308511279,0.2036602534021586,0.0,0.0,162106.97118644227,2131.0,4.2435948502223875,2023-11-27
16680,0.7,508,False,t,MPC,q80,,,16.926593600656823,0.0649213012768587,19.107733121238823,0.15532613796339748,0.0,0.0,162106.97118644227,2131.0,2.840253390136016,2023-11-27
16680,0.7,508,False,t,MPC,q85,,,17.047314402507144,0.057206536663571006,18.96926352395851,0.13937118723603942,0.0,0.0,162106.97118644227,2131.0,4.576262596417962,2023-11-27
16680,0.7,508,False,t,MPC,q90,,,17.132560418241372,0.04701809072832271,18.712211686051216,0.1360863444392304,0.0,0.0,162106.97118644227,2131.0,3.4599087972978153,2023-11-27
16680,0.7,508,False,t,MPC,q95,,,17.187107656768983,0.04460599980889801,18.68572070248347,0.12482402627874238,0.0,0.0,162106.97118644227,2131.0,2.550617621618339,2023-11-27
16848,0.7,509,False,t,MPC,q30,,,9.757395225275973,0.09632835674775508,12.71278460569507,0.3209936678032148,0.0,0.0,160840.7205518153,2053.0,4.395150744689903,2023-12-04
16848,0.7,509,False,t,MPC,q40,,,9.748824908552125,0.08629072757093878,12.39625613754725,0.2820263029712616,0.0,0.0,160840.7205518153,2053.0,4.724192646807887,2023-12-04
16848,0.7,509,False,t,MPC,q50,,,9.746296871583526,0.05938913029082113,11.568377211160266,0.21237213833414514,0.0,0.0,160840.7205518153,2053.0,3.7914134721102943,2023-12-04
16848,0.7,509,False,t,MPC,q60,,,9.76100353723989,0.04079647284741729,11.012654314669176,0.17048222113979541,0.0,0.0,160840.7205518153,2053.0,4.385113060878053,2023-12-04
16848,0.7,509,False,t,MPC,q70,,,9.81353562620516,0.035707223940951174,10.909046377163683,0.14661471018022407,0.0,0.0,160840.7205518153,2053.0,3.8704763171678764,2023-12-04
16848,0.7,509,False,t,MPC,q80,,,9.927897192154635,0.010843590456325096,10.260582531780589,0.059912323429128105,0.0,0.0,160840.7205518153,2053.0,3.568469491165563,2023-12-04
16848,0.7,509,False,t,MPC,q85,,,10.048903979207179,0.0018393460957573592,10.105335793284016,0.013638577691183634,0.0,0.0,160840.7205518153,2053.0,3.39547172123565,2023-12-04
16848,0.7,509,False,t,MPC,q90,,,10.18460543171442,0.0010703796674903434,10.217445073218956,0.011203117389186557,0.0,0.0,160840.7205518153,2053.0,3.3601856177847367,2023-12-04
16848,0.7,509,False,t,MPC,q95,,,10.223318827868685,0.000692096384282404,10.244552599246004,0.00876765708718948,0.0,0.0,160840.7205518153,2053.0,3.9154999823036247,2023-12-04
17016,0.7,510,False,t,MPC,q30,,,9.698565413739537,0.1884877654756873,15.616389800799254,0.43656207366984995,0.0,0.0,164594.1368183523,2199.0,4.801860341869433,2023-12-11
17016,0.7,510,False,t,MPC,q40,,,9.622455066409193,0.1527305712309025,14.417634725941946,0.35743519781718963,0.0,0.0,164594.1368183523,2199.0,5.218987324782668,2023-12-11
17016,0.7,510,False,t,MPC,q50,,,9.603950894929879,0.13199663486783492,13.748161013073846,0.2819463392451114,0.0,0.0,164594.1368183523,2199.0,4.93297066241134,2023-12-11
17016,0.7,510,False,t,MPC,q60,,,9.584724884703965,0.10118955697993387,12.761705769910874,0.23601637107776263,0.0,0.0,164594.1368183523,2199.0,4.657651464596099,2023-12-11
17016,0.7,510,False,t,MPC,q70,,,9.674845597029302,0.08184013833170686,12.244325718126003,0.19918144611186903,0.0,0.0,164594.1368183523,2199.0,4.308238585588549,2023-12-11
17016,0.7,510,False,t,MPC,q80,,,9.757734831353984,0.06228357720841878,11.713210674505408,0.165075034106412,0.0,0.0,164594.1368183523,2199.0,3.5602040540574684,2023-12-11
17016,0.7,510,False,t,MPC,q85,,,9.85376011108419,0.06223266575823244,11.807637521463421,0.16462028194633924,0.0,0.0,164594.1368183523,2199.0,4.003135705870303,2023-12-11
17016,0.7,510,False,t,MPC,q90,,,9.978070638482835,0.06448728321216975,12.002734766072749,0.17326057298772168,0.0,0.0,164594.1368183523,2199.0,3.366397095025884,2023-12-11
17016,0.7,510,False,t,MPC,q95,,,10.147560066434329,0.06359464017986029,12.144198477383123,0.17280582082764892,0.0,0.0,164594.1368183523,2199.0,4.006254731817452,2023-12-11
17184,0.7,511,False,t,MPC,q30,,,3.180329825008531,0.1671202149907707,6.89872174141571,0.40615106286748076,0.0,0.0,163002.22221512708,2211.0,4.086140740259927,2023-12-18
17184,0.7,511,False,t,MPC,q40,,,3.177123257336924,0.11960483402301397,5.838307291949125,0.33740388964269563,0.0,0.0,163002.22221512708,2211.0,3.2916247316035516,2023-12-18
17184,0.7,511,False,t,MPC,q50,,,3.1702349056657613,0.054532379547850056,4.383569625851299,0.19810040705563092,0.0,0.0,163002.22221512708,2211.0,3.9271460173296315,2023-12-18
17184,0.7,511,False,t,MPC,q60,,,3.1488917682382986,0.03665730671762154,3.9645096333995546,0.14789687924016282,0.0,0.0,163002.22221512708,2211.0,3.0753267695731865,2023-12-18
17184,0.7,511,False,t,MPC,q70,,,3.1833666847104785,0.00859623763120169,3.3746312814029897,0.04975124378109453,0.0,0.0,163002.22221512708,2211.0,3.7216971347887644,2023-12-18
17184,0.7,511,False,t,MPC,q80,,,3.215603739696645,0.0038239368147968173,3.300685581781264,0.028946178199909543,0.0,0.0,163002.22221512708,2211.0,3.797429672487065,2023-12-18
17184,0.7,511,False,t,MPC,q85,,,3.238652768697028,0.002877320201427186,3.3026725773030234,0.027589326096788783,0.0,0.0,163002.22221512708,2211.0,3.3564726801643276,2023-12-18
17184,0.7,511,False,t,MPC,q90,,,3.262389088715525,0.003452300633912571,3.3392020988642783,0.03075531433740389,0.0,0.0,163002.22221512708,2211.0,3.616473647058615,2023-12-18
17184,0.7,511,False,t,MPC,q95,,,3.296901202913242,0.0035453421327380193,3.3757843681126096,0.02804161013116237,0.0,0.0,163002.22221512708,2211.0,3.3738573665254887,2023-12-18
17352,0.7,512,False,t,MPC,q30,,,2.995840989690624,0.26438516895961023,9.333486675929429,0.47353629976580797,0.0,0.0,167924.7651880073,2135.0,4.921472658232632,2023-12-25
17352,0.7,512,False,t,MPC,q40,,,2.9767070125324158,0.26130075992247176,9.240415527084398,0.4613583138173302,0.0,0.0,167924.7651880073,2135.0,4.313118637134111,2023-12-25
17352,0.7,512,False,t,MPC,q50,,,2.947651313885349,0.23187597241474087,8.506010589859757,0.41873536299765807,0.0,0.0,167924.7651880073,2135.0,4.469242978903219,2023-12-25
17352,0.7,512,False,t,MPC,q60,,,2.9098850820433126,0.17645647544561044,7.139769174322408,0.3611241217798595,0.0,0.0,167924.7651880073,2135.0,4.639558357130876,2023-12-25
17352,0.7,512,False,t,MPC,q70,,,2.8979901590471058,0.14398501612708853,6.349492449934961,0.31334894613583136,0.0,0.0,167924.7651880073,2135.0,4.6078590044759595,2023-12-25
17352,0.7,512,False,t,MPC,q80,,,2.899234541356057,0.11079517534252332,5.555134521785315,0.2566744730679157,0.0,0.0,167924.7651880073,2135.0,4.412323910719757,2023-12-25
17352,0.7,512,False,t,MPC,q85,,,2.909901670030485,0.08968215819151622,5.059696022080082,0.2281030444964871,0.0,0.0,167924.7651880073,2135.0,4.270118873884778,2023-12-25
17352,0.7,512,False,t,MPC,q90,,,2.9277952730892256,0.0919530137860029,5.132024895540351,0.23653395784543327,0.0,0.0,167924.7651880073,2135.0,3.84300528378492,2023-12-25
17352,0.7,512,False,t,MPC,q95,,,3.0363013765428564,0.09434019455785922,5.2977547304936055,0.2323185011709602,0.0,0.0,167924.7651880073,2135.0,3.98069881982321,2023-12-25
